{
"type": "FeatureCollection",
"name": "Permitted_Landfills",
"crs": { "type": "name", "properties": { "name": "urn:ogc:def:crs:EPSG::3857" } },
"features": [
{ "type": "Feature", "properties": { "Organizati": "Snow Shoe Refractories Llc", "DEP_Client": "Snow Shoe Refractories Llc", "DEP_Clie_1": 256127.0, "DEP_Clie_2": "Owner", "SITE_NAME": "Snow Shoe Refractories", "Site_ID": 241275.0, "Site_Statu": "Active", "Primary_Fa": "Snow Shoe Refractories", "Primary__1": 495118.0, "Primary__2": "Active", "Sub_Facili": "Snow Shoe Refractories", "Sub_Faci_1": 373638.0, "Sub_Faci_2": "Active", "Sub_Faci_3": "Landfill", "Waste_Oper": "Residual Waste Operation", "Waste_Op_1": "Captive", "EPA_ID": "PAD003002672", "COMPLIANCE": "Yes" }, "geometry": { "type": "Point", "coordinates": [ -8675962.813699999824166, 5019637.446000002324581 ] } },
{ "type": "Feature", "properties": { "Organizati": "Allegheny Ludlum Llc", "DEP_Client": "Allegheny Ludlum Llc", "DEP_Clie_1": 113137.0, "DEP_Clie_2": "Owner", "SITE_NAME": "Rt 356 Ldfl", "Site_ID": 63149.0, "Site_Statu": "Active", "Primary_Fa": "Alc Route 356 Rwo", "Primary__1": 244974.0, "Primary__2": "Inactive", "Sub_Facili": "Landfill", "Sub_Faci_1": 213862.0, "Sub_Faci_2": "Active", "Sub_Faci_3": "Landfill", "Waste_Oper": "Residual Waste Operation", "Waste_Op_1": "Captive", "EPA_ID": "300657", "COMPLIANCE": "Yes" }, "geometry": { "type": "Point", "coordinates": [ -8868962.173900000751019, 4961596.561899997293949 ] } },
{ "type": "Feature", "properties": { "Organizati": "Genon Ne Mgmt Co", "DEP_Client": "Genon Ne Mgmt Co", "DEP_Clie_1": 96313.0, "DEP_Clie_2": "Owner", "SITE_NAME": "Closed Bangor Ash Dspl Site", "Site_ID": 262806.0, "Site_Statu": "Active", "Primary_Fa": "Portland Power Plt Bangor Ash Dspl Site", "Primary__1": 281698.0, "Primary__2": "Active", "Sub_Facili": "Bangor Quarry Ash Dspl Site", "Sub_Faci_1": 290666.0, "Sub_Faci_2": "Active", "Sub_Faci_3": "Landfill", "Waste_Oper": "Residual Waste Operation", "Waste_Op_1": "Unavailable", "EPA_ID": "300002", "COMPLIANCE": "Yes" }, "geometry": { "type": "Point", "coordinates": [ -8371102.019300000742078, 4993349.1300999969244 ] } },
{ "type": "Feature", "properties": { "Organizati": "Hartman Prop", "DEP_Client": "Hartman Prop", "DEP_Clie_1": 62457.0, "DEP_Clie_2": "Owner", "SITE_NAME": "Hartman Prop", "Site_ID": 252550.0, "Site_Statu": "Active", "Primary_Fa": "Hartman Prop", "Primary__1": 261666.0, "Primary__2": "Inactive", "Sub_Facili": "Hartman Prop", "Sub_Faci_1": 254482.0, "Sub_Faci_2": "Inactive", "Sub_Faci_3": "Landfill", "Waste_Oper": "Residual Waste Operation", "Waste_Op_1": "Unavailable", "EPA_ID": "101344", "COMPLIANCE": "Yes" }, "geometry": { "type": "Point", "coordinates": [ -8428276.946699999272823, 4986563.370399996638298 ] } },
{ "type": "Feature", "properties": { "Organizati": "Llanerch Quarry Reclamation Class 1", "DEP_Client": "Llanerch Quarry Reclamation Class 1", "DEP_Clie_1": 1137.0, "DEP_Clie_2": "Owner", "SITE_NAME": "Llanerch Quarry Reclamation Class 1", "Site_ID": 271390.0, "Site_Statu": "Active", "Primary_Fa": "Llanerch Quarry Reclamation/class 1", "Primary__1": 294313.0, "Primary__2": "Active", "Sub_Facili": "Llanerch Quarry Reclamation/class 1", "Sub_Faci_1": 310824.0, "Sub_Faci_2": "Active", "Sub_Faci_3": "Landfill", "Waste_Oper": "Residual Waste Operation", "Waste_Op_1": "Unavailable", "EPA_ID": "101313", "COMPLIANCE": "Yes" }, "geometry": { "type": "Point", "coordinates": [ -8382388.57880000025034, 4860333.0033999979496 ] } },
{ "type": "Feature", "properties": { "Organizati": "Fourmile Ldfl", "DEP_Client": "Fourmile Ldfl", "DEP_Clie_1": 1433.0, "DEP_Clie_2": "Owner", "SITE_NAME": "Fourmile Ldfl Kuhl Sand & Gravel Mine", "Site_ID": 1764.0, "Site_Statu": "Active", "Primary_Fa": "Fourmile Ldfl", "Primary__1": 245532.0, "Primary__2": "Inactive", "Sub_Facili": "Fourmile Ldfl", "Sub_Faci_1": 215119.0, "Sub_Faci_2": "Dep Abandoned List", "Sub_Faci_3": "Landfill", "Waste_Oper": "Residual Waste Operation", "Waste_Op_1": "Unavailable", "EPA_ID": "300794", "COMPLIANCE": "Yes" }, "geometry": { "type": "Point", "coordinates": [ -8903407.429500000551343, 5175662.386 ] } },
{ "type": "Feature", "properties": { "Organizati": "Stewart Excav Co", "DEP_Client": "Stewart Excav Co", "DEP_Clie_1": 62464.0, "DEP_Clie_2": "Owner", "SITE_NAME": "Stewart Excav", "Site_ID": 239563.0, "Site_Statu": "Inactive", "Primary_Fa": "Stewart Excavating Co.", "Primary__1": 242693.0, "Primary__2": "Unpermitted Inactive", "Sub_Facili": "Stewart Excavating Co.", "Sub_Faci_1": 207981.0, "Sub_Faci_2": "Inactive", "Sub_Faci_3": "Landfill", "Waste_Oper": "Residual Waste Operation", "Waste_Op_1": "Unavailable", "EPA_ID": "300838", "COMPLIANCE": "Yes" }, "geometry": { "type": "Point", "coordinates": [ -8928039.6162, 5110846.628799997270107 ] } },
{ "type": "Feature", "properties": { "Organizati": "Penn Twp Chester Cnty", "DEP_Client": "Penn Twp Chester Cnty", "DEP_Clie_1": 34896.0, "DEP_Clie_2": "Owner", "SITE_NAME": "Conard Pyle", "Site_ID": 452546.0, "Site_Statu": "Active", "Primary_Fa": "Conard Pyle Co", "Primary__1": 479844.0, "Primary__2": "Inactive", "Sub_Facili": "Conard Pyle Co", "Sub_Faci_1": 347273.0, "Sub_Faci_2": "Inactive", "Sub_Faci_3": "Landfill", "Waste_Oper": "Residual Waste Operation", "Waste_Op_1": "Captive", "EPA_ID": "301308", "COMPLIANCE": "Yes" }, "geometry": { "type": "Point", "coordinates": [ -8446273.597699999809265, 4840987.151000000536442 ] } },
{ "type": "Feature", "properties": { "Organizati": "Cindrich Ldfl", "DEP_Client": "Cindrich Ldfl", "DEP_Clie_1": 88202.0, "DEP_Clie_2": "Owner", "SITE_NAME": "Cindrich Ldfl", "Site_ID": 237673.0, "Site_Statu": "Inactive", "Primary_Fa": "Residual Waste Operation", "Primary__1": 240151.0, "Primary__2": "Inactive", "Sub_Facili": "Cindrich Landfill", "Sub_Faci_1": 200215.0, "Sub_Faci_2": "Dep Abandoned List", "Sub_Faci_3": "Landfill", "Waste_Oper": "Residual Waste Operation", "Waste_Op_1": "Non-captive", "EPA_ID": "300623", "COMPLIANCE": "Yes" }, "geometry": { "type": "Point", "coordinates": [ -8950229.456000000238419, 4961486.875699996948242 ] } },
{ "type": "Feature", "properties": { "Organizati": "Reading Anthracite Co", "DEP_Client": "Reading Anthracite Co", "DEP_Clie_1": 27259.0, "DEP_Clie_2": "Owner", "SITE_NAME": "Reading Anthracite", "Site_ID": 461368.0, "Site_Statu": "Active", "Primary_Fa": "Reading Anthracite", "Primary__1": 490914.0, "Primary__2": "Active", "Sub_Facili": "Knickerbocker Pit", "Sub_Faci_1": 368699.0, "Sub_Faci_2": "Active", "Sub_Faci_3": "Landfill", "Waste_Oper": "Residual Waste Operation", "Waste_Op_1": "Unavailable", "EPA_ID": "301301", "COMPLIANCE": "Yes" }, "geometry": { "type": "Point", "coordinates": [ -8478494.405500000342727, 4986808.55629999935627 ] } },
{ "type": "Feature", "properties": { "Organizati": "Unavailable", "DEP_Client": "Smucker John", "DEP_Clie_1": 209590.0, "DEP_Clie_2": "Owner", "SITE_NAME": "John Smucker Tire Pile", "Site_ID": 602428.0, "Site_Statu": "Active", "Primary_Fa": "John Smucker Tire Pile", "Primary__1": 627453.0, "Primary__2": "Unpermitted Active", "Sub_Facili": "John Smucker Tire Pile", "Sub_Faci_1": 750817.0, "Sub_Faci_2": "Unpermitted Active", "Sub_Faci_3": "Landfill", "Waste_Oper": "Residual Waste Operation", "Waste_Op_1": "Unavailable", "EPA_ID": "627453", "COMPLIANCE": "Yes" }, "geometry": { "type": "Point", "coordinates": [ -8463586.870699999853969, 4850490.128600001335144 ] } },
{ "type": "Feature", "properties": { "Organizati": "Duquesne Light Co", "DEP_Client": "Duquesne Light Co", "DEP_Clie_1": 33626.0, "DEP_Clie_2": "Owner", "SITE_NAME": "Kissick Ldfl", "Site_ID": 245647.0, "Site_Statu": "Active", "Primary_Fa": "Residual Waste Operation", "Primary__1": 250946.0, "Primary__2": "Inactive", "Sub_Facili": "Duquesne Light/kissick Disposal Area", "Sub_Faci_1": 229182.0, "Sub_Faci_2": "Inactive", "Sub_Faci_3": "Landfill", "Waste_Oper": "Residual Waste Operation", "Waste_Op_1": "Captive", "EPA_ID": "300476", "COMPLIANCE": "Yes" }, "geometry": { "type": "Point", "coordinates": [ -8884686.858899999409914, 4949854.932199999690056 ] } },
{ "type": "Feature", "properties": { "Organizati": "Ppl Elec Utilities Corp", "DEP_Client": "Ppl Elec Utilities Corp", "DEP_Clie_1": 91667.0, "DEP_Clie_2": "Owner", "SITE_NAME": "Montour Llc", "Site_ID": 247875.0, "Site_Statu": "Active", "Primary_Fa": "Montour Steam Elec Sta Ses Storage Area #3", "Primary__1": 254022.0, "Primary__2": "Active", "Sub_Facili": "Montour Steam Elec Sta Ses Storage Area #3", "Sub_Faci_1": 237218.0, "Sub_Faci_2": "Active", "Sub_Faci_3": "Landfill", "Waste_Oper": "Residual Waste Operation", "Waste_Op_1": "Unavailable", "EPA_ID": "300987", "COMPLIANCE": "Yes" }, "geometry": { "type": "Point", "coordinates": [ -8533010.034299999475479, 5021154.673100002110004 ] } },
{ "type": "Feature", "properties": { "Organizati": "Honeywell Intl Inc", "DEP_Client": "Honeywell Intl Inc", "DEP_Clie_1": 83900.0, "DEP_Clie_2": "Owner", "SITE_NAME": "Quaker State Flyash Dspl Site", "Site_ID": 240808.0, "Site_Statu": "Inactive", "Primary_Fa": "Quaker State Rwo", "Primary__1": 244395.0, "Primary__2": "Inactive", "Sub_Facili": "Quaker State Flyash Disp. Site", "Sub_Faci_1": 212526.0, "Sub_Faci_2": "Dep Abandoned List", "Sub_Faci_3": "Landfill", "Waste_Oper": "Residual Waste Operation", "Waste_Op_1": "Captive", "EPA_ID": "300619", "COMPLIANCE": "Yes" }, "geometry": { "type": "Point", "coordinates": [ -8870945.386199999600649, 5032041.391000002622604 ] } },
{ "type": "Feature", "properties": { "Organizati": "Exide Tech", "DEP_Client": "Exide Tech", "DEP_Clie_1": 63106.0, "DEP_Clie_2": "Owner", "SITE_NAME": "Exide Trust Reading", "Site_ID": 451099.0, "Site_Statu": "Active", "Primary_Fa": "General Battery", "Primary__1": 477856.0, "Primary__2": "Active", "Sub_Facili": "General Battery Rw Ldfl", "Sub_Faci_1": 342331.0, "Sub_Faci_2": "Dep Abandoned List", "Sub_Faci_3": "Landfill", "Waste_Oper": "Residual Waste Operation", "Waste_Op_1": "Unavailable", "EPA_ID": "PAD990753089", "COMPLIANCE": "Yes" }, "geometry": { "type": "Point", "coordinates": [ -8450615.954800000414252, 4921920.542599998414516 ] } },
{ "type": "Feature", "properties": { "Organizati": "Allegheny Energy Supply Co Llc", "DEP_Client": "Allegheny Energy Supply Co Llc", "DEP_Clie_1": 95418.0, "DEP_Clie_2": "Owner", "SITE_NAME": "Armstrong Pwr Sta", "Site_ID": 246058.0, "Site_Statu": "Active", "Primary_Fa": "Armstrong Power Sta Rwo", "Primary__1": 251504.0, "Primary__2": "Inactive", "Sub_Facili": "New Landfill", "Sub_Faci_1": 230803.0, "Sub_Faci_2": "Inactive", "Sub_Faci_3": "Landfill", "Waste_Oper": "Residual Waste Operation", "Waste_Op_1": "Captive", "EPA_ID": "251504", "COMPLIANCE": "Yes" }, "geometry": { "type": "Point", "coordinates": [ -8845910.569599999114871, 5001776.586900003254414 ] } },
{ "type": "Feature", "properties": { "Organizati": "Allegheny Energy Supply Co Llc", "DEP_Client": "Allegheny Energy Supply Co Llc", "DEP_Clie_1": 95418.0, "DEP_Clie_2": "Owner", "SITE_NAME": "Hatfields Ferry Power Sta", "Site_ID": 238493.0, "Site_Statu": "Active", "Primary_Fa": "Hatfield Power Sta Rwo", "Primary__1": 241304.0, "Primary__2": "Active", "Sub_Facili": "Hatfield Power Stat./flyash Disposal", "Sub_Faci_1": 204271.0, "Sub_Faci_2": "Active", "Sub_Faci_3": "Landfill", "Waste_Oper": "Residual Waste Operation", "Waste_Op_1": "Captive", "EPA_ID": "300370", "COMPLIANCE": "No" }, "geometry": { "type": "Point", "coordinates": [ -8899562.432399999350309, 4844489.912100002169609 ] } },
{ "type": "Feature", "properties": { "Organizati": "Freedom Forge Corp", "DEP_Client": "Freedom Forge Corp", "DEP_Clie_1": 3620.0, "DEP_Clie_2": "Owner", "SITE_NAME": "Standard Steel Burnham Plt", "Site_ID": 451489.0, "Site_Statu": "Active", "Primary_Fa": "Standard Steel Slag Disposal Area", "Primary__1": 478354.0, "Primary__2": "Active", "Sub_Facili": "Standard Steel Slag Disposal Area", "Sub_Faci_1": 343549.0, "Sub_Faci_2": "Dep Abandoned List", "Sub_Faci_3": "Landfill", "Waste_Oper": "Residual Waste Operation", "Waste_Op_1": "Unavailable", "EPA_ID": "300977", "COMPLIANCE": "Yes" }, "geometry": { "type": "Point", "coordinates": [ -8634373.542700000107288, 4960161.396899998188019 ] } },
{ "type": "Feature", "properties": { "Organizati": "Pine Hill Inc", "DEP_Client": "Pine Hill Inc", "DEP_Clie_1": 88013.0, "DEP_Clie_2": "Owner", "SITE_NAME": "Pine Hill Ash Dspl Lf 3", "Site_ID": 3404.0, "Site_Statu": "Inactive", "Primary_Fa": "Pine Hill Ash Disposal Lf (#3)", "Primary__1": 4620.0, "Primary__2": "Inactive", "Sub_Facili": "Pine Hill Ash Disposal Lf (#3)", "Sub_Faci_1": 13766.0, "Sub_Faci_2": "Inactive", "Sub_Faci_3": "Landfill", "Waste_Oper": "Residual Waste Operation", "Waste_Op_1": "Unavailable", "EPA_ID": "300991", "COMPLIANCE": "Yes" }, "geometry": { "type": "Point", "coordinates": [ -8572157.387900000438094, 5111053.592299997806549 ] } },
{ "type": "Feature", "properties": { "Organizati": "Proc Recovery Corp", "DEP_Client": "Proc Recovery Corp", "DEP_Clie_1": 74019.0, "DEP_Clie_2": "Owner", "SITE_NAME": "Proc Recovery Corp", "Site_ID": 443869.0, "Site_Statu": "Active", "Primary_Fa": "Proc Recovery Corp", "Primary__1": 468169.0, "Primary__2": "Inactive", "Sub_Facili": "Proc Recovery Corp", "Sub_Faci_1": 320217.0, "Sub_Faci_2": "Inactive", "Sub_Faci_3": "Landfill", "Waste_Oper": "Residual Waste Operation", "Waste_Op_1": "Non-captive", "EPA_ID": "301194", "COMPLIANCE": "Yes" }, "geometry": { "type": "Point", "coordinates": [ -8449458.572000000625849, 4910120.258900001645088 ] } },
{ "type": "Feature", "properties": { "Organizati": "Joseph J Brunner Inc", "DEP_Client": "Joseph J Brunner Inc", "DEP_Clie_1": 66466.0, "DEP_Clie_2": "Owner", "SITE_NAME": "Brunner Ldfl", "Site_ID": 49128.0, "Site_Statu": "Active", "Primary_Fa": "Brunner Residual Site #301090", "Primary__1": 50981.0, "Primary__2": "Inactive", "Sub_Facili": "Joseph J. Brunner, Inc. Demo Class 3", "Sub_Faci_1": 65074.0, "Sub_Faci_2": "Inactive", "Sub_Faci_3": "Landfill", "Waste_Oper": "Residual Waste Operation", "Waste_Op_1": "Non-captive", "EPA_ID": "301090", "COMPLIANCE": "Yes" }, "geometry": { "type": "Point", "coordinates": [ -8924823.719799999147654, 4971373.839500002563 ] } },
{ "type": "Feature", "properties": { "Organizati": "Ss Fisher Steel Corp", "DEP_Client": "Ss Fisher Steel Corp", "DEP_Clie_1": 82245.0, "DEP_Clie_2": "Owner", "SITE_NAME": "Ss Fisher Steel", "Site_ID": 577426.0, "Site_Statu": "Inactive", "Primary_Fa": "Ss Fisher Residual Waste Landfill", "Primary__1": 674900.0, "Primary__2": "Inactive", "Sub_Facili": "Ss Fisher Residual Waste Landfill", "Sub_Faci_1": 910169.0, "Sub_Faci_2": "Inactive", "Sub_Faci_3": "Landfill", "Waste_Oper": "Residual Waste Operation", "Waste_Op_1": "Unavailable", "EPA_ID": "674900", "COMPLIANCE": "Yes" }, "geometry": { "type": "Point", "coordinates": [ -8492907.187699999660254, 4860385.449699997901917 ] } },
{ "type": "Feature", "properties": { "Organizati": "Magnesita Refractories Co", "DEP_Client": "Magnesita Refractories Co", "DEP_Clie_1": 51763.0, "DEP_Clie_2": "Owner", "SITE_NAME": "Magnesita Refractories York Quarry", "Site_ID": 236507.0, "Site_Statu": "Active", "Primary_Fa": "J. E. Baker Landfill", "Primary__1": 238558.0, "Primary__2": "Active", "Sub_Facili": "J. E. Baker Landfill", "Sub_Faci_1": 195255.0, "Sub_Faci_2": "Active", "Sub_Faci_3": "Landfill", "Waste_Oper": "Residual Waste Operation", "Waste_Op_1": "Unavailable", "EPA_ID": "300659", "COMPLIANCE": "Yes" }, "geometry": { "type": "Point", "coordinates": [ -8551748.815199999138713, 4857267.400499999523163 ] } },
{ "type": "Feature", "properties": { "Organizati": "Robert M Chambers Inc", "DEP_Client": "Robert M Chambers Inc", "DEP_Clie_1": 77027.0, "DEP_Clie_2": "Owner", "SITE_NAME": "Taylor Twp Opr", "Site_ID": 242265.0, "Site_Statu": "Inactive", "Primary_Fa": "Robert M Chambers", "Primary__1": 246418.0, "Primary__2": "Inactive", "Sub_Facili": "Robert M Chambers", "Sub_Faci_1": 217511.0, "Sub_Faci_2": "Inactive", "Sub_Faci_3": "Landfill", "Waste_Oper": "Residual Waste Operation", "Waste_Op_1": "Unavailable", "EPA_ID": "300881", "COMPLIANCE": "Yes" }, "geometry": { "type": "Point", "coordinates": [ -8946963.92960000038147, 5005788.326999999582767 ] } },
{ "type": "Feature", "properties": { "Organizati": "Stackpole Corp", "DEP_Client": "Stackpole Corp", "DEP_Clie_1": 77983.0, "DEP_Clie_2": "Owner", "SITE_NAME": "Emsource St Marys Main Plt", "Site_ID": 2104.0, "Site_Statu": "Active", "Primary_Fa": "Stackpole Tannery Ldfl", "Primary__1": 2779.0, "Primary__2": "Inactive", "Sub_Facili": "Stackpole Tannery Landfill", "Sub_Faci_1": 8934.0, "Sub_Faci_2": "Dep Abandoned List", "Sub_Faci_3": "Landfill", "Waste_Oper": "Residual Waste Operation", "Waste_Op_1": "Unavailable", "EPA_ID": "300456", "COMPLIANCE": "Yes" }, "geometry": { "type": "Point", "coordinates": [ -8744280.352099999785423, 5076061.222900003194809 ] } },
{ "type": "Feature", "properties": { "Organizati": "Unavailable", "DEP_Client": "Comstock James", "DEP_Clie_1": 124269.0, "DEP_Clie_2": "Owner", "SITE_NAME": "Comstock Auto Body", "Site_ID": 465489.0, "Site_Statu": "Inactive", "Primary_Fa": "Comstock Autobody", "Primary__1": 494718.0, "Primary__2": "Inactive", "Sub_Facili": "Rw/lf Comstock Autobody, Tire Pile", "Sub_Faci_1": 373221.0, "Sub_Faci_2": "Inactive", "Sub_Faci_3": "Landfill", "Waste_Oper": "Residual Waste Operation", "Waste_Op_1": "Captive", "EPA_ID": "494718", "COMPLIANCE": "Yes" }, "geometry": { "type": "Point", "coordinates": [ -8492192.887599999085069, 5021933.8816 ] } },
{ "type": "Feature", "properties": { "Organizati": "Reading Anthracite Co", "DEP_Client": "Reading Anthracite Co", "DEP_Clie_1": 27259.0, "DEP_Clie_2": "Owner", "SITE_NAME": "Reading Anthracite Tire Pile", "Site_ID": 555260.0, "Site_Statu": "Active", "Primary_Fa": "Reading Anthracite Tire Pile/rw", "Primary__1": 571179.0, "Primary__2": "Active", "Sub_Facili": "Rw/lf", "Sub_Faci_1": 569171.0, "Sub_Faci_2": "Active", "Sub_Faci_3": "Landfill", "Waste_Oper": "Residual Waste Operation", "Waste_Op_1": "Unavailable", "EPA_ID": "571179", "COMPLIANCE": "Yes" }, "geometry": { "type": "Point", "coordinates": [ -8509942.162000000476837, 4979986.506800003349781 ] } },
{ "type": "Feature", "properties": { "Organizati": "Royal Green Llc", "DEP_Client": "Royal Green Llc", "DEP_Clie_1": 246675.0, "DEP_Clie_2": "Owner", "SITE_NAME": "Royal Green Huller Lane Car Shredding Plt & Ldfl Temple", "Site_ID": 486280.0, "Site_Statu": "Active", "Primary_Fa": "Royal Green Llc", "Primary__1": 253322.0, "Primary__2": "Active", "Sub_Facili": "Royal Green Llc Landfill", "Sub_Faci_1": 235562.0, "Sub_Faci_2": "Inactive", "Sub_Faci_3": "Landfill", "Waste_Oper": "Residual Waste Operation", "Waste_Op_1": "Unavailable", "EPA_ID": "300712", "COMPLIANCE": "Yes" }, "geometry": { "type": "Point", "coordinates": [ -8452581.702199999243021, 4926677.174599997699261 ] } },
{ "type": "Feature", "properties": { "Organizati": "Port Royal Ldfl", "DEP_Client": "Port Royal Ldfl", "DEP_Clie_1": 1091.0, "DEP_Clie_2": "Owner", "SITE_NAME": "Port Royal Ldfl", "Site_ID": 455145.0, "Site_Statu": "Active", "Primary_Fa": "Charles,francis C-port Royal Landfil", "Primary__1": 483104.0, "Primary__2": "Inactive", "Sub_Facili": "Charles,francis C-port Royal Landfil", "Sub_Faci_1": 354857.0, "Sub_Faci_2": "Dep Abandoned List", "Sub_Faci_3": "Landfill", "Waste_Oper": "Residual Waste Operation", "Waste_Op_1": "Unavailable", "EPA_ID": "101119", "COMPLIANCE": "Yes" }, "geometry": { "type": "Point", "coordinates": [ -8367650.372999999672174, 4853406.812899999320507 ] } },
{ "type": "Feature", "properties": { "Organizati": "Rohm & Haas Co", "DEP_Client": "Rohm & Haas Co", "DEP_Clie_1": 172248.0, "DEP_Clie_2": "Owner", "SITE_NAME": "Rohm & Haas Philadelphia Plt", "Site_ID": 271623.0, "Site_Statu": "Active", "Primary_Fa": "Rohm & Haas-philadelphia Pit", "Primary__1": 294652.0, "Primary__2": "Inactive", "Sub_Facili": "Rohm & Haas-philadelphia Pit", "Sub_Faci_1": 311780.0, "Sub_Faci_2": "Inactive", "Sub_Faci_3": "Landfill", "Waste_Oper": "Residual Waste Operation", "Waste_Op_1": "Unavailable", "EPA_ID": "300300", "COMPLIANCE": "Yes" }, "geometry": { "type": "Point", "coordinates": [ -8355795.589299999177456, 4866426.682199999690056 ] } },
{ "type": "Feature", "properties": { "Organizati": "Aphc Ii Inc", "DEP_Client": "Aphc Ii Inc", "DEP_Clie_1": 33268.0, "DEP_Clie_2": "Owner", "SITE_NAME": "Aphc Archbald Power Plt Mine", "Site_ID": 451241.0, "Site_Statu": "Active", "Primary_Fa": "Archbald Generating Station", "Primary__1": 478039.0, "Primary__2": "Inactive", "Sub_Facili": "Archbald Generating Station", "Sub_Faci_1": 342726.0, "Sub_Faci_2": "Inactive", "Sub_Faci_3": "Landfill", "Waste_Oper": "Residual Waste Operation", "Waste_Op_1": "Unavailable", "EPA_ID": "301072", "COMPLIANCE": "Yes" }, "geometry": { "type": "Point", "coordinates": [ -8408703.269600000232458, 5084474.637900002300739 ] } },
{ "type": "Feature", "properties": { "Organizati": "Graftech Usa Llc", "DEP_Client": "Graftech Usa Llc", "DEP_Clie_1": 71578.0, "DEP_Clie_2": "Owner", "SITE_NAME": "Carbide Graphite Group Ldfl", "Site_ID": 626334.0, "Site_Statu": "Active", "Primary_Fa": "Carbide Graphite Grp Ldfl", "Primary__1": 240077.0, "Primary__2": "Inactive", "Sub_Facili": "Carbide Graphite Grp Ldfl", "Sub_Faci_1": 199889.0, "Sub_Faci_2": "Inactive", "Sub_Faci_3": "Landfill", "Waste_Oper": "Residual Waste Operation", "Waste_Op_1": "Unavailable", "EPA_ID": "300013", "COMPLIANCE": "Yes" }, "geometry": { "type": "Point", "coordinates": [ -8739847.832599999383092, 5074407.876800000667572 ] } },
{ "type": "Feature", "properties": { "Organizati": "Cleveland Cliffs Plate Llc", "DEP_Client": "Cleveland Cliffs Plate Llc", "DEP_Clie_1": 121766.0, "DEP_Clie_2": "Owner", "SITE_NAME": "Cleveland Cliffs Plate Llc Coatesville Plt", "Site_ID": 455714.0, "Site_Statu": "Active", "Primary_Fa": "Cleveland Cliffs Plate Llc Rw Ldfl", "Primary__1": 483779.0, "Primary__2": "Active", "Sub_Facili": "Cleveland Cliffs Plate Llc Rw Ldfl", "Sub_Faci_1": 356753.0, "Sub_Faci_2": "Active", "Sub_Faci_3": "Landfill", "Waste_Oper": "Residual Waste Operation", "Waste_Op_1": "Unavailable", "EPA_ID": "300176", "COMPLIANCE": "Yes" }, "geometry": { "type": "Point", "coordinates": [ -8442346.4934, 4861906.509199999272823 ] } },
{ "type": "Feature", "properties": { "Organizati": "Morgantown Prop", "DEP_Client": "Morgantown Prop", "DEP_Clie_1": 61577.0, "DEP_Clie_2": "Owner", "SITE_NAME": "New Morgan Boro Util Auth", "Site_ID": 455540.0, "Site_Statu": "Active", "Primary_Fa": "Morgantown Prop Tire Pile", "Primary__1": 667085.0, "Primary__2": "Inactive", "Sub_Facili": "Morgantown Prop Tire Pile", "Sub_Faci_1": 894019.0, "Sub_Faci_2": "Inactive", "Sub_Faci_3": "Landfill", "Waste_Oper": "Residual Waste Operation", "Waste_Op_1": "Unavailable", "EPA_ID": "667085", "COMPLIANCE": "Yes" }, "geometry": { "type": "Point", "coordinates": [ -8447467.189999999478459, 4891700.920000001788139 ] } },
{ "type": "Feature", "properties": { "Organizati": "Aqua Pa Inc", "DEP_Client": "Aqua Pa Inc", "DEP_Clie_1": 309251.0, "DEP_Clie_2": "Owner", "SITE_NAME": "Aqua Pa, Inc/pickering Water Treatment Plt", "Site_ID": 569133.0, "Site_Statu": "Active", "Primary_Fa": "Aqua Pa Pickering Creek Fac", "Primary__1": 511253.0, "Primary__2": "Active", "Sub_Facili": "Aqua Pa Inc Pickering Ck Residual Waste Landfill", "Sub_Faci_1": 390474.0, "Sub_Faci_2": "Active", "Sub_Faci_3": "Landfill", "Waste_Oper": "Residual Waste Operation", "Waste_Op_1": "Captive", "EPA_ID": "301299", "COMPLIANCE": "Yes" }, "geometry": { "type": "Point", "coordinates": [ -8409074.334499999880791, 4884123.600000001490116 ] } },
{ "type": "Feature", "properties": { "Organizati": "Seven D Wholesale Of Newmanstown", "DEP_Client": "Seven D Wholesale Of Newmanstown", "DEP_Clie_1": 291001.0, "DEP_Clie_2": "Owner", "SITE_NAME": "North Amer Refractories Brick Mfg", "Site_ID": 249186.0, "Site_Statu": "Active", "Primary_Fa": "North Amer Refractories", "Primary__1": 467918.0, "Primary__2": "Inactive", "Sub_Facili": "North American Refractories Co", "Sub_Faci_1": 319530.0, "Sub_Faci_2": "Inactive", "Sub_Faci_3": "Landfill", "Waste_Oper": "Residual Waste Operation", "Waste_Op_1": "Unavailable", "EPA_ID": "101259", "COMPLIANCE": "Yes" }, "geometry": { "type": "Point", "coordinates": [ -8482044.260700000450015, 4917352.3699000030756 ] } },
{ "type": "Feature", "properties": { "Organizati": "Ngk Metals Corp", "DEP_Client": "Ngk Metals Corp", "DEP_Clie_1": 42881.0, "DEP_Clie_2": "Owner", "SITE_NAME": "Ngk Metals Mfg", "Site_ID": 450709.0, "Site_Statu": "Active", "Primary_Fa": "Ngk Metals Rw Operation", "Primary__1": 477308.0, "Primary__2": "Inactive", "Sub_Facili": "Ngk Metals Rw Ldfl", "Sub_Faci_1": 340635.0, "Sub_Faci_2": "Inactive", "Sub_Faci_3": "Landfill", "Waste_Oper": "Residual Waste Operation", "Waste_Op_1": "Unavailable", "EPA_ID": "300655", "COMPLIANCE": "Yes" }, "geometry": { "type": "Point", "coordinates": [ -8452870.514399999752641, 4924691.310500003397465 ] } },
{ "type": "Feature", "properties": { "Organizati": "Ppl Elec Utilities Corp", "DEP_Client": "Ppl Elec Utilities Corp", "DEP_Clie_1": 91667.0, "DEP_Clie_2": "Owner", "SITE_NAME": "Susquehanna Steam Elec Sta", "Site_ID": 250359.0, "Site_Statu": "Active", "Primary_Fa": "Pa P & L Class I Demo Site #2", "Primary__1": 244108.0, "Primary__2": "Unpermitted Inactive", "Sub_Facili": "P P & L Class I Demo Site #2", "Sub_Faci_1": 211735.0, "Sub_Faci_2": "Inactive", "Sub_Faci_3": "Landfill", "Waste_Oper": "Residual Waste Operation", "Waste_Op_1": "Unavailable", "EPA_ID": "101352", "COMPLIANCE": "Yes" }, "geometry": { "type": "Point", "coordinates": [ -8487925.64049999974668, 5025748.805799998342991 ] } },
{ "type": "Feature", "properties": { "Organizati": "Riverside Ind Ctr Corp", "DEP_Client": "Riverside Ind Ctr Corp", "DEP_Clie_1": 62444.0, "DEP_Clie_2": "Owner", "SITE_NAME": "Crown Cork & Seal", "Site_ID": 242304.0, "Site_Statu": "Active", "Primary_Fa": "Riverside Industrial Center Corportn", "Primary__1": 246483.0, "Primary__2": "Inactive", "Sub_Facili": "Riverside Industrial Center Corportn", "Sub_Faci_1": 217656.0, "Sub_Faci_2": "Dep Abandoned List", "Sub_Faci_3": "Landfill", "Waste_Oper": "Residual Waste Operation", "Waste_Op_1": "Unavailable", "EPA_ID": "100981", "COMPLIANCE": "Yes" }, "geometry": { "type": "Point", "coordinates": [ -8376687.814899999648333, 4873537.12610000371933 ] } },
{ "type": "Feature", "properties": { "Organizati": "Schultzs Sani Ldfl", "DEP_Client": "Schultzs Sani Ldfl", "DEP_Clie_1": 382.0, "DEP_Clie_2": "Owner", "SITE_NAME": "Schultzs Sani Ldfl", "Site_ID": 251912.0, "Site_Statu": "Active", "Primary_Fa": "Schultzs Sani Ldfl", "Primary__1": 260629.0, "Primary__2": "Inactive", "Sub_Facili": "Schultzs Sani Ldfl", "Sub_Faci_1": 252365.0, "Sub_Faci_2": "Inactive", "Sub_Faci_3": "Landfill", "Waste_Oper": "Residual Waste Operation", "Waste_Op_1": "Non-captive", "EPA_ID": "300017", "COMPLIANCE": "Yes" }, "geometry": { "type": "Point", "coordinates": [ -8473639.63880000077188, 4986318.1908999979496 ] } },
{ "type": "Feature", "properties": { "Organizati": "Unavailable", "DEP_Client": "Bichler Charles", "DEP_Clie_1": 80504.0, "DEP_Clie_2": "Owner", "SITE_NAME": "Bichler Ldfl", "Site_ID": 237212.0, "Site_Statu": "Inactive", "Primary_Fa": "Bichler Sani Ldfl", "Primary__1": 239489.0, "Primary__2": "Inactive", "Sub_Facili": "Bichler Sani Ldfl", "Sub_Faci_1": 197833.0, "Sub_Faci_2": "Dep Abandoned List", "Sub_Faci_3": "Landfill", "Waste_Oper": "Residual Waste Operation", "Waste_Op_1": "Unavailable", "EPA_ID": "100976", "COMPLIANCE": "Yes" }, "geometry": { "type": "Point", "coordinates": [ -8429592.767799999564886, 5071468.200800001621246 ] } },
{ "type": "Feature", "properties": { "Organizati": "Boose Alum Foundry Co Inc", "DEP_Client": "Boose Alum Foundry Co Inc", "DEP_Clie_1": 24289.0, "DEP_Clie_2": "Owner", "SITE_NAME": "Boose Alum Foundry", "Site_ID": 250990.0, "Site_Statu": "Active", "Primary_Fa": "Boose Alum Foundry Ind Waste Disp Site", "Primary__1": 258832.0, "Primary__2": "Inactive", "Sub_Facili": "Boose Alum Foundry Ind Waste Disp Site", "Sub_Faci_1": 249157.0, "Sub_Faci_2": "Inactive", "Sub_Faci_3": "Landfill", "Waste_Oper": "Residual Waste Operation", "Waste_Op_1": "Unavailable", "EPA_ID": "300808", "COMPLIANCE": "Yes" }, "geometry": { "type": "Point", "coordinates": [ -8473639.6392, 4896910.914099998772144 ] } },
{ "type": "Feature", "properties": { "Organizati": "Genon Ne Mgmt Co", "DEP_Client": "Genon Ne Mgmt Co", "DEP_Clie_1": 96313.0, "DEP_Clie_2": "Owner", "SITE_NAME": "Titus Generating Sta", "Site_ID": 502733.0, "Site_Statu": "Active", "Primary_Fa": "Titus Sta Ash Dspl", "Primary__1": 253696.0, "Primary__2": "Active", "Sub_Facili": "Titus Sta Ash Dspl", "Sub_Faci_1": 236410.0, "Sub_Faci_2": "Active", "Sub_Faci_3": "Landfill", "Waste_Oper": "Residual Waste Operation", "Waste_Op_1": "Unavailable", "EPA_ID": "300668", "COMPLIANCE": "Yes" }, "geometry": { "type": "Point", "coordinates": [ -8449551.338300000876188, 4910485.185199998319149 ] } },
{ "type": "Feature", "properties": { "Organizati": "Sunny Farms Ltd", "DEP_Client": "Sunny Farms Ltd", "DEP_Clie_1": 1420.0, "DEP_Clie_2": "Owner", "SITE_NAME": "Sunny Farms Ldfl", "Site_ID": 252923.0, "Site_Statu": "Active", "Primary_Fa": "Sunny Farms, Ltd.", "Primary__1": 262555.0, "Primary__2": "Inactive", "Sub_Facili": "Sunny Farms, Ltd.", "Sub_Faci_1": 255935.0, "Sub_Faci_2": "Inactive", "Sub_Faci_3": "Landfill", "Waste_Oper": "Residual Waste Operation", "Waste_Op_1": "Unavailable", "EPA_ID": "300710", "COMPLIANCE": "Yes" }, "geometry": { "type": "Point", "coordinates": [ -8550542.854100000113249, 4843685.251400001347065 ] } },
{ "type": "Feature", "properties": { "Organizati": "Williamsburg Ash Dspl", "DEP_Client": "Williamsburg Ash Dspl", "DEP_Clie_1": 74703.0, "DEP_Clie_2": "Owner", "SITE_NAME": "Williamsburg Closed Ash Site", "Site_ID": 451772.0, "Site_Statu": "Active", "Primary_Fa": "Williamsburg Ash Disposal Site", "Primary__1": 478365.0, "Primary__2": "Inactive", "Sub_Facili": "Williamsburg Ash Disposal Site", "Sub_Faci_1": 343680.0, "Sub_Faci_2": "Dep Abandoned List", "Sub_Faci_3": "Landfill", "Waste_Oper": "Residual Waste Operation", "Waste_Op_1": "Unavailable", "EPA_ID": "300620", "COMPLIANCE": "Yes" }, "geometry": { "type": "Point", "coordinates": [ -8704070.98509999923408, 4935250.637199997901917 ] } },
{ "type": "Feature", "properties": { "Organizati": "Langeloth Metallurgical Co", "DEP_Client": "Langeloth Metallurgical Co", "DEP_Clie_1": 62713.0, "DEP_Clie_2": "Owner", "SITE_NAME": "Langeloth Metallurgical Plt", "Site_ID": 500111.0, "Site_Statu": "Active", "Primary_Fa": "Langeloth Metallurgical Washington Plt Rwo", "Primary__1": 239827.0, "Primary__2": "Inactive", "Sub_Facili": "Landfill", "Sub_Faci_1": 199019.0, "Sub_Faci_2": "Inactive", "Sub_Faci_3": "Landfill", "Waste_Oper": "Residual Waste Operation", "Waste_Op_1": "Captive", "EPA_ID": "101275", "COMPLIANCE": "Yes" }, "geometry": { "type": "Point", "coordinates": [ -8947706.059599999338388, 4919044.549500003457069 ] } },
{ "type": "Feature", "properties": { "Organizati": "Genon Rema Llc", "DEP_Client": "Genon Rema Llc", "DEP_Clie_1": 135779.0, "DEP_Clie_2": "Owner", "SITE_NAME": "Keystone Generating Sta", "Site_ID": 243270.0, "Site_Statu": "Active", "Primary_Fa": "Keystone Generating Sta", "Primary__1": 494161.0, "Primary__2": "Active", "Sub_Facili": "Keystone Generating Sta Disposal Site", "Sub_Faci_1": 372633.0, "Sub_Faci_2": "Active", "Sub_Faci_3": "Landfill", "Waste_Oper": "Residual Waste Operation", "Waste_Op_1": "Captive", "EPA_ID": "494161", "COMPLIANCE": "Yes" }, "geometry": { "type": "Point", "coordinates": [ -8833727.269400000572205, 4961953.496799997985363 ] } },
{ "type": "Feature", "properties": { "Organizati": "Eastco Enterprises Inc", "DEP_Client": "Eastco Enterprises Inc", "DEP_Clie_1": 121150.0, "DEP_Clie_2": "Owner", "SITE_NAME": "Quaker Alloy Inc", "Site_ID": 476343.0, "Site_Statu": "Active", "Primary_Fa": "Quaker Metals Llc", "Primary__1": 283650.0, "Primary__2": "Inactive", "Sub_Facili": "Quaker Metals Residual Waste Ldfl", "Sub_Faci_1": 295461.0, "Sub_Faci_2": "Inactive", "Sub_Faci_3": "Landfill", "Waste_Oper": "Residual Waste Operation", "Waste_Op_1": "Unavailable", "EPA_ID": "300742", "COMPLIANCE": "Yes" }, "geometry": { "type": "Point", "coordinates": [ -8493027.474600000306964, 4919297.387000001966953 ] } },
{ "type": "Feature", "properties": { "Organizati": "Elwin Farms Inc", "DEP_Client": "Elwin Farms Inc", "DEP_Clie_1": 1427.0, "DEP_Clie_2": "Owner", "SITE_NAME": "Elwin Farms", "Site_ID": 240506.0, "Site_Statu": "Proposed But Never Materialized", "Primary_Fa": "Residual Waste Operation", "Primary__1": 243951.0, "Primary__2": "Proposed But Never Materialized", "Sub_Facili": "Elwin Farms Inc", "Sub_Faci_1": 211390.0, "Sub_Faci_2": "Dep Abandoned List", "Sub_Faci_3": "Landfill", "Waste_Oper": "Residual Waste Operation", "Waste_Op_1": "Captive", "EPA_ID": "300728", "COMPLIANCE": "Yes" }, "geometry": { "type": "Point", "coordinates": [ -8879301.320900000631809, 4863542.91330000013113 ] } },
{ "type": "Feature", "properties": { "Organizati": "Dick Bldg Co Llc", "DEP_Client": "Dick Bldg Co Llc", "DEP_Clie_1": 41830.0, "DEP_Clie_2": "Owner", "SITE_NAME": "Hanover Ash Mine", "Site_ID": 459329.0, "Site_Statu": "Reclamation Completed", "Primary_Fa": "Hanover Rwo", "Primary__1": 240190.0, "Primary__2": "Inactive", "Sub_Facili": "Landfill", "Sub_Faci_1": 200363.0, "Sub_Faci_2": "Inactive", "Sub_Faci_3": "Landfill", "Waste_Oper": "Residual Waste Operation", "Waste_Op_1": "Captive", "EPA_ID": "300678", "COMPLIANCE": "Yes" }, "geometry": { "type": "Point", "coordinates": [ -8955312.8914, 4932771.284800000488758 ] } },
{ "type": "Feature", "properties": { "Organizati": "Knickerbocker Sani Ldfl", "DEP_Client": "Knickerbocker Sani Ldfl", "DEP_Clie_1": 34508.0, "DEP_Clie_2": "Owner", "SITE_NAME": "Knickerbocker Sani Ldfl", "Site_ID": 454157.0, "Site_Statu": "Inactive", "Primary_Fa": "Knickerbocker San. Fill", "Primary__1": 481871.0, "Primary__2": "Inactive", "Sub_Facili": "Knickerbocker San. Fill", "Sub_Faci_1": 351720.0, "Sub_Faci_2": "Dep Abandoned List", "Sub_Faci_3": "Landfill", "Waste_Oper": "Residual Waste Operation", "Waste_Op_1": "Unavailable", "EPA_ID": "100713", "COMPLIANCE": "Yes" }, "geometry": { "type": "Point", "coordinates": [ -8408321.1097, 4873611.949400000274181 ] } },
{ "type": "Feature", "properties": { "Organizati": "Us Lock & Hdwr Co", "DEP_Client": "Us Lock & Hdwr Co", "DEP_Clie_1": 2082.0, "DEP_Clie_2": "Owner", "SITE_NAME": "Us Lock Ind Waste Dspl Ldfl", "Site_ID": 241331.0, "Site_Statu": "Inactive", "Primary_Fa": "U.s. Lock & Hardware Company", "Primary__1": 245064.0, "Primary__2": "Inactive", "Sub_Facili": "U.s. Lock & Hardware Company", "Sub_Faci_1": 214051.0, "Sub_Faci_2": "Inactive", "Sub_Faci_3": "Landfill", "Waste_Oper": "Residual Waste Operation", "Waste_Op_1": "Unavailable", "EPA_ID": "300821", "COMPLIANCE": "Yes" }, "geometry": { "type": "Point", "coordinates": [ -8489966.4978, 4922048.1743 ] } },
{ "type": "Feature", "properties": { "Organizati": "Appvion Inc", "DEP_Client": "Appvion Inc", "DEP_Clie_1": 43829.0, "DEP_Clie_2": "Owner", "SITE_NAME": "Roaring Spring Park", "Site_ID": 240053.0, "Site_Statu": "Active", "Primary_Fa": "Appleton Papers Iw Landfill", "Primary__1": 243348.0, "Primary__2": "Dep Abandoned List", "Sub_Facili": "Appleton Papers Iw Landfill", "Sub_Faci_1": 209455.0, "Sub_Faci_2": "Dep Abandoned List", "Sub_Faci_3": "Landfill", "Waste_Oper": "Residual Waste Operation", "Waste_Op_1": "Captive", "EPA_ID": "300653", "COMPLIANCE": "Yes" }, "geometry": { "type": "Point", "coordinates": [ -8727969.446100000292063, 4915422.77139999717474 ] } },
{ "type": "Feature", "properties": { "Organizati": "Findlay Refractories Co Pa", "DEP_Client": "Findlay Refractories Co Pa", "DEP_Clie_1": 25921.0, "DEP_Clie_2": "Owner", "SITE_NAME": "Findlay Refractory Washington Plt", "Site_ID": 257480.0, "Site_Statu": "Active", "Primary_Fa": "Findlay Ref Residual Waste Operation", "Primary__1": 492067.0, "Primary__2": "Inactive", "Sub_Facili": "Landfill", "Sub_Faci_1": 370077.0, "Sub_Faci_2": "Inactive", "Sub_Faci_3": "Landfill", "Waste_Oper": "Residual Waste Operation", "Waste_Op_1": "Captive", "EPA_ID": "301296", "COMPLIANCE": "Yes" }, "geometry": { "type": "Point", "coordinates": [ -8935975.459000000730157, 4891267.079999998211861 ] } },
{ "type": "Feature", "properties": { "Organizati": "Cleveland Cliffs Plate Llc", "DEP_Client": "Cleveland Cliffs Plate Llc", "DEP_Clie_1": 221652.0, "DEP_Clie_2": "Owner", "SITE_NAME": "Cleveland Cliffs Steelton Llc", "Site_ID": 444261.0, "Site_Statu": "Active", "Primary_Fa": "Arcelormittal Isg Steelton Inc", "Primary__1": 468811.0, "Primary__2": "Active", "Sub_Facili": "Arcelormittal Isg Steelton Inc", "Sub_Faci_1": 322176.0, "Sub_Faci_2": "Dep Abandoned List", "Sub_Faci_3": "Landfill", "Waste_Oper": "Residual Waste Operation", "Waste_Op_1": "Unavailable", "EPA_ID": "300583", "COMPLIANCE": "Yes" }, "geometry": { "type": "Point", "coordinates": [ -8551284.705700000748038, 4897911.77419999986887 ] } },
{ "type": "Feature", "properties": { "Organizati": "Combustion Eng Inc", "DEP_Client": "Combustion Eng Inc", "DEP_Clie_1": 74045.0, "DEP_Clie_2": "Owner", "SITE_NAME": "Northwest Incin & Trans Sta", "Site_ID": 455450.0, "Site_Statu": "Active", "Primary_Fa": "City Of Phila/streets Dept/nw Incinr", "Primary__1": 483452.0, "Primary__2": "Inactive", "Sub_Facili": "City Of Phila/streets Dept/nw Incinr", "Sub_Faci_1": 355807.0, "Sub_Faci_2": "Inactive", "Sub_Faci_3": "Landfill", "Waste_Oper": "Residual Waste Operation", "Waste_Op_1": "Unavailable", "EPA_ID": "300783", "COMPLIANCE": "Yes" }, "geometry": { "type": "Point", "coordinates": [ -8375678.487299999222159, 4870868.143200002610683 ] } },
{ "type": "Feature", "properties": { "Organizati": "Carpenter Tech Corp", "DEP_Client": "Carpenter Tech Corp", "DEP_Clie_1": 77325.0, "DEP_Clie_2": "Owner", "SITE_NAME": "Carpenter Technology Corporation", "Site_ID": 445262.0, "Site_Statu": "Active", "Primary_Fa": "Carpenter Tech", "Primary__1": 470253.0, "Primary__2": "Active", "Sub_Facili": "Carpenter Rw Ldfl", "Sub_Faci_1": 326308.0, "Sub_Faci_2": "Active", "Sub_Faci_3": "Landfill", "Waste_Oper": "Residual Waste Operation", "Waste_Op_1": "Captive", "EPA_ID": "300635-0", "COMPLIANCE": "Yes" }, "geometry": { "type": "Point", "coordinates": [ -8564737.944499999284744, 4919966.646200001239777 ] } },
{ "type": "Feature", "properties": { "Organizati": "Etter Road Ldfl", "DEP_Client": "Etter Road Ldfl", "DEP_Clie_1": 27236.0, "DEP_Clie_2": "Owner", "SITE_NAME": "Etter Road Ldfl", "Site_ID": 806.0, "Site_Statu": "Inactive", "Primary_Fa": "Etter Road Landfill", "Primary__1": 1045.0, "Primary__2": "Not Started", "Sub_Facili": "Etter Road Landfill", "Sub_Faci_1": 3457.0, "Sub_Faci_2": "Inactive", "Sub_Faci_3": "Landfill", "Waste_Oper": "Residual Waste Operation", "Waste_Op_1": "Unavailable", "EPA_ID": "300508", "COMPLIANCE": "Yes" }, "geometry": { "type": "Point", "coordinates": [ -8900920.95130000077188, 5166098.819600000977516 ] } },
{ "type": "Feature", "properties": { "Organizati": "Warner Co", "DEP_Client": "Warner Co", "DEP_Clie_1": 24336.0, "DEP_Clie_2": "Owner", "SITE_NAME": "Warner Cedar Hollow Quarry", "Site_ID": 259938.0, "Site_Statu": "Active", "Primary_Fa": "Warner Co Cedar Hollow Plant", "Primary__1": 275415.0, "Primary__2": "Inactive", "Sub_Facili": "Warner Co Cedar Hollow Plant", "Sub_Faci_1": 279772.0, "Sub_Faci_2": "Dep Abandoned List", "Sub_Faci_3": "Landfill", "Waste_Oper": "Residual Waste Operation", "Waste_Op_1": "Unavailable", "EPA_ID": "300582", "COMPLIANCE": "Yes" }, "geometry": { "type": "Point", "coordinates": [ -8408694.05489999987185, 4876626.71339999884367 ] } },
{ "type": "Feature", "properties": { "Organizati": "Latrobe Specialty Metals A Carpenter Co", "DEP_Client": "Latrobe Specialty Metals A Carpenter Co", "DEP_Clie_1": 84247.0, "DEP_Clie_2": "Owner", "SITE_NAME": "Carpenter Latrobe Specialty Metals", "Site_ID": 236435.0, "Site_Statu": "Active", "Primary_Fa": "Latrobe Steel Rwo", "Primary__1": 238449.0, "Primary__2": "Active", "Sub_Facili": "Landfill", "Sub_Faci_1": 194955.0, "Sub_Faci_2": "Active", "Sub_Faci_3": "Landfill", "Waste_Oper": "Residual Waste Operation", "Waste_Op_1": "Captive", "EPA_ID": "300729", "COMPLIANCE": "Yes" }, "geometry": { "type": "Point", "coordinates": [ -8835860.8936, 4909268.817199997603893 ] } },
{ "type": "Feature", "properties": { "Organizati": "Mcconway & Torley Llc", "DEP_Client": "Mcconway & Torley Llc", "DEP_Clie_1": 5826.0, "DEP_Clie_2": "Owner", "SITE_NAME": "Mcconway & Torley Llc", "Site_ID": 502696.0, "Site_Statu": "Active", "Primary_Fa": "Mcconway & Torley Corp Kutztown", "Primary__1": 562074.0, "Primary__2": "Active", "Sub_Facili": "Mcconway & Torley Corp", "Sub_Faci_1": 765925.0, "Sub_Faci_2": "Unpermitted Inactive", "Sub_Faci_3": "Landfill", "Waste_Oper": "Residual Waste Operation", "Waste_Op_1": "Captive", "EPA_ID": "WMGR098SC001", "COMPLIANCE": "Yes" }, "geometry": { "type": "Point", "coordinates": [ -8435883.778300000354648, 4942326.32880000025034 ] } },
{ "type": "Feature", "properties": { "Organizati": "Greater Lewistown Corporate Ctr", "DEP_Client": "Greater Lewistown Corporate Ctr", "DEP_Clie_1": 71347.0, "DEP_Clie_2": "Owner", "SITE_NAME": "Avtex Fibers", "Site_ID": 238109.0, "Site_Statu": "Active", "Primary_Fa": "Avtex Meadville Fly Ash Ldfl", "Primary__1": 240720.0, "Primary__2": "Inactive", "Sub_Facili": "Avtex Meadville Fly Ash Ldfl", "Sub_Faci_1": 201944.0, "Sub_Faci_2": "Dep Abandoned List", "Sub_Faci_3": "Landfill", "Waste_Oper": "Residual Waste Operation", "Waste_Op_1": "Unavailable", "EPA_ID": "300466", "COMPLIANCE": "Yes" }, "geometry": { "type": "Point", "coordinates": [ -8924987.056500000879169, 5110352.418200001120567 ] } },
{ "type": "Feature", "properties": { "Organizati": "Abex Corp", "DEP_Client": "Abex Corp", "DEP_Clie_1": 78202.0, "DEP_Clie_2": "Owner", "SITE_NAME": "Abex Rr Prod", "Site_ID": 237611.0, "Site_Statu": "Active", "Primary_Fa": "Abex Residual Waste Operation", "Primary__1": 240060.0, "Primary__2": "Inactive", "Sub_Facili": "Landfill", "Sub_Faci_1": 199734.0, "Sub_Faci_2": "Dep Abandoned List", "Sub_Faci_3": "Landfill", "Waste_Oper": "Residual Waste Operation", "Waste_Op_1": "Captive", "EPA_ID": "300835", "COMPLIANCE": "Yes" }, "geometry": { "type": "Point", "coordinates": [ -8929482.3849, 4899947.251400001347065 ] } },
{ "type": "Feature", "properties": { "Organizati": "Ppl Elec Utilities Corp", "DEP_Client": "Ppl Elec Utilities Corp", "DEP_Clie_1": 91667.0, "DEP_Clie_2": "Owner", "SITE_NAME": "Susquehanna Steam Elec Sta", "Site_ID": 250359.0, "Site_Statu": "Active", "Primary_Fa": "Pa P & L Class I Demo Site #3", "Primary__1": 244113.0, "Primary__2": "Inactive", "Sub_Facili": "P P & L Class I Demo Site #3", "Sub_Faci_1": 211742.0, "Sub_Faci_2": "Inactive", "Sub_Faci_3": "Landfill", "Waste_Oper": "Residual Waste Operation", "Waste_Op_1": "Unavailable", "EPA_ID": "101363", "COMPLIANCE": "Yes" }, "geometry": { "type": "Point", "coordinates": [ -8477504.899299999698997, 5026159.101999998092651 ] } },
{ "type": "Feature", "properties": { "Organizati": "White Pines Corp", "DEP_Client": "White Pines Corp", "DEP_Clie_1": 25616.0, "DEP_Clie_2": "Owner", "SITE_NAME": "White Pines Ldfl", "Site_ID": 237878.0, "Site_Statu": "Active", "Primary_Fa": "White Pines Ldfl", "Primary__1": 240430.0, "Primary__2": "Active", "Sub_Facili": "White Pines Ldfl", "Sub_Faci_1": 201023.0, "Sub_Faci_2": "Active", "Sub_Faci_3": "Landfill", "Waste_Oper": "Residual Waste Operation", "Waste_Op_1": "Unavailable", "EPA_ID": "301626", "COMPLIANCE": "Yes" }, "geometry": { "type": "Point", "coordinates": [ -8521878.085200000554323, 5037695.52759999781847 ] } },
{ "type": "Feature", "properties": { "Organizati": "Domino Salvage Inc", "DEP_Client": "Domino Salvage Inc", "DEP_Clie_1": 27258.0, "DEP_Clie_2": "Owner", "SITE_NAME": "Domino Salvage Demo Ldf", "Site_ID": 525232.0, "Site_Statu": "Inactive", "Primary_Fa": "Domino Salvage Demo Ldf Rw Operation", "Primary__1": 548156.0, "Primary__2": "Inactive", "Sub_Facili": "Domino Salvage Demo Ldf Rw Demo", "Sub_Faci_1": 443436.0, "Sub_Faci_2": "Dep Abandoned List", "Sub_Faci_3": "Landfill", "Waste_Oper": "Residual Waste Operation", "Waste_Op_1": "Captive", "EPA_ID": "100986", "COMPLIANCE": "Yes" }, "geometry": { "type": "Point", "coordinates": [ -8384258.752399999648333, 4880510.647100001573563 ] } },
{ "type": "Feature", "properties": { "Organizati": "Exelon Generation Co Llc", "DEP_Client": "Exelon Generation Co Llc", "DEP_Clie_1": 133369.0, "DEP_Clie_2": "Owner", "SITE_NAME": "Exelon Three Mile Island Nuclear Sta", "Site_ID": 450833.0, "Site_Statu": "Active", "Primary_Fa": "Gpu Nuclear Corporation", "Primary__1": 477474.0, "Primary__2": "Inactive", "Sub_Facili": "Gpu Nuclear Corporation", "Sub_Faci_1": 341042.0, "Sub_Faci_2": "Inactive", "Sub_Faci_3": "Landfill", "Waste_Oper": "Residual Waste Operation", "Waste_Op_1": "Captive", "EPA_ID": "301029", "COMPLIANCE": "Yes" }, "geometry": { "type": "Point", "coordinates": [ -8540616.8662, 4888815.7566 ] } },
{ "type": "Feature", "properties": { "Organizati": "Hillside Dspl", "DEP_Client": "Hillside Dspl", "DEP_Clie_1": 81773.0, "DEP_Clie_2": "Owner", "SITE_NAME": "Hillside Sludge Dspl Site", "Site_ID": 236892.0, "Site_Statu": "Inactive", "Primary_Fa": "Hillside Disposal Site", "Primary__1": 239048.0, "Primary__2": "Inactive", "Sub_Facili": "Hillside Disposal Site", "Sub_Faci_1": 196627.0, "Sub_Faci_2": "Inactive", "Sub_Faci_3": "Landfill", "Waste_Oper": "Residual Waste Operation", "Waste_Op_1": "Unavailable", "EPA_ID": "300607", "COMPLIANCE": "Yes" }, "geometry": { "type": "Point", "coordinates": [ -8462136.625199999660254, 5051837.140900000929832 ] } },
{ "type": "Feature", "properties": { "Organizati": "Genon Ne Mgmt Co", "DEP_Client": "Genon Ne Mgmt Co", "DEP_Clie_1": 96313.0, "DEP_Clie_2": "Owner", "SITE_NAME": "Shawville Generating Sta", "Site_ID": 244416.0, "Site_Statu": "Active", "Primary_Fa": "Reliant Energy - Shawville Sta", "Primary__1": 249236.0, "Primary__2": "Active", "Sub_Facili": "Reliant Energy - Shawville Sta", "Sub_Faci_1": 395146.0, "Sub_Faci_2": "Inactive", "Sub_Faci_3": "Landfill", "Waste_Oper": "Residual Waste Operation", "Waste_Op_1": "Unavailable", "EPA_ID": "PAD000620963", "COMPLIANCE": "Yes" }, "geometry": { "type": "Point", "coordinates": [ -8725530.909199999645352, 5020949.628499999642372 ] } },
{ "type": "Feature", "properties": { "Organizati": "Intl Paper Co", "DEP_Client": "Intl Paper Co", "DEP_Clie_1": 81651.0, "DEP_Clie_2": "Owner", "SITE_NAME": "Lowville Iii Ldfl", "Site_ID": 251788.0, "Site_Statu": "Active", "Primary_Fa": "Lowville Iii Ldfl", "Primary__1": 260318.0, "Primary__2": "Active", "Sub_Facili": "Lowville Iii Ldfl", "Sub_Faci_1": 251829.0, "Sub_Faci_2": "Active", "Sub_Faci_3": "Landfill", "Waste_Oper": "Residual Waste Operation", "Waste_Op_1": "Unavailable", "EPA_ID": "300934", "COMPLIANCE": "Yes" }, "geometry": { "type": "Point", "coordinates": [ -8888675.807299999520183, 5166390.249099999666214 ] } },
{ "type": "Feature", "properties": { "Organizati": "Buck Co Inc", "DEP_Client": "Buck Co Inc", "DEP_Clie_1": 51290.0, "DEP_Clie_2": "Owner", "SITE_NAME": "Buck Co", "Site_ID": 443832.0, "Site_Statu": "Active", "Primary_Fa": "Buck Co Foundry Waste Disposal Site", "Primary__1": 468102.0, "Primary__2": "Active", "Sub_Facili": "Buck Co Foundry Waste Disposal Site", "Sub_Faci_1": 319957.0, "Sub_Faci_2": "Active", "Sub_Faci_3": "Landfill", "Waste_Oper": "Residual Waste Operation", "Waste_Op_1": "Captive", "EPA_ID": "300870", "COMPLIANCE": "Yes" }, "geometry": { "type": "Point", "coordinates": [ -8485761.094900000840425, 4848922.45889999717474 ] } },
{ "type": "Feature", "properties": { "Organizati": "Strasburg Ldfl", "DEP_Client": "Strasburg Ldfl", "DEP_Clie_1": 51339.0, "DEP_Clie_2": "Owner", "SITE_NAME": "Strasburg Ldfl", "Site_ID": 449379.0, "Site_Statu": "Inactive", "Primary_Fa": "Strasburg Landfill", "Primary__1": 475441.0, "Primary__2": "Inactive", "Sub_Facili": "Strasburg Landfill", "Sub_Faci_1": 336512.0, "Sub_Faci_2": "Inactive", "Sub_Faci_3": "Landfill", "Waste_Oper": "Residual Waste Operation", "Waste_Op_1": "Unavailable", "EPA_ID": "101038", "COMPLIANCE": "Yes" }, "geometry": { "type": "Point", "coordinates": [ -8434615.973200000822544, 4858558.065399996936321 ] } },
{ "type": "Feature", "properties": { "Organizati": "Reading Anthracite Co", "DEP_Client": "Reading Anthracite Co", "DEP_Clie_1": 27259.0, "DEP_Clie_2": "Owner", "SITE_NAME": "Reading Anthracite", "Site_ID": 461368.0, "Site_Statu": "Active", "Primary_Fa": "Reading Anthracite", "Primary__1": 490914.0, "Primary__2": "Active", "Sub_Facili": "Shen Penn Pit", "Sub_Faci_1": 373041.0, "Sub_Faci_2": "Active", "Sub_Faci_3": "Landfill", "Waste_Oper": "Residual Waste Operation", "Waste_Op_1": "Unavailable", "EPA_ID": "301301", "COMPLIANCE": "Yes" }, "geometry": { "type": "Point", "coordinates": [ -8479545.756699999794364, 4984275.262900002300739 ] } },
{ "type": "Feature", "properties": { "Organizati": "Marcus Hook Bus & Commerce Ctr", "DEP_Client": "Marcus Hook Bus & Commerce Ctr", "DEP_Clie_1": 82558.0, "DEP_Clie_2": "Owner", "SITE_NAME": "Bucks Co Res Rec Inc Icw Fac", "Site_ID": 261163.0, "Site_Statu": "Inactive", "Primary_Fa": "Marcus Hook Business & Commerce Cntr", "Primary__1": 277928.0, "Primary__2": "Inactive", "Sub_Facili": "Marcus Hook Business & Commerce Cntr", "Sub_Faci_1": 283978.0, "Sub_Faci_2": "Dep Abandoned List", "Sub_Faci_3": "Landfill", "Waste_Oper": "Residual Waste Operation", "Waste_Op_1": "Unavailable", "EPA_ID": "101465", "COMPLIANCE": "Yes" }, "geometry": { "type": "Point", "coordinates": [ -8395059.674499999731779, 4839948.738499999046326 ] } },
{ "type": "Feature", "properties": { "Organizati": "Trogon Dev Llc", "DEP_Client": "Trogon Dev Llc", "DEP_Clie_1": 361817.0, "DEP_Clie_2": "Owner", "SITE_NAME": "Fern Vly Ash Dspl Site", "Site_ID": 237533.0, "Site_Statu": "Active", "Primary_Fa": "Fern Valley Disposal Rwo", "Primary__1": 239941.0, "Primary__2": "Active", "Sub_Facili": "Landfill", "Sub_Faci_1": 199285.0, "Sub_Faci_2": "Active", "Sub_Faci_3": "Landfill", "Waste_Oper": "Residual Waste Operation", "Waste_Op_1": "Captive", "EPA_ID": "300615", "COMPLIANCE": "Yes" }, "geometry": { "type": "Point", "coordinates": [ -8893527.008600000292063, 4906970.270599998533726 ] } },
{ "type": "Feature", "properties": { "Organizati": "Us Steel Corp", "DEP_Client": "Us Steel Corp", "DEP_Clie_1": 80062.0, "DEP_Clie_2": "Owner", "SITE_NAME": "Us Steel Fairless Hills Fac", "Site_ID": 260845.0, "Site_Statu": "Active", "Primary_Fa": "U S Steel Rw Operation", "Primary__1": 546825.0, "Primary__2": "Active", "Sub_Facili": "U S Steel Rw Landfill", "Sub_Faci_1": 441043.0, "Sub_Faci_2": "Dep Abandoned List", "Sub_Faci_3": "Landfill", "Waste_Oper": "Residual Waste Operation", "Waste_Op_1": "Captive", "EPA_ID": "300829", "COMPLIANCE": "Yes" }, "geometry": { "type": "Point", "coordinates": [ -8319732.644600000232458, 4886866.951200000941753 ] } },
{ "type": "Feature", "properties": { "Organizati": "Phoenix Resources Inc", "DEP_Client": "Phoenix Resources Inc", "DEP_Clie_1": 93217.0, "DEP_Clie_2": "Owner", "SITE_NAME": "Phoenix Resources", "Site_ID": 463098.0, "Site_Statu": "Active", "Primary_Fa": "Phoenix Resc Rw Ldfl", "Primary__1": 743884.0, "Primary__2": "Active", "Sub_Facili": "Phoenix Resc Rw Ldfl", "Sub_Faci_1": 1047439.0, "Sub_Faci_2": "Active", "Sub_Faci_3": "Landfill", "Waste_Oper": "Residual Waste Operation", "Waste_Op_1": "Non-captive", "EPA_ID": "301358", "COMPLIANCE": "Yes" }, "geometry": { "type": "Point", "coordinates": [ -8602120.884800000116229, 5106129.077399998903275 ] } },
{ "type": "Feature", "properties": { "Organizati": "Muni & Ind Dspl Co", "DEP_Client": "Muni & Ind Dspl Co", "DEP_Clie_1": 36800.0, "DEP_Clie_2": "Owner", "SITE_NAME": "Muni & Ind Dspl Site", "Site_ID": 239927.0, "Site_Statu": "Inactive", "Primary_Fa": "Residual Waste Operation", "Primary__1": 243199.0, "Primary__2": "Inactive", "Sub_Facili": "Municipal & Industrial Landfill", "Sub_Faci_1": 209070.0, "Sub_Faci_2": "Dep Abandoned List", "Sub_Faci_3": "Landfill", "Waste_Oper": "Residual Waste Operation", "Waste_Op_1": "Non-captive", "EPA_ID": "300679", "COMPLIANCE": "Yes" }, "geometry": { "type": "Point", "coordinates": [ -8883345.323000000789762, 4907203.354599997401237 ] } },
{ "type": "Feature", "properties": { "Organizati": "Graymont Pa Inc", "DEP_Client": "Graymont Pa Inc", "DEP_Clie_1": 38358.0, "DEP_Clie_2": "Owner", "SITE_NAME": "Graymont Pa Inc Bellefonte Plt", "Site_ID": 461582.0, "Site_Statu": "Active", "Primary_Fa": "Graymont Inc - Bellefonte Plant", "Primary__1": 493743.0, "Primary__2": "Active", "Sub_Facili": "Graymont Pa - Potts Quarry", "Sub_Faci_1": 372105.0, "Sub_Faci_2": "Active", "Sub_Faci_3": "Landfill", "Waste_Oper": "Residual Waste Operation", "Waste_Op_1": "Captive", "EPA_ID": "PAD150751725", "COMPLIANCE": "Yes" }, "geometry": { "type": "Point", "coordinates": [ -8662697.24100000038743, 4997889.232500001788139 ] } },
{ "type": "Feature", "properties": { "Organizati": "Lawrence Coal Co", "DEP_Client": "Lawrence Coal Co", "DEP_Clie_1": 73153.0, "DEP_Clie_2": "Owner", "SITE_NAME": "Hartley Mine", "Site_ID": 250976.0, "Site_Statu": "Active", "Primary_Fa": "Hartley Mine", "Primary__1": 244181.0, "Primary__2": "Inactive", "Sub_Facili": "Hartley Mine-ldfl", "Sub_Faci_1": 211969.0, "Sub_Faci_2": "Inactive", "Sub_Faci_3": "Landfill", "Waste_Oper": "Residual Waste Operation", "Waste_Op_1": "Captive", "EPA_ID": "300860", "COMPLIANCE": "Yes" }, "geometry": { "type": "Point", "coordinates": [ -8863226.934900000691414, 4843524.1503000035882 ] } },
{ "type": "Feature", "properties": { "Organizati": "Little Cooley Dspl Site", "DEP_Client": "Little Cooley Dspl Site", "DEP_Clie_1": 28471.0, "DEP_Clie_2": "Owner", "SITE_NAME": "Little Cooley Ldfl", "Site_ID": 241508.0, "Site_Statu": "Active", "Primary_Fa": "Little Cooley Demo Resid Landfill", "Primary__1": 245303.0, "Primary__2": "Inactive", "Sub_Facili": "Little Cooley Demo Resid Landfill", "Sub_Faci_1": 214641.0, "Sub_Faci_2": "Dep Abandoned List", "Sub_Faci_3": "Landfill", "Waste_Oper": "Residual Waste Operation", "Waste_Op_1": "Unavailable", "EPA_ID": "301012", "COMPLIANCE": "Yes" }, "geometry": { "type": "Point", "coordinates": [ -8891865.7632, 5120756.988899998366833 ] } },
{ "type": "Feature", "properties": { "Organizati": "Merck Sharp & Dohme Corp", "DEP_Client": "Merck Sharp & Dohme Corp", "DEP_Clie_1": 171086.0, "DEP_Clie_2": "Owner", "SITE_NAME": "Merck Sharp & Dohme Llc", "Site_ID": 245458.0, "Site_Statu": "Active", "Primary_Fa": "Merck Sharp & Dohme", "Primary__1": 250686.0, "Primary__2": "Inactive", "Sub_Facili": "Merck Sharp & Dohme", "Sub_Faci_1": 228432.0, "Sub_Faci_2": "Dep Abandoned List", "Sub_Faci_3": "Landfill", "Waste_Oper": "Residual Waste Operation", "Waste_Op_1": "Unavailable", "EPA_ID": "300275", "COMPLIANCE": "Yes" }, "geometry": { "type": "Point", "coordinates": [ -8380564.002800000831485, 4897008.821099996566772 ] } },
{ "type": "Feature", "properties": { "Organizati": "Glen Gery Corp", "DEP_Client": "Glen Gery Corp", "DEP_Clie_1": 29414.0, "DEP_Clie_2": "Owner", "SITE_NAME": "Glen Gery Shoemakersville 2 Quarry", "Site_ID": 392316.0, "Site_Statu": "Active", "Primary_Fa": "Glen Gery Corp", "Primary__1": 415789.0, "Primary__2": "Active", "Sub_Facili": "Glen Gery Rw Landfill", "Sub_Faci_1": 314013.0, "Sub_Faci_2": "Inactive", "Sub_Faci_3": "Landfill", "Waste_Oper": "Residual Waste Operation", "Waste_Op_1": "Captive", "EPA_ID": "101186", "COMPLIANCE": "Yes" }, "geometry": { "type": "Point", "coordinates": [ -8455639.586799999698997, 4936940.207000002264977 ] } },
{ "type": "Feature", "properties": { "Organizati": "Pine Hill Inc", "DEP_Client": "Pine Hill Inc", "DEP_Clie_1": 88013.0, "DEP_Clie_2": "Owner", "SITE_NAME": "Pine Hill Ldfl Opr", "Site_ID": 465234.0, "Site_Statu": "Active", "Primary_Fa": "Pine Hill Landfill And Reclamation Operation", "Primary__1": 557079.0, "Primary__2": "Active", "Sub_Facili": "Pine Hill Landfill", "Sub_Faci_1": 520859.0, "Sub_Faci_2": "Active", "Sub_Faci_3": "Landfill", "Waste_Oper": "Residual Waste Operation", "Waste_Op_1": "Non-captive", "EPA_ID": "300717", "COMPLIANCE": "Yes" }, "geometry": { "type": "Point", "coordinates": [ -8571167.881899999454618, 5113371.885499998927116 ] } },
{ "type": "Feature", "properties": { "Organizati": "Stoltzfus Demolition Dspl Site", "DEP_Client": "Stoltzfus Demolition Dspl Site", "DEP_Clie_1": 1112.0, "DEP_Clie_2": "Owner", "SITE_NAME": "Stoltzfus Demolition Dspl Site", "Site_ID": 449376.0, "Site_Statu": "Inactive", "Primary_Fa": "Stoltzfus Class 1 Demo Disposal Site", "Primary__1": 475436.0, "Primary__2": "Inactive", "Sub_Facili": "Stoltzfus Class 1 Demo Disposal Site", "Sub_Faci_1": 336507.0, "Sub_Faci_2": "Dep Abandoned List", "Sub_Faci_3": "Landfill", "Waste_Oper": "Residual Waste Operation", "Waste_Op_1": "Unavailable", "EPA_ID": "101156", "COMPLIANCE": "Yes" }, "geometry": { "type": "Point", "coordinates": [ -8445096.826999999582767, 4863766.9408999979496 ] } },
{ "type": "Feature", "properties": { "Organizati": "Domino Salvage Inc", "DEP_Client": "Domino Salvage Inc", "DEP_Clie_1": 27258.0, "DEP_Clie_2": "Owner", "SITE_NAME": "Domino Salvage Plymouth Golf Ball Q", "Site_ID": 525204.0, "Site_Statu": "Inactive", "Primary_Fa": "Domino Salvage Plymouth Golf Ball Rw Operation", "Primary__1": 548129.0, "Primary__2": "Inactive", "Sub_Facili": "Domino Salvage Plymouth Golf Ball Q Rw Ldf", "Sub_Faci_1": 443376.0, "Sub_Faci_2": "Inactive", "Sub_Faci_3": "Landfill", "Waste_Oper": "Residual Waste Operation", "Waste_Op_1": "Captive", "EPA_ID": "101183", "COMPLIANCE": "Yes" }, "geometry": { "type": "Point", "coordinates": [ -8378987.149900000542402, 4881212.345499999821186 ] } },
{ "type": "Feature", "properties": { "Organizati": "Carmeuse Na", "DEP_Client": "Carmeuse Na", "DEP_Clie_1": 184948.0, "DEP_Clie_2": "Owner", "SITE_NAME": "Pennsy Supply Millard Quarry & Carmeuse Lime Mfg", "Site_ID": 248338.0, "Site_Statu": "Active", "Primary_Fa": "Millard Quarry Lf.\"broyhill & Assoc\"", "Primary__1": 254652.0, "Primary__2": "Inactive", "Sub_Facili": "Millard Quarry Lf.\"broyhill & Assoc\"", "Sub_Faci_1": 238794.0, "Sub_Faci_2": "Inactive", "Sub_Faci_3": "Landfill", "Waste_Oper": "Residual Waste Operation", "Waste_Op_1": "Unavailable", "EPA_ID": "300747", "COMPLIANCE": "Yes" }, "geometry": { "type": "Point", "coordinates": [ -8522589.292999999597669, 4914378.5713 ] } },
{ "type": "Feature", "properties": { "Organizati": "Resource Recovery Ldfl", "DEP_Client": "Resource Recovery Ldfl", "DEP_Clie_1": 1109.0, "DEP_Clie_2": "Owner", "SITE_NAME": "Emanuel Tire Of Pa Inc", "Site_ID": 253570.0, "Site_Statu": "Active", "Primary_Fa": "Experimental Class 3 Res/recov Ldfl", "Primary__1": 471879.0, "Primary__2": "Inactive", "Sub_Facili": "Experimental Class 3 Res/recov Ldfl", "Sub_Faci_1": 329326.0, "Sub_Faci_2": "Inactive", "Sub_Faci_3": "Landfill", "Waste_Oper": "Residual Waste Operation", "Waste_Op_1": "Unavailable", "EPA_ID": "101142", "COMPLIANCE": "Yes" }, "geometry": { "type": "Point", "coordinates": [ -8383903.760800000280142, 4880484.665700003504753 ] } },
{ "type": "Feature", "properties": { "Organizati": "Kimberly Clark Of Pa Llc", "DEP_Client": "Kimberly Clark Of Pa Llc", "DEP_Clie_1": 205598.0, "DEP_Clie_2": "Owner", "SITE_NAME": "Kimberly Clark Pa Llc", "Site_ID": 237860.0, "Site_Statu": "Active", "Primary_Fa": "Scott Paper", "Primary__1": 548142.0, "Primary__2": "Inactive", "Sub_Facili": "Scott Paper Rw Ldf", "Sub_Faci_1": 443407.0, "Sub_Faci_2": "Dep Abandoned List", "Sub_Faci_3": "Landfill", "Waste_Oper": "Residual Waste Operation", "Waste_Op_1": "Captive", "EPA_ID": "300576", "COMPLIANCE": "Yes" }, "geometry": { "type": "Point", "coordinates": [ -8388779.492599999532104, 4843497.971699997782707 ] } },
{ "type": "Feature", "properties": { "Organizati": "Ganzer Sand & Gravel Inc", "DEP_Client": "Ganzer Sand & Gravel Inc", "DEP_Clie_1": 63566.0, "DEP_Clie_2": "Owner", "SITE_NAME": "Ganzer Sand Gravel Ldfl", "Site_ID": 251770.0, "Site_Statu": "Active", "Primary_Fa": "Ganzer Sand & Gravel Inc Landfill", "Primary__1": 260270.0, "Primary__2": "Inactive", "Sub_Facili": "Ganzer Sand & Gravel Inc Landfill", "Sub_Faci_1": 251760.0, "Sub_Faci_2": "Inactive", "Sub_Faci_3": "Landfill", "Waste_Oper": "Residual Waste Operation", "Waste_Op_1": "Unavailable", "EPA_ID": "300795", "COMPLIANCE": "Yes" }, "geometry": { "type": "Point", "coordinates": [ -8895880.652200000360608, 5165307.842299997806549 ] } },
{ "type": "Feature", "properties": { "Organizati": "Dick Enterprises Inc", "DEP_Client": "Dick Enterprises Inc", "DEP_Clie_1": 117284.0, "DEP_Clie_2": "Owner", "SITE_NAME": "Hanover Ash Mine", "Site_ID": 459329.0, "Site_Statu": "Reclamation Completed", "Primary_Fa": "Hanover Ash Mine", "Primary__1": 518918.0, "Primary__2": "Inactive", "Sub_Facili": "Hanover Twp Bottom Ash Disp", "Sub_Faci_1": 400443.0, "Sub_Faci_2": "Dep Abandoned List", "Sub_Faci_3": "Landfill", "Waste_Oper": "Residual Waste Operation", "Waste_Op_1": "Non-captive", "EPA_ID": "300678", "COMPLIANCE": "Yes" }, "geometry": { "type": "Point", "coordinates": [ -8954638.32010000012815, 4933041.808799996972084 ] } },
{ "type": "Feature", "properties": { "Organizati": "Shannopin Mining Co", "DEP_Client": "Shannopin Mining Co", "DEP_Clie_1": 5036.0, "DEP_Clie_2": "Owner", "SITE_NAME": "Shannopin Crd Fly Ash Ldfl", "Site_ID": 266913.0, "Site_Statu": "Abandoned", "Primary_Fa": "Shannopin Crd Fly Ash", "Primary__1": 255068.0, "Primary__2": "Inactive", "Sub_Facili": "Shannopin Crd Fly Ash/disposal Facilty", "Sub_Faci_1": 239728.0, "Sub_Faci_2": "Dep Abandoned List", "Sub_Faci_3": "Landfill", "Waste_Oper": "Residual Waste Operation", "Waste_Op_1": "Captive", "EPA_ID": "300850", "COMPLIANCE": "Yes" }, "geometry": { "type": "Point", "coordinates": [ -8901411.496099999174476, 4831116.058200001716614 ] } },
{ "type": "Feature", "properties": { "Organizati": "Pkk Llc", "DEP_Client": "Pkk Llc", "DEP_Clie_1": 282860.0, "DEP_Clie_2": "Owner", "SITE_NAME": "Pkk Llc", "Site_ID": 834274.0, "Site_Statu": "Active", "Primary_Fa": "Pkk Llc", "Primary__1": 832074.0, "Primary__2": "Active", "Sub_Facili": "Pkk Llc", "Sub_Faci_1": 1280232.0, "Sub_Faci_2": "Unpermitted Active", "Sub_Faci_3": "Landfill", "Waste_Oper": "Residual Waste Operation", "Waste_Op_1": "Non-captive", "EPA_ID": "832074", "COMPLIANCE": "Yes" }, "geometry": { "type": "Point", "coordinates": [ -8491603.822000000625849, 4872669.698600001633167 ] } },
{ "type": "Feature", "properties": { "Organizati": "Mitchell Power Sta", "DEP_Client": "Mitchell Power Sta", "DEP_Clie_1": 7569.0, "DEP_Clie_2": "Owner", "SITE_NAME": "Mitchell Power Sta", "Site_ID": 260402.0, "Site_Statu": "Active", "Primary_Fa": "Mitchell Pwr Sta Rwo Ldfl # 300371 & Wmgr052d001", "Primary__1": 256440.0, "Primary__2": "Active", "Sub_Facili": "Mitchell Pwr Sta Old Ldfl #300371", "Sub_Faci_1": 242205.0, "Sub_Faci_2": "Inactive", "Sub_Faci_3": "Landfill", "Waste_Oper": "Residual Waste Operation", "Waste_Op_1": "Captive", "EPA_ID": "300371", "COMPLIANCE": "Yes" }, "geometry": { "type": "Point", "coordinates": [ -8903085.496999999508262, 4899907.803800001740456 ] } },
{ "type": "Feature", "properties": { "Organizati": "Klapec Ldfl", "DEP_Client": "Klapec Ldfl", "DEP_Clie_1": 82164.0, "DEP_Clie_2": "Owner", "SITE_NAME": "Klapec Ldfl", "Site_ID": 243219.0, "Site_Statu": "Active", "Primary_Fa": "Klapec Landfill", "Primary__1": 247671.0, "Primary__2": "Inactive", "Sub_Facili": "Klapec Landfill", "Sub_Faci_1": 221297.0, "Sub_Faci_2": "Dep Abandoned List", "Sub_Faci_3": "Landfill", "Waste_Oper": "Residual Waste Operation", "Waste_Op_1": "Unavailable", "EPA_ID": "WMGM043NW003", "COMPLIANCE": "Yes" }, "geometry": { "type": "Point", "coordinates": [ -8873163.615599999204278, 5079348.178800001740456 ] } },
{ "type": "Feature", "properties": { "Organizati": "Us Steel Corp", "DEP_Client": "Us Steel Corp", "DEP_Clie_1": 80062.0, "DEP_Clie_2": "Owner", "SITE_NAME": "Us Steel Fairless Hills Fac", "Site_ID": 260845.0, "Site_Statu": "Active", "Primary_Fa": "Us Steel Corp", "Primary__1": 276925.0, "Primary__2": "Inactive", "Sub_Facili": "Us Steel Corp", "Sub_Faci_1": 282275.0, "Sub_Faci_2": "Dep Abandoned List", "Sub_Faci_3": "Landfill", "Waste_Oper": "Residual Waste Operation", "Waste_Op_1": "Unavailable", "EPA_ID": "300825", "COMPLIANCE": "Yes" }, "geometry": { "type": "Point", "coordinates": [ -8320109.9002, 4890126.3783999979496 ] } },
{ "type": "Feature", "properties": { "Organizati": "Keystone Cement Co", "DEP_Client": "Keystone Cement Co", "DEP_Clie_1": 4287.0, "DEP_Clie_2": "Owner", "SITE_NAME": "Keystone Cement Co", "Site_ID": 451528.0, "Site_Statu": "Active", "Primary_Fa": "Keystone Cement Ldfl", "Primary__1": 493129.0, "Primary__2": "Active", "Sub_Facili": "Keystone Cement Ldfl", "Sub_Faci_1": 371357.0, "Sub_Faci_2": "Active", "Sub_Faci_3": "Landfill", "Waste_Oper": "Residual Waste Operation", "Waste_Op_1": "Captive", "EPA_ID": "301312UNP", "COMPLIANCE": "Yes" }, "geometry": { "type": "Point", "coordinates": [ -8392561.943399999290705, 4971863.455899998545647 ] } },
{ "type": "Feature", "properties": { "Organizati": "Bethayres Reclamation Corp", "DEP_Client": "Bethayres Reclamation Corp", "DEP_Clie_1": 51975.0, "DEP_Clie_2": "Owner", "SITE_NAME": "Bethayres Reclamation", "Site_ID": 444862.0, "Site_Statu": "Active", "Primary_Fa": "Bethayres Reclamation Corp", "Primary__1": 469703.0, "Primary__2": "Active", "Sub_Facili": "Bethayres Reclamation Corp", "Sub_Faci_1": 324891.0, "Sub_Faci_2": "Inactive", "Sub_Faci_3": "Landfill", "Waste_Oper": "Residual Waste Operation", "Waste_Op_1": "Non-captive", "EPA_ID": "101168RW", "COMPLIANCE": "Yes" }, "geometry": { "type": "Point", "coordinates": [ -8357465.381699999794364, 4883719.207900002598763 ] } },
{ "type": "Feature", "properties": { "Organizati": "Beaver Valley Slag Inc", "DEP_Client": "Beaver Valley Slag Inc", "DEP_Clie_1": 121497.0, "DEP_Clie_2": "Owner", "SITE_NAME": "Bet Tech Rmer Ltv Aliquippa Works", "Site_ID": 520630.0, "Site_Statu": "Active", "Primary_Fa": "Ltv Aliquippa Rwo", "Primary__1": 543733.0, "Primary__2": "Inactive", "Sub_Facili": "Blacks Run Ldfl", "Sub_Faci_1": 436351.0, "Sub_Faci_2": "Dep Abandoned List", "Sub_Faci_3": "Landfill", "Waste_Oper": "Residual Waste Operation", "Waste_Op_1": "Captive", "EPA_ID": "300719", "COMPLIANCE": "Yes" }, "geometry": { "type": "Point", "coordinates": [ -8934363.565099999308586, 4961196.0066 ] } },
{ "type": "Feature", "properties": { "Organizati": "Unavailable", "DEP_Client": "Cipolla Peter", "DEP_Clie_1": 342694.0, "DEP_Clie_2": "Owner", "SITE_NAME": "Peter Cipolla Prop", "Site_ID": 829294.0, "Site_Statu": "Active", "Primary_Fa": "Peter Cipolla Prop", "Primary__1": 826208.0, "Primary__2": "Active", "Sub_Facili": "Peter Cipolla Prop", "Sub_Faci_1": 1258232.0, "Sub_Faci_2": "Active", "Sub_Faci_3": "Landfill", "Waste_Oper": "Residual Waste Operation", "Waste_Op_1": "Captive", "EPA_ID": "826208", "COMPLIANCE": "Yes" }, "geometry": { "type": "Point", "coordinates": [ -8457057.487800000235438, 4902032.096699997782707 ] } },
{ "type": "Feature", "properties": { "Organizati": "Bethlehem Steel Corp", "DEP_Client": "Bethlehem Steel Corp", "DEP_Clie_1": 80984.0, "DEP_Clie_2": "Owner", "SITE_NAME": "Tecumseh Redev Johnstown Plt", "Site_ID": 239065.0, "Site_Statu": "Active", "Primary_Fa": "Bethlehem Steel Park Hill Rwo", "Primary__1": 244344.0, "Primary__2": "Inactive", "Sub_Facili": "Park Hill Disposal Site", "Sub_Faci_1": 212419.0, "Sub_Faci_2": "Inactive", "Sub_Faci_3": "Landfill", "Waste_Oper": "Residual Waste Operation", "Waste_Op_1": "Captive", "EPA_ID": "300516", "COMPLIANCE": "Yes" }, "geometry": { "type": "Point", "coordinates": [ -8779149.7972, 4919003.966300003230572 ] } },
{ "type": "Feature", "properties": { "Organizati": "Homer City Generation Lp", "DEP_Client": "Homer City Generation Lp", "DEP_Clie_1": 298406.0, "DEP_Clie_2": "Owner", "SITE_NAME": "Homer City Generation Lp", "Site_ID": 236714.0, "Site_Statu": "Active", "Primary_Fa": "Homer City Station Rwo", "Primary__1": 238816.0, "Primary__2": "Active", "Sub_Facili": "Homer City Ash Site", "Sub_Faci_1": 195933.0, "Sub_Faci_2": "Active", "Sub_Faci_3": "Landfill", "Waste_Oper": "Residual Waste Operation", "Waste_Op_1": "Captive", "EPA_ID": "300491", "COMPLIANCE": "Yes" }, "geometry": { "type": "Point", "coordinates": [ -8817616.86570000089705, 4942448.367899999022484 ] } },
{ "type": "Feature", "properties": { "Organizati": "Pottstown Ind Investments Llc", "DEP_Client": "Pottstown Ind Investments Llc", "DEP_Clie_1": 278999.0, "DEP_Clie_2": "Owner", "SITE_NAME": "Flagg Brass Landfill", "Site_ID": 454671.0, "Site_Statu": "Inactive", "Primary_Fa": "Flagg Brass Rw Ldfl", "Primary__1": 482504.0, "Primary__2": "Inactive", "Sub_Facili": "Flagg Brass Rw Ldfl", "Sub_Faci_1": 353297.0, "Sub_Faci_2": "Inactive", "Sub_Faci_3": "Landfill", "Waste_Oper": "Residual Waste Operation", "Waste_Op_1": "Non-captive", "EPA_ID": "300852", "COMPLIANCE": "Yes" }, "geometry": { "type": "Point", "coordinates": [ -8424318.920299999415874, 4901771.193800002336502 ] } },
{ "type": "Feature", "properties": { "Organizati": "Morgan Advanced Materials & Tech Inc", "DEP_Client": "Morgan Advanced Materials & Tech Inc", "DEP_Clie_1": 42191.0, "DEP_Clie_2": "Owner", "SITE_NAME": "Morgan Am&t", "Site_ID": 241639.0, "Site_Statu": "Active", "Primary_Fa": "Morgan Am&t", "Primary__1": 4210.0, "Primary__2": "Inactive", "Sub_Facili": "Morgan Am&t", "Sub_Faci_1": 12842.0, "Sub_Faci_2": "Inactive", "Sub_Faci_3": "Landfill", "Waste_Oper": "Residual Waste Operation", "Waste_Op_1": "Unavailable", "EPA_ID": "PAD002103273", "COMPLIANCE": "Yes" }, "geometry": { "type": "Point", "coordinates": [ -8680168.216700000688434, 5128247.135399997234344 ] } },
{ "type": "Feature", "properties": { "Organizati": "Abm Dspl Co", "DEP_Client": "Abm Dspl Co", "DEP_Clie_1": 27238.0, "DEP_Clie_2": "Owner", "SITE_NAME": "Abm Dspl Oscar Senn Site", "Site_ID": 450592.0, "Site_Statu": "Inactive", "Primary_Fa": "A.b.m. Disposal Co-oscar Senn Site", "Primary__1": 477181.0, "Primary__2": "Inactive", "Sub_Facili": "A.b.m. Disposal Co-oscar Senn Site", "Sub_Faci_1": 340352.0, "Sub_Faci_2": "Dep Abandoned List", "Sub_Faci_3": "Landfill", "Waste_Oper": "Residual Waste Operation", "Waste_Op_1": "Unavailable", "EPA_ID": "300642", "COMPLIANCE": "Yes" }, "geometry": { "type": "Point", "coordinates": [ -8425325.532999999821186, 4875732.420000001788139 ] } },
{ "type": "Feature", "properties": { "Organizati": "Buzzi Unicem Usa Mid Atlantic Inc", "DEP_Client": "Buzzi Unicem Usa Mid Atlantic Inc", "DEP_Clie_1": 8268.0, "DEP_Clie_2": "Owner", "SITE_NAME": "Hercules Cement Stockertown Plt Quarry", "Site_ID": 508399.0, "Site_Statu": "Active", "Primary_Fa": "Hercules Cement Co", "Primary__1": 466697.0, "Primary__2": "Active", "Sub_Facili": "Ckd Ldfl", "Sub_Faci_1": 316504.0, "Sub_Faci_2": "Active", "Sub_Faci_3": "Landfill", "Waste_Oper": "Residual Waste Operation", "Waste_Op_1": "Unavailable", "EPA_ID": "300693", "COMPLIANCE": "Yes" }, "geometry": { "type": "Point", "coordinates": [ -8380131.2668999992311, 4974883.2993 ] } },
{ "type": "Feature", "properties": { "Organizati": "Buzzi Unicem Usa Mid Atlantic Inc", "DEP_Client": "Buzzi Unicem Usa Mid Atlantic Inc", "DEP_Clie_1": 8268.0, "DEP_Clie_2": "Owner", "SITE_NAME": "Hercules Cement Stockertown Plt Quarry", "Site_ID": 508399.0, "Site_Statu": "Active", "Primary_Fa": "Hercules Cement Co", "Primary__1": 494813.0, "Primary__2": "Active", "Sub_Facili": "Hercules Cement Co Ldfl", "Sub_Faci_1": 373323.0, "Sub_Faci_2": "Active", "Sub_Faci_3": "Landfill", "Waste_Oper": "Residual Waste Operation", "Waste_Op_1": "Captive", "EPA_ID": "300693", "COMPLIANCE": "Yes" }, "geometry": { "type": "Point", "coordinates": [ -8380131.2668999992311, 4974883.2993 ] } },
{ "type": "Feature", "properties": { "Organizati": "Frush Valley Holdings Llc", "DEP_Client": "Frush Valley Holdings Llc", "DEP_Clie_1": 268165.0, "DEP_Clie_2": "Owner", "SITE_NAME": "Empire Steel Castings", "Site_ID": 516347.0, "Site_Statu": "Active", "Primary_Fa": "Empire Steel Castings Ldfl", "Primary__1": 716216.0, "Primary__2": "Active", "Sub_Facili": "Empire Steel Castings Ldfl", "Sub_Faci_1": 983168.0, "Sub_Faci_2": "Inactive", "Sub_Faci_3": "Landfill", "Waste_Oper": "Residual Waste Operation", "Waste_Op_1": "Captive", "EPA_ID": "WMGR019SC001", "COMPLIANCE": "Yes" }, "geometry": { "type": "Point", "coordinates": [ -8450958.292899999767542, 4924175.6199000030756 ] } },
{ "type": "Feature", "properties": { "Organizati": "Gaf Corp", "DEP_Client": "Gaf Corp", "DEP_Clie_1": 8353.0, "DEP_Clie_2": "Owner", "SITE_NAME": "Gaf Site I", "Site_ID": 255435.0, "Site_Statu": "Inactive", "Primary_Fa": "G A F Corp Site I", "Primary__1": 267966.0, "Primary__2": "Inactive", "Sub_Facili": "G A F Corp Site I", "Sub_Faci_1": 265356.0, "Sub_Faci_2": "Inactive", "Sub_Faci_3": "Landfill", "Waste_Oper": "Residual Waste Operation", "Waste_Op_1": "Unavailable", "EPA_ID": "300070", "COMPLIANCE": "Yes" }, "geometry": { "type": "Point", "coordinates": [ -8406847.944700000807643, 4979904.834399998188019 ] } },
{ "type": "Feature", "properties": { "Organizati": "Galantino Supply Co Inc", "DEP_Client": "Galantino Supply Co Inc", "DEP_Clie_1": 27226.0, "DEP_Clie_2": "Owner", "SITE_NAME": "Galantino Supply Demo Waste Class 1", "Site_ID": 454603.0, "Site_Statu": "Inactive", "Primary_Fa": "Galantino Supply/demo Waste Class 1", "Primary__1": 482431.0, "Primary__2": "Inactive", "Sub_Facili": "Galantino Supply/demo Waste Class 1", "Sub_Faci_1": 353152.0, "Sub_Faci_2": "Dep Abandoned List", "Sub_Faci_3": "Landfill", "Waste_Oper": "Residual Waste Operation", "Waste_Op_1": "Unavailable", "EPA_ID": "101285", "COMPLIANCE": "Yes" }, "geometry": { "type": "Point", "coordinates": [ -8388523.680400000885129, 4865261.116099998354912 ] } },
{ "type": "Feature", "properties": { "Organizati": "Ge Co", "DEP_Client": "Ge Co", "DEP_Clie_1": 74670.0, "DEP_Clie_2": "Owner", "SITE_NAME": "Ge North East Twp Ldfl", "Site_ID": 635642.0, "Site_Statu": "Inactive", "Primary_Fa": "General Electric Hbrck Gravel Pit Lf", "Primary__1": 270765.0, "Primary__2": "Inactive", "Sub_Facili": "General Electric Hbrck Gravel Pit Lf", "Sub_Faci_1": 271004.0, "Sub_Faci_2": "Inactive", "Sub_Faci_3": "Landfill", "Waste_Oper": "Residual Waste Operation", "Waste_Op_1": "Unavailable", "EPA_ID": "300691", "COMPLIANCE": "Yes" }, "geometry": { "type": "Point", "coordinates": [ -8890716.66469999961555, 5191820.5757 ] } },
{ "type": "Feature", "properties": { "Organizati": "Ge Co", "DEP_Client": "Ge Co", "DEP_Clie_1": 74670.0, "DEP_Clie_2": "Owner", "SITE_NAME": "Ge Transp Sys Hannon Road Ldfl", "Site_ID": 237063.0, "Site_Statu": "Inactive", "Primary_Fa": "General Electric Hannon Rd Landfill", "Primary__1": 250356.0, "Primary__2": "Inactive", "Sub_Facili": "General Electric Hannon Rd Landfill", "Sub_Faci_1": 227379.0, "Sub_Faci_2": "Dep Abandoned List", "Sub_Faci_3": "Landfill", "Waste_Oper": "Residual Waste Operation", "Waste_Op_1": "Unavailable", "EPA_ID": "300639", "COMPLIANCE": "Yes" }, "geometry": { "type": "Point", "coordinates": [ -8901539.717700000852346, 5179056.519400000572205 ] } },
{ "type": "Feature", "properties": { "Organizati": "Keystone Asphalt Inc", "DEP_Client": "Keystone Asphalt Inc", "DEP_Clie_1": 87955.0, "DEP_Clie_2": "Owner", "SITE_NAME": "Keystone Asphalt Ldfl", "Site_ID": 1537.0, "Site_Statu": "Inactive", "Primary_Fa": "Keystone Asphalt Inc Ldfl", "Primary__1": 1981.0, "Primary__2": "Inactive", "Sub_Facili": "Keystone Asphalt Inc Ldfl", "Sub_Faci_1": 6835.0, "Sub_Faci_2": "Dep Abandoned List", "Sub_Faci_3": "Landfill", "Waste_Oper": "Residual Waste Operation", "Waste_Op_1": "Unavailable", "EPA_ID": "101314", "COMPLIANCE": "Yes" }, "geometry": { "type": "Point", "coordinates": [ -8495630.80460000038147, 5014874.073100000619888 ] } },
{ "type": "Feature", "properties": { "Organizati": "Keystone Cement Co", "DEP_Client": "Keystone Cement Co", "DEP_Clie_1": 4287.0, "DEP_Clie_2": "Owner", "SITE_NAME": "Keystone Cement Co", "Site_ID": 451528.0, "Site_Statu": "Active", "Primary_Fa": "Keystone Cement Ldfl", "Primary__1": 491163.0, "Primary__2": "Active", "Sub_Facili": "Keystone Cement Ldfl #1", "Sub_Faci_1": 368984.0, "Sub_Faci_2": "Active", "Sub_Faci_3": "Landfill", "Waste_Oper": "Residual Waste Operation", "Waste_Op_1": "Unavailable", "EPA_ID": "301085", "COMPLIANCE": "Yes" }, "geometry": { "type": "Point", "coordinates": [ -8394571.878599999472499, 4970394.680200003087521 ] } },
{ "type": "Feature", "properties": { "Organizati": "Keystone Cement Co", "DEP_Client": "Keystone Cement Co", "DEP_Clie_1": 4287.0, "DEP_Clie_2": "Owner", "SITE_NAME": "Keystone Cement Co", "Site_ID": 451528.0, "Site_Statu": "Active", "Primary_Fa": "Keystone Cement Ldfl", "Primary__1": 491163.0, "Primary__2": "Active", "Sub_Facili": "Keystone Cement Ldfl #2", "Sub_Faci_1": 393777.0, "Sub_Faci_2": "Proposed But Never Materialized", "Sub_Faci_3": "Landfill", "Waste_Oper": "Residual Waste Operation", "Waste_Op_1": "Unavailable", "EPA_ID": "301085", "COMPLIANCE": "Yes" }, "geometry": { "type": "Point", "coordinates": [ -8392561.943399999290705, 4971863.455899998545647 ] } },
{ "type": "Feature", "properties": { "Organizati": "Pgh Corning Corp", "DEP_Client": "Pgh Corning Corp", "DEP_Clie_1": 42728.0, "DEP_Clie_2": "Owner", "SITE_NAME": "Birch Run Road Ldfl", "Site_ID": 480967.0, "Site_Statu": "Active", "Primary_Fa": "Birch Run Rd Ldfl", "Primary__1": 510214.0, "Primary__2": "Inactive", "Sub_Facili": "Birch Run Rd Ldfl", "Sub_Faci_1": 398838.0, "Sub_Faci_2": "Inactive", "Sub_Faci_3": "Landfill", "Waste_Oper": "Residual Waste Operation", "Waste_Op_1": "Captive", "EPA_ID": "300969", "COMPLIANCE": "Yes" }, "geometry": { "type": "Point", "coordinates": [ -8717255.978000000119209, 5138817.304200001060963 ] } },
{ "type": "Feature", "properties": { "Organizati": "Ph Glatfelter Co", "DEP_Client": "Ph Glatfelter Co", "DEP_Clie_1": 82539.0, "DEP_Clie_2": "Owner", "SITE_NAME": "Spring Grove Pulp & Paper Mill", "Site_ID": 249607.0, "Site_Statu": "Active", "Primary_Fa": "P. H. Glatfelter I.w. Facility", "Primary__1": 256835.0, "Primary__2": "Inactive", "Sub_Facili": "P. H. Glatfelter I.w. Facility", "Sub_Faci_1": 243225.0, "Sub_Faci_2": "Inactive", "Sub_Faci_3": "Landfill", "Waste_Oper": "Residual Waste Operation", "Waste_Op_1": "Unavailable", "EPA_ID": "301092", "COMPLIANCE": "Yes" }, "geometry": { "type": "Point", "coordinates": [ -8553975.2051, 4848600.089500002563 ] } },
{ "type": "Feature", "properties": { "Organizati": "Phoenix Resources Inc", "DEP_Client": "Phoenix Resources Inc", "DEP_Clie_1": 93217.0, "DEP_Clie_2": "Owner", "SITE_NAME": "Rock Run Fly Ash Fac", "Site_ID": 3351.0, "Site_Statu": "Inactive", "Primary_Fa": "Rock Run Fly Ash Facility", "Primary__1": 4545.0, "Primary__2": "Inactive", "Sub_Facili": "Phoenix Resources/rock Run Fly Ash", "Sub_Faci_1": 13576.0, "Sub_Faci_2": "Inactive", "Sub_Faci_3": "Landfill", "Waste_Oper": "Residual Waste Operation", "Waste_Op_1": "Unavailable", "EPA_ID": "301025", "COMPLIANCE": "Yes" }, "geometry": { "type": "Point", "coordinates": [ -8599987.261199999600649, 5106666.926700003445148 ] } },
{ "type": "Feature", "properties": { "Organizati": "Pine Hill Inc", "DEP_Client": "Pine Hill Inc", "DEP_Clie_1": 88013.0, "DEP_Clie_2": "Owner", "SITE_NAME": "Pine Hill Lf & Reclamation Op 2", "Site_ID": 3430.0, "Site_Statu": "Active", "Primary_Fa": "Pine Hill Lf & Reclamation Op (#2)", "Primary__1": 4647.0, "Primary__2": "Active", "Sub_Facili": "Pine Hill Lf & Reclamation Op (#2)", "Sub_Faci_1": 13825.0, "Sub_Faci_2": "Active", "Sub_Faci_3": "Landfill", "Waste_Oper": "Residual Waste Operation", "Waste_Op_1": "Unavailable", "EPA_ID": "300717", "COMPLIANCE": "Yes" }, "geometry": { "type": "Point", "coordinates": [ -8571136.959799999371171, 5112585.258900001645088 ] } },
{ "type": "Feature", "properties": { "Organizati": "Transflo Term Svc Inc", "DEP_Client": "Transflo Term Svc Inc", "DEP_Clie_1": 86679.0, "DEP_Clie_2": "Owner", "SITE_NAME": "Vista Ldfl", "Site_ID": 249388.0, "Site_Statu": "Inactive", "Primary_Fa": "Residual Waste Operation", "Primary__1": 256488.0, "Primary__2": "Inactive", "Sub_Facili": "Csx Transportation/vista Landfill", "Sub_Faci_1": 242342.0, "Sub_Faci_2": "Inactive", "Sub_Faci_3": "Landfill", "Waste_Oper": "Residual Waste Operation", "Waste_Op_1": "Captive", "EPA_ID": "300661", "COMPLIANCE": "Yes" }, "geometry": { "type": "Point", "coordinates": [ -8882367.7029, 4904972.18469999730587 ] } },
{ "type": "Feature", "properties": { "Organizati": "Carney Flats Ldfl", "DEP_Client": "Carney Flats Ldfl", "DEP_Clie_1": 1180.0, "DEP_Clie_2": "Owner", "SITE_NAME": "Procter & Gamble Paper Prod Mehoopany Plt", "Site_ID": 237269.0, "Site_Statu": "Active", "Primary_Fa": "Carney Flats Ldfl", "Primary__1": 239570.0, "Primary__2": "Active", "Sub_Facili": "Carney Flats Ldfl", "Sub_Faci_1": 198079.0, "Sub_Faci_2": "Inactive", "Sub_Faci_3": "Landfill", "Waste_Oper": "Residual Waste Operation", "Waste_Op_1": "Captive", "EPA_ID": "300016", "COMPLIANCE": "Yes" }, "geometry": { "type": "Point", "coordinates": [ -8464115.638299999758601, 5096948.912699997425079 ] } },
{ "type": "Feature", "properties": { "Organizati": "Gen Signal Corp", "DEP_Client": "Gen Signal Corp", "DEP_Clie_1": 83205.0, "DEP_Clie_2": "Owner", "SITE_NAME": "Oz Gedney Foundry Shoemakersville", "Site_ID": 444690.0, "Site_Statu": "Inactive", "Primary_Fa": "Oz Gedney Co", "Primary__1": 469465.0, "Primary__2": "Out Of Business", "Sub_Facili": "Oz Gedney Co Ldfl", "Sub_Faci_1": 324503.0, "Sub_Faci_2": "Inactive", "Sub_Faci_3": "Landfill", "Waste_Oper": "Residual Waste Operation", "Waste_Op_1": "Unavailable", "EPA_ID": "301098", "COMPLIANCE": "Yes" }, "geometry": { "type": "Point", "coordinates": [ -8456175.466399999335408, 4935070.558200001716614 ] } },
{ "type": "Feature", "properties": { "Organizati": "Genon Ne Mgmt Co", "DEP_Client": "Genon Ne Mgmt Co", "DEP_Clie_1": 96313.0, "DEP_Clie_2": "Owner", "SITE_NAME": "Closed Bangor Ash Dspl Site", "Site_ID": 262806.0, "Site_Statu": "Active", "Primary_Fa": "Duplicate Pf/can't Merge", "Primary__1": 492403.0, "Primary__2": "Active", "Sub_Facili": "Bangor Quarry Ash Dspl Site", "Sub_Faci_1": 370447.0, "Sub_Faci_2": "Active", "Sub_Faci_3": "Landfill", "Waste_Oper": "Residual Waste Operation", "Waste_Op_1": "Captive", "EPA_ID": "300002", "COMPLIANCE": "Yes" }, "geometry": { "type": "Point", "coordinates": [ -8371102.019300000742078, 4993349.130000002682209 ] } },
{ "type": "Feature", "properties": { "Organizati": "Genon Ne Mgmt Co", "DEP_Client": "Genon Ne Mgmt Co", "DEP_Clie_1": 96313.0, "DEP_Clie_2": "Owner", "SITE_NAME": "Shawville Generating Sta", "Site_ID": 244416.0, "Site_Statu": "Active", "Primary_Fa": "Reliant Energy - Shawville Sta", "Primary__1": 249236.0, "Primary__2": "Active", "Sub_Facili": "Reliant Energy - Shawville Sta", "Sub_Faci_1": 225108.0, "Sub_Faci_2": "Active", "Sub_Faci_3": "Landfill", "Waste_Oper": "Residual Waste Operation", "Waste_Op_1": "Unavailable", "EPA_ID": "PAD000620963", "COMPLIANCE": "Yes" }, "geometry": { "type": "Point", "coordinates": [ -8723613.740199999883771, 5020867.6118 ] } },
{ "type": "Feature", "properties": { "Organizati": "Genon Power Midwest Lp", "DEP_Client": "Genon Power Midwest Lp", "DEP_Clie_1": 141195.0, "DEP_Clie_2": "Owner", "SITE_NAME": "New Castle Generating Station", "Site_ID": 2749.0, "Site_Statu": "Active", "Primary_Fa": "New Castle Ash Dspl Site", "Primary__1": 3694.0, "Primary__2": "Active", "Sub_Facili": "New Castle Ash Dspl Site", "Sub_Faci_1": 11498.0, "Sub_Faci_2": "Active", "Sub_Faci_3": "Landfill", "Waste_Oper": "Residual Waste Operation", "Waste_Op_1": "Unavailable", "EPA_ID": "300818", "COMPLIANCE": "Yes" }, "geometry": { "type": "Point", "coordinates": [ -8946840.24129999987781, 5004314.434500001370907 ] } },
{ "type": "Feature", "properties": { "Organizati": "Genon Rema Llc", "DEP_Client": "Genon Rema Llc", "DEP_Clie_1": 135779.0, "DEP_Clie_2": "Owner", "SITE_NAME": "Closed Warren Generating Sta", "Site_ID": 263250.0, "Site_Statu": "Active", "Primary_Fa": "Warren Generating Station", "Primary__1": 481977.0, "Primary__2": "Active", "Sub_Facili": "Warren Generating Station North Ash Ldfl", "Sub_Faci_1": 351975.0, "Sub_Faci_2": "Active", "Sub_Faci_3": "Landfill", "Waste_Oper": "Residual Waste Operation", "Waste_Op_1": "Unavailable", "EPA_ID": "300606", "COMPLIANCE": "Yes" }, "geometry": { "type": "Point", "coordinates": [ -8815730.618899999186397, 5136710.231499999761581 ] } },
{ "type": "Feature", "properties": { "Organizati": "Genon Rema Llc", "DEP_Client": "Genon Rema Llc", "DEP_Clie_1": 135779.0, "DEP_Clie_2": "Owner", "SITE_NAME": "Keystone Generating Sta", "Site_ID": 243270.0, "Site_Statu": "Active", "Primary_Fa": "Residual Waste Operation", "Primary__1": 247739.0, "Primary__2": "Unavailable", "Sub_Facili": "Keystone Generating Sta Flyash Disp. Site", "Sub_Faci_1": 221486.0, "Sub_Faci_2": "Unavailable", "Sub_Faci_3": "Landfill", "Waste_Oper": "Residual Waste Operation", "Waste_Op_1": "Captive", "EPA_ID": "247739", "COMPLIANCE": "Yes" }, "geometry": { "type": "Point", "coordinates": [ -8831531.80210000090301, 4964725.643200002610683 ] } },
{ "type": "Feature", "properties": { "Organizati": "Genon Rema Llc", "DEP_Client": "Genon Rema Llc", "DEP_Clie_1": 135779.0, "DEP_Clie_2": "Owner", "SITE_NAME": "Seward Generating Sta", "Site_ID": 244772.0, "Site_Statu": "Active", "Primary_Fa": "Seward Sta Residual Waste Operation", "Primary__1": 251532.0, "Primary__2": "Permitted But Ceased Operations", "Sub_Facili": "Penelec - Seward Ash Site", "Sub_Faci_1": 230868.0, "Sub_Faci_2": "Inactive", "Sub_Faci_3": "Landfill", "Waste_Oper": "Residual Waste Operation", "Waste_Op_1": "Captive", "EPA_ID": "300605", "COMPLIANCE": "Yes" }, "geometry": { "type": "Point", "coordinates": [ -8798599.786100000143051, 4923266.121100001037121 ] } },
{ "type": "Feature", "properties": { "Organizati": "Lalota Tire Pile", "DEP_Client": "Lalota Tire Pile", "DEP_Clie_1": 134940.0, "DEP_Clie_2": "Owner", "SITE_NAME": "Lalota Tire Pile", "Site_ID": 521751.0, "Site_Statu": "Inactive", "Primary_Fa": "Lalota Tire Pile/rw", "Primary__1": 544805.0, "Primary__2": "Inactive", "Sub_Facili": "Rw Landfill", "Sub_Faci_1": 438035.0, "Sub_Faci_2": "Inactive", "Sub_Faci_3": "Landfill", "Waste_Oper": "Residual Waste Operation", "Waste_Op_1": "Unavailable", "EPA_ID": "544805", "COMPLIANCE": "Yes" }, "geometry": { "type": "Point", "coordinates": [ -8520331.981100000441074, 5028416.041299998760223 ] } },
{ "type": "Feature", "properties": { "Organizati": "Lancaster Malleable Castings Co", "DEP_Client": "Lancaster Malleable Castings Co", "DEP_Clie_1": 82231.0, "DEP_Clie_2": "Owner", "SITE_NAME": "Lancaster Malleable Residual Waste Ldfl", "Site_ID": 248940.0, "Site_Statu": "Inactive", "Primary_Fa": "Lancaster Malleable", "Primary__1": 255507.0, "Primary__2": "Inactive", "Sub_Facili": "Lancaster Malleable", "Sub_Faci_1": 240676.0, "Sub_Faci_2": "Inactive", "Sub_Faci_3": "Landfill", "Waste_Oper": "Residual Waste Operation", "Waste_Op_1": "Unavailable", "EPA_ID": "300781", "COMPLIANCE": "Yes" }, "geometry": { "type": "Point", "coordinates": [ -8499121.561200000345707, 4874357.684299997985363 ] } },
{ "type": "Feature", "properties": { "Organizati": "Rausch Creek Generation Llc", "DEP_Client": "Rausch Creek Generation Llc", "DEP_Clie_1": 133855.0, "DEP_Clie_2": "Owner", "SITE_NAME": "Rausch Creek Generation Bank", "Site_ID": 488091.0, "Site_Statu": "Active", "Primary_Fa": "Westwood Ash Ldfl", "Primary__1": 552281.0, "Primary__2": "Active", "Sub_Facili": "Ash Landfill", "Sub_Faci_1": 505340.0, "Sub_Faci_2": "Active", "Sub_Faci_3": "Landfill", "Waste_Oper": "Residual Waste Operation", "Waste_Op_1": "Captive", "EPA_ID": "300913", "COMPLIANCE": "Yes" }, "geometry": { "type": "Point", "coordinates": [ -8510622.447799999266863, 4956900.427699998021126 ] } },
{ "type": "Feature", "properties": { "Organizati": "Ugi Dev Co", "DEP_Client": "Ugi Dev Co", "DEP_Clie_1": 72983.0, "DEP_Clie_2": "Owner", "SITE_NAME": "Ugi Flyash Dspl Site 1", "Site_ID": 260983.0, "Site_Statu": "Inactive", "Primary_Fa": "Ugi Corp Flyash Disposal Site #1", "Primary__1": 277373.0, "Primary__2": "Inactive", "Sub_Facili": "Ugi Corp Flyash Disposal Site #1", "Sub_Faci_1": 283069.0, "Sub_Faci_2": "Inactive", "Sub_Faci_3": "Landfill", "Waste_Oper": "Residual Waste Operation", "Waste_Op_1": "Unavailable", "EPA_ID": "300664", "COMPLIANCE": "Yes" }, "geometry": { "type": "Point", "coordinates": [ -8446366.363900000229478, 5049286.834600001573563 ] } },
{ "type": "Feature", "properties": { "Organizati": "Ugi Dev Co", "DEP_Client": "Ugi Dev Co", "DEP_Clie_1": 72983.0, "DEP_Clie_2": "Owner", "SITE_NAME": "Ugi Larksville Flyash Dspl Proj", "Site_ID": 256043.0, "Site_Statu": "Active", "Primary_Fa": "Larksville Flyash Disposal Project", "Primary__1": 268836.0, "Primary__2": "Inactive", "Sub_Facili": "Larksville Flyash Disposal Project", "Sub_Faci_1": 267042.0, "Sub_Faci_2": "Dep Abandoned List", "Sub_Faci_3": "Landfill", "Waste_Oper": "Residual Waste Operation", "Waste_Op_1": "Unavailable", "EPA_ID": "300739", "COMPLIANCE": "Yes" }, "geometry": { "type": "Point", "coordinates": [ -8453302.91950000077486, 5050340.461400002241135 ] } },
{ "type": "Feature", "properties": { "Organizati": "Us Steel Corp", "DEP_Client": "Us Steel Corp", "DEP_Clie_1": 80062.0, "DEP_Clie_2": "Owner", "SITE_NAME": "S Taylor Environmental Park", "Site_ID": 464890.0, "Site_Statu": "Active", "Primary_Fa": "Us Steel Old S Taylor Landfill #300652", "Primary__1": 516789.0, "Primary__2": "Inactive", "Sub_Facili": "S Taylor Ldfl Old", "Sub_Faci_1": 397835.0, "Sub_Faci_2": "Dep Abandoned List", "Sub_Faci_3": "Landfill", "Waste_Oper": "Residual Waste Operation", "Waste_Op_1": "Captive", "EPA_ID": "300652", "COMPLIANCE": "Yes" }, "geometry": { "type": "Point", "coordinates": [ -8899793.192099999636412, 4916534.372100003063679 ] } },
{ "type": "Feature", "properties": { "Organizati": "Us Steel Corp", "DEP_Client": "Us Steel Corp", "DEP_Clie_1": 80062.0, "DEP_Clie_2": "Owner", "SITE_NAME": "S Taylor Environmental Park", "Site_ID": 464890.0, "Site_Statu": "Active", "Primary_Fa": "Us Steel S Taylor Env Park Rwo #301075", "Primary__1": 68577.0, "Primary__2": "Unpermitted Inactive", "Sub_Facili": "Residual Waste Landfill", "Sub_Faci_1": 65152.0, "Sub_Faci_2": "Inactive", "Sub_Faci_3": "Landfill", "Waste_Oper": "Residual Waste Operation", "Waste_Op_1": "Non-captive", "EPA_ID": "301075", "COMPLIANCE": "Yes" }, "geometry": { "type": "Point", "coordinates": [ -8900055.133099999278784, 4917583.657700002193451 ] } },
{ "type": "Feature", "properties": { "Organizati": "Us Steel Corp", "DEP_Client": "Us Steel Corp", "DEP_Clie_1": 80062.0, "DEP_Clie_2": "Owner", "SITE_NAME": "S Taylor Environmental Park", "Site_ID": 464890.0, "Site_Statu": "Active", "Primary_Fa": "Us Steel S Taylor Env Park Rwo #301193", "Primary__1": 68578.0, "Primary__2": "Active", "Sub_Facili": "Usx South Taylor Landfill", "Sub_Faci_1": 65153.0, "Sub_Faci_2": "Active", "Sub_Faci_3": "Landfill", "Waste_Oper": "Residual Waste Operation", "Waste_Op_1": "Non-captive", "EPA_ID": "301193", "COMPLIANCE": "Yes" }, "geometry": { "type": "Point", "coordinates": [ -8900055.133099999278784, 4917583.657700002193451 ] } },
{ "type": "Feature", "properties": { "Organizati": "Us Steel Corp", "DEP_Client": "Us Steel Corp", "DEP_Clie_1": 80062.0, "DEP_Clie_2": "Owner", "SITE_NAME": "Us Steel Fairless Hills Fac", "Site_ID": 260845.0, "Site_Statu": "Active", "Primary_Fa": "Us Steel Corp", "Primary__1": 276925.0, "Primary__2": "Inactive", "Sub_Facili": "Us Steel Corp", "Sub_Faci_1": 282265.0, "Sub_Faci_2": "Dep Abandoned List", "Sub_Faci_3": "Landfill", "Waste_Oper": "Residual Waste Operation", "Waste_Op_1": "Unavailable", "EPA_ID": "300825", "COMPLIANCE": "Yes" }, "geometry": { "type": "Point", "coordinates": [ -8322415.456800000742078, 4889138.339199997484684 ] } },
{ "type": "Feature", "properties": { "Organizati": "Zinc Corp Amer", "DEP_Client": "Zinc Corp Amer", "DEP_Clie_1": 51420.0, "DEP_Clie_2": "Owner", "SITE_NAME": "Shell Chemical Appalachia Llc", "Site_ID": 102360.0, "Site_Statu": "Active", "Primary_Fa": "Ash Landfill Rwo #301102", "Primary__1": 104307.0, "Primary__2": "Active", "Sub_Facili": "Landfill", "Sub_Faci_1": 65346.0, "Sub_Faci_2": "Inactive", "Sub_Faci_3": "Landfill", "Waste_Oper": "Residual Waste Operation", "Waste_Op_1": "Captive", "EPA_ID": "300102", "COMPLIANCE": "Yes" }, "geometry": { "type": "Point", "coordinates": [ -8941305.188799999654293, 4965255.70160000026226 ] } },
{ "type": "Feature", "properties": { "Organizati": "Albert Seisler Mach Corp", "DEP_Client": "Albert Seisler Mach Corp", "DEP_Clie_1": 105.0, "DEP_Clie_2": "Owner", "SITE_NAME": "Albert Seisler Mach", "Site_ID": 247775.0, "Site_Statu": "Inactive", "Primary_Fa": "Albert Seisler Machine Corp", "Primary__1": 253898.0, "Primary__2": "Inactive", "Sub_Facili": "Albert Seisler Machine Corp", "Sub_Faci_1": 236912.0, "Sub_Faci_2": "Inactive", "Sub_Faci_3": "Landfill", "Waste_Oper": "Residual Waste Operation", "Waste_Op_1": "Unavailable", "EPA_ID": "300431", "COMPLIANCE": "Yes" }, "geometry": { "type": "Point", "coordinates": [ -8452612.624199999496341, 4896991.898999996483326 ] } },
{ "type": "Feature", "properties": { "Organizati": "Alex E Paris Contr Co Inc", "DEP_Client": "Alex E Paris Contr Co Inc", "DEP_Clie_1": 33092.0, "DEP_Clie_2": "Owner", "SITE_NAME": "Paris Flyash Ldfl", "Site_ID": 521850.0, "Site_Statu": "Active", "Primary_Fa": "Alex Paris Flyash Rw Ldfl", "Primary__1": 560697.0, "Primary__2": "Active", "Sub_Facili": "Alex Paris Flyash Landfill", "Sub_Faci_1": 535159.0, "Sub_Faci_2": "Active", "Sub_Faci_3": "Landfill", "Waste_Oper": "Residual Waste Operation", "Waste_Op_1": "Non-captive", "EPA_ID": "300936", "COMPLIANCE": "Yes" }, "geometry": { "type": "Point", "coordinates": [ -8953233.072300000116229, 4935736.013099998235703 ] } },
{ "type": "Feature", "properties": { "Organizati": "Clarion Altela Env Svc Llc", "DEP_Client": "Clarion Altela Env Svc Llc", "DEP_Clie_1": 294093.0, "DEP_Clie_2": "Owner", "SITE_NAME": "Caes Water Trmt & Recycling Fac", "Site_ID": 759566.0, "Site_Statu": "Active", "Primary_Fa": "Caes Water Trmt & Recycling Fac", "Primary__1": 751247.0, "Primary__2": "Active", "Sub_Facili": "Caes Water Trmt & Recycling Fac", "Sub_Faci_1": 1147673.0, "Sub_Faci_2": "Active", "Sub_Faci_3": "Landfill", "Waste_Oper": "Residual Waste Operation", "Waste_Op_1": "Unavailable", "EPA_ID": "WMGR123NW006", "COMPLIANCE": "Yes" }, "geometry": { "type": "Point", "coordinates": [ -8913338.269500000402331, 4878500.311800003051758 ] } },
{ "type": "Feature", "properties": { "Organizati": "Lehigh Specialty Melting Inc", "DEP_Client": "Lehigh Specialty Melting Inc", "DEP_Clie_1": 237792.0, "DEP_Clie_2": "Owner", "SITE_NAME": "Lehigh Specialty Melting Inc", "Site_ID": 2874.0, "Site_Statu": "Active", "Primary_Fa": "Lehigh Specialty Melting", "Primary__1": 3874.0, "Primary__2": "Active", "Sub_Facili": "Standard Steel I W Landfill", "Sub_Faci_1": 12049.0, "Sub_Faci_2": "Inactive", "Sub_Faci_3": "Landfill", "Waste_Oper": "Residual Waste Operation", "Waste_Op_1": "Captive", "EPA_ID": "PAD000433466", "COMPLIANCE": "Yes" }, "geometry": { "type": "Point", "coordinates": [ -8837376.075400000438094, 4910525.733199998736382 ] } },
{ "type": "Feature", "properties": { "Organizati": "Raymark Corp", "DEP_Client": "Raymark Corp", "DEP_Clie_1": 78530.0, "DEP_Clie_2": "Owner", "SITE_NAME": "Manheim Area Economic Dev Corp", "Site_ID": 451363.0, "Site_Statu": "Active", "Primary_Fa": "Raymark Industries Landfill", "Primary__1": 478180.0, "Primary__2": "Inactive", "Sub_Facili": "Raymark Industries Landfill", "Sub_Faci_1": 343065.0, "Sub_Faci_2": "Inactive", "Sub_Faci_3": "Landfill", "Waste_Oper": "Residual Waste Operation", "Waste_Op_1": "Unavailable", "EPA_ID": "300628", "COMPLIANCE": "Yes" }, "geometry": { "type": "Point", "coordinates": [ -8503302.57289999909699, 4889839.023199997842312 ] } },
{ "type": "Feature", "properties": { "Organizati": "Reading Area Water Auth Berks Cnty", "DEP_Client": "Reading Area Water Auth Berks Cnty", "DEP_Clie_1": 77883.0, "DEP_Clie_2": "Owner", "SITE_NAME": "Reading Area Water Auth Ldfl", "Site_ID": 451488.0, "Site_Statu": "Active", "Primary_Fa": "Reading Area Water Auth Ldfl", "Primary__1": 478352.0, "Primary__2": "Active", "Sub_Facili": "Reading Area Water Auth Ldfl", "Sub_Faci_1": 1034043.0, "Sub_Faci_2": "Active", "Sub_Faci_3": "Landfill", "Waste_Oper": "Residual Waste Operation", "Waste_Op_1": "Captive", "EPA_ID": "300877", "COMPLIANCE": "Yes" }, "geometry": { "type": "Point", "coordinates": [ -8450240.282199999317527, 4934683.176100000739098 ] } },
{ "type": "Feature", "properties": { "Organizati": "Unavailable", "DEP_Client": "Brdaric John P Jr", "DEP_Clie_1": 26287.0, "DEP_Clie_2": "Owner", "SITE_NAME": "Bunker Hill Ldfl", "Site_ID": 271377.0, "Site_Statu": "Inactive", "Primary_Fa": "Bunker Hill Ldfl", "Primary__1": 294291.0, "Primary__2": "Inactive", "Sub_Facili": "Bunker Hill Ldfl", "Sub_Faci_1": 310756.0, "Sub_Faci_2": "Inactive", "Sub_Faci_3": "Landfill", "Waste_Oper": "Residual Waste Operation", "Waste_Op_1": "Unavailable", "EPA_ID": "101299", "COMPLIANCE": "Yes" }, "geometry": { "type": "Point", "coordinates": [ -8448809.2083, 5056980.933399997651577 ] } },
{ "type": "Feature", "properties": { "Organizati": "Unavailable", "DEP_Client": "Crown Frank", "DEP_Clie_1": 68880.0, "DEP_Clie_2": "Owner", "SITE_NAME": "Crown Ldfl", "Site_ID": 241244.0, "Site_Statu": "Inactive", "Primary_Fa": "Municipal Waste Operation", "Primary__1": 244928.0, "Primary__2": "Inactive", "Sub_Facili": "Landfill", "Sub_Faci_1": 213716.0, "Sub_Faci_2": "Dep Abandoned List", "Sub_Faci_3": "Landfill", "Waste_Oper": "Residual Waste Operation", "Waste_Op_1": "Non-captive", "EPA_ID": "101015", "COMPLIANCE": "Yes" }, "geometry": { "type": "Point", "coordinates": [ -8905186.033900000154972, 4938474.731100000441074 ] } },
{ "type": "Feature", "properties": { "Organizati": "Unavailable", "DEP_Client": "Forrest Troy", "DEP_Clie_1": 15527.0, "DEP_Clie_2": "Owner", "SITE_NAME": "Bachman Waste Mgmt Site", "Site_ID": 443995.0, "Site_Statu": "Active", "Primary_Fa": "Bachman Waste Management Site", "Primary__1": 468398.0, "Primary__2": "Inactive", "Sub_Facili": "Bachman Waste Management Site", "Sub_Faci_1": 321002.0, "Sub_Faci_2": "Inactive", "Sub_Faci_3": "Landfill", "Waste_Oper": "Residual Waste Operation", "Waste_Op_1": "Unavailable", "EPA_ID": "300784", "COMPLIANCE": "Yes" }, "geometry": { "type": "Point", "coordinates": [ -8513714.655899999663234, 4922332.348399996757507 ] } },
{ "type": "Feature", "properties": { "Organizati": "Unavailable", "DEP_Client": "Gallagher Dan", "DEP_Clie_1": 135137.0, "DEP_Clie_2": "Owner", "SITE_NAME": "Dan Gallagher Auto Body", "Site_ID": 522187.0, "Site_Statu": "Active", "Primary_Fa": "Dan Gallagher Auto Body", "Primary__1": 545286.0, "Primary__2": "Active", "Sub_Facili": "Rw/landfill", "Sub_Faci_1": 438682.0, "Sub_Faci_2": "Active", "Sub_Faci_3": "Landfill", "Waste_Oper": "Residual Waste Operation", "Waste_Op_1": "Captive", "EPA_ID": "PARW00001268", "COMPLIANCE": "Yes" }, "geometry": { "type": "Point", "coordinates": [ -8516435.798900000751019, 4981579.2533999979496 ] } },
{ "type": "Feature", "properties": { "Organizati": "Allegheny Energy Supply Co Llc", "DEP_Client": "Allegheny Energy Supply Co Llc", "DEP_Clie_1": 95418.0, "DEP_Clie_2": "Owner", "SITE_NAME": "Armstrong Pwr Sta", "Site_ID": 246058.0, "Site_Statu": "Active", "Primary_Fa": "Armstrong Power Station - New Site Rwo", "Primary__1": 494378.0, "Primary__2": "Active", "Sub_Facili": "Landfill", "Sub_Faci_1": 372825.0, "Sub_Faci_2": "Active", "Sub_Faci_3": "Landfill", "Waste_Oper": "Residual Waste Operation", "Waste_Op_1": "Captive", "EPA_ID": "301267", "COMPLIANCE": "Yes" }, "geometry": { "type": "Point", "coordinates": [ -8846676.200300000607967, 5000701.47580000013113 ] } },
{ "type": "Feature", "properties": { "Organizati": "Allegheny Energy Supply Co Llc", "DEP_Client": "Allegheny Energy Supply Co Llc", "DEP_Clie_1": 95418.0, "DEP_Clie_2": "Owner", "SITE_NAME": "Armstrong Pwr Sta", "Site_ID": 246058.0, "Site_Statu": "Active", "Primary_Fa": "Armstrong Sta Active Rwo Flyash Ldfl", "Primary__1": 251518.0, "Primary__2": "Inactive", "Sub_Facili": "Armstrong Sta Active Flyash Landfill", "Sub_Faci_1": 230851.0, "Sub_Faci_2": "Active", "Sub_Faci_3": "Landfill", "Waste_Oper": "Residual Waste Operation", "Waste_Op_1": "Captive", "EPA_ID": "300369", "COMPLIANCE": "Yes" }, "geometry": { "type": "Point", "coordinates": [ -8846660.739399999380112, 4999123.196999996900558 ] } },
{ "type": "Feature", "properties": { "Organizati": "Allegheny Energy Supply Co Llc", "DEP_Client": "Allegheny Energy Supply Co Llc", "DEP_Clie_1": 95418.0, "DEP_Clie_2": "Owner", "SITE_NAME": "Mitchell Power Sta", "Site_ID": 260402.0, "Site_Statu": "Active", "Primary_Fa": "Mitchell Power Sta Rwo Active Ldfl #300809", "Primary__1": 256420.0, "Primary__2": "Active", "Sub_Facili": "Active Landfill #300809", "Sub_Faci_1": 242172.0, "Sub_Faci_2": "Inactive", "Sub_Faci_3": "Landfill", "Waste_Oper": "Residual Waste Operation", "Waste_Op_1": "Captive", "EPA_ID": "300809", "COMPLIANCE": "Yes" }, "geometry": { "type": "Point", "coordinates": [ -8903194.342800000682473, 4898923.184799998998642 ] } },
{ "type": "Feature", "properties": { "Organizati": "Allegheny Energy Supply Co Llc", "DEP_Client": "Allegheny Energy Supply Co Llc", "DEP_Clie_1": 95418.0, "DEP_Clie_2": "Owner", "SITE_NAME": "Mitchell Power Sta", "Site_ID": 260402.0, "Site_Statu": "Active", "Primary_Fa": "Mitchell Power Sta Rwo Active Ldfl #300809", "Primary__1": 256420.0, "Primary__2": "Active", "Sub_Facili": "Residual Waste Landfill", "Sub_Faci_1": 532339.0, "Sub_Faci_2": "Inactive", "Sub_Faci_3": "Landfill", "Waste_Oper": "Residual Waste Operation", "Waste_Op_1": "Captive", "EPA_ID": "300809", "COMPLIANCE": "Yes" }, "geometry": { "type": "Point", "coordinates": [ -8902065.068299999460578, 4898125.759700000286102 ] } },
{ "type": "Feature", "properties": { "Organizati": "Graymont Pa Inc", "DEP_Client": "Graymont Pa Inc", "DEP_Clie_1": 38358.0, "DEP_Clie_2": "Owner", "SITE_NAME": "Con Lime", "Site_ID": 568842.0, "Site_Statu": "Inactive", "Primary_Fa": "Con Lime Waste Pile", "Primary__1": 744018.0, "Primary__2": "Active", "Sub_Facili": "Con Lime Waste Pile", "Sub_Faci_1": 1047661.0, "Sub_Faci_2": "Active", "Sub_Faci_3": "Landfill", "Waste_Oper": "Residual Waste Operation", "Waste_Op_1": "Captive", "EPA_ID": "744018", "COMPLIANCE": "Yes" }, "geometry": { "type": "Point", "coordinates": [ -8665572.994599999859929, 4996236.553900003433228 ] } },
{ "type": "Feature", "properties": { "Organizati": "Graymont Pa Inc", "DEP_Client": "Graymont Pa Inc", "DEP_Clie_1": 38358.0, "DEP_Clie_2": "Owner", "SITE_NAME": "Graymont Pa Inc Bellefonte Plt", "Site_ID": 461582.0, "Site_Statu": "Active", "Primary_Fa": "Graymont Inc - Bellefonte Plant", "Primary__1": 493743.0, "Primary__2": "Active", "Sub_Facili": "Graymont - Shaft 2", "Sub_Faci_1": 372106.0, "Sub_Faci_2": "Inactive", "Sub_Faci_3": "Landfill", "Waste_Oper": "Residual Waste Operation", "Waste_Op_1": "Captive", "EPA_ID": "PAD150751725", "COMPLIANCE": "Yes" }, "geometry": { "type": "Point", "coordinates": [ -8662697.24100000038743, 4997889.2324 ] } },
{ "type": "Feature", "properties": { "Organizati": "Mcconway & Torley Llc", "DEP_Client": "Mcconway & Torley Llc", "DEP_Clie_1": 5826.0, "DEP_Clie_2": "Owner", "SITE_NAME": "Mcconway & Torley Llc", "Site_ID": 502696.0, "Site_Statu": "Active", "Primary_Fa": "Mcconway & Torley Corp Plant 404", "Primary__1": 633591.0, "Primary__2": "Inactive", "Sub_Facili": "Mcconway & Torley Corp Plant 404", "Sub_Faci_1": 763883.0, "Sub_Faci_2": "Inactive", "Sub_Faci_3": "Landfill", "Waste_Oper": "Residual Waste Operation", "Waste_Op_1": "Captive", "EPA_ID": "301349", "COMPLIANCE": "Yes" }, "geometry": { "type": "Point", "coordinates": [ -8435892.127499999478459, 4942437.79110000282526 ] } },
{ "type": "Feature", "properties": { "Organizati": "Mcfadden Tire Dump", "DEP_Client": "Mcfadden Tire Dump", "DEP_Clie_1": 141199.0, "DEP_Clie_2": "Owner", "SITE_NAME": "Mcfadden Tire Pile", "Site_ID": 530089.0, "Site_Statu": "Inactive", "Primary_Fa": "Mcfadden Tire Pile", "Primary__1": 556224.0, "Primary__2": "Unpermitted Inactive", "Sub_Facili": "Mcfadden Tire Pile", "Sub_Faci_1": 516840.0, "Sub_Faci_2": "Unpermitted Inactive", "Sub_Faci_3": "Landfill", "Waste_Oper": "Residual Waste Operation", "Waste_Op_1": "Non-captive", "EPA_ID": "556224", "COMPLIANCE": "Yes" }, "geometry": { "type": "Point", "coordinates": [ -8477838.857699999585748, 4826550.63910000026226 ] } },
{ "type": "Feature", "properties": { "Organizati": "Ronald H Clark Inc", "DEP_Client": "Ronald H Clark Inc", "DEP_Clie_1": 80378.0, "DEP_Clie_2": "Owner", "SITE_NAME": "N Barneys Hill Dspl Site", "Site_ID": 258122.0, "Site_Statu": "Inactive", "Primary_Fa": "N Barneys Hill Dspl Site", "Primary__1": 272557.0, "Primary__2": "Inactive", "Sub_Facili": "N Barneys Hill Dspl Site", "Sub_Faci_1": 274594.0, "Sub_Faci_2": "Inactive", "Sub_Faci_3": "Landfill", "Waste_Oper": "Residual Waste Operation", "Waste_Op_1": "Unavailable", "EPA_ID": "300993", "COMPLIANCE": "Yes" }, "geometry": { "type": "Point", "coordinates": [ -8576795.7007, 5114986.742399998009205 ] } },
{ "type": "Feature", "properties": { "Organizati": "Unavailable", "DEP_Client": "Johnson Don R", "DEP_Clie_1": 38864.0, "DEP_Clie_2": "Owner", "SITE_NAME": "Don Johnson Tire Pile", "Site_ID": 484845.0, "Site_Statu": "Active", "Primary_Fa": "Don Johnson Tire Pile", "Primary__1": 513626.0, "Primary__2": "Active", "Sub_Facili": "Don Johnson Tire Pile", "Sub_Faci_1": 393540.0, "Sub_Faci_2": "Active", "Sub_Faci_3": "Landfill", "Waste_Oper": "Residual Waste Operation", "Waste_Op_1": "Captive", "EPA_ID": "513626", "COMPLIANCE": "Yes" }, "geometry": { "type": "Point", "coordinates": [ -8678900.411399999633431, 5016849.646600000560284 ] } },
{ "type": "Feature", "properties": { "Organizati": "Unavailable", "DEP_Client": "Kramer Robert", "DEP_Clie_1": 1140.0, "DEP_Clie_2": "Owner", "SITE_NAME": "Kramer Bros Demo Site", "Site_ID": 454159.0, "Site_Statu": "Inactive", "Primary_Fa": "Kramer Brothers Site/robert & Janice", "Primary__1": 481873.0, "Primary__2": "Inactive", "Sub_Facili": "Kramer Brothers Site/robert & Janice", "Sub_Faci_1": 351724.0, "Sub_Faci_2": "Inactive", "Sub_Faci_3": "Landfill", "Waste_Oper": "Residual Waste Operation", "Waste_Op_1": "Unavailable", "EPA_ID": "101412", "COMPLIANCE": "Yes" }, "geometry": { "type": "Point", "coordinates": [ -8381708.293099999427795, 4920627.42679999768734 ] } },
{ "type": "Feature", "properties": { "Organizati": "Unavailable", "DEP_Client": "Light John", "DEP_Clie_1": 143250.0, "DEP_Clie_2": "Owner", "SITE_NAME": "John Light Farm", "Site_ID": 553300.0, "Site_Statu": "Active", "Primary_Fa": "John Light Farm", "Primary__1": 643165.0, "Primary__2": "Unpermitted Active", "Sub_Facili": "John Light Tire Pile", "Sub_Faci_1": 782861.0, "Sub_Faci_2": "Unpermitted Active", "Sub_Faci_3": "Landfill", "Waste_Oper": "Residual Waste Operation", "Waste_Op_1": "Non-captive", "EPA_ID": "643165", "COMPLIANCE": "Yes" }, "geometry": { "type": "Point", "coordinates": [ -8508148.68129999935627, 4925540.025399997830391 ] } },
{ "type": "Feature", "properties": { "Organizati": "Unavailable", "DEP_Client": "Litman Eugene", "DEP_Clie_1": 16875.0, "DEP_Clie_2": "Owner", "SITE_NAME": "Boulevard Assoc Ldfl", "Site_ID": 237615.0, "Site_Statu": "Inactive", "Primary_Fa": "Residual Waste Operation", "Primary__1": 240066.0, "Primary__2": "Inactive", "Sub_Facili": "Boulevard Associates Landfill", "Sub_Faci_1": 199792.0, "Sub_Faci_2": "Dep Abandoned List", "Sub_Faci_3": "Landfill", "Waste_Oper": "Residual Waste Operation", "Waste_Op_1": "Non-captive", "EPA_ID": "101333", "COMPLIANCE": "Yes" }, "geometry": { "type": "Point", "coordinates": [ -8886418.612999999895692, 4920339.255199998617172 ] } },
{ "type": "Feature", "properties": { "Organizati": "Unavailable", "DEP_Client": "Neal Chris Allen", "DEP_Clie_1": 308097.0, "DEP_Clie_2": "Owner", "SITE_NAME": "422 Auto Sales Inc", "Site_ID": 791094.0, "Site_Statu": "Active", "Primary_Fa": "422 Auto Sales Inc", "Primary__1": 784553.0, "Primary__2": "Unpermitted Inactive", "Sub_Facili": "422 Auto Sales Inc", "Sub_Faci_1": 1157801.0, "Sub_Faci_2": "Unpermitted Inactive", "Sub_Faci_3": "Landfill", "Waste_Oper": "Residual Waste Operation", "Waste_Op_1": "Captive", "EPA_ID": "784553", "COMPLIANCE": "Yes" }, "geometry": { "type": "Point", "coordinates": [ -8524870.093399999663234, 4911785.843000002205372 ] } },
{ "type": "Feature", "properties": { "Organizati": "Unavailable", "DEP_Client": "Nelson Kim", "DEP_Clie_1": 18345.0, "DEP_Clie_2": "Owner", "SITE_NAME": "Nar Ind Waste Ldfl", "Site_ID": 3017.0, "Site_Statu": "Active", "Primary_Fa": "Narco", "Primary__1": 4066.0, "Primary__2": "Active", "Sub_Facili": "N.a.r Co Industrial Waste Landfill", "Sub_Faci_1": 12507.0, "Sub_Faci_2": "Inactive", "Sub_Faci_3": "Landfill", "Waste_Oper": "Residual Waste Operation", "Waste_Op_1": "Captive", "EPA_ID": "PAD981112576", "COMPLIANCE": "Yes" }, "geometry": { "type": "Point", "coordinates": [ -8743372.949799999594688, 5008245.310900002717972 ] } },
{ "type": "Feature", "properties": { "Organizati": "Ambridge Ldfl", "DEP_Client": "Ambridge Ldfl", "DEP_Clie_1": 929.0, "DEP_Clie_2": "Owner", "SITE_NAME": "Ambridge Ldfl", "Site_ID": 243163.0, "Site_Statu": "Active", "Primary_Fa": "Ambridge Ldfl Residual Waste Operation", "Primary__1": 245135.0, "Primary__2": "Inactive", "Sub_Facili": "Ambridge Landfill", "Sub_Faci_1": 214200.0, "Sub_Faci_2": "Inactive", "Sub_Faci_3": "Landfill", "Waste_Oper": "Residual Waste Operation", "Waste_Op_1": "Non-captive", "EPA_ID": "300683", "COMPLIANCE": "No" }, "geometry": { "type": "Point", "coordinates": [ -8929740.330600000917912, 4954415.5996999964118 ] } },
{ "type": "Feature", "properties": { "Organizati": "Aqua Pa Inc", "DEP_Client": "Aqua Pa Inc", "DEP_Clie_1": 309251.0, "DEP_Clie_2": "Owner", "SITE_NAME": "Aqua Pa Foxcroft Quarry", "Site_ID": 489355.0, "Site_Statu": "Active", "Primary_Fa": "Aqua Pa Foxcroft Quarry Rw Operation", "Primary__1": 517838.0, "Primary__2": "Active", "Sub_Facili": "Foxcroft Quarry Rw Landfill", "Sub_Faci_1": 399100.0, "Sub_Faci_2": "Active", "Sub_Faci_3": "Landfill", "Waste_Oper": "Residual Waste Operation", "Waste_Op_1": "Captive", "EPA_ID": "300997", "COMPLIANCE": "Yes" }, "geometry": { "type": "Point", "coordinates": [ -8388555.904400000348687, 4865307.194700002670288 ] } },
{ "type": "Feature", "properties": { "Organizati": "Aqua Pa Inc", "DEP_Client": "Aqua Pa Inc", "DEP_Clie_1": 309251.0, "DEP_Clie_2": "Owner", "SITE_NAME": "Aqua Pa Inc Neshaminy Falls", "Site_ID": 566407.0, "Site_Statu": "Active", "Primary_Fa": "Aqua Pa Neshaminy Falls Residual Waste Ldfl", "Primary__1": 483460.0, "Primary__2": "Active", "Sub_Facili": "Aqua Pa Neshaminy Falls Residual Waste Ldfl", "Sub_Faci_1": 355817.0, "Sub_Faci_2": "Active", "Sub_Faci_3": "Landfill", "Waste_Oper": "Residual Waste Operation", "Waste_Op_1": "Unavailable", "EPA_ID": "300725", "COMPLIANCE": "Yes" }, "geometry": { "type": "Point", "coordinates": [ -8343563.615000000223517, 4885647.145999997854233 ] } },
{ "type": "Feature", "properties": { "Organizati": "Craftmaster Mfg Inc", "DEP_Client": "Craftmaster Mfg Inc", "DEP_Clie_1": 159854.0, "DEP_Clie_2": "Owner", "SITE_NAME": "Jeld Wen Inc Fiber Div Pa", "Site_ID": 259347.0, "Site_Statu": "Active", "Primary_Fa": "Craftmaster Mfg", "Primary__1": 274620.0, "Primary__2": "Active", "Sub_Facili": "Craftmaster", "Sub_Faci_1": 278147.0, "Sub_Faci_2": "Active", "Sub_Faci_3": "Landfill", "Waste_Oper": "Residual Waste Operation", "Waste_Op_1": "Unavailable", "EPA_ID": "301248", "COMPLIANCE": "Yes" }, "geometry": { "type": "Point", "coordinates": [ -8506788.1097999997437, 5125096.12950000166893 ] } },
{ "type": "Feature", "properties": { "Organizati": "Creekside Mushrooms Ltd", "DEP_Client": "Creekside Mushrooms Ltd", "DEP_Clie_1": 65058.0, "DEP_Clie_2": "Owner", "SITE_NAME": "Creekside Mushrooms", "Site_ID": 237466.0, "Site_Statu": "Active", "Primary_Fa": "Creekside Mushrooms Ltd", "Primary__1": 239841.0, "Primary__2": "Active", "Sub_Facili": "Landfill", "Sub_Faci_1": 199053.0, "Sub_Faci_2": "Inactive", "Sub_Faci_3": "Landfill", "Waste_Oper": "Residual Waste Operation", "Waste_Op_1": "Captive", "EPA_ID": "301251", "COMPLIANCE": "Yes" }, "geometry": { "type": "Point", "coordinates": [ -8867988.9353, 4985746.127499997615814 ] } },
{ "type": "Feature", "properties": { "Organizati": "Harmony Landfill Lp", "DEP_Client": "Harmony Landfill Lp", "DEP_Clie_1": 94140.0, "DEP_Clie_2": "Owner", "SITE_NAME": "Harmony Landfill Lp", "Site_ID": 705448.0, "Site_Statu": "Active", "Primary_Fa": "Harmony Residual Waste Ldfl", "Primary__1": 706142.0, "Primary__2": "Active", "Sub_Facili": "Harmony Residual Waste Ldfl", "Sub_Faci_1": 968388.0, "Sub_Faci_2": "Active", "Sub_Faci_3": "Landfill", "Waste_Oper": "Residual Waste Operation", "Waste_Op_1": "Non-captive", "EPA_ID": "706142", "COMPLIANCE": "Yes" }, "geometry": { "type": "Point", "coordinates": [ -8753422.626000000163913, 4977414.156999997794628 ] } },
{ "type": "Feature", "properties": { "Organizati": "Herbert R Imbt Inc", "DEP_Client": "Herbert R Imbt Inc", "DEP_Clie_1": 37130.0, "DEP_Clie_2": "Owner", "SITE_NAME": "W Schmitt Prop Herbert R Imbt", "Site_ID": 264168.0, "Site_Statu": "Inactive", "Primary_Fa": "Prop Of W Schmitt/herbert R Imbt Inc", "Primary__1": 283819.0, "Primary__2": "Unpermitted Inactive", "Sub_Facili": "Prop Of W Schmitt/herbert R Imbt Inc", "Sub_Faci_1": 295981.0, "Sub_Faci_2": "Inactive", "Sub_Faci_3": "Landfill", "Waste_Oper": "Residual Waste Operation", "Waste_Op_1": "Unavailable", "EPA_ID": "101507", "COMPLIANCE": "Yes" }, "geometry": { "type": "Point", "coordinates": [ -8363340.577099999412894, 5012751.394100002944469 ] } },
{ "type": "Feature", "properties": { "Organizati": "Herceg Ldfl", "DEP_Client": "Herceg Ldfl", "DEP_Clie_1": 390.0, "DEP_Clie_2": "Owner", "SITE_NAME": "Herceg Landfill Hsca Site", "Site_ID": 256039.0, "Site_Statu": "Active", "Primary_Fa": "Herceg Ldfl", "Primary__1": 268826.0, "Primary__2": "Inactive", "Sub_Facili": "Herceg Ldfl", "Sub_Faci_1": 266944.0, "Sub_Faci_2": "Inactive", "Sub_Faci_3": "Landfill", "Waste_Oper": "Residual Waste Operation", "Waste_Op_1": "Unavailable", "EPA_ID": "100021", "COMPLIANCE": "Yes" }, "geometry": { "type": "Point", "coordinates": [ -8386655.825899999588728, 4975862.908299997448921 ] } },
{ "type": "Feature", "properties": { "Organizati": "Montour Llc", "DEP_Client": "Montour Llc", "DEP_Clie_1": 144457.0, "DEP_Clie_2": "Owner", "SITE_NAME": "Montour Llc", "Site_ID": 247875.0, "Site_Statu": "Active", "Primary_Fa": "Montour Steam Elec Sta Ses Storage Area #2", "Primary__1": 254019.0, "Primary__2": "Active", "Sub_Facili": "Montour Steam Elec Sta Ses Storage Area #2", "Sub_Faci_1": 237214.0, "Sub_Faci_2": "Active", "Sub_Faci_3": "Landfill", "Waste_Oper": "Residual Waste Operation", "Waste_Op_1": "Unavailable", "EPA_ID": "300713", "COMPLIANCE": "Yes" }, "geometry": { "type": "Point", "coordinates": [ -8532206.060200000181794, 5021564.774999998509884 ] } },
{ "type": "Feature", "properties": { "Organizati": "Unavailable", "DEP_Client": "Radomski Anthony P", "DEP_Clie_1": 23120.0, "DEP_Clie_2": "Owner", "SITE_NAME": "Forbes Rd Demo Ldfl", "Site_ID": 237592.0, "Site_Statu": "Inactive", "Primary_Fa": "Rwo", "Primary__1": 240026.0, "Primary__2": "Inactive", "Sub_Facili": "Forbes Road Demolition-radomski", "Sub_Faci_1": 199563.0, "Sub_Faci_2": "Inactive", "Sub_Faci_3": "Landfill", "Waste_Oper": "Residual Waste Operation", "Waste_Op_1": "Non-captive", "EPA_ID": "101374", "COMPLIANCE": "Yes" }, "geometry": { "type": "Point", "coordinates": [ -8851398.6206, 4916963.655900001525879 ] } },
{ "type": "Feature", "properties": { "Organizati": "Arco Chem Co", "DEP_Client": "Arco Chem Co", "DEP_Clie_1": 62177.0, "DEP_Clie_2": "Owner", "SITE_NAME": "Beaver Valley Site", "Site_ID": 241397.0, "Site_Statu": "Active", "Primary_Fa": "Arco Chem Rwo", "Primary__1": 245151.0, "Primary__2": "Unpermitted Inactive", "Sub_Facili": "Arco Chemical Company Landfill", "Sub_Faci_1": 214227.0, "Sub_Faci_2": "Inactive", "Sub_Faci_3": "Landfill", "Waste_Oper": "Residual Waste Operation", "Waste_Op_1": "Captive", "EPA_ID": "300095", "COMPLIANCE": "Yes" }, "geometry": { "type": "Point", "coordinates": [ -8943995.409900000318885, 4962687.224200002849102 ] } },
{ "type": "Feature", "properties": { "Organizati": "Donsco Inc", "DEP_Client": "Donsco Inc", "DEP_Clie_1": 83225.0, "DEP_Clie_2": "Owner", "SITE_NAME": "Donsco Mt Joy Iron Foundry", "Site_ID": 463372.0, "Site_Statu": "Active", "Primary_Fa": "Donsco Inc Mt Joy", "Primary__1": 477647.0, "Primary__2": "Active", "Sub_Facili": "Donsco Foundry Waste Ldfl", "Sub_Faci_1": 341667.0, "Sub_Faci_2": "Inactive", "Sub_Faci_3": "Landfill", "Waste_Oper": "Residual Waste Operation", "Waste_Op_1": "Captive", "EPA_ID": "300789", "COMPLIANCE": "Yes" }, "geometry": { "type": "Point", "coordinates": [ -8515214.376800000667572, 4881535.77589999884367 ] } },
{ "type": "Feature", "properties": { "Organizati": "Dunkard Dspl Corp", "DEP_Client": "Dunkard Dspl Corp", "DEP_Clie_1": 233027.0, "DEP_Clie_2": "Owner", "SITE_NAME": "Dunkard Dspl Site", "Site_ID": 257913.0, "Site_Statu": "Inactive", "Primary_Fa": "Residual Waste Operation", "Primary__1": 272220.0, "Primary__2": "Unpermitted Inactive", "Sub_Facili": "Landfill", "Sub_Faci_1": 273897.0, "Sub_Faci_2": "Inactive", "Sub_Faci_3": "Landfill", "Waste_Oper": "Residual Waste Operation", "Waste_Op_1": "Captive", "EPA_ID": "300608", "COMPLIANCE": "Yes" }, "geometry": { "type": "Point", "coordinates": [ -8897550.444599999114871, 4827226.130000002682209 ] } },
{ "type": "Feature", "properties": { "Organizati": "Duquesne Light Co", "DEP_Client": "Duquesne Light Co", "DEP_Clie_1": 33626.0, "DEP_Clie_2": "Owner", "SITE_NAME": "Elrama Gen Sta Retired", "Site_ID": 237511.0, "Site_Statu": "Active", "Primary_Fa": "Elrama Station Rwo", "Primary__1": 239910.0, "Primary__2": "Active", "Sub_Facili": "Fly Ash Disposal Area", "Sub_Faci_1": 199208.0, "Sub_Faci_2": "Inactive", "Sub_Faci_3": "Landfill", "Waste_Oper": "Residual Waste Operation", "Waste_Op_1": "Captive", "EPA_ID": "300578", "COMPLIANCE": "Yes" }, "geometry": { "type": "Point", "coordinates": [ -8899251.158900000154972, 4901406.589800000190735 ] } },
{ "type": "Feature", "properties": { "Organizati": "Horsehead Dev Co Inc", "DEP_Client": "Horsehead Dev Co Inc", "DEP_Clie_1": 26760.0, "DEP_Clie_2": "Owner", "SITE_NAME": "Shell Chemical Appalachia Llc", "Site_ID": 102360.0, "Site_Statu": "Active", "Primary_Fa": "Fgc Landfill Rwo # 301097", "Primary__1": 104321.0, "Primary__2": "Active", "Sub_Facili": "Zca Flyash Lf Raccoon Creek Site", "Sub_Faci_1": 65348.0, "Sub_Faci_2": "Active", "Sub_Faci_3": "Landfill", "Waste_Oper": "Residual Waste Operation", "Waste_Op_1": "Captive", "EPA_ID": "301097", "COMPLIANCE": "Yes" }, "geometry": { "type": "Point", "coordinates": [ -8943671.0373, 4961029.487300001084805 ] } },
{ "type": "Feature", "properties": { "Organizati": "Natl Forge Co", "DEP_Client": "Natl Forge Co", "DEP_Clie_1": 86028.0, "DEP_Clie_2": "Owner", "SITE_NAME": "Ellwood Natl Forge", "Site_ID": 1706.0, "Site_Statu": "Active", "Primary_Fa": "National Forge Slag Site", "Primary__1": 2219.0, "Primary__2": "Inactive", "Sub_Facili": "National Forge Slag Site", "Sub_Faci_1": 7622.0, "Sub_Faci_2": "Inactive", "Sub_Faci_3": "Landfill", "Waste_Oper": "Residual Waste Operation", "Waste_Op_1": "Unavailable", "EPA_ID": "300624", "COMPLIANCE": "Yes" }, "geometry": { "type": "Point", "coordinates": [ -8826646.113299999386072, 5137913.926700003445148 ] } },
{ "type": "Feature", "properties": { "Organizati": "Ne Waste Svc Inc", "DEP_Client": "Ne Waste Svc Inc", "DEP_Clie_1": 252310.0, "DEP_Clie_2": "Owner", "SITE_NAME": "Royal Oak Ldfl", "Site_ID": 463154.0, "Site_Statu": "Active", "Primary_Fa": "Royal Oak Ldfl", "Primary__1": 492683.0, "Primary__2": "Proposed But Never Materialized", "Sub_Facili": "Royal Oak Ldfl", "Sub_Faci_1": 370838.0, "Sub_Faci_2": "Inactive", "Sub_Faci_3": "Landfill", "Waste_Oper": "Residual Waste Operation", "Waste_Op_1": "Non-captive", "EPA_ID": "301311", "COMPLIANCE": "Yes" }, "geometry": { "type": "Point", "coordinates": [ -8715713.148499999195337, 5010965.096799999475479 ] } },
{ "type": "Feature", "properties": { "Organizati": "Sechan Limestone Ind Inc", "DEP_Client": "Sechan Limestone Ind Inc", "DEP_Clie_1": 66639.0, "DEP_Clie_2": "Owner", "SITE_NAME": "Sechan Limestone Ind", "Site_ID": 454245.0, "Site_Statu": "Active", "Primary_Fa": "Sechan Limestone Ind Ldfl", "Primary__1": 481980.0, "Primary__2": "Inactive", "Sub_Facili": "Sechan Limestone Ind Ldfl", "Sub_Faci_1": 351982.0, "Sub_Faci_2": "Dep Abandoned List", "Sub_Faci_3": "Landfill", "Waste_Oper": "Residual Waste Operation", "Waste_Op_1": "Unavailable", "EPA_ID": "300705", "COMPLIANCE": "Yes" }, "geometry": { "type": "Point", "coordinates": [ -8924171.650399999693036, 5006280.427599996328354 ] } },
{ "type": "Feature", "properties": { "Organizati": "Seven D Wholesale Of Newmanstown", "DEP_Client": "Seven D Wholesale Of Newmanstown", "DEP_Clie_1": 291001.0, "DEP_Clie_2": "Owner", "SITE_NAME": "North Amer Refractories Brick Mfg", "Site_ID": 249186.0, "Site_Statu": "Active", "Primary_Fa": "North Amer Refractories Co", "Primary__1": 467919.0, "Primary__2": "Inactive", "Sub_Facili": "North Amer Refractories Co", "Sub_Faci_1": 319531.0, "Sub_Faci_2": "Inactive", "Sub_Faci_3": "Landfill", "Waste_Oper": "Residual Waste Operation", "Waste_Op_1": "Unavailable", "EPA_ID": "300973", "COMPLIANCE": "Yes" }, "geometry": { "type": "Point", "coordinates": [ -8482044.260700000450015, 4917352.369800001382828 ] } },
{ "type": "Feature", "properties": { "Organizati": "Unavailable", "DEP_Client": "Smith Victor P Sr", "DEP_Clie_1": 32705.0, "DEP_Clie_2": "Owner", "SITE_NAME": "Smith Demo Ldfl", "Site_ID": 239968.0, "Site_Statu": "Active", "Primary_Fa": "Residual Waste Operation", "Primary__1": 243252.0, "Primary__2": "Under Reclamation", "Sub_Facili": "Smith Demo Landfill", "Sub_Faci_1": 209251.0, "Sub_Faci_2": "Inactive", "Sub_Faci_3": "Landfill", "Waste_Oper": "Residual Waste Operation", "Waste_Op_1": "Non-captive", "EPA_ID": "101175", "COMPLIANCE": "Yes" }, "geometry": { "type": "Point", "coordinates": [ -8826800.7237, 4919166.300300002098083 ] } },
{ "type": "Feature", "properties": { "Organizati": "Unavailable", "DEP_Client": "Starr Max L", "DEP_Clie_1": 41914.0, "DEP_Clie_2": "Owner", "SITE_NAME": "Max & Martha Starr Tire Pile", "Site_ID": 465424.0, "Site_Statu": "Active", "Primary_Fa": "Max Starr Tire Pile", "Primary__1": 494667.0, "Primary__2": "Inactive", "Sub_Facili": "Max Starr Tire Pile", "Sub_Faci_1": 373156.0, "Sub_Faci_2": "Inactive", "Sub_Faci_3": "Landfill", "Waste_Oper": "Residual Waste Operation", "Waste_Op_1": "Captive", "EPA_ID": "494667", "COMPLIANCE": "Yes" }, "geometry": { "type": "Point", "coordinates": [ -8511859.331000000238419, 5039667.536300003528595 ] } },
{ "type": "Feature", "properties": { "Organizati": "Autoneum North Amer, Inc.", "DEP_Client": "Autoneum North Amer, Inc.", "DEP_Clie_1": 285193.0, "DEP_Clie_2": "Owner", "SITE_NAME": "Autoneum North Amer Inc Bloomsburg", "Site_ID": 3191.0, "Site_Statu": "Active", "Primary_Fa": "Rieter Auto N Amer Carpet", "Primary__1": 495108.0, "Primary__2": "Active", "Sub_Facili": "Rieter Auto N Amer Carpet", "Sub_Faci_1": 373624.0, "Sub_Faci_2": "Inactive", "Sub_Faci_3": "Landfill", "Waste_Oper": "Residual Waste Operation", "Waste_Op_1": "Captive", "EPA_ID": "PAD086723137", "COMPLIANCE": "Yes" }, "geometry": { "type": "Point", "coordinates": [ -8512539.616800000891089, 5010702.915600001811981 ] } },
{ "type": "Feature", "properties": { "Organizati": "Edgewater Steel Co", "DEP_Client": "Edgewater Steel Co", "DEP_Clie_1": 190544.0, "DEP_Clie_2": "Owner", "SITE_NAME": "Edgewater Steel Rivers Edge At Oakmont Res Sub", "Site_ID": 237472.0, "Site_Statu": "Active", "Primary_Fa": "Edgewater Steel Oakmont Rwo", "Primary__1": 541644.0, "Primary__2": "Inactive", "Sub_Facili": "Residual Waste Ldfl", "Sub_Faci_1": 497399.0, "Sub_Faci_2": "Dep Abandoned List", "Sub_Faci_3": "Landfill", "Waste_Oper": "Residual Waste Operation", "Waste_Op_1": "Captive", "EPA_ID": "300935", "COMPLIANCE": "Yes" }, "geometry": { "type": "Point", "coordinates": [ -8888244.453600000590086, 4940903.62389999628067 ] } },
{ "type": "Feature", "properties": { "Organizati": "Intl Paper Co", "DEP_Client": "Intl Paper Co", "DEP_Clie_1": 81651.0, "DEP_Clie_2": "Owner", "SITE_NAME": "Lowville Ii Ldfl", "Site_ID": 251780.0, "Site_Statu": "Active", "Primary_Fa": "Lowville Ii Site", "Primary__1": 260308.0, "Primary__2": "Inactive", "Sub_Facili": "Lowville Ii Site", "Sub_Faci_1": 251813.0, "Sub_Faci_2": "Dep Abandoned List", "Sub_Faci_3": "Landfill", "Waste_Oper": "Residual Waste Operation", "Waste_Op_1": "Unavailable", "EPA_ID": "300667", "COMPLIANCE": "Yes" }, "geometry": { "type": "Point", "coordinates": [ -8887354.967599999159575, 5166258.896600000560284 ] } },
{ "type": "Feature", "properties": { "Organizati": "New Holland Agric", "DEP_Client": "New Holland Agric", "DEP_Clie_1": 95318.0, "DEP_Clie_2": "Owner", "SITE_NAME": "Cnh America Llc", "Site_ID": 445917.0, "Site_Statu": "Active", "Primary_Fa": "Ford New Holland, Inc.", "Primary__1": 471105.0, "Primary__2": "Inactive", "Sub_Facili": "Ford New Holland, Inc.", "Sub_Faci_1": 327905.0, "Sub_Faci_2": "Dep Abandoned List", "Sub_Faci_3": "Landfill", "Waste_Oper": "Residual Waste Operation", "Waste_Op_1": "Unavailable", "EPA_ID": "301166", "COMPLIANCE": "Yes" }, "geometry": { "type": "Point", "coordinates": [ -8651635.7325, 4953140.435099996626377 ] } },
{ "type": "Feature", "properties": { "Organizati": "Sonneborn Llc", "DEP_Client": "Sonneborn Llc", "DEP_Clie_1": 240973.0, "DEP_Clie_2": "Owner", "SITE_NAME": "Sonneborn", "Site_ID": 2755.0, "Site_Statu": "Active", "Primary_Fa": "Sonneborn", "Primary__1": 3712.0, "Primary__2": "Active", "Sub_Facili": "Sonneborn", "Sub_Faci_1": 11539.0, "Sub_Faci_2": "Active", "Sub_Faci_3": "Landfill", "Waste_Oper": "Residual Waste Operation", "Waste_Op_1": "Captive", "EPA_ID": "300995", "COMPLIANCE": "Yes" }, "geometry": { "type": "Point", "coordinates": [ -8875101.013900000602007, 5013939.709299996495247 ] } },
{ "type": "Feature", "properties": { "Organizati": "Southampton Contr Inc", "DEP_Client": "Southampton Contr Inc", "DEP_Clie_1": 1651.0, "DEP_Clie_2": "Owner", "SITE_NAME": "Const Demolition Recycling", "Site_ID": 454074.0, "Site_Statu": "Active", "Primary_Fa": "Southampton Contractors,inc.", "Primary__1": 481748.0, "Primary__2": "Inactive", "Sub_Facili": "Southampton Contractors,inc.", "Sub_Faci_1": 351396.0, "Sub_Faci_2": "Dep Abandoned List", "Sub_Faci_3": "Landfill", "Waste_Oper": "Residual Waste Operation", "Waste_Op_1": "Unavailable", "EPA_ID": "101386", "COMPLIANCE": "Yes" }, "geometry": { "type": "Point", "coordinates": [ -8348106.535599999129772, 4886227.8783999979496 ] } },
{ "type": "Feature", "properties": { "Organizati": "Ss Fisher Steel Corp", "DEP_Client": "Ss Fisher Steel Corp", "DEP_Clie_1": 82245.0, "DEP_Clie_2": "Owner", "SITE_NAME": "Steel Fab Enterprises Steel Mfg Lancaster", "Site_ID": 513760.0, "Site_Statu": "Active", "Primary_Fa": "S S Fisher Residual Waste Landfill", "Primary__1": 262550.0, "Primary__2": "Inactive", "Sub_Facili": "S S Fisher Residual Waste Landfill", "Sub_Faci_1": 255928.0, "Sub_Faci_2": "Inactive", "Sub_Faci_3": "Landfill", "Waste_Oper": "Residual Waste Operation", "Waste_Op_1": "Unavailable", "EPA_ID": "300971", "COMPLIANCE": "Yes" }, "geometry": { "type": "Point", "coordinates": [ -8492749.48509999923408, 4860413.689900003373623 ] } },
{ "type": "Feature", "properties": { "Organizati": "Unavailable", "DEP_Client": "Unavailable", "DEP_Clie_1": 0.0, "DEP_Clie_2": "Owner", "SITE_NAME": "Sauder Mahlon Demolition Waste & Tire Dump", "Site_ID": 637478.0, "Site_Statu": "Abandoned", "Primary_Fa": "Sauder Mahlon Dump", "Primary__1": 653172.0, "Primary__2": "Abandoned", "Sub_Facili": "Sauder Mahlon Dump", "Sub_Faci_1": 803115.0, "Sub_Faci_2": "Abandoned", "Sub_Faci_3": "Landfill", "Waste_Oper": "Residual Waste Operation", "Waste_Op_1": "Unavailable", "EPA_ID": "653172", "COMPLIANCE": "Yes" }, "geometry": { "type": "Point", "coordinates": [ -8435319.4506, 4938690.250500001013279 ] } },
{ "type": "Feature", "properties": { "Organizati": "Bethlehem Steel Corp", "DEP_Client": "Bethlehem Steel Corp", "DEP_Clie_1": 80984.0, "DEP_Clie_2": "Owner", "SITE_NAME": "Bethlehem Steel Bethlehem Plt", "Site_ID": 247068.0, "Site_Statu": "Active", "Primary_Fa": "Bethlehem Steel Corp", "Primary__1": 253014.0, "Primary__2": "Inactive", "Sub_Facili": "Bethlehem Steel Corp", "Sub_Faci_1": 234907.0, "Sub_Faci_2": "Inactive", "Sub_Faci_3": "Landfill", "Waste_Oper": "Residual Waste Operation", "Waste_Op_1": "Captive", "EPA_ID": "300822", "COMPLIANCE": "Yes" }, "geometry": { "type": "Point", "coordinates": [ -8382419.500900000333786, 4956370.821199998259544 ] } },
{ "type": "Feature", "properties": { "Organizati": "Bethlehem Steel Corp", "DEP_Client": "Bethlehem Steel Corp", "DEP_Clie_1": 80984.0, "DEP_Clie_2": "Owner", "SITE_NAME": "Tecumseh Redev Johnstown Plt", "Site_ID": 239065.0, "Site_Statu": "Active", "Primary_Fa": "Bethlehem Steel Riders Rwo", "Primary__1": 242042.0, "Primary__2": "Active", "Sub_Facili": "Riders Class Iii Residual Waste Site", "Sub_Faci_1": 206246.0, "Sub_Faci_2": "Active", "Sub_Faci_3": "Landfill", "Waste_Oper": "Residual Waste Operation", "Waste_Op_1": "Captive", "EPA_ID": "300836", "COMPLIANCE": "Yes" }, "geometry": { "type": "Point", "coordinates": [ -8782149.239099999889731, 4918638.724600002169609 ] } },
{ "type": "Feature", "properties": { "Organizati": "Eqt Chap Llc", "DEP_Client": "Eqt Chap Llc", "DEP_Clie_1": 279986.0, "DEP_Clie_2": "Owner", "SITE_NAME": "Dogbone Centralized Water Facility", "Site_ID": 822433.0, "Site_Statu": "Active", "Primary_Fa": "Dogbone Centralized Water Facility", "Primary__1": 817977.0, "Primary__2": "Active", "Sub_Facili": "Dogbone Centralized Water Facility Storage Tanks", "Sub_Faci_1": 1232764.0, "Sub_Faci_2": "Active", "Sub_Faci_3": "Landfill", "Waste_Oper": "Residual Waste Operation", "Waste_Op_1": "Non-captive", "EPA_ID": "WMGR123W025", "COMPLIANCE": "Yes" }, "geometry": { "type": "Point", "coordinates": [ -8899653.145999999716878, 4861946.858800001442432 ] } },
{ "type": "Feature", "properties": { "Organizati": "Jeld Wen Inc", "DEP_Client": "Jeld Wen Inc", "DEP_Clie_1": 129046.0, "DEP_Clie_2": "Owner", "SITE_NAME": "Jeld Wen Inc Fiber Div Pa", "Site_ID": 259347.0, "Site_Statu": "Active", "Primary_Fa": "Jeld-wen Inc", "Primary__1": 274622.0, "Primary__2": "Active", "Sub_Facili": "Fiber Pile/rw", "Sub_Faci_1": 371162.0, "Sub_Faci_2": "Active", "Sub_Faci_3": "Landfill", "Waste_Oper": "Residual Waste Operation", "Waste_Op_1": "Captive", "EPA_ID": "PAD015036965", "COMPLIANCE": "Yes" }, "geometry": { "type": "Point", "coordinates": [ -8506788.1097999997437, 5125096.12950000166893 ] } },
{ "type": "Feature", "properties": { "Organizati": "Jeld Wen Inc", "DEP_Client": "Jeld Wen Inc", "DEP_Clie_1": 129046.0, "DEP_Clie_2": "Owner", "SITE_NAME": "Jeld Wen Inc Fiber Div Pa", "Site_ID": 259347.0, "Site_Statu": "Active", "Primary_Fa": "Jeld-wen Inc", "Primary__1": 274622.0, "Primary__2": "Active", "Sub_Facili": "Jeld-wen Inc", "Sub_Faci_1": 278151.0, "Sub_Faci_2": "Active", "Sub_Faci_3": "Landfill", "Waste_Oper": "Residual Waste Operation", "Waste_Op_1": "Captive", "EPA_ID": "PAD015036965", "COMPLIANCE": "Yes" }, "geometry": { "type": "Point", "coordinates": [ -8506788.1097999997437, 5125096.12950000166893 ] } },
{ "type": "Feature", "properties": { "Organizati": "Northeastern Power Co", "DEP_Client": "Northeastern Power Co", "DEP_Clie_1": 41940.0, "DEP_Clie_2": "Owner", "SITE_NAME": "Northeastern Power", "Site_ID": 461219.0, "Site_Statu": "Active", "Primary_Fa": "Northeastern Power Co", "Primary__1": 490774.0, "Primary__2": "Active", "Sub_Facili": "Big Gorilla Pit", "Sub_Faci_1": 367965.0, "Sub_Faci_2": "Active", "Sub_Faci_3": "Landfill", "Waste_Oper": "Residual Waste Operation", "Waste_Op_1": "Unavailable", "EPA_ID": "301304", "COMPLIANCE": "Yes" }, "geometry": { "type": "Point", "coordinates": [ -8459631.936599999666214, 4994739.567299999296665 ] } },
{ "type": "Feature", "properties": { "Organizati": "Occidental Chem Corp", "DEP_Client": "Occidental Chem Corp", "DEP_Clie_1": 7764.0, "DEP_Clie_2": "Owner", "SITE_NAME": "Occidental Chem Gw Remediation Site", "Site_ID": 253230.0, "Site_Statu": "Active", "Primary_Fa": "Occidental Chemical Corp", "Primary__1": 263225.0, "Primary__2": "Inactive", "Sub_Facili": "Occidental Chemical P", "Sub_Faci_1": 257126.0, "Sub_Faci_2": "Inactive", "Sub_Faci_3": "Landfill", "Waste_Oper": "Residual Waste Operation", "Waste_Op_1": "Unavailable", "EPA_ID": "300001", "COMPLIANCE": "Yes" }, "geometry": { "type": "Point", "coordinates": [ -8417114.075500000268221, 4898854.738899998366833 ] } },
{ "type": "Feature", "properties": { "Organizati": "Pa Amer Water Co", "DEP_Client": "Pa Amer Water Co", "DEP_Clie_1": 87712.0, "DEP_Clie_2": "Owner", "SITE_NAME": "Pa Amer Water New Castle", "Site_ID": 249854.0, "Site_Statu": "Active", "Primary_Fa": "Pa Amer Water", "Primary__1": 257191.0, "Primary__2": "Active", "Sub_Facili": "Pa Amer Water", "Sub_Faci_1": 244013.0, "Sub_Faci_2": "Active", "Sub_Faci_3": "Landfill", "Waste_Oper": "Residual Waste Operation", "Waste_Op_1": "Unavailable", "EPA_ID": "101508", "COMPLIANCE": "Yes" }, "geometry": { "type": "Point", "coordinates": [ -8947118.53999999910593, 5015824.921400003135204 ] } },
{ "type": "Feature", "properties": { "Organizati": "Stackpole Corp", "DEP_Client": "Stackpole Corp", "DEP_Clie_1": 77983.0, "DEP_Clie_2": "Owner", "SITE_NAME": "Emsource St Marys Benzinger", "Site_ID": 627080.0, "Site_Statu": "Active", "Primary_Fa": "Clay Pits Ldfl", "Primary__1": 2784.0, "Primary__2": "Inactive", "Sub_Facili": "Clay Pits Ldfl Rw", "Sub_Faci_1": 389010.0, "Sub_Faci_2": "Dep Abandoned List", "Sub_Faci_3": "Landfill", "Waste_Oper": "Residual Waste Operation", "Waste_Op_1": "Captive", "EPA_ID": "300493", "COMPLIANCE": "Yes" }, "geometry": { "type": "Point", "coordinates": [ -8742233.777200000360608, 5075360.859700001776218 ] } },
{ "type": "Feature", "properties": { "Organizati": "Stackpole Corp", "DEP_Client": "Stackpole Corp", "DEP_Clie_1": 77983.0, "DEP_Clie_2": "Owner", "SITE_NAME": "Emsource St Marys Benzinger", "Site_ID": 627080.0, "Site_Statu": "Active", "Primary_Fa": "Clay Pits Ldfl", "Primary__1": 2784.0, "Primary__2": "Inactive", "Sub_Facili": "Stackpole Clay Pits Landfill", "Sub_Faci_1": 8950.0, "Sub_Faci_2": "Inactive", "Sub_Faci_3": "Landfill", "Waste_Oper": "Residual Waste Operation", "Waste_Op_1": "Captive", "EPA_ID": "300493", "COMPLIANCE": "Yes" }, "geometry": { "type": "Point", "coordinates": [ -8742352.521099999547005, 5075026.431699998676777 ] } },
{ "type": "Feature", "properties": { "Organizati": "Stackpole Corp", "DEP_Client": "Stackpole Corp", "DEP_Clie_1": 77983.0, "DEP_Clie_2": "Owner", "SITE_NAME": "Mersen Usa St Marys", "Site_ID": 264115.0, "Site_Statu": "Active", "Primary_Fa": "Stackpole Cycle Mix Landfill", "Primary__1": 2782.0, "Primary__2": "Inactive", "Sub_Facili": "Stackpole Cycle Mix Landfill", "Sub_Faci_1": 8948.0, "Sub_Faci_2": "Dep Abandoned List", "Sub_Faci_3": "Landfill", "Waste_Oper": "Residual Waste Operation", "Waste_Op_1": "Unavailable", "EPA_ID": "300494", "COMPLIANCE": "Yes" }, "geometry": { "type": "Point", "coordinates": [ -8741775.966499999165535, 5075213.606100000441074 ] } },
{ "type": "Feature", "properties": { "Organizati": "Stewart Excav Co", "DEP_Client": "Stewart Excav Co", "DEP_Clie_1": 62464.0, "DEP_Clie_2": "Owner", "SITE_NAME": "Stewart Excav", "Site_ID": 239563.0, "Site_Statu": "Inactive", "Primary_Fa": "Stewart Excavating Co", "Primary__1": 242692.0, "Primary__2": "Inactive", "Sub_Facili": "Stewart Excavating Co", "Sub_Faci_1": 207980.0, "Sub_Faci_2": "Inactive", "Sub_Faci_3": "Landfill", "Waste_Oper": "Residual Waste Operation", "Waste_Op_1": "Unavailable", "EPA_ID": "101199", "COMPLIANCE": "Yes" }, "geometry": { "type": "Point", "coordinates": [ -8928039.616100000217557, 5110846.628700003027916 ] } },
{ "type": "Feature", "properties": { "Organizati": "Sugarloaf Sani Ldfl Inc", "DEP_Client": "Sugarloaf Sani Ldfl Inc", "DEP_Clie_1": 955.0, "DEP_Clie_2": "Owner", "SITE_NAME": "Sugarloaf Sani Ldfl", "Site_ID": 2277.0, "Site_Statu": "Inactive", "Primary_Fa": "Sugarloaf Sanitary Landfill Inc", "Primary__1": 3007.0, "Primary__2": "Inactive", "Sub_Facili": "Sugarloaf Sanitary Landfill Inc", "Sub_Faci_1": 9562.0, "Sub_Faci_2": "Dep Abandoned List", "Sub_Faci_3": "Landfill", "Waste_Oper": "Residual Waste Operation", "Waste_Op_1": "Unavailable", "EPA_ID": "100228", "COMPLIANCE": "Yes" }, "geometry": { "type": "Point", "coordinates": [ -8466829.084899999201298, 5008517.017800003290176 ] } },
{ "type": "Feature", "properties": { "Organizati": "Valley Coal & Supply Inc", "DEP_Client": "Valley Coal & Supply Inc", "DEP_Clie_1": 73069.0, "DEP_Clie_2": "Owner", "SITE_NAME": "Valley Coal & Supply", "Site_ID": 446981.0, "Site_Statu": "Active", "Primary_Fa": "Valley Coal & Supply Co", "Primary__1": 245584.0, "Primary__2": "Inactive", "Sub_Facili": "Valley Coal & Supply Co", "Sub_Faci_1": 215231.0, "Sub_Faci_2": "Dep Abandoned List", "Sub_Faci_3": "Landfill", "Waste_Oper": "Residual Waste Operation", "Waste_Op_1": "Unavailable", "EPA_ID": "300645", "COMPLIANCE": "Yes" }, "geometry": { "type": "Point", "coordinates": [ -8761575.49239999987185, 5060801.987999998033047 ] } },
{ "type": "Feature", "properties": { "Organizati": "First Quality Tissue Llc", "DEP_Client": "First Quality Tissue Llc", "DEP_Clie_1": 209667.0, "DEP_Clie_2": "Owner", "SITE_NAME": "First Quality Tissue Llc", "Site_ID": 269267.0, "Site_Statu": "Active", "Primary_Fa": "First Quality Tissue Lock Haven Plt", "Primary__1": 274163.0, "Primary__2": "Active", "Sub_Facili": "First Quality Tissue Lock Haven Plt", "Sub_Faci_1": 277490.0, "Sub_Faci_2": "Active", "Sub_Faci_3": "Landfill", "Waste_Oper": "Residual Waste Operation", "Waste_Op_1": "Captive", "EPA_ID": "PAD041529744", "COMPLIANCE": "Yes" }, "geometry": { "type": "Point", "coordinates": [ -8623178.82179999910295, 5030139.875900000333786 ] } },
{ "type": "Feature", "properties": { "Organizati": "Frank Rausch Demolition Waste Site", "DEP_Client": "Frank Rausch Demolition Waste Site", "DEP_Clie_1": 7133.0, "DEP_Clie_2": "Owner", "SITE_NAME": "Frank Rausch Demolition Waste Site", "Site_ID": 250485.0, "Site_Statu": "Inactive", "Primary_Fa": "Frank Rausch Demolition Waste Site", "Primary__1": 258100.0, "Primary__2": "Not Started", "Sub_Facili": "Frank Rausch Demolition Waste Site", "Sub_Faci_1": 247280.0, "Sub_Faci_2": "Inactive", "Sub_Faci_3": "Landfill", "Waste_Oper": "Residual Waste Operation", "Waste_Op_1": "Unavailable", "EPA_ID": "101283", "COMPLIANCE": "Yes" }, "geometry": { "type": "Point", "coordinates": [ -8374627.136600000783801, 4958204.196000002324581 ] } },
{ "type": "Feature", "properties": { "Organizati": "Joyce & Nicholas Farr", "DEP_Client": "Joyce & Nicholas Farr", "DEP_Clie_1": 187352.0, "DEP_Clie_2": "Owner", "SITE_NAME": "Nicholas Farr Prop", "Site_ID": 775543.0, "Site_Statu": "Active", "Primary_Fa": "Nicholas Farr Prop", "Primary__1": 767726.0, "Primary__2": "Unpermitted Inactive", "Sub_Facili": "Nicholas Farr Prop", "Sub_Faci_1": 1112992.0, "Sub_Faci_2": "Unpermitted Inactive", "Sub_Faci_3": "Landfill", "Waste_Oper": "Residual Waste Operation", "Waste_Op_1": "Captive", "EPA_ID": "767726", "COMPLIANCE": "Yes" }, "geometry": { "type": "Point", "coordinates": [ -8524887.4221, 4911756.44990000128746 ] } },
{ "type": "Feature", "properties": { "Organizati": "Penn Twp Chester Cnty", "DEP_Client": "Penn Twp Chester Cnty", "DEP_Clie_1": 34896.0, "DEP_Clie_2": "Owner", "SITE_NAME": "Conard Pyle", "Site_ID": 452546.0, "Site_Statu": "Active", "Primary_Fa": "Conard Pyle Rw Operation", "Primary__1": 547064.0, "Primary__2": "Inactive", "Sub_Facili": "Conard Pyle Rw Landfill", "Sub_Faci_1": 441434.0, "Sub_Faci_2": "Dep Abandoned List", "Sub_Faci_3": "Landfill", "Waste_Oper": "Residual Waste Operation", "Waste_Op_1": "Captive", "EPA_ID": "101240", "COMPLIANCE": "Yes" }, "geometry": { "type": "Point", "coordinates": [ -8447131.298900000751019, 4841309.736900001764297 ] } },
{ "type": "Feature", "properties": { "Organizati": "Penreco", "DEP_Client": "Penreco", "DEP_Clie_1": 51293.0, "DEP_Clie_2": "Owner", "SITE_NAME": "Calumet Karns City Ref", "Site_ID": 249888.0, "Site_Statu": "Active", "Primary_Fa": "Calumet Penreco", "Primary__1": 257242.0, "Primary__2": "Active", "Sub_Facili": "Penreco Residual Disposal Site", "Sub_Faci_1": 244122.0, "Sub_Faci_2": "Inactive", "Sub_Faci_3": "Landfill", "Waste_Oper": "Residual Waste Operation", "Waste_Op_1": "Unavailable", "EPA_ID": "PAD065626822", "COMPLIANCE": "Yes" }, "geometry": { "type": "Point", "coordinates": [ -8874760.870999999344349, 5012300.691699996590614 ] } },
{ "type": "Feature", "properties": { "Organizati": "Pfaltzgraff Co", "DEP_Client": "Pfaltzgraff Co", "DEP_Clie_1": 125148.0, "DEP_Clie_2": "Owner", "SITE_NAME": "Pfaltzgraff Thomasville Pottery", "Site_ID": 451689.0, "Site_Statu": "Active", "Primary_Fa": "Pfaltzgraff Co", "Primary__1": 478690.0, "Primary__2": "Inactive", "Sub_Facili": "Pfaltzgraff Co", "Sub_Faci_1": 344875.0, "Sub_Faci_2": "Dep Abandoned List", "Sub_Faci_3": "Landfill", "Waste_Oper": "Residual Waste Operation", "Waste_Op_1": "Unavailable", "EPA_ID": "301113", "COMPLIANCE": "Yes" }, "geometry": { "type": "Point", "coordinates": [ -8553582.803899999707937, 4855658.337499998509884 ] } },
{ "type": "Feature", "properties": { "Organizati": "Sure Fit Inc", "DEP_Client": "Sure Fit Inc", "DEP_Clie_1": 53053.0, "DEP_Clie_2": "Owner", "SITE_NAME": "Gaf Prem Prods Mfg", "Site_ID": 508378.0, "Site_Statu": "Active", "Primary_Fa": "Gaf Premium Prod Inc", "Primary__1": 4711.0, "Primary__2": "Inactive", "Sub_Facili": "Gaf Premium Prod Inc Ldfl", "Sub_Faci_1": 13963.0, "Sub_Faci_2": "Inactive", "Sub_Faci_3": "Landfill", "Waste_Oper": "Residual Waste Operation", "Waste_Op_1": "Captive", "EPA_ID": "300887", "COMPLIANCE": "Yes" }, "geometry": { "type": "Point", "coordinates": [ -8380904.318900000303984, 4991100.313000001013279 ] } },
{ "type": "Feature", "properties": { "Organizati": "Westinghouse Demolation Ldfl", "DEP_Client": "Westinghouse Demolation Ldfl", "DEP_Clie_1": 76825.0, "DEP_Clie_2": "Owner", "SITE_NAME": "Tinicum Ind Partners Lp", "Site_ID": 246862.0, "Site_Statu": "Active", "Primary_Fa": "Westinghouse Pond/class 1 Demo Lf", "Primary__1": 483870.0, "Primary__2": "Inactive", "Sub_Facili": "Westinghouse Pond/class 1 Demo Lf", "Sub_Faci_1": 356916.0, "Sub_Faci_2": "Dep Abandoned List", "Sub_Faci_3": "Landfill", "Waste_Oper": "Residual Waste Operation", "Waste_Op_1": "Unavailable", "EPA_ID": "300509", "COMPLIANCE": "Yes" }, "geometry": { "type": "Point", "coordinates": [ -8825653.298100000247359, 4846267.655900001525879 ] } },
{ "type": "Feature", "properties": { "Organizati": "Wheeling Pgh Steel Corp", "DEP_Client": "Wheeling Pgh Steel Corp", "DEP_Clie_1": 34746.0, "DEP_Clie_2": "Owner", "SITE_NAME": "Wheeling Pgh Steel Monesson Plt", "Site_ID": 240006.0, "Site_Statu": "Abandoned", "Primary_Fa": "Residual Waste Operation", "Primary__1": 243294.0, "Primary__2": "Abandoned", "Sub_Facili": "Landfill", "Sub_Faci_1": 209336.0, "Sub_Faci_2": "Inactive", "Sub_Faci_3": "Landfill", "Waste_Oper": "Residual Waste Operation", "Waste_Op_1": "Captive", "EPA_ID": "300571", "COMPLIANCE": "Yes" }, "geometry": { "type": "Point", "coordinates": [ -8887160.625399999320507, 4888734.838500000536442 ] } },
{ "type": "Feature", "properties": { "Organizati": "Clearview Ldfl", "DEP_Client": "Clearview Ldfl", "DEP_Clie_1": 91424.0, "DEP_Clie_2": "Owner", "SITE_NAME": "Clearview Ldfl", "Site_ID": 455471.0, "Site_Statu": "Inactive", "Primary_Fa": "Clearview Landfill", "Primary__1": 483484.0, "Primary__2": "Inactive", "Sub_Facili": "Clearview Landfill", "Sub_Faci_1": 355842.0, "Sub_Faci_2": "Dep Abandoned List", "Sub_Faci_3": "Landfill", "Waste_Oper": "Municipal Waste Operation", "Waste_Op_1": "Unavailable", "EPA_ID": "100537", "COMPLIANCE": "Yes" }, "geometry": { "type": "Point", "coordinates": [ -8377342.126199999824166, 4851518.476800002157688 ] } },
{ "type": "Feature", "properties": { "Organizati": "Greater Lebanon Refuse Auth", "DEP_Client": "Greater Lebanon Refuse Auth", "DEP_Clie_1": 78270.0, "DEP_Clie_2": "Owner", "SITE_NAME": "Greater Lebanon Refuse Ldfl", "Site_ID": 248521.0, "Site_Statu": "Active", "Primary_Fa": "Greater Lebanon Refuse Auth Ldfl", "Primary__1": 254890.0, "Primary__2": "Active", "Sub_Facili": "Ali Greater Lebanon Refuse Authority", "Sub_Faci_1": 239428.0, "Sub_Faci_2": "Active", "Sub_Faci_3": "Landfill", "Waste_Oper": "Municipal Waste Operation", "Waste_Op_1": "Unavailable", "EPA_ID": "101544", "COMPLIANCE": "Yes" }, "geometry": { "type": "Point", "coordinates": [ -8514861.246600000187755, 4919868.425800003111362 ] } },
{ "type": "Feature", "properties": { "Organizati": "Meadville Redi Mix Concrete Inc", "DEP_Client": "Meadville Redi Mix Concrete Inc", "DEP_Clie_1": 62519.0, "DEP_Clie_2": "Owner", "SITE_NAME": "Meadville Redimix Mine", "Site_ID": 242573.0, "Site_Statu": "Active", "Primary_Fa": "W.l.dunn Construction", "Primary__1": 258637.0, "Primary__2": "Inactive", "Sub_Facili": "W.l.dunn Construction", "Sub_Faci_1": 248528.0, "Sub_Faci_2": "Dep Abandoned List", "Sub_Faci_3": "Landfill", "Waste_Oper": "Municipal Waste Operation", "Waste_Op_1": "Unavailable", "EPA_ID": "100989", "COMPLIANCE": "Yes" }, "geometry": { "type": "Point", "coordinates": [ -8916262.533600000664592, 5092663.99719999730587 ] } },
{ "type": "Feature", "properties": { "Organizati": "Waste Mgmt Dspl Svc Of Pa Inc", "DEP_Client": "Waste Mgmt Dspl Svc Of Pa Inc", "DEP_Clie_1": 62425.0, "DEP_Clie_2": "Owner", "SITE_NAME": "Northwest Sani Ldfl", "Site_ID": 243068.0, "Site_Statu": "Active", "Primary_Fa": "Northwest Sanitary Lf", "Primary__1": 247495.0, "Primary__2": "Active", "Sub_Facili": "Northwest Sanitary Lf", "Sub_Faci_1": 220820.0, "Sub_Faci_2": "Active", "Sub_Faci_3": "Landfill", "Waste_Oper": "Municipal Waste Operation", "Waste_Op_1": "Unavailable", "EPA_ID": "100585", "COMPLIANCE": "Yes" }, "geometry": { "type": "Point", "coordinates": [ -8894272.704, 5014882.26969999819994 ] } },
{ "type": "Feature", "properties": { "Organizati": "Kephart Trucking Co", "DEP_Client": "Kephart Trucking Co", "DEP_Clie_1": 160184.0, "DEP_Clie_2": "Owner", "SITE_NAME": "Kepharts Ldfl", "Site_ID": 241953.0, "Site_Statu": "Inactive", "Primary_Fa": "Kepharts Landfill", "Primary__1": 245932.0, "Primary__2": "Inactive", "Sub_Facili": "Kepharts Landfill", "Sub_Faci_1": 216182.0, "Sub_Faci_2": "Dep Abandoned List", "Sub_Faci_3": "Landfill", "Waste_Oper": "Municipal Waste Operation", "Waste_Op_1": "Unavailable", "EPA_ID": "100514", "COMPLIANCE": "Yes" }, "geometry": { "type": "Point", "coordinates": [ -8715567.814799999818206, 4989342.508400000631809 ] } },
{ "type": "Feature", "properties": { "Organizati": "Limestone Twp Lycoming Cnty", "DEP_Client": "Limestone Twp Lycoming Cnty", "DEP_Clie_1": 66250.0, "DEP_Clie_2": "Owner", "SITE_NAME": "Limestone Twp Demolition Debris Site", "Site_ID": 242941.0, "Site_Statu": "Inactive", "Primary_Fa": "Limestone Twp Demolition Debris Site", "Primary__1": 247324.0, "Primary__2": "Inactive", "Sub_Facili": "Limestone Twp Demolition Debris Site", "Sub_Faci_1": 220348.0, "Sub_Faci_2": "Dep Abandoned List", "Sub_Faci_3": "Landfill", "Waste_Oper": "Municipal Waste Operation", "Waste_Op_1": "Unavailable", "EPA_ID": "100790", "COMPLIANCE": "Yes" }, "geometry": { "type": "Point", "coordinates": [ -8591026.042199999094009, 5034942.781700000166893 ] } },
{ "type": "Feature", "properties": { "Organizati": "Vp Ldfl", "DEP_Client": "Vp Ldfl", "DEP_Clie_1": 70144.0, "DEP_Clie_2": "Owner", "SITE_NAME": "Vp Ldfl", "Site_ID": 261567.0, "Site_Statu": "Inactive", "Primary_Fa": "Vp Ldfl", "Primary__1": 278957.0, "Primary__2": "Reclamation Complete", "Sub_Facili": "Vp Ldfl", "Sub_Faci_1": 285648.0, "Sub_Faci_2": "Inactive", "Sub_Faci_3": "Landfill", "Waste_Oper": "Municipal Waste Operation", "Waste_Op_1": "Unavailable", "EPA_ID": "101316", "COMPLIANCE": "Yes" }, "geometry": { "type": "Point", "coordinates": [ -8441728.051799999549985, 5056692.808799996972084 ] } },
{ "type": "Feature", "properties": { "Organizati": "Kile Dspl Svc Site", "DEP_Client": "Kile Dspl Svc Site", "DEP_Clie_1": 69921.0, "DEP_Clie_2": "Owner", "SITE_NAME": "Kile Dspl Svc Site", "Site_ID": 1576.0, "Site_Statu": "Inactive", "Primary_Fa": "Kile Disp Svc Site", "Primary__1": 2022.0, "Primary__2": "Inactive", "Sub_Facili": "Kile Disp Svc Site", "Sub_Faci_1": 6918.0, "Sub_Faci_2": "Dep Abandoned List", "Sub_Faci_3": "Landfill", "Waste_Oper": "Municipal Waste Operation", "Waste_Op_1": "Unavailable", "EPA_ID": "101071", "COMPLIANCE": "Yes" }, "geometry": { "type": "Point", "coordinates": [ -8506254.3947, 5009184.04280000180006 ] } },
{ "type": "Feature", "properties": { "Organizati": "Wazelle Bros Ldfl", "DEP_Client": "Wazelle Bros Ldfl", "DEP_Clie_1": 69838.0, "DEP_Clie_2": "Owner", "SITE_NAME": "Wazelle Bros Ldfl", "Site_ID": 4862.0, "Site_Statu": "Inactive", "Primary_Fa": "Wazelle Bros Landfill", "Primary__1": 6581.0, "Primary__2": "Inactive", "Sub_Facili": "Wazelle Bros Landfill", "Sub_Faci_1": 19798.0, "Sub_Faci_2": "Dep Abandoned List", "Sub_Faci_3": "Landfill", "Waste_Oper": "Municipal Waste Operation", "Waste_Op_1": "Unavailable", "EPA_ID": "100412", "COMPLIANCE": "Yes" }, "geometry": { "type": "Point", "coordinates": [ -8792288.462600000202656, 5010921.451399996876717 ] } },
{ "type": "Feature", "properties": { "Organizati": "Waynesburg Boro Greene Cnty Ldfl", "DEP_Client": "Waynesburg Boro Greene Cnty Ldfl", "DEP_Clie_1": 159155.0, "DEP_Clie_2": "Owner", "SITE_NAME": "Waynesburg Ldfl", "Site_ID": 549515.0, "Site_Statu": "Inactive", "Primary_Fa": "Munic Waste Operation", "Primary__1": 567069.0, "Primary__2": "Inactive", "Sub_Facili": "Munic Waste Landfill", "Sub_Faci_1": 559585.0, "Sub_Faci_2": "Dep Abandoned List", "Sub_Faci_3": "Landfill", "Waste_Oper": "Municipal Waste Operation", "Waste_Op_1": "Unavailable", "EPA_ID": "567069", "COMPLIANCE": "Yes" }, "geometry": { "type": "Point", "coordinates": [ -8925201.816400000825524, 4853232.165899999439716 ] } },
{ "type": "Feature", "properties": { "Organizati": "Abner Zook Prop", "DEP_Client": "Abner Zook Prop", "DEP_Clie_1": 39923.0, "DEP_Clie_2": "Owner", "SITE_NAME": "Abner Zook Prop", "Site_ID": 768252.0, "Site_Statu": "Active", "Primary_Fa": "Abner Zook Prop", "Primary__1": 759603.0, "Primary__2": "Unpermitted Active", "Sub_Facili": "Abner Zook Prop", "Sub_Faci_1": 1094659.0, "Sub_Faci_2": "Unpermitted Active", "Sub_Faci_3": "Landfill", "Waste_Oper": "Municipal Waste Operation", "Waste_Op_1": "Captive", "EPA_ID": "759603", "COMPLIANCE": "Yes" }, "geometry": { "type": "Point", "coordinates": [ -8485266.341600000858307, 4882182.668700002133846 ] } },
{ "type": "Feature", "properties": { "Organizati": "Milton Hershey Sch", "DEP_Client": "Milton Hershey Sch", "DEP_Clie_1": 44915.0, "DEP_Clie_2": "Owner", "SITE_NAME": "Hershey Trust Farm 15 Ldf", "Site_ID": 749112.0, "Site_Statu": "Active", "Primary_Fa": "Farm 15 Demolition Landfill", "Primary__1": 477325.0, "Primary__2": "Inactive", "Sub_Facili": "Farm 15 Demolition Landfill", "Sub_Faci_1": 340708.0, "Sub_Faci_2": "Dep Abandoned List", "Sub_Faci_3": "Landfill", "Waste_Oper": "Municipal Waste Operation", "Waste_Op_1": "Unavailable", "EPA_ID": "101180", "COMPLIANCE": "Yes" }, "geometry": { "type": "Point", "coordinates": [ -8536793.6601, 4909129.755400002002716 ] } },
{ "type": "Feature", "properties": { "Organizati": "Lehighton Boro Ldfl", "DEP_Client": "Lehighton Boro Ldfl", "DEP_Clie_1": 70054.0, "DEP_Clie_2": "Owner", "SITE_NAME": "Lehighton Boro Ldfl", "Site_ID": 252241.0, "Site_Statu": "Inactive", "Primary_Fa": "Lehighton Boro Landfill", "Primary__1": 261182.0, "Primary__2": "Inactive", "Sub_Facili": "Lehighton Boro Landfill", "Sub_Faci_1": 253461.0, "Sub_Faci_2": "Dep Abandoned List", "Sub_Faci_3": "Landfill", "Waste_Oper": "Municipal Waste Operation", "Waste_Op_1": "Unavailable", "EPA_ID": "100732", "COMPLIANCE": "Yes" }, "geometry": { "type": "Point", "coordinates": [ -8427349.284299999475479, 4989383.3838 ] } },
{ "type": "Feature", "properties": { "Organizati": "Blue Ridge Ldfl Co", "DEP_Client": "Blue Ridge Ldfl Co", "DEP_Clie_1": 139892.0, "DEP_Clie_2": "Owner", "SITE_NAME": "Blue Ridge Ldfl Co", "Site_ID": 527291.0, "Site_Statu": "Active", "Primary_Fa": "R And A Bender Landfill", "Primary__1": 258541.0, "Primary__2": "Active", "Sub_Facili": "R And A Bender Landfill", "Sub_Faci_1": 248293.0, "Sub_Faci_2": "Active", "Sub_Faci_3": "Landfill", "Waste_Oper": "Municipal Waste Operation", "Waste_Op_1": "Unavailable", "EPA_ID": "100934", "COMPLIANCE": "No" }, "geometry": { "type": "Point", "coordinates": [ -8633506.796800000593066, 4861462.674599997699261 ] } },
{ "type": "Feature", "properties": { "Organizati": "Clinton Cnty Swa", "DEP_Client": "Clinton Cnty Swa", "DEP_Clie_1": 62655.0, "DEP_Clie_2": "Owner", "SITE_NAME": "Wayne Twp Ldfl", "Site_ID": 237861.0, "Site_Statu": "Active", "Primary_Fa": "Wayne Twp Ldfl", "Primary__1": 240412.0, "Primary__2": "Active", "Sub_Facili": "Wayne Twp Ldfl", "Sub_Faci_1": 200986.0, "Sub_Faci_2": "Active", "Sub_Faci_3": "Landfill", "Waste_Oper": "Municipal Waste Operation", "Waste_Op_1": "Non-captive", "EPA_ID": "100955", "COMPLIANCE": "Yes" }, "geometry": { "type": "Point", "coordinates": [ -8609480.339999999850988, 5035723.920100003480911 ] } },
{ "type": "Feature", "properties": { "Organizati": "Galeton Boro Auth Potter Cnty", "DEP_Client": "Galeton Boro Auth Potter Cnty", "DEP_Clie_1": 1669.0, "DEP_Clie_2": "Owner", "SITE_NAME": "Galeton Boro Ldfl", "Site_ID": 489844.0, "Site_Statu": "Inactive", "Primary_Fa": "Galeton Boro Landfill", "Primary__1": 518223.0, "Primary__2": "Inactive", "Sub_Facili": "Mw/lf", "Sub_Faci_1": 399574.0, "Sub_Faci_2": "Dep Abandoned List", "Sub_Faci_3": "Landfill", "Waste_Oper": "Municipal Waste Operation", "Waste_Op_1": "Unavailable", "EPA_ID": "100387", "COMPLIANCE": "Yes" }, "geometry": { "type": "Point", "coordinates": [ -8645779.770700000226498, 5122571.927100002765656 ] } },
{ "type": "Feature", "properties": { "Organizati": "Vinland Enterprises Inc", "DEP_Client": "Vinland Enterprises Inc", "DEP_Clie_1": 77349.0, "DEP_Clie_2": "Owner", "SITE_NAME": "Vinland Ldfl", "Site_ID": 241002.0, "Site_Statu": "Proposed But Never Materialized", "Primary_Fa": "Vinland Landfill Mwo", "Primary__1": 244649.0, "Primary__2": "Proposed But Never Materialized", "Sub_Facili": "Demo Landfill", "Sub_Faci_1": 213149.0, "Sub_Faci_2": "Dep Abandoned List", "Sub_Faci_3": "Landfill", "Waste_Oper": "Municipal Waste Operation", "Waste_Op_1": "Unavailable", "EPA_ID": "101556", "COMPLIANCE": "Yes" }, "geometry": { "type": "Point", "coordinates": [ -8880675.9868, 4919469.993900001049042 ] } },
{ "type": "Feature", "properties": { "Organizati": "Davidson Twp Sullivan Cnty", "DEP_Client": "Davidson Twp Sullivan Cnty", "DEP_Clie_1": 67104.0, "DEP_Clie_2": "Owner", "SITE_NAME": "Davidson Twp Dspl Site", "Site_ID": 545157.0, "Site_Statu": "Inactive", "Primary_Fa": "Davidson Twp Dspl Site/mw", "Primary__1": 563689.0, "Primary__2": "Inactive", "Sub_Facili": "Mw/lf", "Sub_Faci_1": 544887.0, "Sub_Faci_2": "Inactive", "Sub_Faci_3": "Landfill", "Waste_Oper": "Municipal Waste Operation", "Waste_Op_1": "Unavailable", "EPA_ID": "100472", "COMPLIANCE": "Yes" }, "geometry": { "type": "Point", "coordinates": [ -8514509.35329999960959, 5065039.558899998664856 ] } },
{ "type": "Feature", "properties": { "Organizati": "Unavailable", "DEP_Client": "Witmer Dick", "DEP_Clie_1": 9039.0, "DEP_Clie_2": "Owner", "SITE_NAME": "S & W Ldfl", "Site_ID": 1168.0, "Site_Statu": "Inactive", "Primary_Fa": "S&w Ldfl Inc", "Primary__1": 1541.0, "Primary__2": "Inactive", "Sub_Facili": "S&w Ldfl Inc", "Sub_Faci_1": 5223.0, "Sub_Faci_2": "Active", "Sub_Faci_3": "Landfill", "Waste_Oper": "Municipal Waste Operation", "Waste_Op_1": "Unavailable", "EPA_ID": "100902", "COMPLIANCE": "Yes" }, "geometry": { "type": "Point", "coordinates": [ -8559038.387000000104308, 5036519.909100003540516 ] } },
{ "type": "Feature", "properties": { "Organizati": "Lancaster Cnty Swma", "DEP_Client": "Lancaster Cnty Swma", "DEP_Clie_1": 4660.0, "DEP_Clie_2": "Owner", "SITE_NAME": "Frey Farm-creswell Ldfl", "Site_ID": 450744.0, "Site_Statu": "Active", "Primary_Fa": "Frey Farm Ldfl", "Primary__1": 477357.0, "Primary__2": "Active", "Sub_Facili": "Frey Farm Ldfl", "Sub_Faci_1": 340767.0, "Sub_Faci_2": "Active", "Sub_Faci_3": "Landfill", "Waste_Oper": "Municipal Waste Operation", "Waste_Op_1": "Unavailable", "EPA_ID": "101389", "COMPLIANCE": "Yes" }, "geometry": { "type": "Point", "coordinates": [ -8510869.824400000274181, 4859445.4949000030756 ] } },
{ "type": "Feature", "properties": { "Organizati": "Multilee Inc Sani Ldfl", "DEP_Client": "Multilee Inc Sani Ldfl", "DEP_Clie_1": 70170.0, "DEP_Clie_2": "Owner", "SITE_NAME": "Multilee Ldfl", "Site_ID": 445309.0, "Site_Statu": "Inactive", "Primary_Fa": "Multilee Inc Sanitary Landfill", "Primary__1": 470306.0, "Primary__2": "Inactive", "Sub_Facili": "Multilee Inc Sanitary Landfill", "Sub_Faci_1": 326432.0, "Sub_Faci_2": "Inactive", "Sub_Faci_3": "Landfill", "Waste_Oper": "Municipal Waste Operation", "Waste_Op_1": "Unavailable", "EPA_ID": "101451", "COMPLIANCE": "Yes" }, "geometry": { "type": "Point", "coordinates": [ -8657193.1107, 4848358.319300003349781 ] } },
{ "type": "Feature", "properties": { "Organizati": "Chester Valley Dspl Co Inc", "DEP_Client": "Chester Valley Dspl Co Inc", "DEP_Clie_1": 28089.0, "DEP_Clie_2": "Owner", "SITE_NAME": "Chester Valley Dspl", "Site_ID": 455423.0, "Site_Statu": "Active", "Primary_Fa": "Chester Valley Disposal Co,inc.", "Primary__1": 483415.0, "Primary__2": "Inactive", "Sub_Facili": "Chester Valley Disposal Co,inc.", "Sub_Faci_1": 355750.0, "Sub_Faci_2": "Dep Abandoned List", "Sub_Faci_3": "Landfill", "Waste_Oper": "Municipal Waste Operation", "Waste_Op_1": "Unavailable", "EPA_ID": "101535", "COMPLIANCE": "Yes" }, "geometry": { "type": "Point", "coordinates": [ -8408163.134999999776483, 4874342.704000003635883 ] } },
{ "type": "Feature", "properties": { "Organizati": "Mazzaro Coal & Dspl Co", "DEP_Client": "Mazzaro Coal & Dspl Co", "DEP_Clie_1": 65958.0, "DEP_Clie_2": "Owner", "SITE_NAME": "Mazzaro Ldfl", "Site_ID": 4235.0, "Site_Statu": "Active", "Primary_Fa": "Mazarro Landfill Mwo", "Primary__1": 5756.0, "Primary__2": "Inactive", "Sub_Facili": "Mazzaro Landfill Old Site", "Sub_Faci_1": 436473.0, "Sub_Faci_2": "Dep Abandoned List", "Sub_Faci_3": "Landfill", "Waste_Oper": "Municipal Waste Operation", "Waste_Op_1": "Unavailable", "EPA_ID": "101235", "COMPLIANCE": "Yes" }, "geometry": { "type": "Point", "coordinates": [ -8916242.5362, 4934337.886500000953674 ] } },
{ "type": "Feature", "properties": { "Organizati": "Knickerbocker Sani Ldfl", "DEP_Client": "Knickerbocker Sani Ldfl", "DEP_Clie_1": 34508.0, "DEP_Clie_2": "Owner", "SITE_NAME": "Knickerbocker Sani Ldfl", "Site_ID": 454157.0, "Site_Statu": "Inactive", "Primary_Fa": "Knickerbocker  Sani Ldfl", "Primary__1": 481869.0, "Primary__2": "Inactive", "Sub_Facili": "Knickerbocker Sani Ldfl", "Sub_Faci_1": 351718.0, "Sub_Faci_2": "Dep Abandoned List", "Sub_Faci_3": "Landfill", "Waste_Oper": "Municipal Waste Operation", "Waste_Op_1": "Unavailable", "EPA_ID": "100898", "COMPLIANCE": "Yes" }, "geometry": { "type": "Point", "coordinates": [ -8408882.524900000542402, 4873614.122699998319149 ] } },
{ "type": "Feature", "properties": { "Organizati": "Delaware Cnty Swa", "DEP_Client": "Delaware Cnty Swa", "DEP_Clie_1": 51134.0, "DEP_Clie_2": "Owner", "SITE_NAME": "Rolling Hills Ldfl", "Site_ID": 462599.0, "Site_Statu": "Active", "Primary_Fa": "Rolling Hills Ldfl", "Primary__1": 495240.0, "Primary__2": "Active", "Sub_Facili": "Rolling Hills Ldfl", "Sub_Faci_1": 373773.0, "Sub_Faci_2": "Active", "Sub_Faci_3": "Landfill", "Waste_Oper": "Municipal Waste Operation", "Waste_Op_1": "Unavailable", "EPA_ID": "100345", "COMPLIANCE": "Yes" }, "geometry": { "type": "Point", "coordinates": [ -8428106.875199999660254, 4918151.756700001657009 ] } },
{ "type": "Feature", "properties": { "Organizati": "Exeter Sani Ldfl", "DEP_Client": "Exeter Sani Ldfl", "DEP_Clie_1": 51177.0, "DEP_Clie_2": "Owner", "SITE_NAME": "Exeter Sani Ldfl", "Site_ID": 1909.0, "Site_Statu": "Inactive", "Primary_Fa": "Exeter Sani Ldfl", "Primary__1": 2485.0, "Primary__2": "Inactive", "Sub_Facili": "Exeter Sani Ldfl", "Sub_Faci_1": 8356.0, "Sub_Faci_2": "Inactive", "Sub_Faci_3": "Landfill", "Waste_Oper": "Municipal Waste Operation", "Waste_Op_1": "Unavailable", "EPA_ID": "101280", "COMPLIANCE": "Yes" }, "geometry": { "type": "Point", "coordinates": [ -8442130.038899999111891, 5060727.337399996817112 ] } },
{ "type": "Feature", "properties": { "Organizati": "Richards Ldfl", "DEP_Client": "Richards Ldfl", "DEP_Clie_1": 42552.0, "DEP_Clie_2": "Owner", "SITE_NAME": "Richards Marion Ctr Ldfl", "Site_ID": 248688.0, "Site_Statu": "Inactive", "Primary_Fa": "Richards Ldfl Mwo", "Primary__1": 255117.0, "Primary__2": "Inactive", "Sub_Facili": "Landfill", "Sub_Faci_1": 239819.0, "Sub_Faci_2": "Inactive", "Sub_Faci_3": "Landfill", "Waste_Oper": "Municipal Waste Operation", "Waste_Op_1": "Unavailable", "EPA_ID": "100615", "COMPLIANCE": "Yes" }, "geometry": { "type": "Point", "coordinates": [ -8799558.3706, 4977618.287000000476837 ] } },
{ "type": "Feature", "properties": { "Organizati": "Rosencranse Corp", "DEP_Client": "Rosencranse Corp", "DEP_Clie_1": 10873.0, "DEP_Clie_2": "Owner", "SITE_NAME": "Rosencranse Sani Ldfl", "Site_ID": 245409.0, "Site_Statu": "Active", "Primary_Fa": "Rosencranse Sani Ldfl", "Primary__1": 250613.0, "Primary__2": "Inactive", "Sub_Facili": "Rosencranse Sani Ldfl", "Sub_Faci_1": 228227.0, "Sub_Faci_2": "Dep Abandoned List", "Sub_Faci_3": "Landfill", "Waste_Oper": "Municipal Waste Operation", "Waste_Op_1": "Unavailable", "EPA_ID": "100301", "COMPLIANCE": "Yes" }, "geometry": { "type": "Point", "coordinates": [ -8366143.17820000089705, 5099456.290399998426437 ] } },
{ "type": "Feature", "properties": { "Organizati": "Kwaitkowski Sani Ldfl", "DEP_Client": "Kwaitkowski Sani Ldfl", "DEP_Clie_1": 69704.0, "DEP_Clie_2": "Owner", "SITE_NAME": "Kwiatkowski Ldfl", "Site_ID": 251476.0, "Site_Statu": "Active", "Primary_Fa": "Kwiatkowski Sanitary Landfill", "Primary__1": 259541.0, "Primary__2": "Unpermitted Inactive", "Sub_Facili": "Kwaitkowski Sanitary Landfill", "Sub_Faci_1": 250583.0, "Sub_Faci_2": "Inactive", "Sub_Faci_3": "Landfill", "Waste_Oper": "Municipal Waste Operation", "Waste_Op_1": "Unavailable", "EPA_ID": "100011", "COMPLIANCE": "Yes" }, "geometry": { "type": "Point", "coordinates": [ -8939882.77309999987483, 5012341.663800001144409 ] } },
{ "type": "Feature", "properties": { "Organizati": "Laurel Highlands Ldfl Inc", "DEP_Client": "Laurel Highlands Ldfl Inc", "DEP_Clie_1": 3970.0, "DEP_Clie_2": "Owner", "SITE_NAME": "Laurel Highlands Ldfl", "Site_ID": 85.0, "Site_Statu": "Active", "Primary_Fa": "Laurel Highlands Landfill Mwo", "Primary__1": 104.0, "Primary__2": "Active", "Sub_Facili": "Wright Landfill", "Sub_Faci_1": 436138.0, "Sub_Faci_2": "Inactive", "Sub_Faci_3": "Landfill", "Waste_Oper": "Municipal Waste Operation", "Waste_Op_1": "Unavailable", "EPA_ID": "101534", "COMPLIANCE": "Yes" }, "geometry": { "type": "Point", "coordinates": [ -8783726.2652000002563, 4932364.893200002610683 ] } },
{ "type": "Feature", "properties": { "Organizati": "Unavailable", "DEP_Client": "Ferraro Anthony", "DEP_Clie_1": 69841.0, "DEP_Clie_2": "Owner", "SITE_NAME": "Ferraro Ldfl", "Site_ID": 249.0, "Site_Statu": "Inactive", "Primary_Fa": "Ferraro Landfill", "Primary__1": 305.0, "Primary__2": "Unpermitted Inactive", "Sub_Facili": "Ferraro Landfill", "Sub_Faci_1": 805.0, "Sub_Faci_2": "Dep Abandoned List", "Sub_Faci_3": "Landfill", "Waste_Oper": "Municipal Waste Operation", "Waste_Op_1": "Unavailable", "EPA_ID": "100427", "COMPLIANCE": "Yes" }, "geometry": { "type": "Point", "coordinates": [ -8854586.60359999909997, 4982637.936700001358986 ] } },
{ "type": "Feature", "properties": { "Organizati": "Lewistown Ldfl", "DEP_Client": "Lewistown Ldfl", "DEP_Clie_1": 70243.0, "DEP_Clie_2": "Owner", "SITE_NAME": "Mifflin Cnty Swa Barner Ldfl", "Site_ID": 248904.0, "Site_Statu": "Active", "Primary_Fa": "Lewistown Landfill-barner I", "Primary__1": 256942.0, "Primary__2": "Inactive", "Sub_Facili": "Lewistown Landfill-barner I", "Sub_Faci_1": 243500.0, "Sub_Faci_2": "Dep Abandoned List", "Sub_Faci_3": "Landfill", "Waste_Oper": "Municipal Waste Operation", "Waste_Op_1": "Unavailable", "EPA_ID": "100183", "COMPLIANCE": "Yes" }, "geometry": { "type": "Point", "coordinates": [ -8632152.410199999809265, 4955872.609999999403954 ] } },
{ "type": "Feature", "properties": { "Organizati": "Unavailable", "DEP_Client": "Carlin Raymond S", "DEP_Clie_1": 68234.0, "DEP_Clie_2": "Owner", "SITE_NAME": "Carlin Ldfl 1", "Site_ID": 4595.0, "Site_Statu": "Inactive", "Primary_Fa": "Carlin Ldfl 1", "Primary__1": 6221.0, "Primary__2": "Inactive", "Sub_Facili": "Carlin Ldfl 1", "Sub_Faci_1": 18517.0, "Sub_Faci_2": "Dep Abandoned List", "Sub_Faci_3": "Landfill", "Waste_Oper": "Municipal Waste Operation", "Waste_Op_1": "Unavailable", "EPA_ID": "100777", "COMPLIANCE": "Yes" }, "geometry": { "type": "Point", "coordinates": [ -8673575.628900000825524, 5021572.976899996399879 ] } },
{ "type": "Feature", "properties": { "Organizati": "Chester Cnty Swa", "DEP_Client": "Chester Cnty Swa", "DEP_Clie_1": 82238.0, "DEP_Clie_2": "Owner", "SITE_NAME": "Lanchester Ldfl", "Site_ID": 249245.0, "Site_Statu": "Active", "Primary_Fa": "Lanchester Sanitary Ldfl", "Primary__1": 256205.0, "Primary__2": "Active", "Sub_Facili": "Lanchester Sanitary Landfill", "Sub_Faci_1": 241852.0, "Sub_Faci_2": "Active", "Sub_Faci_3": "Landfill", "Waste_Oper": "Municipal Waste Operation", "Waste_Op_1": "Unavailable", "EPA_ID": "100944", "COMPLIANCE": "No" }, "geometry": { "type": "Point", "coordinates": [ -8454341.787000000476837, 4881323.928000003099442 ] } },
{ "type": "Feature", "properties": { "Organizati": "Mostoller Ldfl Inc", "DEP_Client": "Mostoller Ldfl Inc", "DEP_Clie_1": 123420.0, "DEP_Clie_2": "Owner", "SITE_NAME": "Mostoller Ldfl", "Site_ID": 238935.0, "Site_Statu": "Active", "Primary_Fa": "Mostoller Landfill #101571", "Primary__1": 241856.0, "Primary__2": "Active", "Sub_Facili": "Mostoller Landfill", "Sub_Faci_1": 205419.0, "Sub_Faci_2": "Active", "Sub_Faci_3": "Landfill", "Waste_Oper": "Municipal Waste Operation", "Waste_Op_1": "Unavailable", "EPA_ID": "101571", "COMPLIANCE": "No" }, "geometry": { "type": "Point", "coordinates": [ -8794076.634199999272823, 4862434.91330000013113 ] } },
{ "type": "Feature", "properties": { "Organizati": "Gries Ldfl", "DEP_Client": "Gries Ldfl", "DEP_Clie_1": 70162.0, "DEP_Clie_2": "Owner", "SITE_NAME": "Gries Ldfl", "Site_ID": 255467.0, "Site_Statu": "Inactive", "Primary_Fa": "Gries Ldfl", "Primary__1": 268000.0, "Primary__2": "Unpermitted Inactive", "Sub_Facili": "Gries Ldfl", "Sub_Faci_1": 265413.0, "Sub_Faci_2": "Inactive", "Sub_Faci_3": "Landfill", "Waste_Oper": "Municipal Waste Operation", "Waste_Op_1": "Unavailable", "EPA_ID": "101417", "COMPLIANCE": "Yes" }, "geometry": { "type": "Point", "coordinates": [ -8393736.9825, 5103729.809199996292591 ] } },
{ "type": "Feature", "properties": { "Organizati": "John Fry Tract Ldfl", "DEP_Client": "John Fry Tract Ldfl", "DEP_Clie_1": 69896.0, "DEP_Clie_2": "Owner", "SITE_NAME": "Primrose Mine", "Site_ID": 450198.0, "Site_Statu": "Inactive", "Primary_Fa": "John Fry Tract Landfill Ii", "Primary__1": 476645.0, "Primary__2": "Inactive", "Sub_Facili": "John Fry Tract Landfill Ii", "Sub_Faci_1": 338569.0, "Sub_Faci_2": "Dep Abandoned List", "Sub_Faci_3": "Landfill", "Waste_Oper": "Municipal Waste Operation", "Waste_Op_1": "Unavailable", "EPA_ID": "101400", "COMPLIANCE": "Yes" }, "geometry": { "type": "Point", "coordinates": [ -8499619.50870000012219, 4963912.858400002121925 ] } },
{ "type": "Feature", "properties": { "Organizati": "Strescon Ind Inc", "DEP_Client": "Strescon Ind Inc", "DEP_Clie_1": 83184.0, "DEP_Clie_2": "Owner", "SITE_NAME": "Drivetime", "Site_ID": 252058.0, "Site_Statu": "Active", "Primary_Fa": "Strescon Industries Inc", "Primary__1": 260900.0, "Primary__2": "Inactive", "Sub_Facili": "Strescon Industries Inc", "Sub_Faci_1": 252870.0, "Sub_Faci_2": "Dep Abandoned List", "Sub_Faci_3": "Landfill", "Waste_Oper": "Municipal Waste Operation", "Waste_Op_1": "Unavailable", "EPA_ID": "300556", "COMPLIANCE": "Yes" }, "geometry": { "type": "Point", "coordinates": [ -8324099.522199999541044, 4894287.972699999809265 ] } },
{ "type": "Feature", "properties": { "Organizati": "Morgan Highway Enterprises Inc", "DEP_Client": "Morgan Highway Enterprises Inc", "DEP_Clie_1": 51567.0, "DEP_Clie_2": "Owner", "SITE_NAME": "Morgan Highway Sani Ldfl", "Site_ID": 253997.0, "Site_Statu": "Inactive", "Primary_Fa": "Morgan Highway Sanitary Landfill", "Primary__1": 264751.0, "Primary__2": "Inactive", "Sub_Facili": "Morgan Highway Sanitary Landfill", "Sub_Faci_1": 259735.0, "Sub_Faci_2": "Dep Abandoned List", "Sub_Faci_3": "Landfill", "Waste_Oper": "Municipal Waste Operation", "Waste_Op_1": "Unavailable", "EPA_ID": "100173", "COMPLIANCE": "Yes" }, "geometry": { "type": "Point", "coordinates": [ -8424485.101800000295043, 5079641.197499997913837 ] } },
{ "type": "Feature", "properties": { "Organizati": "Northern Tier Swa", "DEP_Client": "Northern Tier Swa", "DEP_Clie_1": 53024.0, "DEP_Clie_2": "Owner", "SITE_NAME": "Bradford Cnty Ldfl 2", "Site_ID": 242356.0, "Site_Statu": "Active", "Primary_Fa": "Bradford County Ldfl", "Primary__1": 246577.0, "Primary__2": "Active", "Sub_Facili": "Bradford Co Ldfl", "Sub_Faci_1": 217858.0, "Sub_Faci_2": "Active", "Sub_Faci_3": "Landfill", "Waste_Oper": "Municipal Waste Operation", "Waste_Op_1": "Unavailable", "EPA_ID": "101243", "COMPLIANCE": "Yes" }, "geometry": { "type": "Point", "coordinates": [ -8530227.04700000025332, 5127625.144199997186661 ] } },
{ "type": "Feature", "properties": { "Organizati": "Corning Asahi Video Prod Co", "DEP_Client": "Corning Asahi Video Prod Co", "DEP_Clie_1": 51460.0, "DEP_Clie_2": "Owner", "SITE_NAME": "Corning Demo Ldfl", "Site_ID": 617124.0, "Site_Statu": "Active", "Primary_Fa": "Demo Ldfl", "Primary__1": 638162.0, "Primary__2": "Inactive", "Sub_Facili": "Ldfl", "Sub_Faci_1": 772105.0, "Sub_Faci_2": "Active", "Sub_Faci_3": "Landfill", "Waste_Oper": "Municipal Waste Operation", "Waste_Op_1": "Unavailable", "EPA_ID": "638162", "COMPLIANCE": "Yes" }, "geometry": { "type": "Point", "coordinates": [ -8658491.83809999935329, 4988116.32039999961853 ] } },
{ "type": "Feature", "properties": { "Organizati": "Unavailable", "DEP_Client": "Hoffman Glenn E", "DEP_Clie_1": 276961.0, "DEP_Clie_2": "Owner", "SITE_NAME": "Glenn & Nancy Hoffman Prop", "Site_ID": 727470.0, "Site_Statu": "Active", "Primary_Fa": "Glenn & Nancy Hoffman Prop", "Primary__1": 724973.0, "Primary__2": "Unpermitted Active", "Sub_Facili": "Glenn & Nancy Hoffman Prop", "Sub_Faci_1": 1003322.0, "Sub_Faci_2": "Unpermitted Active", "Sub_Faci_3": "Landfill", "Waste_Oper": "Municipal Waste Operation", "Waste_Op_1": "Non-captive", "EPA_ID": "724973", "COMPLIANCE": "Yes" }, "geometry": { "type": "Point", "coordinates": [ -8412772.615399999544024, 4927570.7412 ] } },
{ "type": "Feature", "properties": { "Organizati": "Swatara Contr Inc", "DEP_Client": "Swatara Contr Inc", "DEP_Clie_1": 41963.0, "DEP_Clie_2": "Owner", "SITE_NAME": "Swatara Ldfl", "Site_ID": 597922.0, "Site_Statu": "Active", "Primary_Fa": "Swatara Landfill", "Primary__1": 252773.0, "Primary__2": "Inactive", "Sub_Facili": "Swatara Landfill", "Sub_Faci_1": 234330.0, "Sub_Faci_2": "Dep Abandoned List", "Sub_Faci_3": "Landfill", "Waste_Oper": "Municipal Waste Operation", "Waste_Op_1": "Unavailable", "EPA_ID": "101157", "COMPLIANCE": "Yes" }, "geometry": { "type": "Point", "coordinates": [ -8553270.552699999883771, 4901792.017300002276897 ] } },
{ "type": "Feature", "properties": { "Organizati": "Env & Recycling Svc Inc", "DEP_Client": "Env & Recycling Svc Inc", "DEP_Clie_1": 87938.0, "DEP_Clie_2": "Owner", "SITE_NAME": "Env & Recycling Svc Ldfl", "Site_ID": 575.0, "Site_Statu": "Active", "Primary_Fa": "Env & Recycling Svc Ldfl", "Primary__1": 751.0, "Primary__2": "Active", "Sub_Facili": "Env & Recycling Svc Ldfl", "Sub_Faci_1": 2399.0, "Sub_Faci_2": "Active", "Sub_Faci_3": "Landfill", "Waste_Oper": "Municipal Waste Operation", "Waste_Op_1": "Unavailable", "EPA_ID": "100932", "COMPLIANCE": "Yes" }, "geometry": { "type": "Point", "coordinates": [ -8429853.972400000318885, 5069708.155900001525879 ] } },
{ "type": "Feature", "properties": { "Organizati": "Lash & Olosky Sani Svc", "DEP_Client": "Lash & Olosky Sani Svc", "DEP_Clie_1": 159756.0, "DEP_Clie_2": "Owner", "SITE_NAME": "Lash Olosky Sani Ldfl", "Site_ID": 1579.0, "Site_Statu": "Inactive", "Primary_Fa": "Lash Olosky Sani Ldfl", "Primary__1": 2025.0, "Primary__2": "Inactive", "Sub_Facili": "Lash Olosky Sani Ldfl", "Sub_Faci_1": 6922.0, "Sub_Faci_2": "Dep Abandoned List", "Sub_Faci_3": "Landfill", "Waste_Oper": "Municipal Waste Operation", "Waste_Op_1": "Unavailable", "EPA_ID": "100378", "COMPLIANCE": "Yes" }, "geometry": { "type": "Point", "coordinates": [ -8747630.920299999415874, 5004691.074799999594688 ] } },
{ "type": "Feature", "properties": { "Organizati": "Gipa Midfield Term Ldfl", "DEP_Client": "Gipa Midfield Term Ldfl", "DEP_Clie_1": 70178.0, "DEP_Clie_2": "Owner", "SITE_NAME": "Tsa At Pittsburgh Intl Airport", "Site_ID": 237072.0, "Site_Statu": "Active", "Primary_Fa": "Greater Pgh Intl Airport Mwo", "Primary__1": 244041.0, "Primary__2": "Inactive", "Sub_Facili": "Gipa Midfield Terminal Landfill", "Sub_Faci_1": 211590.0, "Sub_Faci_2": "Inactive", "Sub_Faci_3": "Landfill", "Waste_Oper": "Municipal Waste Operation", "Waste_Op_1": "Unavailable", "EPA_ID": "101479", "COMPLIANCE": "Yes" }, "geometry": { "type": "Point", "coordinates": [ -8933852.967399999499321, 4935006.738799996674061 ] } },
{ "type": "Feature", "properties": { "Organizati": "Alliance Sani Ldfl Inc", "DEP_Client": "Alliance Sani Ldfl Inc", "DEP_Clie_1": 6288.0, "DEP_Clie_2": "Owner", "SITE_NAME": "Alliance Sani Ldfl", "Site_ID": 452024.0, "Site_Statu": "Active", "Primary_Fa": "Alliance Ldfl", "Primary__1": 240346.0, "Primary__2": "Active", "Sub_Facili": "Alliance Ldfl", "Sub_Faci_1": 200829.0, "Sub_Faci_2": "Active", "Sub_Faci_3": "Landfill", "Waste_Oper": "Municipal Waste Operation", "Waste_Op_1": "Unavailable", "EPA_ID": "100933", "COMPLIANCE": "Yes" }, "geometry": { "type": "Point", "coordinates": [ -8431059.934000000357628, 5071109.586900003254414 ] } },
{ "type": "Feature", "properties": { "Organizati": "Fr & S Inc", "DEP_Client": "Fr & S Inc", "DEP_Clie_1": 41780.0, "DEP_Clie_2": "Owner", "SITE_NAME": "Eddie Smith Mhp", "Site_ID": 246042.0, "Site_Statu": "Reclamation Completed", "Primary_Fa": "Eddie Smith Mhp - Mw Operation", "Primary__1": 548232.0, "Primary__2": "Reclamation Complete", "Sub_Facili": "Eddie Smith Mhp - Mw Ldfl", "Sub_Faci_1": 443562.0, "Sub_Faci_2": "Reclamation Complete", "Sub_Faci_3": "Landfill", "Waste_Oper": "Municipal Waste Operation", "Waste_Op_1": "Unavailable", "EPA_ID": "548232", "COMPLIANCE": "Yes" }, "geometry": { "type": "Point", "coordinates": [ -8439180.703199999406934, 4905762.093800000846386 ] } },
{ "type": "Feature", "properties": { "Organizati": "Bg Coon Const Co", "DEP_Client": "Bg Coon Const Co", "DEP_Clie_1": 36309.0, "DEP_Clie_2": "Owner", "SITE_NAME": "Nanticoke W Nanticoke Bridge", "Site_ID": 256063.0, "Site_Statu": "Inactive", "Primary_Fa": "Nanticoke W Nanticoke Bridge", "Primary__1": 268926.0, "Primary__2": "Unpermitted Inactive", "Sub_Facili": "Nanticoke W Nanticoke Bridge", "Sub_Faci_1": 267207.0, "Sub_Faci_2": "Inactive", "Sub_Faci_3": "Landfill", "Waste_Oper": "Municipal Waste Operation", "Waste_Op_1": "Unavailable", "EPA_ID": "101473", "COMPLIANCE": "Yes" }, "geometry": { "type": "Point", "coordinates": [ -8460683.2873, 5044106.024700000882149 ] } },
{ "type": "Feature", "properties": { "Organizati": "Blythe Twp Ldfl", "DEP_Client": "Blythe Twp Ldfl", "DEP_Clie_1": 51438.0, "DEP_Clie_2": "Owner", "SITE_NAME": "Blythe Twp Ldfl", "Site_ID": 1687.0, "Site_Statu": "Active", "Primary_Fa": "Blythe Township Landfill", "Primary__1": 2196.0, "Primary__2": "Inactive", "Sub_Facili": "Blythe Township Landfill", "Sub_Faci_1": 7562.0, "Sub_Faci_2": "Dep Abandoned List", "Sub_Faci_3": "Landfill", "Waste_Oper": "Municipal Waste Operation", "Waste_Op_1": "Unavailable", "EPA_ID": "100202", "COMPLIANCE": "Yes" }, "geometry": { "type": "Point", "coordinates": [ -8472823.429199999198318, 4973832.349299997091293 ] } },
{ "type": "Feature", "properties": { "Organizati": "Consolidated Rail Corp", "DEP_Client": "Consolidated Rail Corp", "DEP_Clie_1": 79983.0, "DEP_Clie_2": "Owner", "SITE_NAME": "Curry Supply Co Formerly Curry Rail Svc Hollidaysburg", "Site_ID": 450714.0, "Site_Statu": "Active", "Primary_Fa": "Consolidated Rail Corp Landfill", "Primary__1": 477319.0, "Primary__2": "Inactive", "Sub_Facili": "Consolidated Rail Corp Landfill", "Sub_Faci_1": 340696.0, "Sub_Faci_2": "Inactive", "Sub_Faci_3": "Landfill", "Waste_Oper": "Municipal Waste Operation", "Waste_Op_1": "Unavailable", "EPA_ID": "101183", "COMPLIANCE": "Yes" }, "geometry": { "type": "Point", "coordinates": [ -8722933.4543999992311, 4949040.750500001013279 ] } },
{ "type": "Feature", "properties": { "Organizati": "Phillips Contr Co", "DEP_Client": "Phillips Contr Co", "DEP_Clie_1": 81167.0, "DEP_Clie_2": "Owner", "SITE_NAME": "Phillips Demo Ldfl", "Site_ID": 239955.0, "Site_Statu": "Inactive", "Primary_Fa": "Phillips Demo Ldfl Mwo", "Primary__1": 243233.0, "Primary__2": "Inactive", "Sub_Facili": "Phillips Landfill", "Sub_Faci_1": 209199.0, "Sub_Faci_2": "Inactive", "Sub_Faci_3": "Landfill", "Waste_Oper": "Municipal Waste Operation", "Waste_Op_1": "Unavailable", "EPA_ID": "100912", "COMPLIANCE": "Yes" }, "geometry": { "type": "Point", "coordinates": [ -8916623.384600000455976, 4937569.707500003278255 ] } },
{ "type": "Feature", "properties": { "Organizati": "Reesers Ldfl Dorney Road Site", "DEP_Client": "Reesers Ldfl Dorney Road Site", "DEP_Clie_1": 69836.0, "DEP_Clie_2": "Owner", "SITE_NAME": "Reesers Ldfl", "Site_ID": 596789.0, "Site_Statu": "Inactive", "Primary_Fa": "Reesers Ldfl Dorney Road Site", "Primary__1": 256683.0, "Primary__2": "Inactive", "Sub_Facili": "Reesers Ldfl Dorney Road Site", "Sub_Faci_1": 242955.0, "Sub_Faci_2": "Dep Abandoned List", "Sub_Faci_3": "Landfill", "Waste_Oper": "Municipal Waste Operation", "Waste_Op_1": "Unavailable", "EPA_ID": "100632", "COMPLIANCE": "Yes" }, "geometry": { "type": "Point", "coordinates": [ -8421251.551999999210238, 4943329.301600001752377 ] } },
{ "type": "Feature", "properties": { "Organizati": "Unavailable", "DEP_Client": "Noel Kenneth F", "DEP_Clie_1": 4758.0, "DEP_Clie_2": "Owner", "SITE_NAME": "Adsco Ldfl", "Site_ID": 238854.0, "Site_Statu": "Active", "Primary_Fa": "Adams Sanitation Co. Landfill", "Primary__1": 241757.0, "Primary__2": "Inactive", "Sub_Facili": "Adams Sanitation Co. Landfill", "Sub_Faci_1": 205189.0, "Sub_Faci_2": "Dep Abandoned List", "Sub_Faci_3": "Landfill", "Waste_Oper": "Municipal Waste Operation", "Waste_Op_1": "Unavailable", "EPA_ID": "100002", "COMPLIANCE": "Yes" }, "geometry": { "type": "Point", "coordinates": [ -8592972.185200000181794, 4863153.669699996709824 ] } },
{ "type": "Feature", "properties": { "Organizati": "Graziani Const Inc", "DEP_Client": "Graziani Const Inc", "DEP_Clie_1": 36981.0, "DEP_Clie_2": "Owner", "SITE_NAME": "Graziani Ldfl", "Site_ID": 251691.0, "Site_Statu": "Active", "Primary_Fa": "Graziani Demolition Waste Landfill", "Primary__1": 260074.0, "Primary__2": "Inactive", "Sub_Facili": "Graziani Demolition Waste Landfill", "Sub_Faci_1": 251494.0, "Sub_Faci_2": "Dep Abandoned List", "Sub_Faci_3": "Landfill", "Waste_Oper": "Municipal Waste Operation", "Waste_Op_1": "Unavailable", "EPA_ID": "101065", "COMPLIANCE": "Yes" }, "geometry": { "type": "Point", "coordinates": [ -8941658.084000000730157, 5011373.617899999022484 ] } },
{ "type": "Feature", "properties": { "Organizati": "Wscogg Auth", "DEP_Client": "Wscogg Auth", "DEP_Clie_1": 34872.0, "DEP_Clie_2": "Owner", "SITE_NAME": "Wscogg Ldfl", "Site_ID": 253379.0, "Site_Statu": "Inactive", "Primary_Fa": "Wscogg Landfill", "Primary__1": 263460.0, "Primary__2": "Inactive", "Sub_Facili": "Wscogg Landfill", "Sub_Faci_1": 257495.0, "Sub_Faci_2": "Dep Abandoned List", "Sub_Faci_3": "Landfill", "Waste_Oper": "Municipal Waste Operation", "Waste_Op_1": "Unavailable", "EPA_ID": "100555", "COMPLIANCE": "Yes" }, "geometry": { "type": "Point", "coordinates": [ -8496067.000700000673532, 4963485.271899998188019 ] } },
{ "type": "Feature", "properties": { "Organizati": "Lahr Ldfl", "DEP_Client": "Lahr Ldfl", "DEP_Clie_1": 76372.0, "DEP_Clie_2": "Owner", "SITE_NAME": "Lahr Ldfl", "Site_ID": 251490.0, "Site_Statu": "Active", "Primary_Fa": "Lahr Landfill", "Primary__1": 259597.0, "Primary__2": "Inactive", "Sub_Facili": "Lahr Landfill", "Sub_Faci_1": 250655.0, "Sub_Faci_2": "Dep Abandoned List", "Sub_Faci_3": "Landfill", "Waste_Oper": "Municipal Waste Operation", "Waste_Op_1": "Unavailable", "EPA_ID": "100319", "COMPLIANCE": "Yes" }, "geometry": { "type": "Point", "coordinates": [ -8829838.6418999992311, 5040464.00900000333786 ] } },
{ "type": "Feature", "properties": { "Organizati": "Db Hargraves Class I Demo Ldfl", "DEP_Client": "Db Hargraves Class I Demo Ldfl", "DEP_Clie_1": 70146.0, "DEP_Clie_2": "Owner", "SITE_NAME": "Hargraves Ldfl", "Site_ID": 253111.0, "Site_Statu": "Inactive", "Primary_Fa": "D B Hargraves Class I Demo Landfill", "Primary__1": 262825.0, "Primary__2": "Inactive", "Sub_Facili": "D B Hargraves Class I Demo Landfill", "Sub_Faci_1": 256558.0, "Sub_Faci_2": "Dep Abandoned List", "Sub_Faci_3": "Landfill", "Waste_Oper": "Municipal Waste Operation", "Waste_Op_1": "Unavailable", "EPA_ID": "101335", "COMPLIANCE": "Yes" }, "geometry": { "type": "Point", "coordinates": [ -8481925.148900000378489, 5039257.300899997353554 ] } },
{ "type": "Feature", "properties": { "Organizati": "Cameron Cnty Sw Bur", "DEP_Client": "Cameron Cnty Sw Bur", "DEP_Clie_1": 52922.0, "DEP_Clie_2": "Owner", "SITE_NAME": "Cameron Cnty Ldfl", "Site_ID": 242510.0, "Site_Statu": "Inactive", "Primary_Fa": "Cameron Cnty Ldfl", "Primary__1": 246802.0, "Primary__2": "Inactive", "Sub_Facili": "Cameron Cnty Ldfl", "Sub_Faci_1": 218479.0, "Sub_Faci_2": "Dep Abandoned List", "Sub_Faci_3": "Landfill", "Waste_Oper": "Municipal Waste Operation", "Waste_Op_1": "Unavailable", "EPA_ID": "100761", "COMPLIANCE": "Yes" }, "geometry": { "type": "Point", "coordinates": [ -8708404.6096, 5080297.97410000115633 ] } },
{ "type": "Feature", "properties": { "Organizati": "Chestnut Valley Ldfl Llc", "DEP_Client": "Chestnut Valley Ldfl Llc", "DEP_Clie_1": 40769.0, "DEP_Clie_2": "Owner", "SITE_NAME": "Chestnut Valley Ldfl", "Site_ID": 240681.0, "Site_Statu": "Active", "Primary_Fa": "Chestnut Valley Ldfl", "Primary__1": 244209.0, "Primary__2": "Active", "Sub_Facili": "J&j Landfill", "Sub_Faci_1": 212043.0, "Sub_Faci_2": "Active", "Sub_Faci_3": "Landfill", "Waste_Oper": "Municipal Waste Operation", "Waste_Op_1": "Unavailable", "EPA_ID": "100419", "COMPLIANCE": "Yes" }, "geometry": { "type": "Point", "coordinates": [ -8887615.591399999335408, 4850949.406599998474121 ] } },
{ "type": "Feature", "properties": { "Organizati": "L & W Demolition Co Inc", "DEP_Client": "L & W Demolition Co Inc", "DEP_Clie_1": 34842.0, "DEP_Clie_2": "Owner", "SITE_NAME": "L & W Demolition Proc Fac & Ldfl", "Site_ID": 248616.0, "Site_Statu": "Active", "Primary_Fa": "L & W Demolition Co., Inc.", "Primary__1": 255017.0, "Primary__2": "Active", "Sub_Facili": "L & W Demolition Co., Inc.", "Sub_Faci_1": 239640.0, "Sub_Faci_2": "Active", "Sub_Faci_3": "Landfill", "Waste_Oper": "Municipal Waste Operation", "Waste_Op_1": "Unavailable", "EPA_ID": "101476", "COMPLIANCE": "Yes" }, "geometry": { "type": "Point", "coordinates": [ -8577816.129300000146031, 4880525.090899996459484 ] } },
{ "type": "Feature", "properties": { "Organizati": "Dauphin Meadows Inc", "DEP_Client": "Dauphin Meadows Inc", "DEP_Clie_1": 63582.0, "DEP_Clie_2": "Owner", "SITE_NAME": "Dauphin Meadows Landfill", "Site_ID": 450920.0, "Site_Statu": "Active", "Primary_Fa": "Dauphin Meadows Inc", "Primary__1": 477613.0, "Primary__2": "Active", "Sub_Facili": "Dauphin Meadows Inc", "Sub_Faci_1": 341602.0, "Sub_Faci_2": "Active", "Sub_Faci_3": "Landfill", "Waste_Oper": "Municipal Waste Operation", "Waste_Op_1": "Unavailable", "EPA_ID": "101539", "COMPLIANCE": "Yes" }, "geometry": { "type": "Point", "coordinates": [ -8557191.101399999111891, 4947005.591899998486042 ] } },
{ "type": "Feature", "properties": { "Organizati": "Unavailable", "DEP_Client": "Hooper Robert M Sr", "DEP_Clie_1": 9978.0, "DEP_Clie_2": "Owner", "SITE_NAME": "Hooper Ldfl", "Site_ID": 454585.0, "Site_Statu": "Inactive", "Primary_Fa": "Hooper Landfill", "Primary__1": 482411.0, "Primary__2": "Inactive", "Sub_Facili": "Hooper Landfill", "Sub_Faci_1": 353080.0, "Sub_Faci_2": "Dep Abandoned List", "Sub_Faci_3": "Landfill", "Waste_Oper": "Municipal Waste Operation", "Waste_Op_1": "Unavailable", "EPA_ID": "100719", "COMPLIANCE": "Yes" }, "geometry": { "type": "Point", "coordinates": [ -8442013.595599999651313, 4874989.567400000989437 ] } },
{ "type": "Feature", "properties": { "Organizati": "Solid Waste Svc Inc", "DEP_Client": "Solid Waste Svc Inc", "DEP_Clie_1": 75274.0, "DEP_Clie_2": "Owner", "SITE_NAME": "Mascaro & Sons Transf Sta", "Site_ID": 271410.0, "Site_Statu": "Active", "Primary_Fa": "Mascaro & Sons Transf Sta", "Primary__1": 294355.0, "Primary__2": "Active", "Sub_Facili": "Mascaro Jp, & Sons Inc.", "Sub_Faci_1": 310998.0, "Sub_Faci_2": "Inactive", "Sub_Faci_3": "Landfill", "Waste_Oper": "Municipal Waste Operation", "Waste_Op_1": "Non-captive", "EPA_ID": "101237", "COMPLIANCE": "Yes" }, "geometry": { "type": "Point", "coordinates": [ -8388758.527499999850988, 4908417.44879999756813 ] } },
{ "type": "Feature", "properties": { "Organizati": "Unavailable", "DEP_Client": "Smith Victor P Sr", "DEP_Clie_1": 32705.0, "DEP_Clie_2": "Owner", "SITE_NAME": "Smith Sani Ldfl", "Site_ID": 249707.0, "Site_Statu": "Inactive", "Primary_Fa": "Smith Sani Ldfl", "Primary__1": 256991.0, "Primary__2": "Inactive", "Sub_Facili": "Smith Sani Ldfl", "Sub_Faci_1": 243577.0, "Sub_Faci_2": "Inactive", "Sub_Faci_3": "Landfill", "Waste_Oper": "Municipal Waste Operation", "Waste_Op_1": "Unavailable", "EPA_ID": "101036", "COMPLIANCE": "Yes" }, "geometry": { "type": "Point", "coordinates": [ -8823677.593599999323487, 4921845.197800002992153 ] } },
{ "type": "Feature", "properties": { "Organizati": "Unavailable", "DEP_Client": "Light John", "DEP_Clie_1": 143250.0, "DEP_Clie_2": "Owner", "SITE_NAME": "Light Linda S & Light George R", "Site_ID": 547540.0, "Site_Statu": "Inactive", "Primary_Fa": "Light Linda S & Linda George R", "Primary__1": 565571.0, "Primary__2": "Unpermitted Inactive", "Sub_Facili": "Light Linda S & Light George R", "Sub_Faci_1": 556126.0, "Sub_Faci_2": "Unpermitted Inactive", "Sub_Faci_3": "Landfill", "Waste_Oper": "Municipal Waste Operation", "Waste_Op_1": "Unavailable", "EPA_ID": "565571", "COMPLIANCE": "Yes" }, "geometry": { "type": "Point", "coordinates": [ -8487705.85869999974966, 4938624.553199999034405 ] } },
{ "type": "Feature", "properties": { "Organizati": "Waste Mgmt Dspl Svc Of Pa Inc", "DEP_Client": "Waste Mgmt Dspl Svc Of Pa Inc", "DEP_Clie_1": 62425.0, "DEP_Clie_2": "Owner", "SITE_NAME": "Grows North Ldfl", "Site_ID": 635831.0, "Site_Statu": "Active", "Primary_Fa": "Grows North Ldfl", "Primary__1": 651718.0, "Primary__2": "Active", "Sub_Facili": "Grows North Lndfl", "Sub_Faci_1": 800543.0, "Sub_Faci_2": "Active", "Sub_Faci_3": "Landfill", "Waste_Oper": "Municipal Waste Operation", "Waste_Op_1": "Unavailable", "EPA_ID": "101680", "COMPLIANCE": "Yes" }, "geometry": { "type": "Point", "coordinates": [ -8324069.534499999135733, 4889544.049400001764297 ] } },
{ "type": "Feature", "properties": { "Organizati": "Joseph J Brunner Inc", "DEP_Client": "Joseph J Brunner Inc", "DEP_Clie_1": 66466.0, "DEP_Clie_2": "Owner", "SITE_NAME": "Brunner Ldfl", "Site_ID": 49128.0, "Site_Statu": "Active", "Primary_Fa": "Brunner Landfill New Site #101439", "Primary__1": 245259.0, "Primary__2": "Active", "Sub_Facili": "Brunner Municipal Waste Landfill", "Sub_Faci_1": 214536.0, "Sub_Faci_2": "Active", "Sub_Faci_3": "Landfill", "Waste_Oper": "Municipal Waste Operation", "Waste_Op_1": "Unavailable", "EPA_ID": "101439", "COMPLIANCE": "Yes" }, "geometry": { "type": "Point", "coordinates": [ -8924854.6418999992311, 4971577.843400001525879 ] } },
{ "type": "Feature", "properties": { "Organizati": "Gettysburg Natl Military Park", "DEP_Client": "Gettysburg Natl Military Park", "DEP_Clie_1": 28447.0, "DEP_Clie_2": "Owner", "SITE_NAME": "Gettysburg Natl Park Ldfl", "Site_ID": 451430.0, "Site_Statu": "Active", "Primary_Fa": "Gettysburg National Park(quarry Lf)", "Primary__1": 478271.0, "Primary__2": "Inactive", "Sub_Facili": "Gettysburg National Park(quarry Lf)", "Sub_Faci_1": 343358.0, "Sub_Faci_2": "Dep Abandoned List", "Sub_Faci_3": "Landfill", "Waste_Oper": "Municipal Waste Operation", "Waste_Op_1": "Unavailable", "EPA_ID": "101254", "COMPLIANCE": "Yes" }, "geometry": { "type": "Point", "coordinates": [ -8595812.780300000682473, 4841389.80629999935627 ] } },
{ "type": "Feature", "properties": { "Organizati": "Unavailable", "DEP_Client": "Scott Robert D", "DEP_Clie_1": 308162.0, "DEP_Clie_2": "Owner", "SITE_NAME": "Robert D Scott Prop", "Site_ID": 778160.0, "Site_Statu": "Inactive", "Primary_Fa": "Robert D Scott Prop", "Primary__1": 770416.0, "Primary__2": "Unpermitted Inactive", "Sub_Facili": "Robert D Scott Prop", "Sub_Faci_1": 1119721.0, "Sub_Faci_2": "Unpermitted Inactive", "Sub_Faci_3": "Landfill", "Waste_Oper": "Municipal Waste Operation", "Waste_Op_1": "Captive", "EPA_ID": "770416", "COMPLIANCE": "Yes" }, "geometry": { "type": "Point", "coordinates": [ -8445575.994999999180436, 4913429.416900001466274 ] } },
{ "type": "Feature", "properties": { "Organizati": "Waste Mgmt Of Fairless Llc", "DEP_Client": "Waste Mgmt Of Fairless Llc", "DEP_Clie_1": 269759.0, "DEP_Clie_2": "Owner", "SITE_NAME": "Fairless Lndfl", "Site_ID": 716489.0, "Site_Statu": "Active", "Primary_Fa": "Fairless Ldfl", "Primary__1": 715331.0, "Primary__2": "Active", "Sub_Facili": "Fairless Ldfl", "Sub_Faci_1": 984263.0, "Sub_Faci_2": "Active", "Sub_Faci_3": "Landfill", "Waste_Oper": "Municipal Waste Operation", "Waste_Op_1": "Non-captive", "EPA_ID": "101699", "COMPLIANCE": "Yes" }, "geometry": { "type": "Point", "coordinates": [ -8322152.365499999374151, 4888208.886900000274181 ] } },
{ "type": "Feature", "properties": { "Organizati": "Tamaqua Boro Schuylkill Cnty", "DEP_Client": "Tamaqua Boro Schuylkill Cnty", "DEP_Clie_1": 62429.0, "DEP_Clie_2": "Owner", "SITE_NAME": "Tamaqua Wwtp", "Site_ID": 253253.0, "Site_Statu": "Active", "Primary_Fa": "Tamaqua Boro Sani Ldfl", "Primary__1": 263254.0, "Primary__2": "Inactive", "Sub_Facili": "Tamaqua Boro Sani Ldfl", "Sub_Faci_1": 257202.0, "Sub_Faci_2": "Dep Abandoned List", "Sub_Faci_3": "Landfill", "Waste_Oper": "Municipal Waste Operation", "Waste_Op_1": "Unavailable", "EPA_ID": "101081", "COMPLIANCE": "Yes" }, "geometry": { "type": "Point", "coordinates": [ -8462483.966700000688434, 4979599.994599997997284 ] } },
{ "type": "Feature", "properties": { "Organizati": "Elkland Twp Sullivan Cnty", "DEP_Client": "Elkland Twp Sullivan Cnty", "DEP_Clie_1": 70892.0, "DEP_Clie_2": "Owner", "SITE_NAME": "Elkland Twp Lf", "Site_ID": 545176.0, "Site_Statu": "Inactive", "Primary_Fa": "Elkland Twp Lf/mw", "Primary__1": 563700.0, "Primary__2": "Inactive", "Sub_Facili": "Mw/lf", "Sub_Faci_1": 544898.0, "Sub_Faci_2": "Dep Abandoned List", "Sub_Faci_3": "Landfill", "Waste_Oper": "Municipal Waste Operation", "Waste_Op_1": "Unavailable", "EPA_ID": "100470", "COMPLIANCE": "Yes" }, "geometry": { "type": "Point", "coordinates": [ -8532919.123400000855327, 5094058.563199996948242 ] } },
{ "type": "Feature", "properties": { "Organizati": "Waste Mgmt Dspl Svc Of Pa Inc", "DEP_Client": "Waste Mgmt Dspl Svc Of Pa Inc", "DEP_Clie_1": 62425.0, "DEP_Clie_2": "Owner", "SITE_NAME": "Waste Mgmt Dspl Svc Of Pa Pottstown Ldfl", "Site_ID": 270756.0, "Site_Statu": "Active", "Primary_Fa": "Waste Mgmt Dspl Svc Of Pa Pottstown Ldfl", "Primary__1": 293355.0, "Primary__2": "Active", "Sub_Facili": "Waste Mgmt Dspl Svc Of Pa Pottstown Ldfl", "Sub_Faci_1": 308781.0, "Sub_Faci_2": "Active", "Sub_Faci_3": "Landfill", "Waste_Oper": "Municipal Waste Operation", "Waste_Op_1": "Unavailable", "EPA_ID": "100549", "COMPLIANCE": "Yes" }, "geometry": { "type": "Point", "coordinates": [ -8422772.816299999132752, 4906309.614900000393391 ] } },
{ "type": "Feature", "properties": { "Organizati": "Unavailable", "DEP_Client": "Berzonsky Peter", "DEP_Clie_1": 16886.0, "DEP_Clie_2": "Owner", "SITE_NAME": "B & B Ldfl", "Site_ID": 240466.0, "Site_Statu": "Inactive", "Primary_Fa": "B & B Landfill", "Primary__1": 243908.0, "Primary__2": "Inactive", "Sub_Facili": "B & B Landfill", "Sub_Faci_1": 211314.0, "Sub_Faci_2": "Inactive", "Sub_Faci_3": "Landfill", "Waste_Oper": "Municipal Waste Operation", "Waste_Op_1": "Unavailable", "EPA_ID": "101211", "COMPLIANCE": "Yes" }, "geometry": { "type": "Point", "coordinates": [ -8767430.328600000590086, 4957918.981899999082088 ] } },
{ "type": "Feature", "properties": { "Organizati": "Lynn Twp Sew Auth Lehigh Cnty", "DEP_Client": "Lynn Twp Sew Auth Lehigh Cnty", "DEP_Clie_1": 63554.0, "DEP_Clie_2": "Owner", "SITE_NAME": "Lynn Twp Ldfl", "Site_ID": 492199.0, "Site_Statu": "Inactive", "Primary_Fa": "Lynn Twp Ldfl", "Primary__1": 520310.0, "Primary__2": "Inactive", "Sub_Facili": "Ldfl", "Sub_Faci_1": 402114.0, "Sub_Faci_2": "Dep Abandoned List", "Sub_Faci_3": "Landfill", "Waste_Oper": "Municipal Waste Operation", "Waste_Op_1": "Unavailable", "EPA_ID": "100099", "COMPLIANCE": "Yes" }, "geometry": { "type": "Point", "coordinates": [ -8437389.8169, 4962607.4695999994874 ] } },
{ "type": "Feature", "properties": { "Organizati": "Alex E Paris Contr Co Inc", "DEP_Client": "Alex E Paris Contr Co Inc", "DEP_Clie_1": 33092.0, "DEP_Clie_2": "Owner", "SITE_NAME": "Paris Flyash Ldfl", "Site_ID": 521850.0, "Site_Statu": "Active", "Primary_Fa": "Paris Fly Ash Closed Rw Ldfl", "Primary__1": 243219.0, "Primary__2": "Inactive", "Sub_Facili": "Closed Landfill", "Sub_Faci_1": 209175.0, "Sub_Faci_2": "Dep Abandoned List", "Sub_Faci_3": "Landfill", "Waste_Oper": "Municipal Waste Operation", "Waste_Op_1": "Unavailable", "EPA_ID": "300595", "COMPLIANCE": "Yes" }, "geometry": { "type": "Point", "coordinates": [ -8953262.955399999395013, 4935603.829300001263618 ] } },
{ "type": "Feature", "properties": { "Organizati": "Cherry Twp Sullivan Cnty", "DEP_Client": "Cherry Twp Sullivan Cnty", "DEP_Clie_1": 53072.0, "DEP_Clie_2": "Owner", "SITE_NAME": "Cherry Twp Dspl Site", "Site_ID": 545170.0, "Site_Statu": "Inactive", "Primary_Fa": "Cherry Twp Dspl Site/mw", "Primary__1": 563697.0, "Primary__2": "Inactive", "Sub_Facili": "Mw/lf", "Sub_Faci_1": 544896.0, "Sub_Faci_2": "Dep Abandoned List", "Sub_Faci_3": "Landfill", "Waste_Oper": "Municipal Waste Operation", "Waste_Op_1": "Unavailable", "EPA_ID": "100469", "COMPLIANCE": "Yes" }, "geometry": { "type": "Point", "coordinates": [ -8498623.443600000813603, 5083186.000699996948242 ] } },
{ "type": "Feature", "properties": { "Organizati": "Northern Tier Swa", "DEP_Client": "Northern Tier Swa", "DEP_Clie_1": 53024.0, "DEP_Clie_2": "Owner", "SITE_NAME": "Tioga Cnty Ldfl", "Site_ID": 237833.0, "Site_Statu": "Active", "Primary_Fa": "Tioga Cnty Ldfl", "Primary__1": 240365.0, "Primary__2": "Active", "Sub_Facili": "Tioga Cnty Ldf", "Sub_Faci_1": 371276.0, "Sub_Faci_2": "Active", "Sub_Faci_3": "Landfill", "Waste_Oper": "Municipal Waste Operation", "Waste_Op_1": "Unavailable", "EPA_ID": "101201", "COMPLIANCE": "Yes" }, "geometry": { "type": "Point", "coordinates": [ -8576331.869400000199676, 5112419.661499999463558 ] } },
{ "type": "Feature", "properties": { "Organizati": "Superior Refuse Dspl Svc", "DEP_Client": "Superior Refuse Dspl Svc", "DEP_Clie_1": 27987.0, "DEP_Clie_2": "Owner", "SITE_NAME": "Superior Ldfl", "Site_ID": 241618.0, "Site_Statu": "Active", "Primary_Fa": "Superior Refuse Disposal Service", "Primary__1": 245477.0, "Primary__2": "Inactive", "Sub_Facili": "Superior Refuse Disposal Service", "Sub_Faci_1": 214950.0, "Sub_Faci_2": "Inactive", "Sub_Faci_3": "Landfill", "Waste_Oper": "Municipal Waste Operation", "Waste_Op_1": "Unavailable", "EPA_ID": "100391", "COMPLIANCE": "Yes" }, "geometry": { "type": "Point", "coordinates": [ -8868452.7665, 5067482.770199999213219 ] } },
{ "type": "Feature", "properties": { "Organizati": "Buffalo Twp Ldfl", "DEP_Client": "Buffalo Twp Ldfl", "DEP_Clie_1": 69706.0, "DEP_Clie_2": "Owner", "SITE_NAME": "Buffalo Ldfl", "Site_ID": 236415.0, "Site_Statu": "Inactive", "Primary_Fa": "Buffalo Landfill", "Primary__1": 238417.0, "Primary__2": "Inactive", "Sub_Facili": "Buffalo Landfill", "Sub_Faci_1": 194900.0, "Sub_Faci_2": "Dep Abandoned List", "Sub_Faci_3": "Landfill", "Waste_Oper": "Municipal Waste Operation", "Waste_Op_1": "Unavailable", "EPA_ID": "100144", "COMPLIANCE": "Yes" }, "geometry": { "type": "Point", "coordinates": [ -8876639.882200000807643, 4965169.63459999859333 ] } },
{ "type": "Feature", "properties": { "Organizati": "Laurel Highlands Ldfl Inc", "DEP_Client": "Laurel Highlands Ldfl Inc", "DEP_Clie_1": 3970.0, "DEP_Clie_2": "Owner", "SITE_NAME": "Laurel Highlands Ldfl", "Site_ID": 85.0, "Site_Statu": "Active", "Primary_Fa": "Laurel Highlands Landfill Mwo", "Primary__1": 104.0, "Primary__2": "Active", "Sub_Facili": "Laurel Highlands Landfill", "Sub_Faci_1": 218.0, "Sub_Faci_2": "Active", "Sub_Faci_3": "Landfill", "Waste_Oper": "Municipal Waste Operation", "Waste_Op_1": "Unavailable", "EPA_ID": "101534", "COMPLIANCE": "Yes" }, "geometry": { "type": "Point", "coordinates": [ -8783518.66579999960959, 4931706.771799996495247 ] } },
{ "type": "Feature", "properties": { "Organizati": "Mount Carmel Muni Auth Northumberland Cnty", "DEP_Client": "Mount Carmel Muni Auth Northumberland Cnty", "DEP_Clie_1": 94508.0, "DEP_Clie_2": "Owner", "SITE_NAME": "Mt Carmel Twp Sani Ldfl", "Site_ID": 239165.0, "Site_Statu": "Inactive", "Primary_Fa": "Mt Carmel Twp Sanitary Ldfl", "Primary__1": 242182.0, "Primary__2": "Inactive", "Sub_Facili": "Mt Carmel Sanitary Ldfl", "Sub_Faci_1": 206705.0, "Sub_Faci_2": "Inactive", "Sub_Faci_3": "Landfill", "Waste_Oper": "Municipal Waste Operation", "Waste_Op_1": "Unavailable", "EPA_ID": "101174", "COMPLIANCE": "Yes" }, "geometry": { "type": "Point", "coordinates": [ -8509880.317900000140071, 4985051.524999998509884 ] } },
{ "type": "Feature", "properties": { "Organizati": "Westwood Energy Prop Lp", "DEP_Client": "Westwood Energy Prop Lp", "DEP_Clie_1": 62553.0, "DEP_Clie_2": "Owner", "SITE_NAME": "Rausch Creek Generation Bank", "Site_ID": 488091.0, "Site_Statu": "Active", "Primary_Fa": "Westwood Generating Sta", "Primary__1": 474369.0, "Primary__2": "Active", "Sub_Facili": "Westwood Generating Sta", "Sub_Faci_1": 334581.0, "Sub_Faci_2": "Active", "Sub_Faci_3": "Landfill", "Waste_Oper": "Municipal Waste Operation", "Waste_Op_1": "Unavailable", "EPA_ID": "300913", "COMPLIANCE": "Yes" }, "geometry": { "type": "Point", "coordinates": [ -8510622.447799999266863, 4956900.427699998021126 ] } },
{ "type": "Feature", "properties": { "Organizati": "Hartley Twp Union Cnty", "DEP_Client": "Hartley Twp Union Cnty", "DEP_Clie_1": 75502.0, "DEP_Clie_2": "Owner", "SITE_NAME": "Hartley Twp Ldfl", "Site_ID": 465348.0, "Site_Statu": "Inactive", "Primary_Fa": "Hartley Township Landfill", "Primary__1": 494592.0, "Primary__2": "Inactive", "Sub_Facili": "Hartley Township Landfill", "Sub_Faci_1": 373169.0, "Sub_Faci_2": "Dep Abandoned List", "Sub_Faci_3": "Landfill", "Waste_Oper": "Municipal Waste Operation", "Waste_Op_1": "Unavailable", "EPA_ID": "100957", "COMPLIANCE": "Yes" }, "geometry": { "type": "Point", "coordinates": [ -8591211.574699999764562, 4999051.184399999678135 ] } },
{ "type": "Feature", "properties": { "Organizati": "Keystone Sani Co Inc", "DEP_Client": "Keystone Sani Co Inc", "DEP_Clie_1": 4561.0, "DEP_Clie_2": "Owner", "SITE_NAME": "Keystone Sani Ldfl", "Site_ID": 248586.0, "Site_Statu": "Inactive", "Primary_Fa": "Keystone Sanitation Landfill", "Primary__1": 254979.0, "Primary__2": "Inactive", "Sub_Facili": "Keystone Sanitation Landfill", "Sub_Faci_1": 239573.0, "Sub_Faci_2": "Inactive", "Sub_Faci_3": "Landfill", "Waste_Oper": "Municipal Waste Operation", "Waste_Op_1": "Unavailable", "EPA_ID": "100001", "COMPLIANCE": "Yes" }, "geometry": { "type": "Point", "coordinates": [ -8575898.96030000038445, 4825698.299099996685982 ] } },
{ "type": "Feature", "properties": { "Organizati": "Guilford Twp Franklin Cnty Sani Ldfl", "DEP_Client": "Guilford Twp Franklin Cnty Sani Ldfl", "DEP_Clie_1": 27730.0, "DEP_Clie_2": "Owner", "SITE_NAME": "Guilford Twp Ldfl", "Site_ID": 486779.0, "Site_Statu": "Inactive", "Primary_Fa": "Guilford Twp Ldf", "Primary__1": 515410.0, "Primary__2": "Inactive", "Sub_Facili": "Guilford Twp Ldf", "Sub_Faci_1": 395886.0, "Sub_Faci_2": "Dep Abandoned List", "Sub_Faci_3": "Landfill", "Waste_Oper": "Municipal Waste Operation", "Waste_Op_1": "Unavailable", "EPA_ID": "100704", "COMPLIANCE": "Yes" }, "geometry": { "type": "Point", "coordinates": [ -8631411.207000000402331, 4846475.937399998307228 ] } },
{ "type": "Feature", "properties": { "Organizati": "Chambers Dev Co Inc", "DEP_Client": "Chambers Dev Co Inc", "DEP_Clie_1": 26392.0, "DEP_Clie_2": "Owner", "SITE_NAME": "Monroeville Ldfl", "Site_ID": 248148.0, "Site_Statu": "Active", "Primary_Fa": "Monroeville Ldfl Mwo", "Primary__1": 254373.0, "Primary__2": "Active", "Sub_Facili": "Monroeville Landfill", "Sub_Faci_1": 238120.0, "Sub_Faci_2": "Active", "Sub_Faci_3": "Landfill", "Waste_Oper": "Municipal Waste Operation", "Waste_Op_1": "Unavailable", "EPA_ID": "100594", "COMPLIANCE": "Yes" }, "geometry": { "type": "Point", "coordinates": [ -8882466.697699999436736, 4925301.796300001442432 ] } },
{ "type": "Feature", "properties": { "Organizati": "Potter Cnty Swa", "DEP_Client": "Potter Cnty Swa", "DEP_Clie_1": 24114.0, "DEP_Clie_2": "Owner", "SITE_NAME": "Potter Cnty Ldfl", "Site_ID": 240629.0, "Site_Statu": "Inactive", "Primary_Fa": "Potter Cnty Ldfl", "Primary__1": 244127.0, "Primary__2": "Inactive", "Sub_Facili": "Potter Cnty Ldfl", "Sub_Faci_1": 211800.0, "Sub_Faci_2": "Inactive", "Sub_Faci_3": "Landfill", "Waste_Oper": "Municipal Waste Operation", "Waste_Op_1": "Unavailable", "EPA_ID": "101084", "COMPLIANCE": "Yes" }, "geometry": { "type": "Point", "coordinates": [ -8661522.201999999582767, 5124474.343000002205372 ] } },
{ "type": "Feature", "properties": { "Organizati": "Clymar Sani Ldfl", "DEP_Client": "Clymar Sani Ldfl", "DEP_Clie_1": 69918.0, "DEP_Clie_2": "Owner", "SITE_NAME": "Clymar Sani Ldfl", "Site_ID": 252004.0, "Site_Statu": "Active", "Primary_Fa": "Clymar Sanitary Landfill", "Primary__1": 260844.0, "Primary__2": "Inactive", "Sub_Facili": "Clymar Sanitary Landfill", "Sub_Faci_1": 252783.0, "Sub_Faci_2": "Inactive", "Sub_Faci_3": "Landfill", "Waste_Oper": "Municipal Waste Operation", "Waste_Op_1": "Unavailable", "EPA_ID": "101019", "COMPLIANCE": "Yes" }, "geometry": { "type": "Point", "coordinates": [ -8471413.249399999156594, 5136876.249399997293949 ] } },
{ "type": "Feature", "properties": { "Organizati": "Marine Rigging Ltd", "DEP_Client": "Marine Rigging Ltd", "DEP_Clie_1": 913.0, "DEP_Clie_2": "Owner", "SITE_NAME": "Reserve Prk Dspl Site", "Site_ID": 240982.0, "Site_Statu": "Active", "Primary_Fa": "Reserve Park Demo Ldfl Mwo", "Primary__1": 244623.0, "Primary__2": "Inactive", "Sub_Facili": "Reserve Park Landfill", "Sub_Faci_1": 213081.0, "Sub_Faci_2": "Dep Abandoned List", "Sub_Faci_3": "Landfill", "Waste_Oper": "Municipal Waste Operation", "Waste_Op_1": "Unavailable", "EPA_ID": "101014", "COMPLIANCE": "Yes" }, "geometry": { "type": "Point", "coordinates": [ -8904208.886900000274181, 4937529.998700000345707 ] } },
{ "type": "Feature", "properties": { "Organizati": "Timco Demolition Ldfl", "DEP_Client": "Timco Demolition Ldfl", "DEP_Clie_1": 69924.0, "DEP_Clie_2": "Owner", "SITE_NAME": "Timco Demolition Ldfl", "Site_ID": 247512.0, "Site_Statu": "Active", "Primary_Fa": "Timco Demolition Landfill", "Primary__1": 253581.0, "Primary__2": "Inactive", "Sub_Facili": "Timco Demolition Landfill", "Sub_Faci_1": 236111.0, "Sub_Faci_2": "Dep Abandoned List", "Sub_Faci_3": "Landfill", "Waste_Oper": "Municipal Waste Operation", "Waste_Op_1": "Unavailable", "EPA_ID": "101080", "COMPLIANCE": "Yes" }, "geometry": { "type": "Point", "coordinates": [ -8549434.94679999910295, 4885190.384900003671646 ] } },
{ "type": "Feature", "properties": { "Organizati": "Bedford Cnty Ldfl Inc", "DEP_Client": "Bedford Cnty Ldfl Inc", "DEP_Clie_1": 34721.0, "DEP_Clie_2": "Owner", "SITE_NAME": "Sandy Run Ldfl", "Site_ID": 451508.0, "Site_Statu": "Active", "Primary_Fa": "Sandy Run Ldfl / Wsi", "Primary__1": 478386.0, "Primary__2": "Inactive", "Sub_Facili": "Sandy Run Ldf", "Sub_Faci_1": 343756.0, "Sub_Faci_2": "Inactive", "Sub_Faci_3": "Landfill", "Waste_Oper": "Municipal Waste Operation", "Waste_Op_1": "Unavailable", "EPA_ID": "101514", "COMPLIANCE": "Yes" }, "geometry": { "type": "Point", "coordinates": [ -8705369.712500000372529, 4885175.096799999475479 ] } },
{ "type": "Feature", "properties": { "Organizati": "Minersville Boro Muni Auth Schuylkill Cnty", "DEP_Client": "Minersville Boro Muni Auth Schuylkill Cnty", "DEP_Clie_1": 70633.0, "DEP_Clie_2": "Owner", "SITE_NAME": "Minersville Boro Ldfl", "Site_ID": 239849.0, "Site_Statu": "Inactive", "Primary_Fa": "Minersville Borough Landfill", "Primary__1": 243081.0, "Primary__2": "Inactive", "Sub_Facili": "Minersville Borough Landfill", "Sub_Faci_1": 208819.0, "Sub_Faci_2": "Dep Abandoned List", "Sub_Faci_3": "Landfill", "Waste_Oper": "Municipal Waste Operation", "Waste_Op_1": "Unavailable", "EPA_ID": "100203", "COMPLIANCE": "Yes" }, "geometry": { "type": "Point", "coordinates": [ -8489161.46309999935329, 4967686.387599997222424 ] } },
{ "type": "Feature", "properties": { "Organizati": "Center Twp Ldfl", "DEP_Client": "Center Twp Ldfl", "DEP_Clie_1": 69889.0, "DEP_Clie_2": "Owner", "SITE_NAME": "Center Twp Ldfl", "Site_ID": 240479.0, "Site_Statu": "Inactive", "Primary_Fa": "Center Twp. Landfill", "Primary__1": 243922.0, "Primary__2": "Inactive", "Sub_Facili": "Center Twp. Landfill", "Sub_Faci_1": 211355.0, "Sub_Faci_2": "Dep Abandoned List", "Sub_Faci_3": "Landfill", "Waste_Oper": "Municipal Waste Operation", "Waste_Op_1": "Unavailable", "EPA_ID": "100853", "COMPLIANCE": "Yes" }, "geometry": { "type": "Point", "coordinates": [ -8935291.125499999150634, 4845447.932800002396107 ] } },
{ "type": "Feature", "properties": { "Organizati": "Lancaster Cnty Swma", "DEP_Client": "Lancaster Cnty Swma", "DEP_Clie_1": 4660.0, "DEP_Clie_2": "Owner", "SITE_NAME": "Cresswell Ldfl", "Site_ID": 248683.0, "Site_Statu": "Active", "Primary_Fa": "Lancaster Area Refuse Auth Landfill", "Primary__1": 255110.0, "Primary__2": "Inactive", "Sub_Facili": "Lancaster Area Refuse Auth Landfill", "Sub_Faci_1": 239803.0, "Sub_Faci_2": "Inactive", "Sub_Faci_3": "Landfill", "Waste_Oper": "Municipal Waste Operation", "Waste_Op_1": "Unavailable", "EPA_ID": "100008", "COMPLIANCE": "Yes" }, "geometry": { "type": "Point", "coordinates": [ -8509663.863299999386072, 4858719.410199999809265 ] } },
{ "type": "Feature", "properties": { "Organizati": "Northeast Snyder Cnty Jt Auth", "DEP_Client": "Northeast Snyder Cnty Jt Auth", "DEP_Clie_1": 35665.0, "DEP_Clie_2": "Owner", "SITE_NAME": "Northeast Snyder Cnty Ldfl", "Site_ID": 253852.0, "Site_Statu": "Inactive", "Primary_Fa": "Northeast Snyder Cnty Ldfl", "Primary__1": 524367.0, "Primary__2": "Inactive", "Sub_Facili": "Mw/lf", "Sub_Faci_1": 407346.0, "Sub_Faci_2": "Dep Abandoned List", "Sub_Faci_3": "Landfill", "Waste_Oper": "Municipal Waste Operation", "Waste_Op_1": "Unavailable", "EPA_ID": "100036", "COMPLIANCE": "No" }, "geometry": { "type": "Point", "coordinates": [ -8555444.003900000825524, 4990200.931599996984005 ] } },
{ "type": "Feature", "properties": { "Organizati": "Unavailable", "DEP_Client": "Ferguson Jeffrey", "DEP_Clie_1": 235775.0, "DEP_Clie_2": "Owner", "SITE_NAME": "Jeffrey Ferguson Prop", "Site_ID": 639224.0, "Site_Statu": "Active", "Primary_Fa": "Jeffrey Ferguson Prop", "Primary__1": 654458.0, "Primary__2": "Active", "Sub_Facili": "Jeffrey Ferguson Prop", "Sub_Faci_1": 805563.0, "Sub_Faci_2": "Active", "Sub_Faci_3": "Landfill", "Waste_Oper": "Municipal Waste Operation", "Waste_Op_1": "Unavailable", "EPA_ID": "NOV 50 04 101", "COMPLIANCE": "Yes" }, "geometry": { "type": "Point", "coordinates": [ -8584959.130000000819564, 4947656.796700000762939 ] } },
{ "type": "Feature", "properties": { "Organizati": "Keystone Sani Ldfl Inc", "DEP_Client": "Keystone Sani Ldfl Inc", "DEP_Clie_1": 74717.0, "DEP_Clie_2": "Owner", "SITE_NAME": "Keystone Sani Ldfl", "Site_ID": 452485.0, "Site_Statu": "Active", "Primary_Fa": "Keystone Ldfl Keystone Site", "Primary__1": 479760.0, "Primary__2": "Inactive", "Sub_Facili": "Keystone Ldfl Keystone Site", "Sub_Faci_1": 347085.0, "Sub_Faci_2": "Inactive", "Sub_Faci_3": "Landfill", "Waste_Oper": "Municipal Waste Operation", "Waste_Op_1": "Unavailable", "EPA_ID": "100803", "COMPLIANCE": "Yes" }, "geometry": { "type": "Point", "coordinates": [ -8416217.335200000554323, 5075232.625600002706051 ] } },
{ "type": "Feature", "properties": { "Organizati": "Leadbetter Ldfl", "DEP_Client": "Leadbetter Ldfl", "DEP_Clie_1": 77114.0, "DEP_Clie_2": "Owner", "SITE_NAME": "Leadbetter Ldfl", "Site_ID": 243125.0, "Site_Statu": "Inactive", "Primary_Fa": "Leadbetter Ldfl", "Primary__1": 247559.0, "Primary__2": "Inactive", "Sub_Facili": "Leadbetter Ldfl", "Sub_Faci_1": 220991.0, "Sub_Faci_2": "Dep Abandoned List", "Sub_Faci_3": "Landfill", "Waste_Oper": "Municipal Waste Operation", "Waste_Op_1": "Unavailable", "EPA_ID": "100309", "COMPLIANCE": "Yes" }, "geometry": { "type": "Point", "coordinates": [ -8829333.06279999949038, 5039516.495099999010563 ] } },
{ "type": "Feature", "properties": { "Organizati": "Kittanning Ldfl", "DEP_Client": "Kittanning Ldfl", "DEP_Clie_1": 78760.0, "DEP_Clie_2": "Owner", "SITE_NAME": "Kittanning Ldfl", "Site_ID": 248228.0, "Site_Statu": "Inactive", "Primary_Fa": "Kittanning Landfill Mwo", "Primary__1": 254482.0, "Primary__2": "Inactive", "Sub_Facili": "Landfill", "Sub_Faci_1": 238378.0, "Sub_Faci_2": "Dep Abandoned List", "Sub_Faci_3": "Landfill", "Waste_Oper": "Municipal Waste Operation", "Waste_Op_1": "Unavailable", "EPA_ID": "101260", "COMPLIANCE": "Yes" }, "geometry": { "type": "Point", "coordinates": [ -8855369.621799999848008, 4993272.473700001835823 ] } },
{ "type": "Feature", "properties": { "Organizati": "Jim Thorpe Boro Carbon Cnty", "DEP_Client": "Jim Thorpe Boro Carbon Cnty", "DEP_Clie_1": 118909.0, "DEP_Clie_2": "Owner", "SITE_NAME": "Jim Thorpe Boro Ldfl", "Site_ID": 2787.0, "Site_Statu": "Active", "Primary_Fa": "Jim Thorpe Boro Ldfl", "Primary__1": 3775.0, "Primary__2": "Inactive", "Sub_Facili": "Jim Thorpe Boro Ldfl", "Sub_Faci_1": 11800.0, "Sub_Faci_2": "Inactive", "Sub_Faci_3": "Landfill", "Waste_Oper": "Municipal Waste Operation", "Waste_Op_1": "Unavailable", "EPA_ID": "100747", "COMPLIANCE": "Yes" }, "geometry": { "type": "Point", "coordinates": [ -8431461.921, 4994760.016400001943111 ] } },
{ "type": "Feature", "properties": { "Organizati": "Blythe Twp Schuylkill Cnty", "DEP_Client": "Blythe Twp Schuylkill Cnty", "DEP_Clie_1": 39471.0, "DEP_Clie_2": "Owner", "SITE_NAME": "Brads Ldfl", "Site_ID": 636694.0, "Site_Statu": "Active", "Primary_Fa": "Brads Ldfl", "Primary__1": 652602.0, "Primary__2": "Active", "Sub_Facili": "Brads Ldfl", "Sub_Faci_1": 802106.0, "Sub_Faci_2": "Proposed Awaiting Auth Decision", "Sub_Faci_3": "Landfill", "Waste_Oper": "Municipal Waste Operation", "Waste_Op_1": "Unavailable", "EPA_ID": "101679", "COMPLIANCE": "No" }, "geometry": { "type": "Point", "coordinates": [ -8477659.509700000286102, 4974026.222000002861023 ] } },
{ "type": "Feature", "properties": { "Organizati": "Montgomery Cnty Ldfl 1", "DEP_Client": "Montgomery Cnty Ldfl 1", "DEP_Clie_1": 91364.0, "DEP_Clie_2": "Owner", "SITE_NAME": "Montgomery Cnty Ldfl 1", "Site_ID": 454256.0, "Site_Statu": "Active", "Primary_Fa": "Montgomery Cnty Ldfl 1", "Primary__1": 481996.0, "Primary__2": "Inactive", "Sub_Facili": "Montgomery Cnty Ldfl 1", "Sub_Faci_1": 352017.0, "Sub_Faci_2": "Inactive", "Sub_Faci_3": "Landfill", "Waste_Oper": "Municipal Waste Operation", "Waste_Op_1": "Unavailable", "EPA_ID": "100355", "COMPLIANCE": "Yes" }, "geometry": { "type": "Point", "coordinates": [ -8385604.475199999287724, 4876847.068099997937679 ] } },
{ "type": "Feature", "properties": { "Organizati": "Greenridge Reclamation Llc", "DEP_Client": "Greenridge Reclamation Llc", "DEP_Clie_1": 155109.0, "DEP_Clie_2": "Owner", "SITE_NAME": "Greenridge Reclamation Ldfl", "Site_ID": 49134.0, "Site_Statu": "Active", "Primary_Fa": "Greenridge Rec Municipal Waste Operation", "Primary__1": 50988.0, "Primary__2": "Active", "Sub_Facili": "Greenridge Reclamation", "Sub_Faci_1": 65084.0, "Sub_Faci_2": "Active", "Sub_Faci_3": "Landfill", "Waste_Oper": "Municipal Waste Operation", "Waste_Op_1": "Unavailable", "EPA_ID": "100281", "COMPLIANCE": "Yes" }, "geometry": { "type": "Point", "coordinates": [ -8858924.1327, 4885185.746399998664856 ] } },
{ "type": "Feature", "properties": { "Organizati": "Amer Recycling Of New York Inc", "DEP_Client": "Amer Recycling Of New York Inc", "DEP_Clie_1": 39653.0, "DEP_Clie_2": "Owner", "SITE_NAME": "Amer Recycling Of Ny", "Site_ID": 261540.0, "Site_Statu": "Inactive", "Primary_Fa": "American Recycling Of New York Inc", "Primary__1": 278866.0, "Primary__2": "Unpermitted Inactive", "Sub_Facili": "American Recycling Of New York Inc", "Sub_Faci_1": 285510.0, "Sub_Faci_2": "Inactive", "Sub_Faci_3": "Landfill", "Waste_Oper": "Municipal Waste Operation", "Waste_Op_1": "Unavailable", "EPA_ID": "101517", "COMPLIANCE": "Yes" }, "geometry": { "type": "Point", "coordinates": [ -8409074.33500000089407, 5048176.426899999380112 ] } },
{ "type": "Feature", "properties": { "Organizati": "Nesquehoning Boro Ldfl", "DEP_Client": "Nesquehoning Boro Ldfl", "DEP_Clie_1": 75306.0, "DEP_Clie_2": "Owner", "SITE_NAME": "Nesquehoning Boro Ldfl", "Site_ID": 451525.0, "Site_Statu": "Inactive", "Primary_Fa": "Nesquehoning Boro Ldfl", "Primary__1": 478419.0, "Primary__2": "Inactive", "Sub_Facili": "Nesquehoning Boro Ldfl", "Sub_Faci_1": 343873.0, "Sub_Faci_2": "Dep Abandoned List", "Sub_Faci_3": "Landfill", "Waste_Oper": "Municipal Waste Operation", "Waste_Op_1": "Unavailable", "EPA_ID": "100098", "COMPLIANCE": "Yes" }, "geometry": { "type": "Point", "coordinates": [ -8440461.934800000861287, 4990438.058399997651577 ] } },
{ "type": "Feature", "properties": { "Organizati": "Westmoreland Sani Ldfl Llc", "DEP_Client": "Westmoreland Sani Ldfl Llc", "DEP_Clie_1": 317513.0, "DEP_Clie_2": "Owner", "SITE_NAME": "Sanitary Landfill", "Site_ID": 239963.0, "Site_Statu": "Active", "Primary_Fa": "Sanitary Landfill Mwo", "Primary__1": 243245.0, "Primary__2": "Active", "Sub_Facili": "Municipal Waste Landfill", "Sub_Faci_1": 209234.0, "Sub_Faci_2": "Active", "Sub_Faci_3": "Landfill", "Waste_Oper": "Municipal Waste Operation", "Waste_Op_1": "Unavailable", "EPA_ID": "100277", "COMPLIANCE": "No" }, "geometry": { "type": "Point", "coordinates": [ -8889589.004300000146031, 4887926.285199999809265 ] } },
{ "type": "Feature", "properties": { "Organizati": "Evergreen Ldfl Inc", "DEP_Client": "Evergreen Ldfl Inc", "DEP_Clie_1": 88327.0, "DEP_Clie_2": "Owner", "SITE_NAME": "Evergreen Ldfl", "Site_ID": 240909.0, "Site_Statu": "Active", "Primary_Fa": "Evergreen Landfill Municipal Waste Operation", "Primary__1": 244519.0, "Primary__2": "Active", "Sub_Facili": "Evergreen Landfill", "Sub_Faci_1": 212762.0, "Sub_Faci_2": "Active", "Sub_Faci_3": "Landfill", "Waste_Oper": "Municipal Waste Operation", "Waste_Op_1": "Unavailable", "EPA_ID": "100434", "COMPLIANCE": "No" }, "geometry": { "type": "Point", "coordinates": [ -8809079.364700000733137, 4937749.52759999781847 ] } },
{ "type": "Feature", "properties": { "Organizati": "Seneca Ldfl Inc", "DEP_Client": "Seneca Ldfl Inc", "DEP_Clie_1": 25747.0, "DEP_Clie_2": "Owner", "SITE_NAME": "Seneca Ldfl", "Site_ID": 524239.0, "Site_Statu": "Active", "Primary_Fa": "Seneca Ldfl", "Primary__1": 4126.0, "Primary__2": "Active", "Sub_Facili": "Seneca Ldfl", "Sub_Faci_1": 12594.0, "Sub_Faci_2": "Active", "Sub_Faci_3": "Landfill", "Waste_Oper": "Municipal Waste Operation", "Waste_Op_1": "Unavailable", "EPA_ID": "100403", "COMPLIANCE": "Yes" }, "geometry": { "type": "Point", "coordinates": [ -8914310.212300000712276, 4984642.95830000191927 ] } },
{ "type": "Feature", "properties": { "Organizati": "Unavailable", "DEP_Client": "Williams Leo M Sr", "DEP_Clie_1": 40204.0, "DEP_Clie_2": "Owner", "SITE_NAME": "Lycoming Supply Demolition 2", "Site_ID": 2750.0, "Site_Statu": "Inactive", "Primary_Fa": "Lycoming Supply Demolition #2", "Primary__1": 3695.0, "Primary__2": "Inactive", "Sub_Facili": "Lycoming Supply Demolition #2", "Sub_Faci_1": 11499.0, "Sub_Faci_2": "Dep Abandoned List", "Sub_Faci_3": "Landfill", "Waste_Oper": "Municipal Waste Operation", "Waste_Op_1": "Unavailable", "EPA_ID": "101073", "COMPLIANCE": "Yes" }, "geometry": { "type": "Point", "coordinates": [ -8514581.092499999329448, 5009480.589400000870228 ] } },
{ "type": "Feature", "properties": { "Organizati": "Phoenix Resources Inc", "DEP_Client": "Phoenix Resources Inc", "DEP_Clie_1": 93217.0, "DEP_Clie_2": "Owner", "SITE_NAME": "Phoenix Resources", "Site_ID": 463098.0, "Site_Statu": "Active", "Primary_Fa": "Phoenix Resources C/d Landfill", "Primary__1": 492646.0, "Primary__2": "Inactive", "Sub_Facili": "Phoenix Resouurces C/d Landfill", "Sub_Faci_1": 372844.0, "Sub_Faci_2": "Inactive", "Sub_Faci_3": "Landfill", "Waste_Oper": "Municipal Waste Operation", "Waste_Op_1": "Non-captive", "EPA_ID": "101649", "COMPLIANCE": "Yes" }, "geometry": { "type": "Point", "coordinates": [ -8602120.884800000116229, 5106129.077399998903275 ] } },
{ "type": "Feature", "properties": { "Organizati": "Chicago Pneumatic Tool Co", "DEP_Client": "Chicago Pneumatic Tool Co", "DEP_Clie_1": 36843.0, "DEP_Clie_2": "Owner", "SITE_NAME": "Chicago Pneumatic Tool Old", "Site_ID": 489354.0, "Site_Statu": "Active", "Primary_Fa": "Chicago Pneumatic Ldfl Mw", "Primary__1": 517835.0, "Primary__2": "Inactive", "Sub_Facili": "Chicago Pneumatic Ldfl Mw", "Sub_Faci_1": 399098.0, "Sub_Faci_2": "Dep Abandoned List", "Sub_Faci_3": "Landfill", "Waste_Oper": "Municipal Waste Operation", "Waste_Op_1": "Unavailable", "EPA_ID": "300998", "COMPLIANCE": "Yes" }, "geometry": { "type": "Point", "coordinates": [ -8887932.137499999254942, 5072012.089000001549721 ] } },
{ "type": "Feature", "properties": { "Organizati": "West Side Ldfl Auth", "DEP_Client": "West Side Ldfl Auth", "DEP_Clie_1": 34275.0, "DEP_Clie_2": "Owner", "SITE_NAME": "West Side Ldfl Auth", "Site_ID": 256140.0, "Site_Statu": "Inactive", "Primary_Fa": "West Side Landfill Authority", "Primary__1": 269020.0, "Primary__2": "Inactive", "Sub_Facili": "West Side Landfill Authority", "Sub_Faci_1": 267415.0, "Sub_Faci_2": "Dep Abandoned List", "Sub_Faci_3": "Landfill", "Waste_Oper": "Municipal Waste Operation", "Waste_Op_1": "Unavailable", "EPA_ID": "101171", "COMPLIANCE": "Yes" }, "geometry": { "type": "Point", "coordinates": [ -8454196.450099999085069, 5049684.806800000369549 ] } },
{ "type": "Feature", "properties": { "Organizati": "Comm Env Sys Lp", "DEP_Client": "Comm Env Sys Lp", "DEP_Clie_1": 92580.0, "DEP_Clie_2": "Owner", "SITE_NAME": "Comm Env Sys Ldfl", "Site_ID": 461340.0, "Site_Statu": "Active", "Primary_Fa": "Comm Env Sys Ldfl", "Primary__1": 490889.0, "Primary__2": "Active", "Sub_Facili": "Comm Env Sys Ldfl", "Sub_Faci_1": 368671.0, "Sub_Faci_2": "Active", "Sub_Faci_3": "Landfill", "Waste_Oper": "Municipal Waste Operation", "Waste_Op_1": "Unavailable", "EPA_ID": "101615", "COMPLIANCE": "Yes" }, "geometry": { "type": "Point", "coordinates": [ -8502026.109300000593066, 4964277.154500000178814 ] } },
{ "type": "Feature", "properties": { "Organizati": "Chrin Bros Demolition Site", "DEP_Client": "Chrin Bros Demolition Site", "DEP_Clie_1": 42951.0, "DEP_Clie_2": "Owner", "SITE_NAME": "Chrin Bros Demolition Site", "Site_ID": 263566.0, "Site_Statu": "Inactive", "Primary_Fa": "Chrin Brothers Demolition Site", "Primary__1": 282786.0, "Primary__2": "Inactive", "Sub_Facili": "Chrin Brothers Demolition Site", "Sub_Faci_1": 293328.0, "Sub_Faci_2": "Inactive", "Sub_Faci_3": "Landfill", "Waste_Oper": "Municipal Waste Operation", "Waste_Op_1": "Unavailable", "EPA_ID": "101160", "COMPLIANCE": "Yes" }, "geometry": { "type": "Point", "coordinates": [ -8374936.357300000265241, 4962605.696199998259544 ] } },
{ "type": "Feature", "properties": { "Organizati": "Northeast Ind Svc Corp", "DEP_Client": "Northeast Ind Svc Corp", "DEP_Clie_1": 9929.0, "DEP_Clie_2": "Owner", "SITE_NAME": "Demo Dspl Site", "Site_ID": 480499.0, "Site_Statu": "Inactive", "Primary_Fa": "Northeast Industrial Demo Site", "Primary__1": 521540.0, "Primary__2": "Inactive", "Sub_Facili": "Landfill", "Sub_Faci_1": 403654.0, "Sub_Faci_2": "Inactive", "Sub_Faci_3": "Landfill", "Waste_Oper": "Municipal Waste Operation", "Waste_Op_1": "Unavailable", "EPA_ID": "101459", "COMPLIANCE": "Yes" }, "geometry": { "type": "Point", "coordinates": [ -8505798.603199999779463, 4978802.325000002980232 ] } },
{ "type": "Feature", "properties": { "Organizati": "Haverford Twp Delaware Cnty", "DEP_Client": "Haverford Twp Delaware Cnty", "DEP_Clie_1": 4728.0, "DEP_Clie_2": "Owner", "SITE_NAME": "Haverford Twp", "Site_ID": 454145.0, "Site_Statu": "Active", "Primary_Fa": "Haverford Twp Demo Waste Lf/class Ii", "Primary__1": 481853.0, "Primary__2": "Inactive", "Sub_Facili": "Haverford Twp Demo Waste Lf/class Ii", "Sub_Faci_1": 351690.0, "Sub_Faci_2": "Inactive", "Sub_Faci_3": "Landfill", "Waste_Oper": "Municipal Waste Operation", "Waste_Op_1": "Unavailable", "EPA_ID": "101245", "COMPLIANCE": "Yes" }, "geometry": { "type": "Point", "coordinates": [ -8386377.527200000360608, 4861906.509199999272823 ] } },
{ "type": "Feature", "properties": { "Organizati": "Grows Ldfl", "DEP_Client": "Grows Ldfl", "DEP_Clie_1": 123636.0, "DEP_Clie_2": "Owner", "SITE_NAME": "Grows Ldfl Waste Mgmt", "Site_ID": 246680.0, "Site_Statu": "Active", "Primary_Fa": "Waste Mgmt Oa Pa-usx Landfill Reiss.", "Primary__1": 252451.0, "Primary__2": "Inactive", "Sub_Facili": "Waste Mgmt Oa Pa-usx Landfill Reiss.", "Sub_Faci_1": 233653.0, "Sub_Faci_2": "Inactive", "Sub_Faci_3": "Landfill", "Waste_Oper": "Municipal Waste Operation", "Waste_Op_1": "Unavailable", "EPA_ID": "101502", "COMPLIANCE": "Yes" }, "geometry": { "type": "Point", "coordinates": [ -8324687.975999999791384, 4887197.520199999213219 ] } },
{ "type": "Feature", "properties": { "Organizati": "York Wrecking Demolition Ldfl", "DEP_Client": "York Wrecking Demolition Ldfl", "DEP_Clie_1": 62093.0, "DEP_Clie_2": "Owner", "SITE_NAME": "York Wrecking Demolition Ldfl", "Site_ID": 246810.0, "Site_Statu": "Active", "Primary_Fa": "York Wrecking Demolition Landfill", "Primary__1": 252621.0, "Primary__2": "Inactive", "Sub_Facili": "York Wrecking Demolition Landfill", "Sub_Faci_1": 233959.0, "Sub_Faci_2": "Inactive", "Sub_Faci_3": "Landfill", "Waste_Oper": "Municipal Waste Operation", "Waste_Op_1": "Unavailable", "EPA_ID": "101258", "COMPLIANCE": "Yes" }, "geometry": { "type": "Point", "coordinates": [ -8555675.919399999082088, 4853638.304200001060963 ] } },
{ "type": "Feature", "properties": { "Organizati": "Greentree Ldfl Llc", "DEP_Client": "Greentree Ldfl Llc", "DEP_Clie_1": 148625.0, "DEP_Clie_2": "Owner", "SITE_NAME": "Greentree Ldfl", "Site_ID": 245233.0, "Site_Statu": "Active", "Primary_Fa": "Advanced Disposal Services Greentree Ldfl", "Primary__1": 250322.0, "Primary__2": "Active", "Sub_Facili": "Advanced Disposal Services Greentree Ldfl", "Sub_Faci_1": 227191.0, "Sub_Faci_2": "Active", "Sub_Faci_3": "Landfill", "Waste_Oper": "Municipal Waste Operation", "Waste_Op_1": "Unavailable", "EPA_ID": "101397", "COMPLIANCE": "Yes" }, "geometry": { "type": "Point", "coordinates": [ -8755216.106699999421835, 5055828.486100003123283 ] } },
{ "type": "Feature", "properties": { "Organizati": "Fr & S Inc", "DEP_Client": "Fr & S Inc", "DEP_Clie_1": 41780.0, "DEP_Clie_2": "Owner", "SITE_NAME": "Pioneer Crossing Landfill", "Site_ID": 463199.0, "Site_Statu": "Active", "Primary_Fa": "Pioneer Crossing Ldfl", "Primary__1": 494650.0, "Primary__2": "Active", "Sub_Facili": "Pioneer Crossing Ldfl", "Sub_Faci_1": 373133.0, "Sub_Faci_2": "Active", "Sub_Faci_3": "Landfill", "Waste_Oper": "Municipal Waste Operation", "Waste_Op_1": "Unavailable", "EPA_ID": "100346", "COMPLIANCE": "No" }, "geometry": { "type": "Point", "coordinates": [ -8439377.9737, 4906188.023000001907349 ] } },
{ "type": "Feature", "properties": { "Organizati": "Weisenberg Twp Lehigh Cnty", "DEP_Client": "Weisenberg Twp Lehigh Cnty", "DEP_Clie_1": 34486.0, "DEP_Clie_2": "Owner", "SITE_NAME": "Weisenberg Twp Ldfl", "Site_ID": 492227.0, "Site_Statu": "Inactive", "Primary_Fa": "Weisenberg Twp Ldfl", "Primary__1": 520329.0, "Primary__2": "Inactive", "Sub_Facili": "Landfill", "Sub_Faci_1": 402140.0, "Sub_Faci_2": "Dep Abandoned List", "Sub_Faci_3": "Landfill", "Waste_Oper": "Municipal Waste Operation", "Waste_Op_1": "Unavailable", "EPA_ID": "100298(L)", "COMPLIANCE": "Yes" }, "geometry": { "type": "Point", "coordinates": [ -8429141.364099999889731, 4954909.875600002706051 ] } },
{ "type": "Feature", "properties": { "Organizati": "Unavailable", "DEP_Client": "Neal Chris Allen", "DEP_Clie_1": 308097.0, "DEP_Clie_2": "Owner", "SITE_NAME": "422 Auto Sales Inc", "Site_ID": 791094.0, "Site_Statu": "Active", "Primary_Fa": "422 Auto Sales Inc", "Primary__1": 784555.0, "Primary__2": "Unpermitted Inactive", "Sub_Facili": "422 Auto Sales Inc", "Sub_Faci_1": 1157804.0, "Sub_Faci_2": "Unpermitted Inactive", "Sub_Faci_3": "Landfill", "Waste_Oper": "Municipal Waste Operation", "Waste_Op_1": "Captive", "EPA_ID": "784553", "COMPLIANCE": "Yes" }, "geometry": { "type": "Point", "coordinates": [ -8524870.093399999663234, 4911785.843099996447563 ] } },
{ "type": "Feature", "properties": { "Organizati": "Unavailable", "DEP_Client": "Wade James", "DEP_Clie_1": 69986.0, "DEP_Clie_2": "Owner", "SITE_NAME": "Wade Dspl Svc", "Site_ID": 240906.0, "Site_Statu": "Inactive", "Primary_Fa": "Wade Disposal Mwo", "Primary__1": 244516.0, "Primary__2": "Inactive", "Sub_Facili": "Wade Landfill", "Sub_Faci_1": 212758.0, "Sub_Faci_2": "Dep Abandoned List", "Sub_Faci_3": "Landfill", "Waste_Oper": "Municipal Waste Operation", "Waste_Op_1": "Unavailable", "EPA_ID": "101161", "COMPLIANCE": "Yes" }, "geometry": { "type": "Point", "coordinates": [ -8870800.265799999237061, 5018955.615800000727177 ] } },
{ "type": "Feature", "properties": { "Organizati": "Delta Trucking & Excav", "DEP_Client": "Delta Trucking & Excav", "DEP_Clie_1": 62166.0, "DEP_Clie_2": "Owner", "SITE_NAME": "Delta Ldfl", "Site_ID": 269592.0, "Site_Statu": "Inactive", "Primary_Fa": "Delta Sanitary Landfill", "Primary__1": 290489.0, "Primary__2": "Inactive", "Sub_Facili": "Delta Sanitary Landfill", "Sub_Faci_1": 303845.0, "Sub_Faci_2": "Inactive", "Sub_Faci_3": "Landfill", "Waste_Oper": "Municipal Waste Operation", "Waste_Op_1": "Unavailable", "EPA_ID": "101023", "COMPLIANCE": "Yes" }, "geometry": { "type": "Point", "coordinates": [ -8699185.296399999409914, 4960975.280199997127056 ] } },
{ "type": "Feature", "properties": { "Organizati": "Cheltenham Twp Montgomery Cnty", "DEP_Client": "Cheltenham Twp Montgomery Cnty", "DEP_Clie_1": 52080.0, "DEP_Clie_2": "Owner", "SITE_NAME": "Cheltenham Twp", "Site_ID": 454138.0, "Site_Statu": "Active", "Primary_Fa": "Cheltenham Township Leaf Disposal", "Primary__1": 481835.0, "Primary__2": "Inactive", "Sub_Facili": "Cheltenham Township Leaf Disposal", "Sub_Faci_1": 351660.0, "Sub_Faci_2": "Dep Abandoned List", "Sub_Faci_3": "Landfill", "Waste_Oper": "Municipal Waste Operation", "Waste_Op_1": "Unavailable", "EPA_ID": "101009", "COMPLIANCE": "Yes" }, "geometry": { "type": "Point", "coordinates": [ -8368651.370200000703335, 4878743.088200002908707 ] } },
{ "type": "Feature", "properties": { "Organizati": "Kennedy Ldfl", "DEP_Client": "Kennedy Ldfl", "DEP_Clie_1": 84025.0, "DEP_Clie_2": "Owner", "SITE_NAME": "Kennedy Ldfl", "Site_ID": 117.0, "Site_Statu": "Inactive", "Primary_Fa": "Kennedy Landfill Mwo", "Primary__1": 146.0, "Primary__2": "Inactive", "Sub_Facili": "Kennedy Landfill", "Sub_Faci_1": 344.0, "Sub_Faci_2": "Dep Abandoned List", "Sub_Faci_3": "Landfill", "Waste_Oper": "Municipal Waste Operation", "Waste_Op_1": "Unavailable", "EPA_ID": "100421", "COMPLIANCE": "Yes" }, "geometry": { "type": "Point", "coordinates": [ -8870124.540999999269843, 4850685.681400001049042 ] } },
{ "type": "Feature", "properties": { "Organizati": "Joseph J Brunner Inc", "DEP_Client": "Joseph J Brunner Inc", "DEP_Clie_1": 66466.0, "DEP_Clie_2": "Owner", "SITE_NAME": "Brunner Ldfl", "Site_ID": 49128.0, "Site_Statu": "Active", "Primary_Fa": "Brunner Landfill New Site #101439", "Primary__1": 245259.0, "Primary__2": "Active", "Sub_Facili": "Closed Landfill", "Sub_Faci_1": 65073.0, "Sub_Faci_2": "Inactive", "Sub_Faci_3": "Landfill", "Waste_Oper": "Municipal Waste Operation", "Waste_Op_1": "Unavailable", "EPA_ID": "101439", "COMPLIANCE": "Yes" }, "geometry": { "type": "Point", "coordinates": [ -8924740.916799999773502, 4971816.702399998903275 ] } },
{ "type": "Feature", "properties": { "Organizati": "Ford City Boro Muni Sew Dspl Auth", "DEP_Client": "Ford City Boro Muni Sew Dspl Auth", "DEP_Clie_1": 64602.0, "DEP_Clie_2": "Owner", "SITE_NAME": "Ford City Ldfl", "Site_ID": 240556.0, "Site_Statu": "Inactive", "Primary_Fa": "Ford City Landfill", "Primary__1": 244017.0, "Primary__2": "Inactive", "Sub_Facili": "Ford City Landfill", "Sub_Faci_1": 211554.0, "Sub_Faci_2": "Dep Abandoned List", "Sub_Faci_3": "Landfill", "Waste_Oper": "Municipal Waste Operation", "Waste_Op_1": "Unavailable", "EPA_ID": "100429", "COMPLIANCE": "Yes" }, "geometry": { "type": "Point", "coordinates": [ -8856691.710899999365211, 4976726.633699998259544 ] } },
{ "type": "Feature", "properties": { "Organizati": "Western Berks Ldfl Acquisition Co Llc", "DEP_Client": "Western Berks Ldfl Acquisition Co Llc", "DEP_Clie_1": 248695.0, "DEP_Clie_2": "Owner", "SITE_NAME": "Western Berks Comm Ldfl & Recycling Ctr/ Birdsboro", "Site_ID": 451623.0, "Site_Statu": "Active", "Primary_Fa": "Western Berks Comm Ldfl & Recycling Ctr Llc", "Primary__1": 495769.0, "Primary__2": "Active", "Sub_Facili": "Western Berks Comm Ldfl & Recycling Ctr Llc", "Sub_Faci_1": 374345.0, "Sub_Faci_2": "Active", "Sub_Faci_3": "Landfill", "Waste_Oper": "Municipal Waste Operation", "Waste_Op_1": "Unavailable", "EPA_ID": "100739", "COMPLIANCE": "Yes" }, "geometry": { "type": "Point", "coordinates": [ -8450077.013599999248981, 4909876.982500001788139 ] } },
{ "type": "Feature", "properties": { "Organizati": "Novak Sani Ldfl", "DEP_Client": "Novak Sani Ldfl", "DEP_Clie_1": 69851.0, "DEP_Clie_2": "Owner", "SITE_NAME": "Novak Sani Ldfl", "Site_ID": 514429.0, "Site_Statu": "Active", "Primary_Fa": "Novak Sani Ldfl", "Primary__1": 256675.0, "Primary__2": "Inactive", "Sub_Facili": "Novak Sani Ldfl", "Sub_Faci_1": 242946.0, "Sub_Faci_2": "Dep Abandoned List", "Sub_Faci_3": "Landfill", "Waste_Oper": "Municipal Waste Operation", "Waste_Op_1": "Unavailable", "EPA_ID": "100534", "COMPLIANCE": "Yes" }, "geometry": { "type": "Point", "coordinates": [ -8411655.858200000599027, 4958655.29559999704361 ] } },
{ "type": "Feature", "properties": { "Organizati": "Lycoming Cnty", "DEP_Client": "Lycoming Cnty", "DEP_Clie_1": 3242.0, "DEP_Clie_2": "Owner", "SITE_NAME": "Lycoming Cnty Resource Mgmt Svc", "Site_ID": 269308.0, "Site_Statu": "Active", "Primary_Fa": "Lycoming Cnty Ldfl", "Primary__1": 244676.0, "Primary__2": "Active", "Sub_Facili": "Lycoming Cnty Ldfl", "Sub_Faci_1": 213212.0, "Sub_Faci_2": "Active", "Sub_Faci_3": "Landfill", "Waste_Oper": "Municipal Waste Operation", "Waste_Op_1": "Unavailable", "EPA_ID": "100963", "COMPLIANCE": "Yes" }, "geometry": { "type": "Point", "coordinates": [ -8562416.9331, 5035107.875 ] } },
{ "type": "Feature", "properties": { "Organizati": "Unavailable", "DEP_Client": "Galloway Sandy", "DEP_Clie_1": 135773.0, "DEP_Clie_2": "Owner", "SITE_NAME": "Galloway Illegal Muni Waste Dump", "Site_ID": 523628.0, "Site_Statu": "Inactive", "Primary_Fa": "Galloway Unp Mwo", "Primary__1": 546974.0, "Primary__2": "Unpermitted Inactive", "Sub_Facili": "Municipal Waste Dump", "Sub_Faci_1": 441258.0, "Sub_Faci_2": "Inactive", "Sub_Faci_3": "Landfill", "Waste_Oper": "Municipal Waste Operation", "Waste_Op_1": "Unavailable", "EPA_ID": "546974", "COMPLIANCE": "Yes" }, "geometry": { "type": "Point", "coordinates": [ -8953012.906999999657273, 4886411.961900003254414 ] } },
{ "type": "Feature", "properties": { "Organizati": "Banks Twp Carbon Cnty Ldfl", "DEP_Client": "Banks Twp Carbon Cnty Ldfl", "DEP_Clie_1": 65335.0, "DEP_Clie_2": "Owner", "SITE_NAME": "Banks Twp Ldfl", "Site_ID": 240106.0, "Site_Statu": "Inactive", "Primary_Fa": "Banks Township Landfill", "Primary__1": 243431.0, "Primary__2": "Inactive", "Sub_Facili": "Banks Township Landfill", "Sub_Faci_1": 209725.0, "Sub_Faci_2": "Dep Abandoned List", "Sub_Faci_3": "Landfill", "Waste_Oper": "Municipal Waste Operation", "Waste_Op_1": "Unavailable", "EPA_ID": "100724", "COMPLIANCE": "Yes" }, "geometry": { "type": "Point", "coordinates": [ -8455130.7577, 5000567.6908999979496 ] } },
{ "type": "Feature", "properties": { "Organizati": "Unavailable", "DEP_Client": "Mullen John Sr", "DEP_Clie_1": 192318.0, "DEP_Clie_2": "Owner", "SITE_NAME": "Mullen Ldfl", "Site_ID": 602439.0, "Site_Statu": "Active", "Primary_Fa": "Mullen Ldfl/mw", "Primary__1": 627463.0, "Primary__2": "Inactive", "Sub_Facili": "Mw/lf", "Sub_Faci_1": 750835.0, "Sub_Faci_2": "Active", "Sub_Faci_3": "Landfill", "Waste_Oper": "Municipal Waste Operation", "Waste_Op_1": "Unavailable", "EPA_ID": "627463", "COMPLIANCE": "Yes" }, "geometry": { "type": "Point", "coordinates": [ -8718573.440999999642372, 5014513.430799998342991 ] } },
{ "type": "Feature", "properties": { "Organizati": "Lansford Boro Carbon Cnty Ldfl", "DEP_Client": "Lansford Boro Carbon Cnty Ldfl", "DEP_Clie_1": 66810.0, "DEP_Clie_2": "Owner", "SITE_NAME": "Lansford Boro Ldfl", "Site_ID": 252553.0, "Site_Statu": "Active", "Primary_Fa": "Lansford Boro Landfill", "Primary__1": 261669.0, "Primary__2": "Inactive", "Sub_Facili": "Lansford Boro Landfill", "Sub_Faci_1": 254489.0, "Sub_Faci_2": "Dep Abandoned List", "Sub_Faci_3": "Landfill", "Waste_Oper": "Municipal Waste Operation", "Waste_Op_1": "Unavailable", "EPA_ID": "100778", "COMPLIANCE": "Yes" }, "geometry": { "type": "Point", "coordinates": [ -8443133.018200000748038, 4989316.241800002753735 ] } },
{ "type": "Feature", "properties": { "Organizati": "West Fallowfield Twp Sani Ldfl", "DEP_Client": "West Fallowfield Twp Sani Ldfl", "DEP_Clie_1": 69870.0, "DEP_Clie_2": "Owner", "SITE_NAME": "W Fallowfield Twp Sani Ldfl", "Site_ID": 455969.0, "Site_Statu": "Inactive", "Primary_Fa": "W Fallowfield Twp Sanitary Landfill", "Primary__1": 484067.0, "Primary__2": "Inactive", "Sub_Facili": "W Fallowfield Twp Sanitary Landfill", "Sub_Faci_1": 357244.0, "Sub_Faci_2": "Dep Abandoned List", "Sub_Faci_3": "Landfill", "Waste_Oper": "Municipal Waste Operation", "Waste_Op_1": "Unavailable", "EPA_ID": "100714", "COMPLIANCE": "Yes" }, "geometry": { "type": "Point", "coordinates": [ -8456681.784600000828505, 4848807.1300999969244 ] } },
{ "type": "Feature", "properties": { "Organizati": "Beaver Cnty Ldfl", "DEP_Client": "Beaver Cnty Ldfl", "DEP_Clie_1": 78280.0, "DEP_Clie_2": "Owner", "SITE_NAME": "Beaver Cnty Ldfl", "Site_ID": 241404.0, "Site_Statu": "Inactive", "Primary_Fa": "Beaver County Landfill", "Primary__1": 245162.0, "Primary__2": "Inactive", "Sub_Facili": "Beaver County Landfill", "Sub_Faci_1": 214264.0, "Sub_Faci_2": "Dep Abandoned List", "Sub_Faci_3": "Landfill", "Waste_Oper": "Municipal Waste Operation", "Waste_Op_1": "Unavailable", "EPA_ID": "100742", "COMPLIANCE": "Yes" }, "geometry": { "type": "Point", "coordinates": [ -8959550.9419, 4976034.464500002563 ] } },
{ "type": "Feature", "properties": { "Organizati": "Unavailable", "DEP_Client": "Schueller Benjamin R", "DEP_Clie_1": 295473.0, "DEP_Clie_2": "Owner", "SITE_NAME": "Ben Schueller Prop", "Site_ID": 678278.0, "Site_Statu": "Inactive", "Primary_Fa": "Ben Schueller Prop", "Primary__1": 752806.0, "Primary__2": "Unpermitted Inactive", "Sub_Facili": "Ben Schueller Prop", "Sub_Faci_1": 1078238.0, "Sub_Faci_2": "Unpermitted Inactive", "Sub_Faci_3": "Landfill", "Waste_Oper": "Municipal Waste Operation", "Waste_Op_1": "Non-captive", "EPA_ID": "752806", "COMPLIANCE": "Yes" }, "geometry": { "type": "Point", "coordinates": [ -8484895.276599999517202, 4934234.433600001037121 ] } },
{ "type": "Feature", "properties": { "Organizati": "Cnty Ldfl Inc", "DEP_Client": "Cnty Ldfl Inc", "DEP_Clie_1": 28034.0, "DEP_Clie_2": "Owner", "SITE_NAME": "Cnty Ldfl", "Site_ID": 236572.0, "Site_Statu": "Active", "Primary_Fa": "County Landfill", "Primary__1": 238644.0, "Primary__2": "Active", "Sub_Facili": "County Landfill", "Sub_Faci_1": 195527.0, "Sub_Faci_2": "Active", "Sub_Faci_3": "Landfill", "Waste_Oper": "Municipal Waste Operation", "Waste_Op_1": "Unavailable", "EPA_ID": "101187", "COMPLIANCE": "Yes" }, "geometry": { "type": "Point", "coordinates": [ -8826336.8925, 5070532.501999996602535 ] } },
{ "type": "Feature", "properties": { "Organizati": "Bwb Inc", "DEP_Client": "Bwb Inc", "DEP_Clie_1": 77248.0, "DEP_Clie_2": "Owner", "SITE_NAME": "Bwb Demo Ldfl Class Iii", "Site_ID": 240066.0, "Site_Statu": "Active", "Primary_Fa": "Bwb Inc/demo Landfill/class Iii", "Primary__1": 243371.0, "Primary__2": "Inactive", "Sub_Facili": "Bwb Inc/demo Landfill/class Iii", "Sub_Faci_1": 209535.0, "Sub_Faci_2": "Inactive", "Sub_Faci_3": "Landfill", "Waste_Oper": "Municipal Waste Operation", "Waste_Op_1": "Unavailable", "EPA_ID": "101191", "COMPLIANCE": "Yes" }, "geometry": { "type": "Point", "coordinates": [ -8552552.789300000295043, 4900596.4070999994874 ] } },
{ "type": "Feature", "properties": { "Organizati": "Waste Mgmt Pa Inc", "DEP_Client": "Waste Mgmt Pa Inc", "DEP_Clie_1": 63452.0, "DEP_Clie_2": "Owner", "SITE_NAME": "River Road Ldfl", "Site_ID": 139.0, "Site_Statu": "Active", "Primary_Fa": "River Rd Ldfl", "Primary__1": 176.0, "Primary__2": "Inactive", "Sub_Facili": "River Rd Ldfl", "Sub_Faci_1": 454.0, "Sub_Faci_2": "Inactive", "Sub_Faci_3": "Landfill", "Waste_Oper": "Municipal Waste Operation", "Waste_Op_1": "Unavailable", "EPA_ID": "100019", "COMPLIANCE": "Yes" }, "geometry": { "type": "Point", "coordinates": [ -8959982.125600000843406, 5051754.862499997019768 ] } },
{ "type": "Feature", "properties": { "Organizati": "Lycoming Supply Inc", "DEP_Client": "Lycoming Supply Inc", "DEP_Clie_1": 52617.0, "DEP_Clie_2": "Owner", "SITE_NAME": "Waymart Demo Dspl Site Lycoming Supply", "Site_ID": 253392.0, "Site_Statu": "Inactive", "Primary_Fa": "Waymart Demolition Dspl Site Lycoming Supply", "Primary__1": 263476.0, "Primary__2": "Inactive", "Sub_Facili": "Waymart Demolition Dspl Site Lycoming Supply", "Sub_Faci_1": 257533.0, "Sub_Faci_2": "Inactive", "Sub_Faci_3": "Landfill", "Waste_Oper": "Municipal Waste Operation", "Waste_Op_1": "Unavailable", "EPA_ID": "101461", "COMPLIANCE": "Yes" }, "geometry": { "type": "Point", "coordinates": [ -8397571.320499999448657, 5096163.630199998617172 ] } },
{ "type": "Feature", "properties": { "Organizati": "Colvan Sani Ldfl Co Inc", "DEP_Client": "Colvan Sani Ldfl Co Inc", "DEP_Clie_1": 69713.0, "DEP_Clie_2": "Owner", "SITE_NAME": "Colvan Ldfl", "Site_ID": 249744.0, "Site_Statu": "Abandoned", "Primary_Fa": "Colvan Ldfl *", "Primary__1": 257034.0, "Primary__2": "Inactive", "Sub_Facili": "Colvan Ldfl", "Sub_Faci_1": 243672.0, "Sub_Faci_2": "Inactive", "Sub_Faci_3": "Landfill", "Waste_Oper": "Municipal Waste Operation", "Waste_Op_1": "Unavailable", "EPA_ID": "100271", "COMPLIANCE": "Yes" }, "geometry": { "type": "Point", "coordinates": [ -8858630.676799999549985, 4924389.201800003647804 ] } },
{ "type": "Feature", "properties": { "Organizati": "Unavailable", "DEP_Client": "Hetrick Richard", "DEP_Clie_1": 34855.0, "DEP_Clie_2": "Owner", "SITE_NAME": "Hetrick Ldfl", "Site_ID": 243611.0, "Site_Statu": "Inactive", "Primary_Fa": "Hetrick Landfill", "Primary__1": 248172.0, "Primary__2": "Inactive", "Sub_Facili": "Hetrick Landfill", "Sub_Faci_1": 222481.0, "Sub_Faci_2": "Inactive", "Sub_Faci_3": "Landfill", "Waste_Oper": "Municipal Waste Operation", "Waste_Op_1": "Unavailable", "EPA_ID": "101232", "COMPLIANCE": "Yes" }, "geometry": { "type": "Point", "coordinates": [ -8808773.150699999183416, 5024641.092699997127056 ] } },
{ "type": "Feature", "properties": { "Organizati": "Scholfield Ldfl", "DEP_Client": "Scholfield Ldfl", "DEP_Clie_1": 61449.0, "DEP_Clie_2": "Owner", "SITE_NAME": "Scholfield Ldfl", "Site_ID": 238951.0, "Site_Statu": "Inactive", "Primary_Fa": "Scholfield Landfill", "Primary__1": 241876.0, "Primary__2": "Inactive", "Sub_Facili": "Scholfield Landfill", "Sub_Faci_1": 205459.0, "Sub_Faci_2": "Inactive", "Sub_Faci_3": "Landfill", "Waste_Oper": "Municipal Waste Operation", "Waste_Op_1": "Unavailable", "EPA_ID": "100935", "COMPLIANCE": "Yes" }, "geometry": { "type": "Point", "coordinates": [ -8833696.347699999809265, 4955148.762100003659725 ] } },
{ "type": "Feature", "properties": { "Organizati": "Deep Valley Coal & Dspl Inc", "DEP_Client": "Deep Valley Coal & Dspl Inc", "DEP_Clie_1": 40725.0, "DEP_Clie_2": "Owner", "SITE_NAME": "Deep Valley Ldfl", "Site_ID": 248172.0, "Site_Statu": "Active", "Primary_Fa": "Deep Valley Disposal", "Primary__1": 254402.0, "Primary__2": "Inactive", "Sub_Facili": "Deep Valley Disposal", "Sub_Faci_1": 238184.0, "Sub_Faci_2": "Dep Abandoned List", "Sub_Faci_3": "Landfill", "Waste_Oper": "Municipal Waste Operation", "Waste_Op_1": "Unavailable", "EPA_ID": "101176", "COMPLIANCE": "Yes" }, "geometry": { "type": "Point", "coordinates": [ -8925379.897299999371171, 4929659.782499998807907 ] } },
{ "type": "Feature", "properties": { "Organizati": "Unavailable", "DEP_Client": "Regan Patrick J", "DEP_Clie_1": 16885.0, "DEP_Clie_2": "Owner", "SITE_NAME": "Carrolltown Ldfl", "Site_ID": 237449.0, "Site_Statu": "Inactive", "Primary_Fa": "Carrolltown Landfill", "Primary__1": 239816.0, "Primary__2": "Inactive", "Sub_Facili": "Carrolltown Landfill", "Sub_Faci_1": 198995.0, "Sub_Faci_2": "Inactive", "Sub_Faci_3": "Landfill", "Waste_Oper": "Municipal Waste Operation", "Waste_Op_1": "Unavailable", "EPA_ID": "100044", "COMPLIANCE": "Yes" }, "geometry": { "type": "Point", "coordinates": [ -8763534.146500000730157, 4953845.400100000202656 ] } },
{ "type": "Feature", "properties": { "Organizati": "Walnut Street Ldfl", "DEP_Client": "Walnut Street Ldfl", "DEP_Clie_1": 69877.0, "DEP_Clie_2": "Owner", "SITE_NAME": "Walnut St Ldfl", "Site_ID": 455696.0, "Site_Statu": "Inactive", "Primary_Fa": "Walnut St Landfill", "Primary__1": 483744.0, "Primary__2": "Inactive", "Sub_Facili": "Walnut St Landfill", "Sub_Faci_1": 356555.0, "Sub_Faci_2": "Dep Abandoned List", "Sub_Faci_3": "Landfill", "Waste_Oper": "Municipal Waste Operation", "Waste_Op_1": "Unavailable", "EPA_ID": "100729", "COMPLIANCE": "Yes" }, "geometry": { "type": "Point", "coordinates": [ -8427302.653799999505281, 4845039.168099999427795 ] } },
{ "type": "Feature", "properties": { "Organizati": "Envirotech Sani Sys Inc", "DEP_Client": "Envirotech Sani Sys Inc", "DEP_Clie_1": 34018.0, "DEP_Clie_2": "Owner", "SITE_NAME": "Envirotech Sani Sys Ldfl", "Site_ID": 256030.0, "Site_Statu": "Inactive", "Primary_Fa": "Envirotech Sanitary Sys Inc Landfill", "Primary__1": 268812.0, "Primary__2": "Unpermitted Inactive", "Sub_Facili": "Envirotech Sanitary Sys Inc Landfill", "Sub_Faci_1": 266925.0, "Sub_Faci_2": "Inactive", "Sub_Faci_3": "Landfill", "Waste_Oper": "Municipal Waste Operation", "Waste_Op_1": "Unavailable", "EPA_ID": "101513", "COMPLIANCE": "Yes" }, "geometry": { "type": "Point", "coordinates": [ -8471413.249399999156594, 5136876.249399997293949 ] } },
{ "type": "Feature", "properties": { "Organizati": "Waste Mgmt Of Pa Inc", "DEP_Client": "Waste Mgmt Of Pa Inc", "DEP_Clie_1": 92382.0, "DEP_Clie_2": "Owner", "SITE_NAME": "Tullytown Resource Recover Facility (Trrf) Landfill", "Site_ID": 454807.0, "Site_Statu": "Active", "Primary_Fa": "Tullytown Resource Recovery Facility", "Primary__1": 482695.0, "Primary__2": "Active", "Sub_Facili": "Tullytown Resource Recovery Facility", "Sub_Faci_1": 392249.0, "Sub_Faci_2": "Active", "Sub_Faci_3": "Landfill", "Waste_Oper": "Municipal Waste Operation", "Waste_Op_1": "Unavailable", "EPA_ID": "101494", "COMPLIANCE": "Yes" }, "geometry": { "type": "Point", "coordinates": [ -8326883.443900000303984, 4885660.440800003707409 ] } },
{ "type": "Feature", "properties": { "Organizati": "Simpson Farm Site Ldfl", "DEP_Client": "Simpson Farm Site Ldfl", "DEP_Clie_1": 70033.0, "DEP_Clie_2": "Owner", "SITE_NAME": "Simpson Farm", "Site_ID": 261526.0, "Site_Statu": "Active", "Primary_Fa": "Simpson Farm Site Landfill", "Primary__1": 278843.0, "Primary__2": "Not Started", "Sub_Facili": "Simpson Farm Site Landfill", "Sub_Faci_1": 285473.0, "Sub_Faci_2": "Inactive", "Sub_Faci_3": "Landfill", "Waste_Oper": "Municipal Waste Operation", "Waste_Op_1": "Unavailable", "EPA_ID": "101292", "COMPLIANCE": "Yes" }, "geometry": { "type": "Point", "coordinates": [ -8389346.04700000025332, 5034532.934900000691414 ] } },
{ "type": "Feature", "properties": { "Organizati": "Mazzaro Coal & Dspl Co", "DEP_Client": "Mazzaro Coal & Dspl Co", "DEP_Clie_1": 65958.0, "DEP_Clie_2": "Owner", "SITE_NAME": "Mazzaro Ldfl", "Site_ID": 4235.0, "Site_Statu": "Active", "Primary_Fa": "Mazarro Landfill Mwo", "Primary__1": 5756.0, "Primary__2": "Inactive", "Sub_Facili": "Mazzaro Landfill Lined Site", "Sub_Faci_1": 17204.0, "Sub_Faci_2": "Dep Abandoned List", "Sub_Faci_3": "Landfill", "Waste_Oper": "Municipal Waste Operation", "Waste_Op_1": "Unavailable", "EPA_ID": "101235", "COMPLIANCE": "Yes" }, "geometry": { "type": "Point", "coordinates": [ -8937855.805099999532104, 4935098.795000001788139 ] } },
{ "type": "Feature", "properties": { "Organizati": "Usa South Hills Ldfl Inc", "DEP_Client": "Usa South Hills Ldfl Inc", "DEP_Clie_1": 33846.0, "DEP_Clie_2": "Owner", "SITE_NAME": "Usa So Hills Ldfl Inc", "Site_ID": 241250.0, "Site_Statu": "Active", "Primary_Fa": "South Hills Landfill Mwo", "Primary__1": 244937.0, "Primary__2": "Active", "Sub_Facili": "South Hills Landfill", "Sub_Faci_1": 213735.0, "Sub_Faci_2": "Active", "Sub_Faci_3": "Landfill", "Waste_Oper": "Municipal Waste Operation", "Waste_Op_1": "Unavailable", "EPA_ID": "100592", "COMPLIANCE": "Yes" }, "geometry": { "type": "Point", "coordinates": [ -8904238.461200000718236, 4905632.794600002467632 ] } },
{ "type": "Feature", "properties": { "Organizati": "Tri Cnty Ind Inc", "DEP_Client": "Tri Cnty Ind Inc", "DEP_Clie_1": 1514.0, "DEP_Clie_2": "Owner", "SITE_NAME": "Tri Cnty Ldfl", "Site_ID": 239595.0, "Site_Statu": "Active", "Primary_Fa": "Tri Cnty Ldfl", "Primary__1": 242739.0, "Primary__2": "Active", "Sub_Facili": "Tri Cnty Ldfl", "Sub_Faci_1": 208086.0, "Sub_Faci_2": "Active", "Sub_Faci_3": "Landfill", "Waste_Oper": "Municipal Waste Operation", "Waste_Op_1": "Unavailable", "EPA_ID": "101295", "COMPLIANCE": "Yes" }, "geometry": { "type": "Point", "coordinates": [ -8920463.706399999558926, 5033465.279600001871586 ] } },
{ "type": "Feature", "properties": { "Organizati": "Kremser Bros", "DEP_Client": "Kremser Bros", "DEP_Clie_1": 78263.0, "DEP_Clie_2": "Owner", "SITE_NAME": "Montoursville Boro Ldfl", "Site_ID": 554093.0, "Site_Statu": "Active", "Primary_Fa": "Montoursville Boro Ldfl/mw", "Primary__1": 570320.0, "Primary__2": "Inactive", "Sub_Facili": "Mw/landfill", "Sub_Faci_1": 567069.0, "Sub_Faci_2": "Dep Abandoned List", "Sub_Faci_3": "Landfill", "Waste_Oper": "Municipal Waste Operation", "Waste_Op_1": "Unavailable", "EPA_ID": "100097", "COMPLIANCE": "Yes" }, "geometry": { "type": "Point", "coordinates": [ -8562630.295499999076128, 5047347.406800001859665 ] } },
{ "type": "Feature", "properties": { "Organizati": "Buck Mtn Ldfl", "DEP_Client": "Buck Mtn Ldfl", "DEP_Clie_1": 69712.0, "DEP_Clie_2": "Owner", "SITE_NAME": "Buck Mtn Ldfl", "Site_ID": 262141.0, "Site_Statu": "Inactive", "Primary_Fa": "Buck Mountain Landfill", "Primary__1": 280493.0, "Primary__2": "Inactive", "Sub_Facili": "Buck Mountain Landfill", "Sub_Faci_1": 288360.0, "Sub_Faci_2": "Dep Abandoned List", "Sub_Faci_3": "Landfill", "Waste_Oper": "Municipal Waste Operation", "Waste_Op_1": "Unavailable", "EPA_ID": "100262", "COMPLIANCE": "Yes" }, "geometry": { "type": "Point", "coordinates": [ -8471406.3476, 4986029.870700001716614 ] } },
{ "type": "Feature", "properties": { "Organizati": "Jmt Knorr Unltd", "DEP_Client": "Jmt Knorr Unltd", "DEP_Clie_1": 160139.0, "DEP_Clie_2": "Owner", "SITE_NAME": "Ww Knorr Demo Dspl", "Site_ID": 4668.0, "Site_Statu": "Inactive", "Primary_Fa": "Ww Knorr Demo Dspl", "Primary__1": 6323.0, "Primary__2": "Active", "Sub_Facili": "Mw/lf", "Sub_Faci_1": 18882.0, "Sub_Faci_2": "Dep Abandoned List", "Sub_Faci_3": "Landfill", "Waste_Oper": "Municipal Waste Operation", "Waste_Op_1": "Unavailable", "EPA_ID": "101056", "COMPLIANCE": "Yes" }, "geometry": { "type": "Point", "coordinates": [ -8494690.74239999987185, 5018211.468699999153614 ] } },
{ "type": "Feature", "properties": { "Organizati": "Republic Svc Of Pa Llc", "DEP_Client": "Republic Svc Of Pa Llc", "DEP_Clie_1": 92781.0, "DEP_Clie_2": "Owner", "SITE_NAME": "Modern Ldfl", "Site_ID": 249052.0, "Site_Statu": "Active", "Primary_Fa": "Modern Landfill", "Primary__1": 255902.0, "Primary__2": "Active", "Sub_Facili": "Modern Landfill", "Sub_Faci_1": 241257.0, "Sub_Faci_2": "Active", "Sub_Faci_3": "Landfill", "Waste_Oper": "Municipal Waste Operation", "Waste_Op_1": "Unavailable", "EPA_ID": "100113", "COMPLIANCE": "Yes" }, "geometry": { "type": "Point", "coordinates": [ -8526423.631100000813603, 4860615.409100003540516 ] } },
{ "type": "Feature", "properties": { "Organizati": "Env & Recycling Svc Inc", "DEP_Client": "Env & Recycling Svc Inc", "DEP_Clie_1": 87938.0, "DEP_Clie_2": "Owner", "SITE_NAME": "Env & Recycling Svc Ldfl", "Site_ID": 575.0, "Site_Statu": "Active", "Primary_Fa": "Env & Recycling Svc Ldfl", "Primary__1": 751.0, "Primary__2": "Active", "Sub_Facili": "Env & Recycling Svc Ldfl", "Sub_Faci_1": 402118.0, "Sub_Faci_2": "Active", "Sub_Faci_3": "Landfill", "Waste_Oper": "Municipal Waste Operation", "Waste_Op_1": "Unavailable", "EPA_ID": "100932", "COMPLIANCE": "Yes" }, "geometry": { "type": "Point", "coordinates": [ -8429575.674100000411272, 4922210.558499999344349 ] } },
{ "type": "Feature", "properties": { "Organizati": "Cridge Inc", "DEP_Client": "Cridge Inc", "DEP_Clie_1": 78036.0, "DEP_Clie_2": "Owner", "SITE_NAME": "Curtis Lake", "Site_ID": 455457.0, "Site_Statu": "Active", "Primary_Fa": "Curtis Lake", "Primary__1": 483465.0, "Primary__2": "Inactive", "Sub_Facili": "Curtis Lake", "Sub_Faci_1": 355823.0, "Sub_Faci_2": "Inactive", "Sub_Faci_3": "Landfill", "Waste_Oper": "Municipal Waste Operation", "Waste_Op_1": "Unavailable", "EPA_ID": "101051", "COMPLIANCE": "Yes" }, "geometry": { "type": "Point", "coordinates": [ -8325770.248999999836087, 4893753.013899996876717 ] } },
{ "type": "Feature", "properties": { "Organizati": "Bells Sani Ldfl", "DEP_Client": "Bells Sani Ldfl", "DEP_Clie_1": 71946.0, "DEP_Clie_2": "Owner", "SITE_NAME": "Bell Sani Ldfl", "Site_ID": 258457.0, "Site_Statu": "Inactive", "Primary_Fa": "Bell Sani Ldfl", "Primary__1": 273029.0, "Primary__2": "Inactive", "Sub_Facili": "Bell Sani Ldfl", "Sub_Faci_1": 275792.0, "Sub_Faci_2": "Dep Abandoned List", "Sub_Faci_3": "Landfill", "Waste_Oper": "Municipal Waste Operation", "Waste_Op_1": "Unavailable", "EPA_ID": "101018", "COMPLIANCE": "Yes" }, "geometry": { "type": "Point", "coordinates": [ -8503508.606699999421835, 5103866.716899998486042 ] } },
{ "type": "Feature", "properties": { "Organizati": "Adv Dspl Svc Inc", "DEP_Client": "Adv Dspl Svc Inc", "DEP_Clie_1": 116741.0, "DEP_Clie_2": "Owner", "SITE_NAME": "Lancaster Ldfl", "Site_ID": 248972.0, "Site_Statu": "Active", "Primary_Fa": "Lancaster Ldfl", "Primary__1": 255617.0, "Primary__2": "Active", "Sub_Facili": "Lancaster Ldfl", "Sub_Faci_1": 240817.0, "Sub_Faci_2": "Active", "Sub_Faci_3": "Landfill", "Waste_Oper": "Municipal Waste Operation", "Waste_Op_1": "Non-captive", "EPA_ID": "101559", "COMPLIANCE": "No" }, "geometry": { "type": "Point", "coordinates": [ -8519002.331700000911951, 4890677.056000001728535 ] } },
{ "type": "Feature", "properties": { "Organizati": "Pine Grove Ldfl Inc", "DEP_Client": "Pine Grove Ldfl Inc", "DEP_Clie_1": 2241.0, "DEP_Clie_2": "Owner", "SITE_NAME": "Pine Grove Ldfl", "Site_ID": 257082.0, "Site_Statu": "Active", "Primary_Fa": "Pine Grove Ldfl", "Primary__1": 270635.0, "Primary__2": "Active", "Sub_Facili": "Pine Grove Ldfl", "Sub_Faci_1": 270742.0, "Sub_Faci_2": "Active", "Sub_Faci_3": "Landfill", "Waste_Oper": "Municipal Waste Operation", "Waste_Op_1": "Unavailable", "EPA_ID": "101427", "COMPLIANCE": "Yes" }, "geometry": { "type": "Point", "coordinates": [ -8506355.2007, 4949203.581500001251698 ] } },
{ "type": "Feature", "properties": { "Organizati": "Pine Grove Twp Schuylkill Cnty", "DEP_Client": "Pine Grove Twp Schuylkill Cnty", "DEP_Clie_1": 189330.0, "DEP_Clie_2": "Owner", "SITE_NAME": "Pine Grove Twp Ldfl", "Site_ID": 257104.0, "Site_Statu": "Inactive", "Primary_Fa": "Pine Grove Twp Ldfl", "Primary__1": 270688.0, "Primary__2": "Inactive", "Sub_Facili": "Pine Grove Twp Ldfl", "Sub_Faci_1": 270855.0, "Sub_Faci_2": "Dep Abandoned List", "Sub_Faci_3": "Landfill", "Waste_Oper": "Municipal Waste Operation", "Waste_Op_1": "Unavailable", "EPA_ID": "100397", "COMPLIANCE": "Yes" }, "geometry": { "type": "Point", "coordinates": [ -8510914.667700000107288, 4945508.465000003576279 ] } },
{ "type": "Feature", "properties": { "Organizati": "Unavailable", "DEP_Client": "Unavailable", "DEP_Clie_1": 0.0, "DEP_Clie_2": "Owner", "SITE_NAME": "East Penn Twp Ldfl", "Site_ID": 616228.0, "Site_Statu": "Abandoned", "Primary_Fa": "East Penn Twp Ldfl", "Primary__1": 637375.0, "Primary__2": "Inactive", "Sub_Facili": "East Penn Twp Ldfl", "Sub_Faci_1": 771105.0, "Sub_Faci_2": "Abandoned", "Sub_Faci_3": "Landfill", "Waste_Oper": "Municipal Waste Operation", "Waste_Op_1": "Unavailable", "EPA_ID": "2-013 100781", "COMPLIANCE": "Yes" }, "geometry": { "type": "Point", "coordinates": [ -8434427.129000000655651, 4980502.859099999070168 ] } },
{ "type": "Feature", "properties": { "Organizati": "Unavailable", "DEP_Client": "Unavailable", "DEP_Clie_1": 0.0, "DEP_Clie_2": "Owner", "SITE_NAME": "East Stroudsburg Dump", "Site_ID": 615848.0, "Site_Statu": "Abandoned", "Primary_Fa": "East Stroudsburg", "Primary__1": 636995.0, "Primary__2": "Inactive", "Sub_Facili": "East Stroudsburg", "Sub_Faci_1": 770725.0, "Sub_Faci_2": "Abandoned", "Sub_Faci_3": "Landfill", "Waste_Oper": "Municipal Waste Operation", "Waste_Op_1": "Unavailable", "EPA_ID": "2-096", "COMPLIANCE": "Yes" }, "geometry": { "type": "Point", "coordinates": [ -8369204.767200000584126, 5010360.206299997866154 ] } },
{ "type": "Feature", "properties": { "Organizati": "Unavailable", "DEP_Client": "Unavailable", "DEP_Clie_1": 0.0, "DEP_Clie_2": "Owner", "SITE_NAME": "East Union Twp Dump", "Site_ID": 616006.0, "Site_Statu": "Abandoned", "Primary_Fa": "East Union Twp Dump", "Primary__1": 637153.0, "Primary__2": "Inactive", "Sub_Facili": "East Union Twp Dump", "Sub_Faci_1": 770883.0, "Sub_Faci_2": "Abandoned", "Sub_Faci_3": "Landfill", "Waste_Oper": "Municipal Waste Operation", "Waste_Op_1": "Unavailable", "EPA_ID": "2-134 100536", "COMPLIANCE": "Yes" }, "geometry": { "type": "Point", "coordinates": [ -8472999.205800000578165, 4996905.785400003194809 ] } },
{ "type": "Feature", "properties": { "Organizati": "Unavailable", "DEP_Client": "Unavailable", "DEP_Clie_1": 0.0, "DEP_Clie_2": "Owner", "SITE_NAME": "Eberle Tanning Ldfl", "Site_ID": 616308.0, "Site_Statu": "Abandoned", "Primary_Fa": "Eberle Tanning Co. Landfill", "Primary__1": 637455.0, "Primary__2": "Inactive", "Sub_Facili": "Eberle Tanning Co. Landfill", "Sub_Faci_1": 771185.0, "Sub_Faci_2": "Abandoned", "Sub_Faci_3": "Landfill", "Waste_Oper": "Municipal Waste Operation", "Waste_Op_1": "Unavailable", "EPA_ID": "4-058", "COMPLIANCE": "Yes" }, "geometry": { "type": "Point", "coordinates": [ -8631067.663100000470877, 5147477.48309999704361 ] } },
{ "type": "Feature", "properties": { "Organizati": "Unavailable", "DEP_Client": "Unavailable", "DEP_Clie_1": 0.0, "DEP_Clie_2": "Owner", "SITE_NAME": "Edward H Cassar", "Site_ID": 616439.0, "Site_Statu": "Abandoned", "Primary_Fa": "Edward H. Cassar", "Primary__1": 637586.0, "Primary__2": "Inactive", "Sub_Facili": "Edward H. Cassar", "Sub_Faci_1": 771316.0, "Sub_Faci_2": "Abandoned", "Sub_Faci_3": "Landfill", "Waste_Oper": "Municipal Waste Operation", "Waste_Op_1": "Unavailable", "EPA_ID": "1-513", "COMPLIANCE": "Yes" }, "geometry": { "type": "Point", "coordinates": [ -8361054.198400000110269, 4865399.41330000013113 ] } },
{ "type": "Feature", "properties": { "Organizati": "Unavailable", "DEP_Client": "Unavailable", "DEP_Clie_1": 0.0, "DEP_Clie_2": "Owner", "SITE_NAME": "Ej Korvette", "Site_ID": 616178.0, "Site_Statu": "Abandoned", "Primary_Fa": "E. J. Korvette, Inc.", "Primary__1": 637325.0, "Primary__2": "Inactive", "Sub_Facili": "E. J. Korvette, Inc.", "Sub_Faci_1": 771055.0, "Sub_Faci_2": "Abandoned", "Sub_Faci_3": "Landfill", "Waste_Oper": "Municipal Waste Operation", "Waste_Op_1": "Unavailable", "EPA_ID": "1-334 300056", "COMPLIANCE": "Yes" }, "geometry": { "type": "Point", "coordinates": [ -8366848.764399999752641, 4878807.3772 ] } },
{ "type": "Feature", "properties": { "Organizati": "Unavailable", "DEP_Client": "Unavailable", "DEP_Clie_1": 0.0, "DEP_Clie_2": "Owner", "SITE_NAME": "Elizabethtown Ldfl", "Site_ID": 450683.0, "Site_Statu": "Active", "Primary_Fa": "Elizabethtown Landfill", "Primary__1": 477279.0, "Primary__2": "Inactive", "Sub_Facili": "Elizabethtown Landfill", "Sub_Faci_1": 340575.0, "Sub_Faci_2": "Dep Abandoned List", "Sub_Faci_3": "Landfill", "Waste_Oper": "Municipal Waste Operation", "Waste_Op_1": "Unavailable", "EPA_ID": "100094", "COMPLIANCE": "Yes" }, "geometry": { "type": "Point", "coordinates": [ -8527976.225600000470877, 4885143.428900003433228 ] } },
{ "type": "Feature", "properties": { "Organizati": "Unavailable", "DEP_Client": "Unavailable", "DEP_Clie_1": 0.0, "DEP_Clie_2": "Owner", "SITE_NAME": "End Prop", "Site_ID": 616440.0, "Site_Statu": "Abandoned", "Primary_Fa": "End Property", "Primary__1": 637587.0, "Primary__2": "Inactive", "Sub_Facili": "End Property", "Sub_Faci_1": 771317.0, "Sub_Faci_2": "Abandoned", "Sub_Faci_3": "Landfill", "Waste_Oper": "Municipal Waste Operation", "Waste_Op_1": "Unavailable", "EPA_ID": "1-517", "COMPLIANCE": "Yes" }, "geometry": { "type": "Point", "coordinates": [ -8369893.058700000867248, 4878080.791500002145767 ] } },
{ "type": "Feature", "properties": { "Organizati": "Unavailable", "DEP_Client": "Unavailable", "DEP_Clie_1": 0.0, "DEP_Clie_2": "Owner", "SITE_NAME": "Ernie Gilbert Ldfl", "Site_ID": 616425.0, "Site_Statu": "Abandoned", "Primary_Fa": "Ernie Gilbert Landfill", "Primary__1": 637572.0, "Primary__2": "Inactive", "Sub_Facili": "Ernie Gilbert Landfill", "Sub_Faci_1": 771302.0, "Sub_Faci_2": "Abandoned", "Sub_Faci_3": "Landfill", "Waste_Oper": "Municipal Waste Operation", "Waste_Op_1": "Unavailable", "EPA_ID": "3-014 100342", "COMPLIANCE": "Yes" }, "geometry": { "type": "Point", "coordinates": [ -8418590.821399999782443, 4920878.275200001895428 ] } },
{ "type": "Feature", "properties": { "Organizati": "Unavailable", "DEP_Client": "Unavailable", "DEP_Clie_1": 0.0, "DEP_Clie_2": "Owner", "SITE_NAME": "Evansburg Water", "Site_ID": 616033.0, "Site_Statu": "Abandoned", "Primary_Fa": "Evansburg Water Co.", "Primary__1": 637180.0, "Primary__2": "Inactive", "Sub_Facili": "Evansburg Water Co.", "Sub_Faci_1": 770910.0, "Sub_Faci_2": "Abandoned", "Sub_Faci_3": "Landfill", "Waste_Oper": "Municipal Waste Operation", "Waste_Op_1": "Unavailable", "EPA_ID": "1-507", "COMPLIANCE": "Yes" }, "geometry": { "type": "Point", "coordinates": [ -8404861.887399999424815, 4897407.083499997854233 ] } },
{ "type": "Feature", "properties": { "Organizati": "Unavailable", "DEP_Client": "Unavailable", "DEP_Clie_1": 0.0, "DEP_Clie_2": "Owner", "SITE_NAME": "Eynon Sani Ldfl", "Site_ID": 616455.0, "Site_Statu": "Abandoned", "Primary_Fa": "Eynon Sani Ldfl", "Primary__1": 637602.0, "Primary__2": "Inactive", "Sub_Facili": "Eynon Sani Ldfl", "Sub_Faci_1": 771332.0, "Sub_Faci_2": "Abandoned", "Sub_Faci_3": "Landfill", "Waste_Oper": "Municipal Waste Operation", "Waste_Op_1": "Unavailable", "EPA_ID": "2-027 100463", "COMPLIANCE": "Yes" }, "geometry": { "type": "Point", "coordinates": [ -8411071.146500000730157, 5088288.409500002861023 ] } },
{ "type": "Feature", "properties": { "Organizati": "Unavailable", "DEP_Client": "Unavailable", "DEP_Clie_1": 0.0, "DEP_Clie_2": "Owner", "SITE_NAME": "F & R Dspl Ldfl", "Site_ID": 616108.0, "Site_Statu": "Abandoned", "Primary_Fa": "F & R Dspl Ldfl", "Primary__1": 637255.0, "Primary__2": "Inactive", "Sub_Facili": "F & R Dspl Ldfl", "Sub_Faci_1": 770985.0, "Sub_Faci_2": "Abandoned", "Sub_Faci_3": "Landfill", "Waste_Oper": "Municipal Waste Operation", "Waste_Op_1": "Unavailable", "EPA_ID": "6-054 100027", "COMPLIANCE": "Yes" }, "geometry": { "type": "Point", "coordinates": [ -8862901.248099999502301, 5101581.177699998021126 ] } },
{ "type": "Feature", "properties": { "Organizati": "Unavailable", "DEP_Client": "Unavailable", "DEP_Clie_1": 0.0, "DEP_Clie_2": "Owner", "SITE_NAME": "Faidley Ldfl", "Site_ID": 616213.0, "Site_Statu": "Abandoned", "Primary_Fa": "Faidley Landfill", "Primary__1": 637360.0, "Primary__2": "Unpermitted Inactive", "Sub_Facili": "Faidley Landfill", "Sub_Faci_1": 771090.0, "Sub_Faci_2": "Abandoned", "Sub_Faci_3": "Landfill", "Waste_Oper": "Municipal Waste Operation", "Waste_Op_1": "Unavailable", "EPA_ID": "5-071", "COMPLIANCE": "Yes" }, "geometry": { "type": "Point", "coordinates": [ -8847759.005000000819564, 4870955.454099997878075 ] } },
{ "type": "Feature", "properties": { "Organizati": "Unavailable", "DEP_Client": "Unavailable", "DEP_Clie_1": 0.0, "DEP_Clie_2": "Owner", "SITE_NAME": "Falls Twp Dump", "Site_ID": 616270.0, "Site_Statu": "Abandoned", "Primary_Fa": "Falls Twp Dump", "Primary__1": 637417.0, "Primary__2": "Inactive", "Sub_Facili": "Falls Twp Dump", "Sub_Faci_1": 771147.0, "Sub_Faci_2": "Abandoned", "Sub_Faci_3": "Landfill", "Waste_Oper": "Municipal Waste Operation", "Waste_Op_1": "Unavailable", "EPA_ID": "2-200 100455", "COMPLIANCE": "Yes" }, "geometry": { "type": "Point", "coordinates": [ -8447686.600700000301003, 5080607.398500002920628 ] } },
{ "type": "Feature", "properties": { "Organizati": "Unavailable", "DEP_Client": "Unavailable", "DEP_Clie_1": 0.0, "DEP_Clie_2": "Owner", "SITE_NAME": "Fed Lab Indiana Plt", "Site_ID": 616095.0, "Site_Statu": "Abandoned", "Primary_Fa": "Federal Labortories", "Primary__1": 637242.0, "Primary__2": "Inactive", "Sub_Facili": "Federal Labortories", "Sub_Faci_1": 770972.0, "Sub_Faci_2": "Abandoned", "Sub_Faci_3": "Landfill", "Waste_Oper": "Municipal Waste Operation", "Waste_Op_1": "Unavailable", "EPA_ID": "5-156", "COMPLIANCE": "Yes" }, "geometry": { "type": "Point", "coordinates": [ -8836808.880899999290705, 4936541.619400002062321 ] } },
{ "type": "Feature", "properties": { "Organizati": "Unavailable", "DEP_Client": "Unavailable", "DEP_Clie_1": 0.0, "DEP_Clie_2": "Owner", "SITE_NAME": "Fell Twp Dump", "Site_ID": 616243.0, "Site_Statu": "Abandoned", "Primary_Fa": "Fell Twp Dump", "Primary__1": 637390.0, "Primary__2": "Inactive", "Sub_Facili": "Fell Twp Dump", "Sub_Faci_1": 771120.0, "Sub_Faci_2": "Abandoned", "Sub_Faci_3": "Landfill", "Waste_Oper": "Municipal Waste Operation", "Waste_Op_1": "Unavailable", "EPA_ID": "2-028 100461", "COMPLIANCE": "Yes" }, "geometry": { "type": "Point", "coordinates": [ -8403466.714099999517202, 5103959.252599999308586 ] } },
{ "type": "Feature", "properties": { "Organizati": "Unavailable", "DEP_Client": "Unavailable", "DEP_Clie_1": 0.0, "DEP_Clie_2": "Owner", "SITE_NAME": "Fleck Ind", "Site_ID": 616039.0, "Site_Statu": "Abandoned", "Primary_Fa": "Fleck Industries", "Primary__1": 637186.0, "Primary__2": "Inactive", "Sub_Facili": "Fleck Industries", "Sub_Faci_1": 770916.0, "Sub_Faci_2": "Abandoned", "Sub_Faci_3": "Landfill", "Waste_Oper": "Municipal Waste Operation", "Waste_Op_1": "Unavailable", "EPA_ID": "1-347 300284", "COMPLIANCE": "Yes" }, "geometry": { "type": "Point", "coordinates": [ -8360560.109999999403954, 4889343.014899998903275 ] } },
{ "type": "Feature", "properties": { "Organizati": "Unavailable", "DEP_Client": "Unavailable", "DEP_Clie_1": 0.0, "DEP_Clie_2": "Owner", "SITE_NAME": "Ford Motor", "Site_ID": 615911.0, "Site_Statu": "Abandoned", "Primary_Fa": "Ford Motor Co.", "Primary__1": 637058.0, "Primary__2": "Inactive", "Sub_Facili": "Ford Motor Co.", "Sub_Faci_1": 770788.0, "Sub_Faci_2": "Abandoned", "Sub_Faci_3": "Landfill", "Waste_Oper": "Municipal Waste Operation", "Waste_Op_1": "Unavailable", "EPA_ID": "1-240", "COMPLIANCE": "Yes" }, "geometry": { "type": "Point", "coordinates": [ -8390230.461799999698997, 4842679.809399999678135 ] } },
{ "type": "Feature", "properties": { "Organizati": "Unavailable", "DEP_Client": "Unavailable", "DEP_Clie_1": 0.0, "DEP_Clie_2": "Owner", "SITE_NAME": "Fox Twp Dspl", "Site_ID": 616170.0, "Site_Statu": "Abandoned", "Primary_Fa": "Fox Township Disposal", "Primary__1": 637317.0, "Primary__2": "Inactive", "Sub_Facili": "Fox Township Disposal", "Sub_Faci_1": 771047.0, "Sub_Faci_2": "Abandoned", "Sub_Faci_3": "Landfill", "Waste_Oper": "Municipal Waste Operation", "Waste_Op_1": "Unavailable", "EPA_ID": "6-062 100369", "COMPLIANCE": "Yes" }, "geometry": { "type": "Point", "coordinates": [ -8750631.045499999076128, 5059063.363600000739098 ] } },
{ "type": "Feature", "properties": { "Organizati": "Unavailable", "DEP_Client": "Unavailable", "DEP_Clie_1": 0.0, "DEP_Clie_2": "Owner", "SITE_NAME": "Fox Twp Ldfl", "Site_ID": 616378.0, "Site_Statu": "Abandoned", "Primary_Fa": "Fox Twp Landfill", "Primary__1": 637525.0, "Primary__2": "Inactive", "Sub_Facili": "Fox Twp Landfill", "Sub_Faci_1": 771255.0, "Sub_Faci_2": "Abandoned", "Sub_Faci_3": "Landfill", "Waste_Oper": "Municipal Waste Operation", "Waste_Op_1": "Unavailable", "EPA_ID": "4-154 100473", "COMPLIANCE": "Yes" }, "geometry": { "type": "Point", "coordinates": [ -8654971.668299999088049, 5093128.909699998795986 ] } },
{ "type": "Feature", "properties": { "Organizati": "Unavailable", "DEP_Client": "Unavailable", "DEP_Clie_1": 0.0, "DEP_Clie_2": "Owner", "SITE_NAME": "Zerbe Twp Ldfl", "Site_ID": 616351.0, "Site_Statu": "Abandoned", "Primary_Fa": "Zerbe Twp Landfill", "Primary__1": 637498.0, "Primary__2": "Inactive", "Sub_Facili": "Zerbe Twp Landfill", "Sub_Faci_1": 771228.0, "Sub_Faci_2": "Abandoned", "Sub_Faci_3": "Landfill", "Waste_Oper": "Municipal Waste Operation", "Waste_Op_1": "Unavailable", "EPA_ID": "4-145 100041", "COMPLIANCE": "Yes" }, "geometry": { "type": "Point", "coordinates": [ -8536365.08, 4977924.490000002086163 ] } },
{ "type": "Feature", "properties": { "Organizati": "Unavailable", "DEP_Client": "Unavailable", "DEP_Clie_1": 0.0, "DEP_Clie_2": "Owner", "SITE_NAME": "Zimmerman Ldfl", "Site_ID": 615944.0, "Site_Statu": "Abandoned", "Primary_Fa": "Zimmerman Landfill", "Primary__1": 637091.0, "Primary__2": "Inactive", "Sub_Facili": "Zimmerman Landfill", "Sub_Faci_1": 770821.0, "Sub_Faci_2": "Abandoned", "Sub_Faci_3": "Landfill", "Waste_Oper": "Municipal Waste Operation", "Waste_Op_1": "Unavailable", "EPA_ID": "3-112 100183", "COMPLIANCE": "Yes" }, "geometry": { "type": "Point", "coordinates": [ -8615113.400100000202656, 4944735.968199998140335 ] } },
{ "type": "Feature", "properties": { "Organizati": "Unavailable", "DEP_Client": "Varischetti Frank", "DEP_Clie_1": 84612.0, "DEP_Clie_2": "Owner", "SITE_NAME": "Luzier Sani Svc Ldfl 2", "Site_ID": 2739.0, "Site_Statu": "Inactive", "Primary_Fa": "Luzier Sani Svc Ldfl 2", "Primary__1": 3678.0, "Primary__2": "Inactive", "Sub_Facili": "Luzier Sani Svc Ldfl 2", "Sub_Faci_1": 11427.0, "Sub_Faci_2": "Inactive", "Sub_Faci_3": "Landfill", "Waste_Oper": "Municipal Waste Operation", "Waste_Op_1": "Unavailable", "EPA_ID": "100970", "COMPLIANCE": "Yes" }, "geometry": { "type": "Point", "coordinates": [ -8733756.182700000703335, 5021072.654600001871586 ] } },
{ "type": "Feature", "properties": { "Organizati": "Unavailable", "DEP_Client": "Varvel William", "DEP_Clie_1": 313027.0, "DEP_Clie_2": "Owner", "SITE_NAME": "William Varvel Prop", "Site_ID": 784147.0, "Site_Statu": "Inactive", "Primary_Fa": "William Varvel Prop", "Primary__1": 777119.0, "Primary__2": "Unpermitted Inactive", "Sub_Facili": "William Varvel Prop", "Sub_Faci_1": 1137652.0, "Sub_Faci_2": "Unpermitted Inactive", "Sub_Faci_3": "Landfill", "Waste_Oper": "Municipal Waste Operation", "Waste_Op_1": "Non-captive", "EPA_ID": "777119", "COMPLIANCE": "Yes" }, "geometry": { "type": "Point", "coordinates": [ -8520732.236600000411272, 4938057.3037 ] } },
{ "type": "Feature", "properties": { "Organizati": "Unavailable", "DEP_Client": "Wachs Samuel", "DEP_Clie_1": 9063.0, "DEP_Clie_2": "Owner", "SITE_NAME": "Wachs Ldfl", "Site_ID": 240897.0, "Site_Statu": "Inactive", "Primary_Fa": "Wach's Lf", "Primary__1": 244507.0, "Primary__2": "Inactive", "Sub_Facili": "Wach's Lf", "Sub_Faci_1": 212743.0, "Sub_Faci_2": "Inactive", "Sub_Faci_3": "Landfill", "Waste_Oper": "Municipal Waste Operation", "Waste_Op_1": "Unavailable", "EPA_ID": "101034", "COMPLIANCE": "Yes" }, "geometry": { "type": "Point", "coordinates": [ -8880265.00139999948442, 4900798.946400001645088 ] } },
{ "type": "Feature", "properties": { "Organizati": "Unavailable", "DEP_Client": "Weiss Theodore H", "DEP_Clie_1": 39613.0, "DEP_Clie_2": "Owner", "SITE_NAME": "Weiss Demolition Ldfl", "Site_ID": 250853.0, "Site_Statu": "Active", "Primary_Fa": "Weiss Demolition Fill", "Primary__1": 258608.0, "Primary__2": "Inactive", "Sub_Facili": "Weiss Demolition Fill", "Sub_Faci_1": 248478.0, "Sub_Faci_2": "Inactive", "Sub_Faci_3": "Landfill", "Waste_Oper": "Municipal Waste Operation", "Waste_Op_1": "Unavailable", "EPA_ID": "101317", "COMPLIANCE": "Yes" }, "geometry": { "type": "Point", "coordinates": [ -8910352.186000000685453, 5172012.417199999094009 ] } },
{ "type": "Feature", "properties": { "Organizati": "Unavailable", "DEP_Client": "Williams Douglas T", "DEP_Clie_1": 62153.0, "DEP_Clie_2": "Owner", "SITE_NAME": "Williams Garden Ctr", "Site_ID": 250469.0, "Site_Statu": "Inactive", "Primary_Fa": "Williams Garden Ctr", "Primary__1": 258084.0, "Primary__2": "Inactive", "Sub_Facili": "Williams Garden Ctr", "Sub_Faci_1": 247249.0, "Sub_Faci_2": "Inactive", "Sub_Faci_3": "Landfill", "Waste_Oper": "Municipal Waste Operation", "Waste_Op_1": "Unavailable", "EPA_ID": "101248", "COMPLIANCE": "Yes" }, "geometry": { "type": "Point", "coordinates": [ -8407590.074699999764562, 5056322.375299997627735 ] } },
{ "type": "Feature", "properties": { "Organizati": "Unavailable", "DEP_Client": "Williams Leo M Sr", "DEP_Clie_1": 40204.0, "DEP_Clie_2": "Owner", "SITE_NAME": "Lycoming Supply Demolition Debris Si", "Site_ID": 3007.0, "Site_Statu": "Inactive", "Primary_Fa": "Lycoming Supply Demolition Debris Si", "Primary__1": 4055.0, "Primary__2": "Inactive", "Sub_Facili": "Demolition Landfill", "Sub_Faci_1": 12484.0, "Sub_Faci_2": "Inactive", "Sub_Faci_3": "Landfill", "Waste_Oper": "Municipal Waste Operation", "Waste_Op_1": "Unavailable", "EPA_ID": "100994", "COMPLIANCE": "Yes" }, "geometry": { "type": "Point", "coordinates": [ -8560221.465399999171495, 5015046.202500000596046 ] } },
{ "type": "Feature", "properties": { "Organizati": "Unavailable", "DEP_Client": "Witmer Dick", "DEP_Clie_1": 9039.0, "DEP_Clie_2": "Owner", "SITE_NAME": "D&w Ldfl", "Site_ID": 554662.0, "Site_Statu": "Active", "Primary_Fa": "D&w Ldfl/mw", "Primary__1": 570732.0, "Primary__2": "Inactive", "Sub_Facili": "Mw/landfill", "Sub_Faci_1": 568054.0, "Sub_Faci_2": "Dep Abandoned List", "Sub_Faci_3": "Landfill", "Waste_Oper": "Municipal Waste Operation", "Waste_Op_1": "Unavailable", "EPA_ID": "570732", "COMPLIANCE": "Yes" }, "geometry": { "type": "Point", "coordinates": [ -8540830.228499999269843, 5046104.008500002324581 ] } },
{ "type": "Feature", "properties": { "Organizati": "Unavailable", "DEP_Client": "Zeisloft Delmar R", "DEP_Clie_1": 62487.0, "DEP_Clie_2": "Owner", "SITE_NAME": "Zeisloft Const Dspl Fac", "Site_ID": 259002.0, "Site_Statu": "Inactive", "Primary_Fa": "Zeisloft Const Co Disp Fac", "Primary__1": 273808.0, "Primary__2": "Inactive", "Sub_Facili": "Zeisloft Const Co Disp Fac", "Sub_Faci_1": 276996.0, "Sub_Faci_2": "Dep Abandoned List", "Sub_Faci_3": "Landfill", "Waste_Oper": "Municipal Waste Operation", "Waste_Op_1": "Unavailable", "EPA_ID": "101067", "COMPLIANCE": "Yes" }, "geometry": { "type": "Point", "coordinates": [ -8515072.753699999302626, 5012757.130500003695488 ] } },
{ "type": "Feature", "properties": { "Organizati": "Quincy Twp Franklin Cnty", "DEP_Client": "Quincy Twp Franklin Cnty", "DEP_Clie_1": 34864.0, "DEP_Clie_2": "Owner", "SITE_NAME": "Quincy Twp", "Site_ID": 269543.0, "Site_Statu": "Inactive", "Primary_Fa": "Quincy Township Sanitary Landfill", "Primary__1": 290430.0, "Primary__2": "Inactive", "Sub_Facili": "Quincy Township Sanitary Landfill", "Sub_Faci_1": 303718.0, "Sub_Faci_2": "Dep Abandoned List", "Sub_Faci_3": "Landfill", "Waste_Oper": "Municipal Waste Operation", "Waste_Op_1": "Unavailable", "EPA_ID": "100142", "COMPLIANCE": "Yes" }, "geometry": { "type": "Point", "coordinates": [ -8634099.078400000929832, 4840072.165700003504753 ] } },
{ "type": "Feature", "properties": { "Organizati": "Richard C Hammond Demolition Site", "DEP_Client": "Richard C Hammond Demolition Site", "DEP_Clie_1": 50961.0, "DEP_Clie_2": "Owner", "SITE_NAME": "Richard C Hammond Demolition Site", "Site_ID": 260811.0, "Site_Statu": "Inactive", "Primary_Fa": "Richard C Hammond Demolition Site", "Primary__1": 276783.0, "Primary__2": "Inactive", "Sub_Facili": "Richard C Hammond Demolition Site", "Sub_Faci_1": 282031.0, "Sub_Faci_2": "Dep Abandoned List", "Sub_Faci_3": "Landfill", "Waste_Oper": "Municipal Waste Operation", "Waste_Op_1": "Unavailable", "EPA_ID": "101055", "COMPLIANCE": "Yes" }, "geometry": { "type": "Point", "coordinates": [ -8374214.524700000882149, 5011727.555699996650219 ] } },
{ "type": "Feature", "properties": { "Organizati": "Richhill Twp Ldfl", "DEP_Client": "Richhill Twp Ldfl", "DEP_Clie_1": 34494.0, "DEP_Clie_2": "Owner", "SITE_NAME": "Richhill Twp Ldfl", "Site_ID": 240828.0, "Site_Statu": "Inactive", "Primary_Fa": "Richhill Twp. Landfill", "Primary__1": 244424.0, "Primary__2": "Inactive", "Sub_Facili": "Richhill Twp. Landfill", "Sub_Faci_1": 212596.0, "Sub_Faci_2": "Dep Abandoned List", "Sub_Faci_3": "Landfill", "Waste_Oper": "Municipal Waste Operation", "Waste_Op_1": "Unavailable", "EPA_ID": "100661", "COMPLIANCE": "Yes" }, "geometry": { "type": "Point", "coordinates": [ -8957033.8969, 4852447.801600001752377 ] } },
{ "type": "Feature", "properties": { "Organizati": "Unavailable", "DEP_Client": "Unavailable", "DEP_Clie_1": 0.0, "DEP_Clie_2": "Owner", "SITE_NAME": "Frackville Boro Ldfl", "Site_ID": 616231.0, "Site_Statu": "Abandoned", "Primary_Fa": "Frackville Boro Ldfl", "Primary__1": 637378.0, "Primary__2": "Inactive", "Sub_Facili": "Frackville Boro Ldfl", "Sub_Faci_1": 771108.0, "Sub_Faci_2": "Abandoned", "Sub_Faci_3": "Landfill", "Waste_Oper": "Municipal Waste Operation", "Waste_Op_1": "Unavailable", "EPA_ID": "2-133 100622", "COMPLIANCE": "Yes" }, "geometry": { "type": "Point", "coordinates": [ -8486618.789799999445677, 4981297.596100002527237 ] } },
{ "type": "Feature", "properties": { "Organizati": "Unavailable", "DEP_Client": "Unavailable", "DEP_Clie_1": 0.0, "DEP_Clie_2": "Owner", "SITE_NAME": "Frailey Twp Ldfl", "Site_ID": 616059.0, "Site_Statu": "Abandoned", "Primary_Fa": "Frailey Twp Ldfl", "Primary__1": 637206.0, "Primary__2": "Inactive", "Sub_Facili": "Frailey Twp Ldfl", "Sub_Faci_1": 770936.0, "Sub_Faci_2": "Abandoned", "Sub_Faci_3": "Landfill", "Waste_Oper": "Municipal Waste Operation", "Waste_Op_1": "Unavailable", "EPA_ID": "2-128", "COMPLIANCE": "Yes" }, "geometry": { "type": "Point", "coordinates": [ -8513643.9123, 4957265.726000003516674 ] } },
{ "type": "Feature", "properties": { "Organizati": "Unavailable", "DEP_Client": "Unavailable", "DEP_Clie_1": 0.0, "DEP_Clie_2": "Owner", "SITE_NAME": "Francis Davis Ldfl", "Site_ID": 616779.0, "Site_Statu": "Abandoned", "Primary_Fa": "Francis Davis Landfill", "Primary__1": 637926.0, "Primary__2": "Inactive", "Sub_Facili": "Francis Davis Landfill", "Sub_Faci_1": 771656.0, "Sub_Faci_2": "Abandoned", "Sub_Faci_3": "Landfill", "Waste_Oper": "Municipal Waste Operation", "Waste_Op_1": "Unavailable", "EPA_ID": "4-022 100381", "COMPLIANCE": "Yes" }, "geometry": { "type": "Point", "coordinates": [ -8729102.409499999135733, 4989289.370300002396107 ] } },
{ "type": "Feature", "properties": { "Organizati": "Unavailable", "DEP_Client": "Unavailable", "DEP_Clie_1": 0.0, "DEP_Clie_2": "Owner", "SITE_NAME": "Franklin Twp Dump", "Site_ID": 616602.0, "Site_Statu": "Abandoned", "Primary_Fa": "Franklin Twp. Dump", "Primary__1": 637749.0, "Primary__2": "Inactive", "Sub_Facili": "Franklin Twp. Dump", "Sub_Faci_1": 771479.0, "Sub_Faci_2": "Abandoned", "Sub_Faci_3": "Landfill", "Waste_Oper": "Municipal Waste Operation", "Waste_Op_1": "Unavailable", "EPA_ID": "1-131", "COMPLIANCE": "Yes" }, "geometry": { "type": "Point", "coordinates": [ -8442489.044199999421835, 4828473.777400001883507 ] } },
{ "type": "Feature", "properties": { "Organizati": "Unavailable", "DEP_Client": "Unavailable", "DEP_Clie_1": 0.0, "DEP_Clie_2": "Owner", "SITE_NAME": "Frazer Twp Fire Dept Dspl Site", "Site_ID": 616321.0, "Site_Statu": "Abandoned", "Primary_Fa": "Frazer Twp Fire Dept", "Primary__1": 637468.0, "Primary__2": "Unpermitted Inactive", "Sub_Facili": "Frazer Twp Fire Dept", "Sub_Faci_1": 771198.0, "Sub_Faci_2": "Abandoned", "Sub_Faci_3": "Landfill", "Waste_Oper": "Municipal Waste Operation", "Waste_Op_1": "Unavailable", "EPA_ID": "5-005", "COMPLIANCE": "Yes" }, "geometry": { "type": "Point", "coordinates": [ -8882547.527200000360608, 4950559.815800003707409 ] } },
{ "type": "Feature", "properties": { "Organizati": "Unavailable", "DEP_Client": "Unavailable", "DEP_Clie_1": 0.0, "DEP_Clie_2": "Owner", "SITE_NAME": "Fryburg Ldfl", "Site_ID": 616066.0, "Site_Statu": "Abandoned", "Primary_Fa": "Fryburg Landfill", "Primary__1": 637213.0, "Primary__2": "Inactive", "Sub_Facili": "Fryburg Landfill", "Sub_Faci_1": 770943.0, "Sub_Faci_2": "Abandoned", "Sub_Faci_3": "Landfill", "Waste_Oper": "Municipal Waste Operation", "Waste_Op_1": "Unavailable", "EPA_ID": "6-126 100966", "COMPLIANCE": "Yes" }, "geometry": { "type": "Point", "coordinates": [ -8847473.411800000816584, 5059469.528200000524521 ] } },
{ "type": "Feature", "properties": { "Organizati": "Unavailable", "DEP_Client": "Unavailable", "DEP_Clie_1": 0.0, "DEP_Clie_2": "Owner", "SITE_NAME": "G & Wh Corson", "Site_ID": 616110.0, "Site_Statu": "Abandoned", "Primary_Fa": "G And W H Corson Inc.", "Primary__1": 637257.0, "Primary__2": "Inactive", "Sub_Facili": "G And W H Corson Inc.", "Sub_Faci_1": 770987.0, "Sub_Faci_2": "Abandoned", "Sub_Faci_3": "Landfill", "Waste_Oper": "Municipal Waste Operation", "Waste_Op_1": "Unavailable", "EPA_ID": "1-331 300425", "COMPLIANCE": "Yes" }, "geometry": { "type": "Point", "coordinates": [ -8375723.7324, 4881608.771600000560284 ] } },
{ "type": "Feature", "properties": { "Organizati": "Unavailable", "DEP_Client": "Unavailable", "DEP_Clie_1": 0.0, "DEP_Clie_2": "Owner", "SITE_NAME": "Gen Tire & Rubber Jeannette", "Site_ID": 616311.0, "Site_Statu": "Abandoned", "Primary_Fa": "General Tire And Rubber Co", "Primary__1": 637458.0, "Primary__2": "Inactive", "Sub_Facili": "General Tire And Rubber Co", "Sub_Faci_1": 771188.0, "Sub_Faci_2": "Abandoned", "Sub_Faci_3": "Landfill", "Waste_Oper": "Municipal Waste Operation", "Waste_Op_1": "Unavailable", "EPA_ID": "5-147", "COMPLIANCE": "Yes" }, "geometry": { "type": "Point", "coordinates": [ -8862399.627000000327826, 4913328.76690000295639 ] } },
{ "type": "Feature", "properties": { "Organizati": "Unavailable", "DEP_Client": "Unavailable", "DEP_Clie_1": 0.0, "DEP_Clie_2": "Owner", "SITE_NAME": "George Martin Fill", "Site_ID": 616284.0, "Site_Statu": "Abandoned", "Primary_Fa": "George Martin Fill", "Primary__1": 637431.0, "Primary__2": "Inactive", "Sub_Facili": "George Martin Fill", "Sub_Faci_1": 771161.0, "Sub_Faci_2": "Abandoned", "Sub_Faci_3": "Landfill", "Waste_Oper": "Municipal Waste Operation", "Waste_Op_1": "Unavailable", "EPA_ID": "4-023 100383", "COMPLIANCE": "Yes" }, "geometry": { "type": "Point", "coordinates": [ -8722327.3816, 4986477.556699998676777 ] } },
{ "type": "Feature", "properties": { "Organizati": "Unavailable", "DEP_Client": "Unavailable", "DEP_Clie_1": 0.0, "DEP_Clie_2": "Owner", "SITE_NAME": "Georges Hill Rd", "Site_ID": 616810.0, "Site_Statu": "Abandoned", "Primary_Fa": "Georges Hill Rd", "Primary__1": 637957.0, "Primary__2": "Inactive", "Sub_Facili": "Georges Hill Rd", "Sub_Faci_1": 771687.0, "Sub_Faci_2": "Abandoned", "Sub_Faci_3": "Landfill", "Waste_Oper": "Municipal Waste Operation", "Waste_Op_1": "Unavailable", "EPA_ID": "1-462", "COMPLIANCE": "Yes" }, "geometry": { "type": "Point", "coordinates": [ -8373706.431600000709295, 4863819.259800001978874 ] } },
{ "type": "Feature", "properties": { "Organizati": "Unavailable", "DEP_Client": "Unavailable", "DEP_Clie_1": 0.0, "DEP_Clie_2": "Owner", "SITE_NAME": "Gibbs Demo Dumping Site", "Site_ID": 616050.0, "Site_Statu": "Abandoned", "Primary_Fa": "Gibbs Demo Dumping Site", "Primary__1": 637197.0, "Primary__2": "Inactive", "Sub_Facili": "Gibbs Demo Dumping Site", "Sub_Faci_1": 770927.0, "Sub_Faci_2": "Abandoned", "Sub_Faci_3": "Landfill", "Waste_Oper": "Municipal Waste Operation", "Waste_Op_1": "Unavailable", "EPA_ID": "6-122 100390", "COMPLIANCE": "Yes" }, "geometry": { "type": "Point", "coordinates": [ -8961525.994000000879169, 5041691.497699998319149 ] } },
{ "type": "Feature", "properties": { "Organizati": "Unavailable", "DEP_Client": "Unavailable", "DEP_Clie_1": 0.0, "DEP_Clie_2": "Owner", "SITE_NAME": "Gifford Pinchot State Park", "Site_ID": 616247.0, "Site_Statu": "Abandoned", "Primary_Fa": "Gifford Pinchot State Park", "Primary__1": 637394.0, "Primary__2": "Inactive", "Sub_Facili": "Gifford Pinchot State Park", "Sub_Faci_1": 771124.0, "Sub_Faci_2": "Abandoned", "Sub_Faci_3": "Landfill", "Waste_Oper": "Municipal Waste Operation", "Waste_Op_1": "Unavailable", "EPA_ID": "3-078 100607", "COMPLIANCE": "Yes" }, "geometry": { "type": "Point", "coordinates": [ -8559097.973400000482798, 4878440.090499997138977 ] } },
{ "type": "Feature", "properties": { "Organizati": "Unavailable", "DEP_Client": "Unavailable", "DEP_Clie_1": 0.0, "DEP_Clie_2": "Owner", "SITE_NAME": "Girard Dump", "Site_ID": 615968.0, "Site_Statu": "Abandoned", "Primary_Fa": "Girard Dump", "Primary__1": 637115.0, "Primary__2": "Inactive", "Sub_Facili": "Girard Dump", "Sub_Faci_1": 770845.0, "Sub_Faci_2": "Abandoned", "Sub_Faci_3": "Landfill", "Waste_Oper": "Municipal Waste Operation", "Waste_Op_1": "Unavailable", "EPA_ID": "6-027 100331", "COMPLIANCE": "Yes" }, "geometry": { "type": "Point", "coordinates": [ -8944571.2347, 5161140.766400001943111 ] } },
{ "type": "Feature", "properties": { "Organizati": "Unavailable", "DEP_Client": "Unavailable", "DEP_Clie_1": 0.0, "DEP_Clie_2": "Owner", "SITE_NAME": "Glascow Mccoy Quarry", "Site_ID": 616804.0, "Site_Statu": "Abandoned", "Primary_Fa": "Glascow Inc. [Mccoy Quarry]", "Primary__1": 637951.0, "Primary__2": "Inactive", "Sub_Facili": "Glascow Inc. [Mccoy Quarry]", "Sub_Faci_1": 771681.0, "Sub_Faci_2": "Abandoned", "Sub_Faci_3": "Landfill", "Waste_Oper": "Municipal Waste Operation", "Waste_Op_1": "Unavailable", "EPA_ID": "1-294", "COMPLIANCE": "Yes" }, "geometry": { "type": "Point", "coordinates": [ -8388087.332800000905991, 4877781.722300000488758 ] } },
{ "type": "Feature", "properties": { "Organizati": "Unavailable", "DEP_Client": "Unavailable", "DEP_Clie_1": 0.0, "DEP_Clie_2": "Owner", "SITE_NAME": "Glassport Boro Dspl Site", "Site_ID": 615935.0, "Site_Statu": "Abandoned", "Primary_Fa": "Glassport Dump", "Primary__1": 637082.0, "Primary__2": "Unpermitted Inactive", "Sub_Facili": "Glassport Dump", "Sub_Faci_1": 770812.0, "Sub_Faci_2": "Abandoned", "Sub_Faci_3": "Landfill", "Waste_Oper": "Municipal Waste Operation", "Waste_Op_1": "Unavailable", "EPA_ID": "5-032", "COMPLIANCE": "Yes" }, "geometry": { "type": "Point", "coordinates": [ -8892725.239399999380112, 4912041.12219999730587 ] } },
{ "type": "Feature", "properties": { "Organizati": "Unavailable", "DEP_Client": "Unavailable", "DEP_Clie_1": 0.0, "DEP_Clie_2": "Owner", "SITE_NAME": "Glendon Village Ldfl", "Site_ID": 616074.0, "Site_Statu": "Abandoned", "Primary_Fa": "Glendon Village Ldfl", "Primary__1": 637221.0, "Primary__2": "Inactive", "Sub_Facili": "Glendon Village Ldfl", "Sub_Faci_1": 770951.0, "Sub_Faci_2": "Abandoned", "Sub_Faci_3": "Landfill", "Waste_Oper": "Municipal Waste Operation", "Waste_Op_1": "Unavailable", "EPA_ID": "2-143", "COMPLIANCE": "Yes" }, "geometry": { "type": "Point", "coordinates": [ -8471724.347200000658631, 4987122.162799999117851 ] } },
{ "type": "Feature", "properties": { "Organizati": "Unavailable", "DEP_Client": "Unavailable", "DEP_Clie_1": 0.0, "DEP_Clie_2": "Owner", "SITE_NAME": "Gradyville Midnight Dumping", "Site_ID": 615926.0, "Site_Statu": "Abandoned", "Primary_Fa": "Gradyville Midnight Dumping", "Primary__1": 637073.0, "Primary__2": "Inactive", "Sub_Facili": "Gradyville Midnight Dumping", "Sub_Faci_1": 770803.0, "Sub_Faci_2": "Abandoned", "Sub_Faci_3": "Landfill", "Waste_Oper": "Municipal Waste Operation", "Waste_Op_1": "Unavailable", "EPA_ID": "1-242", "COMPLIANCE": "Yes" }, "geometry": { "type": "Point", "coordinates": [ -8391774.3147, 4861663.939099997282028 ] } },
{ "type": "Feature", "properties": { "Organizati": "Unavailable", "DEP_Client": "Unavailable", "DEP_Clie_1": 0.0, "DEP_Clie_2": "Owner", "SITE_NAME": "Granite Hosery Mill", "Site_ID": 616211.0, "Site_Statu": "Abandoned", "Primary_Fa": "Granite Hosery Mill, Inc.", "Primary__1": 637358.0, "Primary__2": "Inactive", "Sub_Facili": "Granite Hosery Mill, Inc.", "Sub_Faci_1": 771088.0, "Sub_Faci_2": "Abandoned", "Sub_Faci_3": "Landfill", "Waste_Oper": "Municipal Waste Operation", "Waste_Op_1": "Unavailable", "EPA_ID": "1-302 300250", "COMPLIANCE": "Yes" }, "geometry": { "type": "Point", "coordinates": [ -8385175.793099999427795, 4911212.016199998557568 ] } },
{ "type": "Feature", "properties": { "Organizati": "Unavailable", "DEP_Client": "Unavailable", "DEP_Clie_1": 0.0, "DEP_Clie_2": "Owner", "SITE_NAME": "Grief Bros Cooperage Corp Dspl Site", "Site_ID": 616460.0, "Site_Statu": "Abandoned", "Primary_Fa": "Grief Bros Cooperage Corp", "Primary__1": 637607.0, "Primary__2": "Inactive", "Sub_Facili": "Grief Bros Cooperage Corp", "Sub_Faci_1": 771337.0, "Sub_Faci_2": "Abandoned", "Sub_Faci_3": "Landfill", "Waste_Oper": "Municipal Waste Operation", "Waste_Op_1": "Unavailable", "EPA_ID": "5-103", "COMPLIANCE": "Yes" }, "geometry": { "type": "Point", "coordinates": [ -8899016.930400000885129, 4896143.726800002157688 ] } },
{ "type": "Feature", "properties": { "Organizati": "Unavailable", "DEP_Client": "Unavailable", "DEP_Clie_1": 0.0, "DEP_Clie_2": "Owner", "SITE_NAME": "Hamburg Dump", "Site_ID": 616419.0, "Site_Statu": "Abandoned", "Primary_Fa": "Hamburg Dump", "Primary__1": 637566.0, "Primary__2": "Inactive", "Sub_Facili": "Hamburg Dump", "Sub_Faci_1": 771296.0, "Sub_Faci_2": "Abandoned", "Sub_Faci_3": "Landfill", "Waste_Oper": "Municipal Waste Operation", "Waste_Op_1": "Unavailable", "EPA_ID": "3-137", "COMPLIANCE": "Yes" }, "geometry": { "type": "Point", "coordinates": [ -8457737.241699999198318, 4947904.607699997723103 ] } },
{ "type": "Feature", "properties": { "Organizati": "W Site Ldfl", "DEP_Client": "W Site Ldfl", "DEP_Clie_1": 70311.0, "DEP_Clie_2": "Owner", "SITE_NAME": "Procter & Gamble Paper Prod Mehoopany Plt", "Site_ID": 237269.0, "Site_Statu": "Active", "Primary_Fa": "W Site Ldfl", "Primary__1": 239568.0, "Primary__2": "Not Started", "Sub_Facili": "W Site Ldfl", "Sub_Faci_1": 198074.0, "Sub_Faci_2": "Inactive", "Sub_Faci_3": "Landfill", "Waste_Oper": "Municipal Waste Operation", "Waste_Op_1": "Unavailable", "EPA_ID": "300596", "COMPLIANCE": "Yes" }, "geometry": { "type": "Point", "coordinates": [ -8463033.365499999374151, 5097610.252999998629093 ] } },
{ "type": "Feature", "properties": { "Organizati": "Warren Cnty Ldfl", "DEP_Client": "Warren Cnty Ldfl", "DEP_Clie_1": 85995.0, "DEP_Clie_2": "Owner", "SITE_NAME": "Grunderville Ldfl Warren", "Site_ID": 241280.0, "Site_Statu": "Active", "Primary_Fa": "Warren County Landfill", "Primary__1": 244984.0, "Primary__2": "Inactive", "Sub_Facili": "Warren County Landfill", "Sub_Faci_1": 213886.0, "Sub_Faci_2": "Inactive", "Sub_Faci_3": "Landfill", "Waste_Oper": "Municipal Waste Operation", "Waste_Op_1": "Unavailable", "EPA_ID": "100871", "COMPLIANCE": "Yes" }, "geometry": { "type": "Point", "coordinates": [ -8820894.606200000271201, 5136668.727399997413158 ] } },
{ "type": "Feature", "properties": { "Organizati": "Washington Twp Ldfl", "DEP_Client": "Washington Twp Ldfl", "DEP_Clie_1": 69865.0, "DEP_Clie_2": "Owner", "SITE_NAME": "Washington Twp Ldfl", "Site_ID": 238289.0, "Site_Statu": "Inactive", "Primary_Fa": "Municipal Waste Operation", "Primary__1": 241000.0, "Primary__2": "Inactive", "Sub_Facili": "Washington Twp Ldfl", "Sub_Faci_1": 202930.0, "Sub_Faci_2": "Dep Abandoned List", "Sub_Faci_3": "Landfill", "Waste_Oper": "Municipal Waste Operation", "Waste_Op_1": "Unavailable", "EPA_ID": "100656", "COMPLIANCE": "Yes" }, "geometry": { "type": "Point", "coordinates": [ -8931688.421700000762939, 4864026.4441 ] } },
{ "type": "Feature", "properties": { "Organizati": "Waste Mgmt Dspl Svc Of Pa Inc", "DEP_Client": "Waste Mgmt Dspl Svc Of Pa Inc", "DEP_Clie_1": 62425.0, "DEP_Clie_2": "Owner", "SITE_NAME": "Mtn View Reclamation Ldfl", "Site_ID": 465364.0, "Site_Statu": "Active", "Primary_Fa": "Mountain View Reclamation", "Primary__1": 494642.0, "Primary__2": "Active", "Sub_Facili": "Mountain View Reclamation", "Sub_Faci_1": 373134.0, "Sub_Faci_2": "Active", "Sub_Faci_3": "Landfill", "Waste_Oper": "Municipal Waste Operation", "Waste_Op_1": "Unavailable", "EPA_ID": "101100", "COMPLIANCE": "Yes" }, "geometry": { "type": "Point", "coordinates": [ -8661553.124099999666214, 4836317.540600001811981 ] } },
{ "type": "Feature", "properties": { "Organizati": "Waste Mgmt Of Coal Twp", "DEP_Client": "Waste Mgmt Of Coal Twp", "DEP_Clie_1": 93216.0, "DEP_Clie_2": "Owner", "SITE_NAME": "Aj Deitrick Class Iii C D Site", "Site_ID": 465349.0, "Site_Statu": "Inactive", "Primary_Fa": "A J Dietrick Class Iii C/d Site", "Primary__1": 494594.0, "Primary__2": "Inactive", "Sub_Facili": "A J Dietrick Class Iii C/d Site", "Sub_Faci_1": 373175.0, "Sub_Faci_2": "Dep Abandoned List", "Sub_Faci_3": "Landfill", "Waste_Oper": "Municipal Waste Operation", "Waste_Op_1": "Unavailable", "EPA_ID": "101460", "COMPLIANCE": "Yes" }, "geometry": { "type": "Point", "coordinates": [ -8518749.617799999192357, 4980053.588799998164177 ] } },
{ "type": "Feature", "properties": { "Organizati": "Waste Mgmt Of Ctl Pa", "DEP_Client": "Waste Mgmt Of Ctl Pa", "DEP_Clie_1": 143401.0, "DEP_Clie_2": "Owner", "SITE_NAME": "Coal Twp Transf Sta", "Site_ID": 242571.0, "Site_Statu": "Active", "Primary_Fa": "Coal Twp Transf Sta", "Primary__1": 246890.0, "Primary__2": "Active", "Sub_Facili": "Mw-c/d Lf", "Sub_Faci_1": 393911.0, "Sub_Faci_2": "Active", "Sub_Faci_3": "Landfill", "Waste_Oper": "Municipal Waste Operation", "Waste_Op_1": "Unavailable", "EPA_ID": "101312", "COMPLIANCE": "Yes" }, "geometry": { "type": "Point", "coordinates": [ -8518724.032999999821186, 4980109.016500003635883 ] } },
{ "type": "Feature", "properties": { "Organizati": "Waste Mgmt Pa Inc", "DEP_Client": "Waste Mgmt Pa Inc", "DEP_Clie_1": 63452.0, "DEP_Clie_2": "Owner", "SITE_NAME": "Lake View Ldfl", "Site_ID": 250850.0, "Site_Statu": "Active", "Primary_Fa": "Lake View Ldfl", "Primary__1": 258604.0, "Primary__2": "Active", "Sub_Facili": "Lake View Ldfl", "Sub_Faci_1": 248473.0, "Sub_Faci_2": "Active", "Sub_Faci_3": "Landfill", "Waste_Oper": "Municipal Waste Operation", "Waste_Op_1": "Unavailable", "EPA_ID": "100329", "COMPLIANCE": "Yes" }, "geometry": { "type": "Point", "coordinates": [ -8907198.13370000012219, 5169721.503499999642372 ] } },
{ "type": "Feature", "properties": { "Organizati": "Rochester & Pgh Coal Co", "DEP_Client": "Rochester & Pgh Coal Co", "DEP_Clie_1": 6889.0, "DEP_Clie_2": "Owner", "SITE_NAME": "Jefferson Ldfl", "Site_ID": 243658.0, "Site_Statu": "Inactive", "Primary_Fa": "Jefferson Ldfl", "Primary__1": 248243.0, "Primary__2": "Inactive", "Sub_Facili": "Jefferson Ldfl", "Sub_Faci_1": 222619.0, "Sub_Faci_2": "Proposed But Never Materialized", "Sub_Faci_3": "Landfill", "Waste_Oper": "Municipal Waste Operation", "Waste_Op_1": "Unavailable", "EPA_ID": "101604", "COMPLIANCE": "Yes" }, "geometry": { "type": "Point", "coordinates": [ -8789106.707299999892712, 5035723.920000001788139 ] } },
{ "type": "Feature", "properties": { "Organizati": "Rosencranse Corp", "DEP_Client": "Rosencranse Corp", "DEP_Clie_1": 10873.0, "DEP_Clie_2": "Owner", "SITE_NAME": "Rosencranse Sani Ldfl", "Site_ID": 245409.0, "Site_Statu": "Active", "Primary_Fa": "Rosencranse Sani Ldfl", "Primary__1": 250612.0, "Primary__2": "Reclamation Complete", "Sub_Facili": "Rosencranse Sani Ldfl", "Sub_Faci_1": 228226.0, "Sub_Faci_2": "Inactive", "Sub_Faci_3": "Landfill", "Waste_Oper": "Municipal Waste Operation", "Waste_Op_1": "Unavailable", "EPA_ID": "101318", "COMPLIANCE": "Yes" }, "geometry": { "type": "Point", "coordinates": [ -8366834.772199999541044, 5099181.118500001728535 ] } },
{ "type": "Feature", "properties": { "Organizati": "Ryans Ldfl", "DEP_Client": "Ryans Ldfl", "DEP_Clie_1": 159157.0, "DEP_Clie_2": "Owner", "SITE_NAME": "Ryans Ldfl", "Site_ID": 549519.0, "Site_Statu": "Inactive", "Primary_Fa": "Munic Waste Operation", "Primary__1": 567070.0, "Primary__2": "Inactive", "Sub_Facili": "Munic Waste Landfill", "Sub_Faci_1": 559598.0, "Sub_Faci_2": "Dep Abandoned List", "Sub_Faci_3": "Landfill", "Waste_Oper": "Municipal Waste Operation", "Waste_Op_1": "Unavailable", "EPA_ID": "567070", "COMPLIANCE": "Yes" }, "geometry": { "type": "Point", "coordinates": [ -8880978.457299999892712, 4850534.792499996721745 ] } },
{ "type": "Feature", "properties": { "Organizati": "Sandy Run Ldfl Llc", "DEP_Client": "Sandy Run Ldfl Llc", "DEP_Clie_1": 211884.0, "DEP_Clie_2": "Owner", "SITE_NAME": "Sandy Run Ldfl", "Site_ID": 451508.0, "Site_Statu": "Active", "Primary_Fa": "Bedford-fulton-huntingdon Swa Lf.", "Primary__1": 479142.0, "Primary__2": "Active", "Sub_Facili": "Bedford-fulton-huntingdon Swa Lf.", "Sub_Faci_1": 345859.0, "Sub_Faci_2": "Active", "Sub_Faci_3": "Landfill", "Waste_Oper": "Municipal Waste Operation", "Waste_Op_1": "Unavailable", "EPA_ID": "101538", "COMPLIANCE": "Yes" }, "geometry": { "type": "Point", "coordinates": [ -8704782.193, 4885094.208499997854233 ] } },
{ "type": "Feature", "properties": { "Organizati": "Shade Ldfl Inc", "DEP_Client": "Shade Ldfl Inc", "DEP_Clie_1": 111792.0, "DEP_Clie_2": "Owner", "SITE_NAME": "Shade Ldfl", "Site_ID": 240842.0, "Site_Statu": "Active", "Primary_Fa": "Shade Landfill Mwo", "Primary__1": 244448.0, "Primary__2": "Active", "Sub_Facili": "Shade Twp Waste Mgmt Facility", "Sub_Faci_1": 212631.0, "Sub_Faci_2": "Active", "Sub_Faci_3": "Landfill", "Waste_Oper": "Municipal Waste Operation", "Waste_Op_1": "Unavailable", "EPA_ID": "101421", "COMPLIANCE": "Yes" }, "geometry": { "type": "Point", "coordinates": [ -8770190.742799999192357, 4884421.64750000089407 ] } },
{ "type": "Feature", "properties": { "Organizati": "Unavailable", "DEP_Client": "Unavailable", "DEP_Clie_1": 0.0, "DEP_Clie_2": "Owner", "SITE_NAME": "Harborcreek Dump", "Site_ID": 600440.0, "Site_Statu": "Active", "Primary_Fa": "Harborcreek Dump", "Primary__1": 637047.0, "Primary__2": "Inactive", "Sub_Facili": "Harborcreek Dump", "Sub_Faci_1": 770777.0, "Sub_Faci_2": "Abandoned", "Sub_Faci_3": "Landfill", "Waste_Oper": "Municipal Waste Operation", "Waste_Op_1": "Unavailable", "EPA_ID": "6-015 100333", "COMPLIANCE": "Yes" }, "geometry": { "type": "Point", "coordinates": [ -8902254.988600000739098, 5182686.834899999201298 ] } },
{ "type": "Feature", "properties": { "Organizati": "Unavailable", "DEP_Client": "Unavailable", "DEP_Clie_1": 0.0, "DEP_Clie_2": "Owner", "SITE_NAME": "Harborcreek Gravel Pit Ldfl", "Site_ID": 615965.0, "Site_Statu": "Abandoned", "Primary_Fa": "Harborcreek Gravel Pit Landfill", "Primary__1": 637112.0, "Primary__2": "Inactive", "Sub_Facili": "Harborcreek Gravel Pit Landfill", "Sub_Faci_1": 770842.0, "Sub_Faci_2": "Abandoned", "Sub_Faci_3": "Landfill", "Waste_Oper": "Municipal Waste Operation", "Waste_Op_1": "Unavailable", "EPA_ID": "6-031 300691", "COMPLIANCE": "Yes" }, "geometry": { "type": "Point", "coordinates": [ -8890798.057800000533462, 5191668.583800002932549 ] } },
{ "type": "Feature", "properties": { "Organizati": "Unavailable", "DEP_Client": "Unavailable", "DEP_Clie_1": 0.0, "DEP_Clie_2": "Owner", "SITE_NAME": "Harhai Ldfl", "Site_ID": 616085.0, "Site_Statu": "Abandoned", "Primary_Fa": "Harhai Landfill", "Primary__1": 637232.0, "Primary__2": "Inactive", "Sub_Facili": "Harhai Landfill", "Sub_Faci_1": 770962.0, "Sub_Faci_2": "Abandoned", "Sub_Faci_3": "Landfill", "Waste_Oper": "Municipal Waste Operation", "Waste_Op_1": "Unavailable", "EPA_ID": "5-138", "COMPLIANCE": "Yes" }, "geometry": { "type": "Point", "coordinates": [ -8850191.437999999150634, 4894311.572899997234344 ] } },
{ "type": "Feature", "properties": { "Organizati": "Unavailable", "DEP_Client": "Unavailable", "DEP_Clie_1": 0.0, "DEP_Clie_2": "Owner", "SITE_NAME": "Harp Dspl Site", "Site_ID": 616025.0, "Site_Statu": "Abandoned", "Primary_Fa": "Harp Disposal Site", "Primary__1": 637172.0, "Primary__2": "Inactive", "Sub_Facili": "Harp Disposal Site", "Sub_Faci_1": 770902.0, "Sub_Faci_2": "Abandoned", "Sub_Faci_3": "Landfill", "Waste_Oper": "Municipal Waste Operation", "Waste_Op_1": "Unavailable", "EPA_ID": "6-111 100414", "COMPLIANCE": "Yes" }, "geometry": { "type": "Point", "coordinates": [ -8800004.167999999597669, 5089791.674199998378754 ] } },
{ "type": "Feature", "properties": { "Organizati": "Unavailable", "DEP_Client": "Unavailable", "DEP_Clie_1": 0.0, "DEP_Clie_2": "Owner", "SITE_NAME": "Harris Farm Ldfl", "Site_ID": 616147.0, "Site_Statu": "Abandoned", "Primary_Fa": "Harris Farm Landfill", "Primary__1": 637294.0, "Primary__2": "Inactive", "Sub_Facili": "Harris Farm Landfill", "Sub_Faci_1": 771024.0, "Sub_Faci_2": "Abandoned", "Sub_Faci_3": "Landfill", "Waste_Oper": "Municipal Waste Operation", "Waste_Op_1": "Unavailable", "EPA_ID": "1-500", "COMPLIANCE": "Yes" }, "geometry": { "type": "Point", "coordinates": [ -8332451.2335, 4898731.890000000596046 ] } },
{ "type": "Feature", "properties": { "Organizati": "Unavailable", "DEP_Client": "Unavailable", "DEP_Clie_1": 0.0, "DEP_Clie_2": "Owner", "SITE_NAME": "Harrowgate Resource Recovery", "Site_ID": 616675.0, "Site_Statu": "Abandoned", "Primary_Fa": "Harrowgate Resource Recovery", "Primary__1": 637822.0, "Primary__2": "Inactive", "Sub_Facili": "Harrowgate Resource Recovery", "Sub_Faci_1": 771552.0, "Sub_Faci_2": "Abandoned", "Sub_Faci_3": "Landfill", "Waste_Oper": "Municipal Waste Operation", "Waste_Op_1": "Unavailable", "EPA_ID": "1-501", "COMPLIANCE": "Yes" }, "geometry": { "type": "Point", "coordinates": [ -8361344.309399999678135, 4868408.095299996435642 ] } },
{ "type": "Feature", "properties": { "Organizati": "Unavailable", "DEP_Client": "Unavailable", "DEP_Clie_1": 0.0, "DEP_Clie_2": "Owner", "SITE_NAME": "Hatfield Site", "Site_ID": 616098.0, "Site_Statu": "Abandoned", "Primary_Fa": "Hatfield Site", "Primary__1": 637245.0, "Primary__2": "Inactive", "Sub_Facili": "Hatfield Site", "Sub_Faci_1": 770975.0, "Sub_Faci_2": "Abandoned", "Sub_Faci_3": "Landfill", "Waste_Oper": "Municipal Waste Operation", "Waste_Op_1": "Unavailable", "EPA_ID": "1-368", "COMPLIANCE": "Yes" }, "geometry": { "type": "Point", "coordinates": [ -8381492.110600000247359, 4906855.800599999725819 ] } },
{ "type": "Feature", "properties": { "Organizati": "Unavailable", "DEP_Client": "Unavailable", "DEP_Clie_1": 0.0, "DEP_Clie_2": "Owner", "SITE_NAME": "Hawley Boro Ldfl", "Site_ID": 616076.0, "Site_Statu": "Abandoned", "Primary_Fa": "Hawley Boro Ldfl", "Primary__1": 637223.0, "Primary__2": "Inactive", "Sub_Facili": "Hawley Boro Ldfl", "Sub_Faci_1": 770953.0, "Sub_Faci_2": "Abandoned", "Sub_Faci_3": "Landfill", "Waste_Oper": "Municipal Waste Operation", "Waste_Op_1": "Unavailable", "EPA_ID": "2-185 100353", "COMPLIANCE": "Yes" }, "geometry": { "type": "Point", "coordinates": [ -8370416.226399999111891, 5083407.02139999717474 ] } },
{ "type": "Feature", "properties": { "Organizati": "Unavailable", "DEP_Client": "Unavailable", "DEP_Clie_1": 0.0, "DEP_Clie_2": "Owner", "SITE_NAME": "Hazel Hurst Ldfl", "Site_ID": 616487.0, "Site_Statu": "Abandoned", "Primary_Fa": "Hazel Hurst Ldfl", "Primary__1": 637634.0, "Primary__2": "Inactive", "Sub_Facili": "Hazel Hurst Ldfl", "Sub_Faci_1": 771364.0, "Sub_Faci_2": "Abandoned", "Sub_Faci_3": "Landfill", "Waste_Oper": "Municipal Waste Operation", "Waste_Op_1": "Unavailable", "EPA_ID": "6-068", "COMPLIANCE": "Yes" }, "geometry": { "type": "Point", "coordinates": [ -8748414.742499999701977, 5117152.096000000834465 ] } },
{ "type": "Feature", "properties": { "Organizati": "Unavailable", "DEP_Client": "Unavailable", "DEP_Clie_1": 0.0, "DEP_Clie_2": "Owner", "SITE_NAME": "Heaps Dspl Area", "Site_ID": 616267.0, "Site_Statu": "Abandoned", "Primary_Fa": "Heaps Disposal Area", "Primary__1": 637414.0, "Primary__2": "Inactive", "Sub_Facili": "Heaps Disposal Area", "Sub_Faci_1": 771144.0, "Sub_Faci_2": "Abandoned", "Sub_Faci_3": "Landfill", "Waste_Oper": "Municipal Waste Operation", "Waste_Op_1": "Unavailable", "EPA_ID": "4-178 100195", "COMPLIANCE": "Yes" }, "geometry": { "type": "Point", "coordinates": [ -8522588.674599999561906, 5027312.127300001680851 ] } },
{ "type": "Feature", "properties": { "Organizati": "Unavailable", "DEP_Client": "Unavailable", "DEP_Clie_1": 0.0, "DEP_Clie_2": "Owner", "SITE_NAME": "Henderson Dspl Site", "Site_ID": 616483.0, "Site_Statu": "Abandoned", "Primary_Fa": "Clarence Henderson", "Primary__1": 637630.0, "Primary__2": "Unpermitted Inactive", "Sub_Facili": "Clarence Henderson", "Sub_Faci_1": 771360.0, "Sub_Faci_2": "Abandoned", "Sub_Faci_3": "Landfill", "Waste_Oper": "Municipal Waste Operation", "Waste_Op_1": "Unavailable", "EPA_ID": "5-133", "COMPLIANCE": "Yes" }, "geometry": { "type": "Point", "coordinates": [ -8884472.757500000298023, 4867554.50789999961853 ] } },
{ "type": "Feature", "properties": { "Organizati": "Unavailable", "DEP_Client": "Unavailable", "DEP_Clie_1": 0.0, "DEP_Clie_2": "Owner", "SITE_NAME": "Herrick Twp Fill", "Site_ID": 616353.0, "Site_Statu": "Abandoned", "Primary_Fa": "Herrick Twp Fill", "Primary__1": 637500.0, "Primary__2": "Inactive", "Sub_Facili": "Herrick Twp Fill", "Sub_Faci_1": 771230.0, "Sub_Faci_2": "Abandoned", "Sub_Faci_3": "Landfill", "Waste_Oper": "Municipal Waste Operation", "Waste_Op_1": "Unavailable", "EPA_ID": "4-106 100481", "COMPLIANCE": "Yes" }, "geometry": { "type": "Point", "coordinates": [ -8492178.045, 5130330.685500003397465 ] } },
{ "type": "Feature", "properties": { "Organizati": "Unavailable", "DEP_Client": "Unavailable", "DEP_Clie_1": 0.0, "DEP_Clie_2": "Owner", "SITE_NAME": "Hickory Run State Park Ldfl", "Site_ID": 616179.0, "Site_Statu": "Abandoned", "Primary_Fa": "Hickory Run State Park Ldfl", "Primary__1": 637326.0, "Primary__2": "Inactive", "Sub_Facili": "Hickory Run State Park Ldfl", "Sub_Faci_1": 771056.0, "Sub_Faci_2": "Abandoned", "Sub_Faci_3": "Landfill", "Waste_Oper": "Municipal Waste Operation", "Waste_Op_1": "Unavailable", "EPA_ID": "2-001 100763", "COMPLIANCE": "Yes" }, "geometry": { "type": "Point", "coordinates": [ -8423065.580399999395013, 5014869.020000003278255 ] } },
{ "type": "Feature", "properties": { "Organizati": "Unavailable", "DEP_Client": "Unavailable", "DEP_Clie_1": 0.0, "DEP_Clie_2": "Owner", "SITE_NAME": "Highway Materials", "Site_ID": 615883.0, "Site_Statu": "Abandoned", "Primary_Fa": "Highway Materials", "Primary__1": 637030.0, "Primary__2": "Inactive", "Sub_Facili": "Highway Materials", "Sub_Faci_1": 770760.0, "Sub_Faci_2": "Abandoned", "Sub_Faci_3": "Landfill", "Waste_Oper": "Municipal Waste Operation", "Waste_Op_1": "Unavailable", "EPA_ID": "1-184 300027", "COMPLIANCE": "Yes" }, "geometry": { "type": "Point", "coordinates": [ -8423752.260900000110269, 4867132.547799997031689 ] } },
{ "type": "Feature", "properties": { "Organizati": "Unavailable", "DEP_Client": "Unavailable", "DEP_Clie_1": 0.0, "DEP_Clie_2": "Owner", "SITE_NAME": "Hillsgrove Ldfl", "Site_ID": 616379.0, "Site_Statu": "Abandoned", "Primary_Fa": "Hillsgrove Ldfl", "Primary__1": 637716.0, "Primary__2": "Inactive", "Sub_Facili": "Hillsgrove Ldfl", "Sub_Faci_1": 771446.0, "Sub_Faci_2": "Abandoned", "Sub_Faci_3": "Landfill", "Waste_Oper": "Municipal Waste Operation", "Waste_Op_1": "Unavailable", "EPA_ID": "4-063 100837", "COMPLIANCE": "Yes" }, "geometry": { "type": "Point", "coordinates": [ -8538915.53319999948144, 5075329.125799998641014 ] } },
{ "type": "Feature", "properties": { "Organizati": "Unavailable", "DEP_Client": "Unavailable", "DEP_Clie_1": 0.0, "DEP_Clie_2": "Owner", "SITE_NAME": "Histands Supply", "Site_ID": 615890.0, "Site_Statu": "Abandoned", "Primary_Fa": "Histands Supply", "Primary__1": 637037.0, "Primary__2": "Inactive", "Sub_Facili": "Histands Supply", "Sub_Faci_1": 770767.0, "Sub_Faci_2": "Abandoned", "Sub_Faci_3": "Landfill", "Waste_Oper": "Municipal Waste Operation", "Waste_Op_1": "Unavailable", "EPA_ID": "1-088", "COMPLIANCE": "Yes" }, "geometry": { "type": "Point", "coordinates": [ -8351990.862299999222159, 4907029.438100002706051 ] } },
{ "type": "Feature", "properties": { "Organizati": "Unavailable", "DEP_Client": "Unavailable", "DEP_Clie_1": 0.0, "DEP_Clie_2": "Owner", "SITE_NAME": "Hoffman Circle", "Site_ID": 615879.0, "Site_Statu": "Abandoned", "Primary_Fa": "Hoffman Circle", "Primary__1": 637026.0, "Primary__2": "Inactive", "Sub_Facili": "Hoffman Circle", "Sub_Faci_1": 770756.0, "Sub_Faci_2": "Abandoned", "Sub_Faci_3": "Landfill", "Waste_Oper": "Municipal Waste Operation", "Waste_Op_1": "Unavailable", "EPA_ID": "1-112", "COMPLIANCE": "Yes" }, "geometry": { "type": "Point", "coordinates": [ -8429538.01410000026226, 4877045.670800000429153 ] } },
{ "type": "Feature", "properties": { "Organizati": "Unavailable", "DEP_Client": "Unavailable", "DEP_Clie_1": 0.0, "DEP_Clie_2": "Owner", "SITE_NAME": "Holidaysburg Reclamation Plt", "Site_ID": 616765.0, "Site_Statu": "Abandoned", "Primary_Fa": "Holidaysburg Reclamation Plant", "Primary__1": 637912.0, "Primary__2": "Inactive", "Sub_Facili": "Holidaysburg Reclamation Plant", "Sub_Faci_1": 771642.0, "Sub_Faci_2": "Abandoned", "Sub_Faci_3": "Landfill", "Waste_Oper": "Municipal Waste Operation", "Waste_Op_1": "Unavailable", "EPA_ID": "3-060 300029", "COMPLIANCE": "Yes" }, "geometry": { "type": "Point", "coordinates": [ -8722823.402699999511242, 4917791.943400003015995 ] } },
{ "type": "Feature", "properties": { "Organizati": "Unavailable", "DEP_Client": "Unavailable", "DEP_Clie_1": 0.0, "DEP_Clie_2": "Owner", "SITE_NAME": "House Of Correction", "Site_ID": 616817.0, "Site_Statu": "Abandoned", "Primary_Fa": "House Of Correction", "Primary__1": 637964.0, "Primary__2": "Inactive", "Sub_Facili": "House Of Correction", "Sub_Faci_1": 771694.0, "Sub_Faci_2": "Abandoned", "Sub_Faci_3": "Landfill", "Waste_Oper": "Municipal Waste Operation", "Waste_Op_1": "Unavailable", "EPA_ID": "1-463", "COMPLIANCE": "Yes" }, "geometry": { "type": "Point", "coordinates": [ -8351013.087500000372529, 4870639.157499998807907 ] } },
{ "type": "Feature", "properties": { "Organizati": "Unavailable", "DEP_Client": "Unavailable", "DEP_Clie_1": 0.0, "DEP_Clie_2": "Owner", "SITE_NAME": "Hunsberger Recycling", "Site_ID": 616632.0, "Site_Statu": "Abandoned", "Primary_Fa": "Hunsberger Recycling", "Primary__1": 637779.0, "Primary__2": "Inactive", "Sub_Facili": "Hunsberger Recycling", "Sub_Faci_1": 771509.0, "Sub_Faci_2": "Abandoned", "Sub_Faci_3": "Landfill", "Waste_Oper": "Municipal Waste Operation", "Waste_Op_1": "Unavailable", "EPA_ID": "1-274", "COMPLIANCE": "Yes" }, "geometry": { "type": "Point", "coordinates": [ -8406677.440300000831485, 4925229.850100003182888 ] } },
{ "type": "Feature", "properties": { "Organizati": "Ideal Consulting & Investment Corp", "DEP_Client": "Ideal Consulting & Investment Corp", "DEP_Clie_1": 115706.0, "DEP_Clie_2": "Owner", "SITE_NAME": "Continental Const & Demolition Ldfl", "Site_ID": 488138.0, "Site_Statu": "Proposed But Never Materialized", "Primary_Fa": "Continental Const & Demolition Ldfl", "Primary__1": 516668.0, "Primary__2": "Proposed But Never Materialized", "Sub_Facili": "Continental Const & Demolition Ldfl", "Sub_Faci_1": 397663.0, "Sub_Faci_2": "Proposed But Never Materialized", "Sub_Faci_3": "Landfill", "Waste_Oper": "Municipal Waste Operation", "Waste_Op_1": "Unavailable", "EPA_ID": "101665", "COMPLIANCE": "Yes" }, "geometry": { "type": "Point", "coordinates": [ -8492687.640900000929832, 4984520.391699999570847 ] } },
{ "type": "Feature", "properties": { "Organizati": "Indiana Boro Indiana Cnty", "DEP_Client": "Indiana Boro Indiana Cnty", "DEP_Clie_1": 6344.0, "DEP_Clie_2": "Owner", "SITE_NAME": "Musser Sludge Farms", "Site_ID": 238714.0, "Site_Statu": "Inactive", "Primary_Fa": "Musser Site #9", "Primary__1": 244336.0, "Primary__2": "Inactive", "Sub_Facili": "Musser Site No9", "Sub_Faci_1": 212407.0, "Sub_Faci_2": "Inactive", "Sub_Faci_3": "Landfill", "Waste_Oper": "Municipal Waste Operation", "Waste_Op_1": "Unavailable", "EPA_ID": "600495", "COMPLIANCE": "Yes" }, "geometry": { "type": "Point", "coordinates": [ -8816967.502100000157952, 4953193.784299999475479 ] } },
{ "type": "Feature", "properties": { "Organizati": "Inman Tc Inc", "DEP_Client": "Inman Tc Inc", "DEP_Clie_1": 70045.0, "DEP_Clie_2": "Owner", "SITE_NAME": "Inman Ldfl", "Site_ID": 53075.0, "Site_Statu": "Inactive", "Primary_Fa": "Inman Mwo", "Primary__1": 54965.0, "Primary__2": "Inactive", "Sub_Facili": "Inman Landfill", "Sub_Faci_1": 65102.0, "Sub_Faci_2": "Dep Abandoned List", "Sub_Faci_3": "Landfill", "Waste_Oper": "Municipal Waste Operation", "Waste_Op_1": "Unavailable", "EPA_ID": "100521", "COMPLIANCE": "Yes" }, "geometry": { "type": "Point", "coordinates": [ -8934377.715099999681115, 4971822.24549999833107 ] } },
{ "type": "Feature", "properties": { "Organizati": "Ivy Rock Ldfl", "DEP_Client": "Ivy Rock Ldfl", "DEP_Clie_1": 69987.0, "DEP_Clie_2": "Owner", "SITE_NAME": "Ivy Rock Ldfl", "Site_ID": 455812.0, "Site_Statu": "Inactive", "Primary_Fa": "Ivy Rock Landfill", "Primary__1": 483907.0, "Primary__2": "Inactive", "Sub_Facili": "Ivy Rock Landfill", "Sub_Faci_1": 356991.0, "Sub_Faci_2": "Dep Abandoned List", "Sub_Faci_3": "Landfill", "Waste_Oper": "Municipal Waste Operation", "Waste_Op_1": "Unavailable", "EPA_ID": "101166", "COMPLIANCE": "Yes" }, "geometry": { "type": "Point", "coordinates": [ -8384231.361700000241399, 4880029.957500003278255 ] } },
{ "type": "Feature", "properties": { "Organizati": "Jacks Independent Svc Inc", "DEP_Client": "Jacks Independent Svc Inc", "DEP_Clie_1": 38353.0, "DEP_Clie_2": "Owner", "SITE_NAME": "Jacks Independent Svc", "Site_ID": 563893.0, "Site_Statu": "Active", "Primary_Fa": "Jacks Ind Svc Mwo", "Primary__1": 244224.0, "Primary__2": "Inactive", "Sub_Facili": "Jacks Independent Service Landfill", "Sub_Faci_1": 212115.0, "Sub_Faci_2": "Dep Abandoned List", "Sub_Faci_3": "Landfill", "Waste_Oper": "Municipal Waste Operation", "Waste_Op_1": "Unavailable", "EPA_ID": "101173", "COMPLIANCE": "Yes" }, "geometry": { "type": "Point", "coordinates": [ -8952597.5153, 4983332.334700003266335 ] } },
{ "type": "Feature", "properties": { "Organizati": "Snyder Twp Ldfl", "DEP_Client": "Snyder Twp Ldfl", "DEP_Clie_1": 77115.0, "DEP_Clie_2": "Owner", "SITE_NAME": "Snyder Twp Ldfl", "Site_ID": 241710.0, "Site_Statu": "Inactive", "Primary_Fa": "Snyder Twp Ldfl", "Primary__1": 245608.0, "Primary__2": "Inactive", "Sub_Facili": "Snyder Twp Ldfl", "Sub_Faci_1": 215330.0, "Sub_Faci_2": "Dep Abandoned List", "Sub_Faci_3": "Landfill", "Waste_Oper": "Municipal Waste Operation", "Waste_Op_1": "Unavailable", "EPA_ID": "100321", "COMPLIANCE": "Yes" }, "geometry": { "type": "Point", "coordinates": [ -8766969.864800000563264, 5047097.645199999213219 ] } },
{ "type": "Feature", "properties": { "Organizati": "South Coatesville Boro Chester Cnty", "DEP_Client": "South Coatesville Boro Chester Cnty", "DEP_Clie_1": 34895.0, "DEP_Clie_2": "Owner", "SITE_NAME": "S Coatesville Sani Ldfl", "Site_ID": 454443.0, "Site_Statu": "Inactive", "Primary_Fa": "South Coatesville Sanitary Landfill", "Primary__1": 482231.0, "Primary__2": "Inactive", "Sub_Facili": "South Coatesville Sanitary Landfill", "Sub_Faci_1": 352599.0, "Sub_Faci_2": "Dep Abandoned List", "Sub_Faci_3": "Landfill", "Waste_Oper": "Municipal Waste Operation", "Waste_Op_1": "Unavailable", "EPA_ID": "100757", "COMPLIANCE": "Yes" }, "geometry": { "type": "Point", "coordinates": [ -8439668.76490000076592, 4859920.503700003027916 ] } },
{ "type": "Feature", "properties": { "Organizati": "Southeastern Chester Cnty Refuse Auth", "DEP_Client": "Southeastern Chester Cnty Refuse Auth", "DEP_Clie_1": 2215.0, "DEP_Clie_2": "Owner", "SITE_NAME": "Seccra Ldfl", "Site_ID": 454054.0, "Site_Statu": "Active", "Primary_Fa": "Seccra Comm Ldfl", "Primary__1": 481725.0, "Primary__2": "Active", "Sub_Facili": "Seccra Comm Ldfl", "Sub_Faci_1": 351364.0, "Sub_Faci_2": "Active", "Sub_Faci_3": "Landfill", "Waste_Oper": "Municipal Waste Operation", "Waste_Op_1": "Unavailable", "EPA_ID": "101069", "COMPLIANCE": "Yes" }, "geometry": { "type": "Point", "coordinates": [ -8442779.402599999681115, 4846182.65259999781847 ] } },
{ "type": "Feature", "properties": { "Organizati": "Southern Alleghenies Ldfl Inc", "DEP_Client": "Southern Alleghenies Ldfl Inc", "DEP_Clie_1": 33686.0, "DEP_Clie_2": "Owner", "SITE_NAME": "Southern Alleghenies Ldfl", "Site_ID": 803.0, "Site_Statu": "Active", "Primary_Fa": "Southern Alleghenies Landfill", "Primary__1": 1039.0, "Primary__2": "Active", "Sub_Facili": "Southern Alleghenies Landfill", "Sub_Faci_1": 3446.0, "Sub_Faci_2": "Active", "Sub_Faci_3": "Landfill", "Waste_Oper": "Municipal Waste Operation", "Waste_Op_1": "Unavailable", "EPA_ID": "100081", "COMPLIANCE": "Yes" }, "geometry": { "type": "Point", "coordinates": [ -8783521.56110000051558, 4899878.640500001609325 ] } },
{ "type": "Feature", "properties": { "Organizati": "Unavailable", "DEP_Client": "Unavailable", "DEP_Clie_1": 0.0, "DEP_Clie_2": "Owner", "SITE_NAME": "Huntingdon Mach Ldfl", "Site_ID": 616331.0, "Site_Statu": "Abandoned", "Primary_Fa": "Huntingdon Machine Landfill", "Primary__1": 637478.0, "Primary__2": "Inactive", "Sub_Facili": "Huntingdon Machine Landfill", "Sub_Faci_1": 771208.0, "Sub_Faci_2": "Abandoned", "Sub_Faci_3": "Landfill", "Waste_Oper": "Municipal Waste Operation", "Waste_Op_1": "Unavailable", "EPA_ID": "3-042 300201", "COMPLIANCE": "Yes" }, "geometry": { "type": "Point", "coordinates": [ -8685463.221000000834465, 4938767.879299998283386 ] } },
{ "type": "Feature", "properties": { "Organizati": "Unavailable", "DEP_Client": "Unavailable", "DEP_Clie_1": 0.0, "DEP_Clie_2": "Owner", "SITE_NAME": "Ice Plant Hill Dspl Site", "Site_ID": 616326.0, "Site_Statu": "Abandoned", "Primary_Fa": "Ice Plant Hill Dump", "Primary__1": 637473.0, "Primary__2": "Unpermitted Inactive", "Sub_Facili": "Ice Plant Hill Dump", "Sub_Faci_1": 771203.0, "Sub_Faci_2": "Abandoned", "Sub_Faci_3": "Landfill", "Waste_Oper": "Municipal Waste Operation", "Waste_Op_1": "Unavailable", "EPA_ID": "5-010", "COMPLIANCE": "Yes" }, "geometry": { "type": "Point", "coordinates": [ -8884884.769500000402331, 4922012.616499997675419 ] } },
{ "type": "Feature", "properties": { "Organizati": "Unavailable", "DEP_Client": "Unavailable", "DEP_Clie_1": 0.0, "DEP_Clie_2": "Owner", "SITE_NAME": "Island Avenue Enterprise Avenue Ldfl", "Site_ID": 616668.0, "Site_Statu": "Abandoned", "Primary_Fa": "Island Ave --Enterprise Ave Landfill", "Primary__1": 637815.0, "Primary__2": "Inactive", "Sub_Facili": "Island Ave --Enterprise Ave Landfill", "Sub_Faci_1": 771545.0, "Sub_Faci_2": "Abandoned", "Sub_Faci_3": "Landfill", "Waste_Oper": "Municipal Waste Operation", "Waste_Op_1": "Unavailable", "EPA_ID": "1-464", "COMPLIANCE": "Yes" }, "geometry": { "type": "Point", "coordinates": [ -8373149.61769999936223, 4848993.059000000357628 ] } },
{ "type": "Feature", "properties": { "Organizati": "Unavailable", "DEP_Client": "Unavailable", "DEP_Clie_1": 0.0, "DEP_Clie_2": "Owner", "SITE_NAME": "Jackson Twp Dspl Site", "Site_ID": 616346.0, "Site_Statu": "Abandoned", "Primary_Fa": "Jackson Twp Disposal Site", "Primary__1": 637493.0, "Primary__2": "Inactive", "Sub_Facili": "Jackson Twp Disposal Site", "Sub_Faci_1": 771223.0, "Sub_Faci_2": "Abandoned", "Sub_Faci_3": "Landfill", "Waste_Oper": "Municipal Waste Operation", "Waste_Op_1": "Unavailable", "EPA_ID": "4-139 100162", "COMPLIANCE": "Yes" }, "geometry": { "type": "Point", "coordinates": [ -8550348.0449, 4968567.17849999666214 ] } },
{ "type": "Feature", "properties": { "Organizati": "Unavailable", "DEP_Client": "Unavailable", "DEP_Clie_1": 0.0, "DEP_Clie_2": "Owner", "SITE_NAME": "James Carpenter Farm", "Site_ID": 616210.0, "Site_Statu": "Abandoned", "Primary_Fa": "James Carpenter Farm", "Primary__1": 637357.0, "Primary__2": "Inactive", "Sub_Facili": "James Carpenter Farm", "Sub_Faci_1": 771087.0, "Sub_Faci_2": "Abandoned", "Sub_Faci_3": "Landfill", "Waste_Oper": "Municipal Waste Operation", "Waste_Op_1": "Unavailable", "EPA_ID": "1-157 300744", "COMPLIANCE": "Yes" }, "geometry": { "type": "Point", "coordinates": [ -8456814.693800000473857, 4856924.240900002419949 ] } },
{ "type": "Feature", "properties": { "Organizati": "Unavailable", "DEP_Client": "Unavailable", "DEP_Clie_1": 0.0, "DEP_Clie_2": "Owner", "SITE_NAME": "Jay Twp Garbage Site", "Site_ID": 616041.0, "Site_Statu": "Abandoned", "Primary_Fa": "Jay Twp Garbage Site", "Primary__1": 637188.0, "Primary__2": "Inactive", "Sub_Facili": "Jay Twp Garbage Site", "Sub_Faci_1": 770918.0, "Sub_Faci_2": "Abandoned", "Sub_Faci_3": "Landfill", "Waste_Oper": "Municipal Waste Operation", "Waste_Op_1": "Unavailable", "EPA_ID": "6-103 100406", "COMPLIANCE": "Yes" }, "geometry": { "type": "Point", "coordinates": [ -8737747.722400000318885, 5055740.959200002253056 ] } },
{ "type": "Feature", "properties": { "Organizati": "Unavailable", "DEP_Client": "Unavailable", "DEP_Clie_1": 0.0, "DEP_Clie_2": "Owner", "SITE_NAME": "Jersey Mills Dump", "Site_ID": 616566.0, "Site_Statu": "Abandoned", "Primary_Fa": "Jersey Mills Dump", "Primary__1": 637713.0, "Primary__2": "Inactive", "Sub_Facili": "Jersey Mills Dump", "Sub_Faci_1": 771443.0, "Sub_Faci_2": "Abandoned", "Sub_Faci_3": "Landfill", "Waste_Oper": "Municipal Waste Operation", "Waste_Op_1": "Unavailable", "EPA_ID": "4-006 100117", "COMPLIANCE": "Yes" }, "geometry": { "type": "Point", "coordinates": [ -8616674.052899999544024, 5063953.702600002288818 ] } },
{ "type": "Feature", "properties": { "Organizati": "Unavailable", "DEP_Client": "Unavailable", "DEP_Clie_1": 0.0, "DEP_Clie_2": "Owner", "SITE_NAME": "Joes Dspl Site", "Site_ID": 616514.0, "Site_Statu": "Abandoned", "Primary_Fa": "Joes Dspl Site", "Primary__1": 637661.0, "Primary__2": "Inactive", "Sub_Facili": "Joes Dspl Site", "Sub_Faci_1": 771391.0, "Sub_Faci_2": "Abandoned", "Sub_Faci_3": "Landfill", "Waste_Oper": "Municipal Waste Operation", "Waste_Op_1": "Unavailable", "EPA_ID": "2-166 100300", "COMPLIANCE": "Yes" }, "geometry": { "type": "Point", "coordinates": [ -8429043.634999999776483, 5156679.653599999845028 ] } },
{ "type": "Feature", "properties": { "Organizati": "Unavailable", "DEP_Client": "Unavailable", "DEP_Clie_1": 0.0, "DEP_Clie_2": "Owner", "SITE_NAME": "Joseph M Blosenski Ldfl", "Site_ID": 616863.0, "Site_Statu": "Abandoned", "Primary_Fa": "Joseph M. Blosenski Landfill", "Primary__1": 638010.0, "Primary__2": "Inactive", "Sub_Facili": "Joseph M. Blosenski Landfill", "Sub_Faci_1": 771740.0, "Sub_Faci_2": "Abandoned", "Sub_Faci_3": "Landfill", "Waste_Oper": "Municipal Waste Operation", "Waste_Op_1": "Unavailable", "EPA_ID": "1-178 100709", "COMPLIANCE": "Yes" }, "geometry": { "type": "Point", "coordinates": [ -8450010.552899999544024, 4868693.472499996423721 ] } },
{ "type": "Feature", "properties": { "Organizati": "Unavailable", "DEP_Client": "Unavailable", "DEP_Clie_1": 0.0, "DEP_Clie_2": "Owner", "SITE_NAME": "Joseph Steel Dspl Site", "Site_ID": 616118.0, "Site_Statu": "Abandoned", "Primary_Fa": "Joseph Steel Aka", "Primary__1": 637265.0, "Primary__2": "Unpermitted Inactive", "Sub_Facili": "Joseph Steel Aka", "Sub_Faci_1": 770995.0, "Sub_Faci_2": "Abandoned", "Sub_Faci_3": "Landfill", "Waste_Oper": "Municipal Waste Operation", "Waste_Op_1": "Unavailable", "EPA_ID": "5-051", "COMPLIANCE": "Yes" }, "geometry": { "type": "Point", "coordinates": [ -8941496.095599999651313, 4965056.72240000218153 ] } },
{ "type": "Feature", "properties": { "Organizati": "Unavailable", "DEP_Client": "Unavailable", "DEP_Clie_1": 0.0, "DEP_Clie_2": "Owner", "SITE_NAME": "Josephsons Dump", "Site_ID": 612911.0, "Site_Statu": "Active", "Primary_Fa": "Josephsons Dump", "Primary__1": 635114.0, "Primary__2": "Inactive", "Sub_Facili": "Mwo/landfill", "Sub_Faci_1": 766839.0, "Sub_Faci_2": "Active", "Sub_Faci_3": "Landfill", "Waste_Oper": "Municipal Waste Operation", "Waste_Op_1": "Unavailable", "EPA_ID": "635114", "COMPLIANCE": "Yes" }, "geometry": { "type": "Point", "coordinates": [ -8711229.446900000795722, 4997725.588299997150898 ] } },
{ "type": "Feature", "properties": { "Organizati": "Unavailable", "DEP_Client": "Unavailable", "DEP_Clie_1": 0.0, "DEP_Clie_2": "Owner", "SITE_NAME": "Juniata Dspl", "Site_ID": 616333.0, "Site_Statu": "Abandoned", "Primary_Fa": "Juniata Disposal", "Primary__1": 637480.0, "Primary__2": "Inactive", "Sub_Facili": "Juniata Disposal", "Sub_Faci_1": 771210.0, "Sub_Faci_2": "Abandoned", "Sub_Faci_3": "Landfill", "Waste_Oper": "Municipal Waste Operation", "Waste_Op_1": "Unavailable", "EPA_ID": "3-048", "COMPLIANCE": "Yes" }, "geometry": { "type": "Point", "coordinates": [ -8615407.0515, 4946603.73870000243187 ] } },
{ "type": "Feature", "properties": { "Organizati": "Unavailable", "DEP_Client": "Unavailable", "DEP_Clie_1": 0.0, "DEP_Clie_2": "Owner", "SITE_NAME": "Juniata Park Dspl Area", "Site_ID": 616679.0, "Site_Statu": "Abandoned", "Primary_Fa": "Juniata Park Disposal Area", "Primary__1": 637826.0, "Primary__2": "Inactive", "Sub_Facili": "Juniata Park Disposal Area", "Sub_Faci_1": 771556.0, "Sub_Faci_2": "Abandoned", "Sub_Faci_3": "Landfill", "Waste_Oper": "Municipal Waste Operation", "Waste_Op_1": "Unavailable", "EPA_ID": "1-520", "COMPLIANCE": "Yes" }, "geometry": { "type": "Point", "coordinates": [ -8359552.807700000703335, 4868364.771999999880791 ] } },
{ "type": "Feature", "properties": { "Organizati": "Unavailable", "DEP_Client": "Unavailable", "DEP_Clie_1": 0.0, "DEP_Clie_2": "Owner", "SITE_NAME": "K & K Ldfl", "Site_ID": 616723.0, "Site_Statu": "Abandoned", "Primary_Fa": "K & K Ldfl", "Primary__1": 637870.0, "Primary__2": "Inactive", "Sub_Facili": "K & K Ldfl", "Sub_Faci_1": 771600.0, "Sub_Faci_2": "Abandoned", "Sub_Faci_3": "Landfill", "Waste_Oper": "Municipal Waste Operation", "Waste_Op_1": "Unavailable", "EPA_ID": "2-023 100468", "COMPLIANCE": "Yes" }, "geometry": { "type": "Point", "coordinates": [ -8401252.566299999132752, 5050637.117499999701977 ] } },
{ "type": "Feature", "properties": { "Organizati": "Unavailable", "DEP_Client": "Unavailable", "DEP_Clie_1": 0.0, "DEP_Clie_2": "Owner", "SITE_NAME": "Kane Dump", "Site_ID": 616201.0, "Site_Statu": "Abandoned", "Primary_Fa": "Kane Dump", "Primary__1": 637348.0, "Primary__2": "Inactive", "Sub_Facili": "Kane Dump", "Sub_Faci_1": 771078.0, "Sub_Faci_2": "Abandoned", "Sub_Faci_3": "Landfill", "Waste_Oper": "Municipal Waste Operation", "Waste_Op_1": "Unavailable", "EPA_ID": "6-070", "COMPLIANCE": "Yes" }, "geometry": { "type": "Point", "coordinates": [ -8775178.595000000670552, 5113416.087499998509884 ] } },
{ "type": "Feature", "properties": { "Organizati": "Unavailable", "DEP_Client": "Unavailable", "DEP_Clie_1": 0.0, "DEP_Clie_2": "Owner", "SITE_NAME": "Kbi Beryllium", "Site_ID": 616709.0, "Site_Statu": "Abandoned", "Primary_Fa": "Kbi Beryllium", "Primary__1": 637856.0, "Primary__2": "Inactive", "Sub_Facili": "Kbi Beryllium", "Sub_Faci_1": 771586.0, "Sub_Faci_2": "Abandoned", "Sub_Faci_3": "Landfill", "Waste_Oper": "Municipal Waste Operation", "Waste_Op_1": "Unavailable", "EPA_ID": "2-209", "COMPLIANCE": "Yes" }, "geometry": { "type": "Point", "coordinates": [ -8448970.092800000682473, 5006978.043999999761581 ] } },
{ "type": "Feature", "properties": { "Organizati": "Unavailable", "DEP_Client": "Unavailable", "DEP_Clie_1": 0.0, "DEP_Clie_2": "Owner", "SITE_NAME": "Keisters Dspl Site", "Site_ID": 616051.0, "Site_Statu": "Abandoned", "Primary_Fa": "Keister's Disposal Site", "Primary__1": 637198.0, "Primary__2": "Inactive", "Sub_Facili": "Keister's Disposal Site", "Sub_Faci_1": 770928.0, "Sub_Faci_2": "Abandoned", "Sub_Faci_3": "Landfill", "Waste_Oper": "Municipal Waste Operation", "Waste_Op_1": "Unavailable", "EPA_ID": "3-135", "COMPLIANCE": "Yes" }, "geometry": { "type": "Point", "coordinates": [ -8556683.444299999624491, 4868536.483599998056889 ] } },
{ "type": "Feature", "properties": { "Organizati": "Unavailable", "DEP_Client": "Unavailable", "DEP_Clie_1": 0.0, "DEP_Clie_2": "Owner", "SITE_NAME": "Kellett Aircraft", "Site_ID": 616712.0, "Site_Statu": "Abandoned", "Primary_Fa": "Kellett Aircraft Corp", "Primary__1": 637859.0, "Primary__2": "Inactive", "Sub_Facili": "Kellett Aircraft Corp", "Sub_Faci_1": 771589.0, "Sub_Faci_2": "Abandoned", "Sub_Faci_3": "Landfill", "Waste_Oper": "Municipal Waste Operation", "Waste_Op_1": "Unavailable", "EPA_ID": "1-353 300292", "COMPLIANCE": "Yes" }, "geometry": { "type": "Point", "coordinates": [ -8364467.445699999108911, 4895555.71509999781847 ] } },
{ "type": "Feature", "properties": { "Organizati": "Unavailable", "DEP_Client": "Unavailable", "DEP_Clie_1": 0.0, "DEP_Clie_2": "Owner", "SITE_NAME": "Kennet Square Dump", "Site_ID": 616600.0, "Site_Statu": "Abandoned", "Primary_Fa": "Kennet Square Dump", "Primary__1": 637747.0, "Primary__2": "Inactive", "Sub_Facili": "Kennet Square Dump", "Sub_Faci_1": 771477.0, "Sub_Faci_2": "Abandoned", "Sub_Faci_3": "Landfill", "Waste_Oper": "Municipal Waste Operation", "Waste_Op_1": "Unavailable", "EPA_ID": "1-124", "COMPLIANCE": "Yes" }, "geometry": { "type": "Point", "coordinates": [ -8429453.995699999853969, 4842446.893700003623962 ] } },
{ "type": "Feature", "properties": { "Organizati": "Westmoreland Cnty Muni Auth", "DEP_Client": "Westmoreland Cnty Muni Auth", "DEP_Clie_1": 64197.0, "DEP_Clie_2": "Owner", "SITE_NAME": "Loyalhanna Ldfl", "Site_ID": 236442.0, "Site_Statu": "Inactive", "Primary_Fa": "Loyalhanna Ldfl Mwo", "Primary__1": 238462.0, "Primary__2": "Inactive", "Sub_Facili": "Loyalhanna Landfill", "Sub_Faci_1": 194990.0, "Sub_Faci_2": "Inactive", "Sub_Faci_3": "Landfill", "Waste_Oper": "Municipal Waste Operation", "Waste_Op_1": "Unavailable", "EPA_ID": "101016", "COMPLIANCE": "Yes" }, "geometry": { "type": "Point", "coordinates": [ -8850889.024700000882149, 4934193.787600003182888 ] } },
{ "type": "Feature", "properties": { "Organizati": "White Pines Corp", "DEP_Client": "White Pines Corp", "DEP_Clie_1": 25616.0, "DEP_Clie_2": "Owner", "SITE_NAME": "White Pines Ldfl", "Site_ID": 237878.0, "Site_Statu": "Active", "Primary_Fa": "White Pines Mw Ldfl", "Primary__1": 556786.0, "Primary__2": "Proposed But Never Materialized", "Sub_Facili": "White Pines Mw Ldfl", "Sub_Faci_1": 519547.0, "Sub_Faci_2": "Proposed But Never Materialized", "Sub_Faci_3": "Landfill", "Waste_Oper": "Municipal Waste Operation", "Waste_Op_1": "Unavailable", "EPA_ID": "101673", "COMPLIANCE": "Yes" }, "geometry": { "type": "Point", "coordinates": [ -8521878.085200000554323, 5037695.52759999781847 ] } },
{ "type": "Feature", "properties": { "Organizati": "Winslow Twp Ldfl", "DEP_Client": "Winslow Twp Ldfl", "DEP_Clie_1": 69727.0, "DEP_Clie_2": "Owner", "SITE_NAME": "Winslow Twp Ldfl", "Site_ID": 251007.0, "Site_Statu": "Inactive", "Primary_Fa": "Winslow Twp Ldfl", "Primary__1": 258866.0, "Primary__2": "Unpermitted Inactive", "Sub_Facili": "Winslow Twp Ldfl", "Sub_Faci_1": 249274.0, "Sub_Faci_2": "Dep Abandoned List", "Sub_Faci_3": "Landfill", "Waste_Oper": "Municipal Waste Operation", "Waste_Op_1": "Unavailable", "EPA_ID": "100392", "COMPLIANCE": "Yes" }, "geometry": { "type": "Point", "coordinates": [ -8782471.889399999752641, 5024528.523299999535084 ] } },
{ "type": "Feature", "properties": { "Organizati": "World Resource Recovery Sys Inc", "DEP_Client": "World Resource Recovery Sys Inc", "DEP_Clie_1": 34373.0, "DEP_Clie_2": "Owner", "SITE_NAME": "World Resource Recovery Sys", "Site_ID": 446.0, "Site_Statu": "Active", "Primary_Fa": "World Resource Recovery Sys Inc", "Primary__1": 563.0, "Primary__2": "Inactive", "Sub_Facili": "World Resource Recovery Systems Inc", "Sub_Faci_1": 1686.0, "Sub_Faci_2": "Inactive", "Sub_Faci_3": "Landfill", "Waste_Oper": "Municipal Waste Operation", "Waste_Op_1": "Unavailable", "EPA_ID": "101646", "COMPLIANCE": "Yes" }, "geometry": { "type": "Point", "coordinates": [ -8910352.186000000685453, 5179763.959600001573563 ] } },
{ "type": "Feature", "properties": { "Organizati": "York Cnty Solid Waste & Refuse Auth", "DEP_Client": "York Cnty Solid Waste & Refuse Auth", "DEP_Clie_1": 82712.0, "DEP_Clie_2": "Owner", "SITE_NAME": "York Cnty Ldfl", "Site_ID": 451457.0, "Site_Statu": "Active", "Primary_Fa": "York Co Sw&r Authority Landfill", "Primary__1": 478310.0, "Primary__2": "Inactive", "Sub_Facili": "York Co Sw&r Authority Landfill", "Sub_Faci_1": 343430.0, "Sub_Faci_2": "Inactive", "Sub_Faci_3": "Landfill", "Waste_Oper": "Municipal Waste Operation", "Waste_Op_1": "Unavailable", "EPA_ID": "100962", "COMPLIANCE": "Yes" }, "geometry": { "type": "Point", "coordinates": [ -8527536.825999999418855, 4834909.036200001835823 ] } },
{ "type": "Feature", "properties": { "Organizati": "Jdd Corp", "DEP_Client": "Jdd Corp", "DEP_Clie_1": 70156.0, "DEP_Clie_2": "Owner", "SITE_NAME": "J D D", "Site_ID": 454026.0, "Site_Statu": "Inactive", "Primary_Fa": "J.d.d. Corporation", "Primary__1": 481695.0, "Primary__2": "Inactive", "Sub_Facili": "J.d.d. Corporation", "Sub_Faci_1": 351216.0, "Sub_Faci_2": "Dep Abandoned List", "Sub_Faci_3": "Landfill", "Waste_Oper": "Municipal Waste Operation", "Waste_Op_1": "Unavailable", "EPA_ID": "101406", "COMPLIANCE": "Yes" }, "geometry": { "type": "Point", "coordinates": [ -8323509.179999999701977, 4894375.255000002682209 ] } },
{ "type": "Feature", "properties": { "Organizati": "Jones & Losito Inc", "DEP_Client": "Jones & Losito Inc", "DEP_Clie_1": 261692.0, "DEP_Clie_2": "Owner", "SITE_NAME": "Cloud Ldfl", "Site_ID": 455474.0, "Site_Statu": "Active", "Primary_Fa": "Cloud's Sanitary Landfill", "Primary__1": 483487.0, "Primary__2": "Inactive", "Sub_Facili": "Cloud's Sanitary Landfill", "Sub_Faci_1": 355845.0, "Sub_Faci_2": "Dep Abandoned List", "Sub_Faci_3": "Landfill", "Waste_Oper": "Municipal Waste Operation", "Waste_Op_1": "Unavailable", "EPA_ID": "100708", "COMPLIANCE": "Yes" }, "geometry": { "type": "Point", "coordinates": [ -8454902.187899999320507, 4836746.610699996352196 ] } },
{ "type": "Feature", "properties": { "Organizati": "Joseph J Brunner Inc", "DEP_Client": "Joseph J Brunner Inc", "DEP_Clie_1": 66466.0, "DEP_Clie_2": "Owner", "SITE_NAME": "Solid Waste Dspl Inc Ldfl", "Site_ID": 49137.0, "Site_Statu": "Active", "Primary_Fa": "Solid Waste Disposal Mwo", "Primary__1": 243255.0, "Primary__2": "Inactive", "Sub_Facili": "Solid Waste Disposal Ldfl", "Sub_Faci_1": 209254.0, "Sub_Faci_2": "Dep Abandoned List", "Sub_Faci_3": "Landfill", "Waste_Oper": "Municipal Waste Operation", "Waste_Op_1": "Unavailable", "EPA_ID": "101120", "COMPLIANCE": "Yes" }, "geometry": { "type": "Point", "coordinates": [ -8949046.562699999660254, 4963974.318199999630451 ] } },
{ "type": "Feature", "properties": { "Organizati": "Kelly Run Sani Inc", "DEP_Client": "Kelly Run Sani Inc", "DEP_Clie_1": 78519.0, "DEP_Clie_2": "Owner", "SITE_NAME": "Kelly Run Sanitation Inc", "Site_ID": 238749.0, "Site_Statu": "Active", "Primary_Fa": "Kelly Run Landfill Mwo", "Primary__1": 241627.0, "Primary__2": "Active", "Sub_Facili": "Kelly Run Landfill", "Sub_Faci_1": 204964.0, "Sub_Faci_2": "Active", "Sub_Faci_3": "Landfill", "Waste_Oper": "Municipal Waste Operation", "Waste_Op_1": "Unavailable", "EPA_ID": "100663", "COMPLIANCE": "Yes" }, "geometry": { "type": "Point", "coordinates": [ -8892785.35190000012517, 4902382.138300001621246 ] } },
{ "type": "Feature", "properties": { "Organizati": "Keystone Sani Ldfl Inc", "DEP_Client": "Keystone Sani Ldfl Inc", "DEP_Clie_1": 74717.0, "DEP_Clie_2": "Owner", "SITE_NAME": "Keystone Sani Ldfl", "Site_ID": 452485.0, "Site_Statu": "Active", "Primary_Fa": "Keystone Ldfl Dunmore Site", "Primary__1": 479757.0, "Primary__2": "Inactive", "Sub_Facili": "Keystone Ldfl Dunmore Site", "Sub_Faci_1": 347082.0, "Sub_Faci_2": "Inactive", "Sub_Faci_3": "Landfill", "Waste_Oper": "Municipal Waste Operation", "Waste_Op_1": "Unavailable", "EPA_ID": "100174", "COMPLIANCE": "Yes" }, "geometry": { "type": "Point", "coordinates": [ -8415691.659800000488758, 5075562.544799998402596 ] } },
{ "type": "Feature", "properties": { "Organizati": "Keystone Sani Ldfl Inc", "DEP_Client": "Keystone Sani Ldfl Inc", "DEP_Clie_1": 74717.0, "DEP_Clie_2": "Owner", "SITE_NAME": "Keystone Sani Ldfl", "Site_ID": 452485.0, "Site_Statu": "Active", "Primary_Fa": "Keystone Sani Ldfl", "Primary__1": 479759.0, "Primary__2": "Active", "Sub_Facili": "Keystone Sani Ldfl", "Sub_Faci_1": 347084.0, "Sub_Faci_2": "Active", "Sub_Faci_3": "Landfill", "Waste_Oper": "Municipal Waste Operation", "Waste_Op_1": "Unavailable", "EPA_ID": "101247", "COMPLIANCE": "Yes" }, "geometry": { "type": "Point", "coordinates": [ -8415969.958499999716878, 5075809.991700001060963 ] } },
{ "type": "Feature", "properties": { "Organizati": "Keystone Sani Ldfl Inc", "DEP_Client": "Keystone Sani Ldfl Inc", "DEP_Clie_1": 74717.0, "DEP_Clie_2": "Owner", "SITE_NAME": "Keystone Sani Ldfl", "Site_ID": 452485.0, "Site_Statu": "Active", "Primary_Fa": "Keystone Sani Ldfl", "Primary__1": 637391.0, "Primary__2": "Inactive", "Sub_Facili": "Keystone Sani Ldfl", "Sub_Faci_1": 771121.0, "Sub_Faci_2": "Abandoned", "Sub_Faci_3": "Landfill", "Waste_Oper": "Municipal Waste Operation", "Waste_Op_1": "Unavailable", "EPA_ID": "2-018 100803", "COMPLIANCE": "Yes" }, "geometry": { "type": "Point", "coordinates": [ -8416853.8445999994874, 5075401.827299997210503 ] } },
{ "type": "Feature", "properties": { "Organizati": "Kimbob Inc", "DEP_Client": "Kimbob Inc", "DEP_Clie_1": 26094.0, "DEP_Clie_2": "Owner", "SITE_NAME": "Kimbob Demo Ldfl", "Site_ID": 253118.0, "Site_Statu": "Active", "Primary_Fa": "Kimbob Inc.,demo.landfill Class 3", "Primary__1": 262836.0, "Primary__2": "Inactive", "Sub_Facili": "Kimbob Inc.,demo.landfill Class 3", "Sub_Faci_1": 256607.0, "Sub_Faci_2": "Inactive", "Sub_Faci_3": "Landfill", "Waste_Oper": "Municipal Waste Operation", "Waste_Op_1": "Unavailable", "EPA_ID": "101368", "COMPLIANCE": "Yes" }, "geometry": { "type": "Point", "coordinates": [ -8554655.490800000727177, 4902419.412000000476837 ] } },
{ "type": "Feature", "properties": { "Organizati": "Stephen Kronick Lumber Inc", "DEP_Client": "Stephen Kronick Lumber Inc", "DEP_Clie_1": 51630.0, "DEP_Clie_2": "Owner", "SITE_NAME": "K & K Ldfl", "Site_ID": 248730.0, "Site_Statu": "Inactive", "Primary_Fa": "K & K Landfill", "Primary__1": 255171.0, "Primary__2": "Inactive", "Sub_Facili": "K & K Landfill", "Sub_Faci_1": 239923.0, "Sub_Faci_2": "Inactive", "Sub_Faci_3": "Landfill", "Waste_Oper": "Municipal Waste Operation", "Waste_Op_1": "Unavailable", "EPA_ID": "100468", "COMPLIANCE": "Yes" }, "geometry": { "type": "Point", "coordinates": [ -8401931.333799999207258, 5051178.93299999833107 ] } },
{ "type": "Feature", "properties": { "Organizati": "Unavailable", "DEP_Client": "Unavailable", "DEP_Clie_1": 0.0, "DEP_Clie_2": "Owner", "SITE_NAME": "Kennet Twp Ldfl", "Site_ID": 616599.0, "Site_Statu": "Abandoned", "Primary_Fa": "Kennet Twp. Landfill", "Primary__1": 637746.0, "Primary__2": "Inactive", "Sub_Facili": "Kennet Twp. Landfill", "Sub_Faci_1": 771476.0, "Sub_Faci_2": "Abandoned", "Sub_Faci_3": "Landfill", "Waste_Oper": "Municipal Waste Operation", "Waste_Op_1": "Unavailable", "EPA_ID": "1-123", "COMPLIANCE": "Yes" }, "geometry": { "type": "Point", "coordinates": [ -8427302.653799999505281, 4845039.167900003492832 ] } },
{ "type": "Feature", "properties": { "Organizati": "Unavailable", "DEP_Client": "Unavailable", "DEP_Clie_1": 0.0, "DEP_Clie_2": "Owner", "SITE_NAME": "Keystone Aircraft", "Site_ID": 616002.0, "Site_Statu": "Abandoned", "Primary_Fa": "Keystone Aircraft Co.", "Primary__1": 637149.0, "Primary__2": "Inactive", "Sub_Facili": "Keystone Aircraft Co.", "Sub_Faci_1": 770879.0, "Sub_Faci_2": "Abandoned", "Sub_Faci_3": "Landfill", "Waste_Oper": "Municipal Waste Operation", "Waste_Op_1": "Unavailable", "EPA_ID": "1-089", "COMPLIANCE": "Yes" }, "geometry": { "type": "Point", "coordinates": [ -8329311.374500000849366, 4885305.886600002646446 ] } },
{ "type": "Feature", "properties": { "Organizati": "Unavailable", "DEP_Client": "Unavailable", "DEP_Clie_1": 0.0, "DEP_Clie_2": "Owner", "SITE_NAME": "Keystone Filter Media", "Site_ID": 616652.0, "Site_Statu": "Abandoned", "Primary_Fa": "Keystone Filter Media", "Primary__1": 637799.0, "Primary__2": "Inactive", "Sub_Facili": "Keystone Filter Media", "Sub_Faci_1": 771529.0, "Sub_Faci_2": "Abandoned", "Sub_Faci_3": "Landfill", "Waste_Oper": "Municipal Waste Operation", "Waste_Op_1": "Unavailable", "EPA_ID": "1-335", "COMPLIANCE": "Yes" }, "geometry": { "type": "Point", "coordinates": [ -8387770.536000000312924, 4883868.345799997448921 ] } },
{ "type": "Feature", "properties": { "Organizati": "Unavailable", "DEP_Client": "Unavailable", "DEP_Clie_1": 0.0, "DEP_Clie_2": "Owner", "SITE_NAME": "Keystone Ldfl", "Site_ID": 616597.0, "Site_Statu": "Abandoned", "Primary_Fa": "Keystone Landfill", "Primary__1": 637744.0, "Primary__2": "Inactive", "Sub_Facili": "Keystone Landfill", "Sub_Faci_1": 771474.0, "Sub_Faci_2": "Abandoned", "Sub_Faci_3": "Landfill", "Waste_Oper": "Municipal Waste Operation", "Waste_Op_1": "Unavailable", "EPA_ID": "3-088 101387", "COMPLIANCE": "Yes" }, "geometry": { "type": "Point", "coordinates": [ -8575620.661599999293685, 4826261.156999997794628 ] } },
{ "type": "Feature", "properties": { "Organizati": "Unavailable", "DEP_Client": "Unavailable", "DEP_Clie_1": 0.0, "DEP_Clie_2": "Owner", "SITE_NAME": "Kitchen Dump Avis", "Site_ID": 616371.0, "Site_Statu": "Abandoned", "Primary_Fa": "Kitchen Dump, Avis", "Primary__1": 637518.0, "Primary__2": "Inactive", "Sub_Facili": "Kitchen Dump, Avis", "Sub_Faci_1": 771248.0, "Sub_Faci_2": "Abandoned", "Sub_Faci_3": "Landfill", "Waste_Oper": "Municipal Waste Operation", "Waste_Op_1": "Unavailable", "EPA_ID": "4-126 100190", "COMPLIANCE": "Yes" }, "geometry": { "type": "Point", "coordinates": [ -8607965.158099999651313, 5040308.525499999523163 ] } },
{ "type": "Feature", "properties": { "Organizati": "Unavailable", "DEP_Client": "Unavailable", "DEP_Clie_1": 0.0, "DEP_Clie_2": "Owner", "SITE_NAME": "Klingerstown Flodd Ldfl", "Site_ID": 616315.0, "Site_Statu": "Abandoned", "Primary_Fa": "Klingerstown Flodd Landfill", "Primary__1": 637462.0, "Primary__2": "Inactive", "Sub_Facili": "Klingerstown Flodd Landfill", "Sub_Faci_1": 771192.0, "Sub_Faci_2": "Abandoned", "Sub_Faci_3": "Landfill", "Waste_Oper": "Municipal Waste Operation", "Waste_Op_1": "Unavailable", "EPA_ID": "2-154", "COMPLIANCE": "Yes" }, "geometry": { "type": "Point", "coordinates": [ -8538341.474099999293685, 4961596.334799997508526 ] } },
{ "type": "Feature", "properties": { "Organizati": "Unavailable", "DEP_Client": "Unavailable", "DEP_Clie_1": 0.0, "DEP_Clie_2": "Owner", "SITE_NAME": "Kois Ldfl", "Site_ID": 616497.0, "Site_Statu": "Abandoned", "Primary_Fa": "Kois Landfill", "Primary__1": 637644.0, "Primary__2": "Unpermitted Inactive", "Sub_Facili": "Kois Landfill", "Sub_Faci_1": 771374.0, "Sub_Faci_2": "Abandoned", "Sub_Faci_3": "Landfill", "Waste_Oper": "Municipal Waste Operation", "Waste_Op_1": "Unavailable", "EPA_ID": "5-068", "COMPLIANCE": "Yes" }, "geometry": { "type": "Point", "coordinates": [ -8899866.035299999639392, 4837139.012100003659725 ] } },
{ "type": "Feature", "properties": { "Organizati": "Unavailable", "DEP_Client": "Unavailable", "DEP_Clie_1": 0.0, "DEP_Clie_2": "Owner", "SITE_NAME": "Koppers", "Site_ID": 616647.0, "Site_Statu": "Abandoned", "Primary_Fa": "Koppers Co. Inc.", "Primary__1": 637794.0, "Primary__2": "Inactive", "Sub_Facili": "Koppers Co. Inc.", "Sub_Faci_1": 771524.0, "Sub_Faci_2": "Abandoned", "Sub_Faci_3": "Landfill", "Waste_Oper": "Municipal Waste Operation", "Waste_Op_1": "Unavailable", "EPA_ID": "1-324", "COMPLIANCE": "Yes" }, "geometry": { "type": "Point", "coordinates": [ -8384941.382099999114871, 4880112.195200003683567 ] } },
{ "type": "Feature", "properties": { "Organizati": "Unavailable", "DEP_Client": "Unavailable", "DEP_Clie_1": 0.0, "DEP_Clie_2": "Owner", "SITE_NAME": "Koppers Inc", "Site_ID": 599723.0, "Site_Statu": "Active", "Primary_Fa": "Koppers Co. Inc.", "Primary__1": 637993.0, "Primary__2": "Inactive", "Sub_Facili": "Koppers Co. Inc.", "Sub_Faci_1": 771723.0, "Sub_Faci_2": "Abandoned", "Sub_Faci_3": "Landfill", "Waste_Oper": "Municipal Waste Operation", "Waste_Op_1": "Unavailable", "EPA_ID": "5-012", "COMPLIANCE": "Yes" }, "geometry": { "type": "Point", "coordinates": [ -8919295.652599999681115, 4919510.534299999475479 ] } },
{ "type": "Feature", "properties": { "Organizati": "Unavailable", "DEP_Client": "Unavailable", "DEP_Clie_1": 0.0, "DEP_Clie_2": "Owner", "SITE_NAME": "Krylon", "Site_ID": 615906.0, "Site_Statu": "Abandoned", "Primary_Fa": "Krylon Inc.", "Primary__1": 637053.0, "Primary__2": "Inactive", "Sub_Facili": "Krylon Inc.", "Sub_Faci_1": 770783.0, "Sub_Faci_2": "Abandoned", "Sub_Faci_3": "Landfill", "Waste_Oper": "Municipal Waste Operation", "Waste_Op_1": "Unavailable", "EPA_ID": "1-342 300269", "COMPLIANCE": "Yes" }, "geometry": { "type": "Point", "coordinates": [ -8386166.317099999636412, 4881761.003100000321865 ] } },
{ "type": "Feature", "properties": { "Organizati": "Unavailable", "DEP_Client": "Unavailable", "DEP_Clie_1": 0.0, "DEP_Clie_2": "Owner", "SITE_NAME": "L F", "Site_ID": 615995.0, "Site_Statu": "Abandoned", "Primary_Fa": "L * F", "Primary__1": 637142.0, "Primary__2": "Inactive", "Sub_Facili": "L * F", "Sub_Faci_1": 770872.0, "Sub_Faci_2": "Abandoned", "Sub_Faci_3": "Landfill", "Waste_Oper": "Municipal Waste Operation", "Waste_Op_1": "Unavailable", "EPA_ID": "2-077 100216", "COMPLIANCE": "Yes" }, "geometry": { "type": "Point", "coordinates": [ -8458329.844900000840425, 5004583.104299999773502 ] } },
{ "type": "Feature", "properties": { "Organizati": "Unavailable", "DEP_Client": "Unavailable", "DEP_Clie_1": 0.0, "DEP_Clie_2": "Owner", "SITE_NAME": "Lab Reagents Svc", "Site_ID": 616437.0, "Site_Statu": "Abandoned", "Primary_Fa": "Lab Reagents Services Inc.", "Primary__1": 637584.0, "Primary__2": "Inactive", "Sub_Facili": "Lab Reagents Services Inc.", "Sub_Faci_1": 771314.0, "Sub_Faci_2": "Abandoned", "Sub_Faci_3": "Landfill", "Waste_Oper": "Municipal Waste Operation", "Waste_Op_1": "Unavailable", "EPA_ID": "1-498", "COMPLIANCE": "Yes" }, "geometry": { "type": "Point", "coordinates": [ -8353146.865800000727177, 4868612.157399997115135 ] } },
{ "type": "Feature", "properties": { "Organizati": "Unavailable", "DEP_Client": "Unavailable", "DEP_Clie_1": 0.0, "DEP_Clie_2": "Owner", "SITE_NAME": "Laing Ldfl", "Site_ID": 616129.0, "Site_Statu": "Abandoned", "Primary_Fa": "A. C. Laing Demo Contractors Disposal Site", "Primary__1": 637662.0, "Primary__2": "Inactive", "Sub_Facili": "A. C. Laing Demo Contractors Disposal Site", "Sub_Faci_1": 771392.0, "Sub_Faci_2": "Abandoned", "Sub_Faci_3": "Landfill", "Waste_Oper": "Municipal Waste Operation", "Waste_Op_1": "Unavailable", "EPA_ID": "6-135 300849", "COMPLIANCE": "Yes" }, "geometry": { "type": "Point", "coordinates": [ -8878369.13150000013411, 5064751.370800003409386 ] } },
{ "type": "Feature", "properties": { "Organizati": "Unavailable", "DEP_Client": "Unavailable", "DEP_Clie_1": 0.0, "DEP_Clie_2": "Owner", "SITE_NAME": "Lake City Refuse Dspl", "Site_ID": 600451.0, "Site_Statu": "Active", "Primary_Fa": "Lake City Refuse Disposal", "Primary__1": 636999.0, "Primary__2": "Inactive", "Sub_Facili": "Lake City Refuse Disposal", "Sub_Faci_1": 770729.0, "Sub_Faci_2": "Abandoned", "Sub_Faci_3": "Landfill", "Waste_Oper": "Municipal Waste Operation", "Waste_Op_1": "Unavailable", "EPA_ID": "6-001 100628", "COMPLIANCE": "Yes" }, "geometry": { "type": "Point", "coordinates": [ -8945315.090099999681115, 5164158.336000002920628 ] } },
{ "type": "Feature", "properties": { "Organizati": "Unavailable", "DEP_Client": "Unavailable", "DEP_Clie_1": 0.0, "DEP_Clie_2": "Owner", "SITE_NAME": "Ldfl By Koa", "Site_ID": 616336.0, "Site_Statu": "Abandoned", "Primary_Fa": "Landfill By Koa", "Primary__1": 637483.0, "Primary__2": "Inactive", "Sub_Facili": "Landfill By Koa", "Sub_Faci_1": 771213.0, "Sub_Faci_2": "Abandoned", "Sub_Faci_3": "Landfill", "Waste_Oper": "Municipal Waste Operation", "Waste_Op_1": "Unavailable", "EPA_ID": "3-007", "COMPLIANCE": "Yes" }, "geometry": { "type": "Point", "coordinates": [ -8536996.045099999755621, 4905672.408100001513958 ] } },
{ "type": "Feature", "properties": { "Organizati": "Unavailable", "DEP_Client": "Unavailable", "DEP_Clie_1": 0.0, "DEP_Clie_2": "Owner", "SITE_NAME": "Ldfl In Caledonia State Park", "Site_ID": 616220.0, "Site_Statu": "Abandoned", "Primary_Fa": "Landfill In Caledonia State Park", "Primary__1": 637367.0, "Primary__2": "Inactive", "Sub_Facili": "Landfill In Caledonia State Park", "Sub_Faci_1": 771097.0, "Sub_Faci_2": "Abandoned", "Sub_Faci_3": "Landfill", "Waste_Oper": "Municipal Waste Operation", "Waste_Op_1": "Unavailable", "EPA_ID": "3-003", "COMPLIANCE": "Yes" }, "geometry": { "type": "Point", "coordinates": [ -8611229.911299999803305, 4852834.0337999984622 ] } },
{ "type": "Feature", "properties": { "Organizati": "Unavailable", "DEP_Client": "Unavailable", "DEP_Clie_1": 0.0, "DEP_Clie_2": "Owner", "SITE_NAME": "Leeds & Northrup", "Site_ID": 616659.0, "Site_Statu": "Abandoned", "Primary_Fa": "Leed's & Northrup Co.", "Primary__1": 637806.0, "Primary__2": "Inactive", "Sub_Facili": "Leed's & Northrup Co.", "Sub_Faci_1": 771536.0, "Sub_Faci_2": "Abandoned", "Sub_Faci_3": "Landfill", "Waste_Oper": "Municipal Waste Operation", "Waste_Op_1": "Unavailable", "EPA_ID": "1-350", "COMPLIANCE": "Yes" }, "geometry": { "type": "Point", "coordinates": [ -8380932.334300000220537, 4897176.061599999666214 ] } },
{ "type": "Feature", "properties": { "Organizati": "Kremser Bros", "DEP_Client": "Kremser Bros", "DEP_Clie_1": 78263.0, "DEP_Clie_2": "Owner", "SITE_NAME": "Cannon Hole Demolition Debris Site", "Site_ID": 4365.0, "Site_Statu": "Active", "Primary_Fa": "Cannon Hole Demolition Debris Site", "Primary__1": 5923.0, "Primary__2": "Inactive", "Sub_Facili": "Cannon Hole Demolition Debris Site", "Sub_Faci_1": 17619.0, "Sub_Faci_2": "Dep Abandoned List", "Sub_Faci_3": "Landfill", "Waste_Oper": "Municipal Waste Operation", "Waste_Op_1": "Unavailable", "EPA_ID": "101089", "COMPLIANCE": "Yes" }, "geometry": { "type": "Point", "coordinates": [ -8562758.312899999320507, 5047401.685599997639656 ] } },
{ "type": "Feature", "properties": { "Organizati": "L & W Demolition Co Inc", "DEP_Client": "L & W Demolition Co Inc", "DEP_Clie_1": 34842.0, "DEP_Clie_2": "Owner", "SITE_NAME": "L & W Demolition Proc Fac & Ldfl", "Site_ID": 248616.0, "Site_Statu": "Active", "Primary_Fa": "L & W Landfill", "Primary__1": 253325.0, "Primary__2": "Inactive", "Sub_Facili": "L & W Landfill", "Sub_Faci_1": 235565.0, "Sub_Faci_2": "Inactive", "Sub_Faci_3": "Landfill", "Waste_Oper": "Municipal Waste Operation", "Waste_Op_1": "Unavailable", "EPA_ID": "101026", "COMPLIANCE": "Yes" }, "geometry": { "type": "Point", "coordinates": [ -8577754.285199999809265, 4880242.117499999701977 ] } },
{ "type": "Feature", "properties": { "Organizati": "Superior Const Co", "DEP_Client": "Superior Const Co", "DEP_Clie_1": 120995.0, "DEP_Clie_2": "Owner", "SITE_NAME": "Superior Const", "Site_ID": 496842.0, "Site_Statu": "Active", "Primary_Fa": "Superior Const Co Mw", "Primary__1": 523723.0, "Primary__2": "Inactive", "Sub_Facili": "Superior Const Co Mw", "Sub_Faci_1": 406512.0, "Sub_Faci_2": "Dep Abandoned List", "Sub_Faci_3": "Landfill", "Waste_Oper": "Municipal Waste Operation", "Waste_Op_1": "Unavailable", "EPA_ID": "523723MWO", "COMPLIANCE": "Yes" }, "geometry": { "type": "Point", "coordinates": [ -8922743.715099999681115, 5114867.316500000655651 ] } },
{ "type": "Feature", "properties": { "Organizati": "Swatara Coal Co", "DEP_Client": "Swatara Coal Co", "DEP_Clie_1": 27927.0, "DEP_Clie_2": "Owner", "SITE_NAME": "John Fry Tract Ldfl", "Site_ID": 597535.0, "Site_Statu": "Active", "Primary_Fa": "John Fry 1", "Primary__1": 637989.0, "Primary__2": "Inactive", "Sub_Facili": "John Fry 1", "Sub_Faci_1": 771719.0, "Sub_Faci_2": "Abandoned", "Sub_Faci_3": "Landfill", "Waste_Oper": "Municipal Waste Operation", "Waste_Op_1": "Unavailable", "EPA_ID": "2-152", "COMPLIANCE": "Yes" }, "geometry": { "type": "Point", "coordinates": [ -8498321.034900000318885, 4962792.73870000243187 ] } },
{ "type": "Feature", "properties": { "Organizati": "Unavailable", "DEP_Client": "Unavailable", "DEP_Clie_1": 0.0, "DEP_Clie_2": "Owner", "SITE_NAME": "Lefever Dump", "Site_ID": 616054.0, "Site_Statu": "Abandoned", "Primary_Fa": "Lefever Dump", "Primary__1": 637201.0, "Primary__2": "Inactive", "Sub_Facili": "Lefever Dump", "Sub_Faci_1": 770931.0, "Sub_Faci_2": "Abandoned", "Sub_Faci_3": "Landfill", "Waste_Oper": "Municipal Waste Operation", "Waste_Op_1": "Unavailable", "EPA_ID": "3-136", "COMPLIANCE": "Yes" }, "geometry": { "type": "Point", "coordinates": [ -8507261.910299999639392, 4889001.393299996852875 ] } },
{ "type": "Feature", "properties": { "Organizati": "Unavailable", "DEP_Client": "Unavailable", "DEP_Clie_1": 0.0, "DEP_Clie_2": "Owner", "SITE_NAME": "Lehigh Elec & Eng", "Site_ID": 596578.0, "Site_Statu": "Active", "Primary_Fa": "Lehigh Electric", "Primary__1": 637680.0, "Primary__2": "Inactive", "Sub_Facili": "Lehigh Electric", "Sub_Faci_1": 771410.0, "Sub_Faci_2": "Abandoned", "Sub_Faci_3": "Landfill", "Waste_Oper": "Municipal Waste Operation", "Waste_Op_1": "Unavailable", "EPA_ID": "2-211", "COMPLIANCE": "Yes" }, "geometry": { "type": "Point", "coordinates": [ -8431711.79619999974966, 5065346.253100000321865 ] } },
{ "type": "Feature", "properties": { "Organizati": "Unavailable", "DEP_Client": "Unavailable", "DEP_Clie_1": 0.0, "DEP_Clie_2": "Owner", "SITE_NAME": "Lehman Ldfl", "Site_ID": 616142.0, "Site_Statu": "Abandoned", "Primary_Fa": "Lehman Landfill", "Primary__1": 637289.0, "Primary__2": "Inactive", "Sub_Facili": "Lehman Landfill", "Sub_Faci_1": 771019.0, "Sub_Faci_2": "Abandoned", "Sub_Faci_3": "Landfill", "Waste_Oper": "Municipal Waste Operation", "Waste_Op_1": "Unavailable", "EPA_ID": "1-009", "COMPLIANCE": "Yes" }, "geometry": { "type": "Point", "coordinates": [ -8400389.311499999836087, 4926904.392700001597404 ] } },
{ "type": "Feature", "properties": { "Organizati": "Unavailable", "DEP_Client": "Unavailable", "DEP_Clie_1": 0.0, "DEP_Clie_2": "Owner", "SITE_NAME": "Leidy Twp Dspl", "Site_ID": 616496.0, "Site_Statu": "Abandoned", "Primary_Fa": "Leidy Twp. Disposal", "Primary__1": 637643.0, "Primary__2": "Inactive", "Sub_Facili": "Leidy Twp. Disposal", "Sub_Faci_1": 771373.0, "Sub_Faci_2": "Abandoned", "Sub_Faci_3": "Landfill", "Waste_Oper": "Municipal Waste Operation", "Waste_Op_1": "Unavailable", "EPA_ID": "4-131 100059", "COMPLIANCE": "Yes" }, "geometry": { "type": "Point", "coordinates": [ -8665876.030999999493361, 5077026.697800002992153 ] } },
{ "type": "Feature", "properties": { "Organizati": "Unavailable", "DEP_Client": "Unavailable", "DEP_Clie_1": 0.0, "DEP_Clie_2": "Owner", "SITE_NAME": "Leidys", "Site_ID": 616635.0, "Site_Statu": "Abandoned", "Primary_Fa": "Leidy's Inc.", "Primary__1": 637782.0, "Primary__2": "Inactive", "Sub_Facili": "Leidy's Inc.", "Sub_Faci_1": 771512.0, "Sub_Faci_2": "Abandoned", "Sub_Faci_3": "Landfill", "Waste_Oper": "Municipal Waste Operation", "Waste_Op_1": "Unavailable", "EPA_ID": "1-292", "COMPLIANCE": "Yes" }, "geometry": { "type": "Point", "coordinates": [ -8384643.757099999114871, 4909645.266999997198582 ] } },
{ "type": "Feature", "properties": { "Organizati": "Unavailable", "DEP_Client": "Unavailable", "DEP_Clie_1": 0.0, "DEP_Clie_2": "Owner", "SITE_NAME": "Lenape Mfg", "Site_ID": 616144.0, "Site_Statu": "Abandoned", "Primary_Fa": "Lenape Manufacturing Company", "Primary__1": 637291.0, "Primary__2": "Inactive", "Sub_Facili": "Lenape Manufacturing Company", "Sub_Faci_1": 771021.0, "Sub_Faci_2": "Abandoned", "Sub_Faci_3": "Landfill", "Waste_Oper": "Municipal Waste Operation", "Waste_Op_1": "Unavailable", "EPA_ID": "1-090", "COMPLIANCE": "Yes" }, "geometry": { "type": "Point", "coordinates": [ -8377937.932800000533462, 4923859.283299997448921 ] } },
{ "type": "Feature", "properties": { "Organizati": "Unavailable", "DEP_Client": "Unavailable", "DEP_Clie_1": 0.0, "DEP_Clie_2": "Owner", "SITE_NAME": "Leroy Twp Fill", "Site_ID": 616354.0, "Site_Statu": "Abandoned", "Primary_Fa": "Leroy Twp Fill", "Primary__1": 637501.0, "Primary__2": "Inactive", "Sub_Facili": "Leroy Twp Fill", "Sub_Faci_1": 771231.0, "Sub_Faci_2": "Abandoned", "Sub_Faci_3": "Landfill", "Waste_Oper": "Municipal Waste Operation", "Waste_Op_1": "Unavailable", "EPA_ID": "4-107 100479", "COMPLIANCE": "Yes" }, "geometry": { "type": "Point", "coordinates": [ -8536032.35840000025928, 5114925.041500002145767 ] } },
{ "type": "Feature", "properties": { "Organizati": "Unavailable", "DEP_Client": "Unavailable", "DEP_Clie_1": 0.0, "DEP_Clie_2": "Owner", "SITE_NAME": "Lewisburg Ldfl", "Site_ID": 616258.0, "Site_Statu": "Abandoned", "Primary_Fa": "Lewisburg Landfill", "Primary__1": 637405.0, "Primary__2": "Inactive", "Sub_Facili": "Lewisburg Landfill", "Sub_Faci_1": 771135.0, "Sub_Faci_2": "Abandoned", "Sub_Faci_3": "Landfill", "Waste_Oper": "Municipal Waste Operation", "Waste_Op_1": "Unavailable", "EPA_ID": "4-164 100159", "COMPLIANCE": "Yes" }, "geometry": { "type": "Point", "coordinates": [ -8559105.17820000089705, 5007913.581799998879433 ] } },
{ "type": "Feature", "properties": { "Organizati": "Unavailable", "DEP_Client": "Unavailable", "DEP_Clie_1": 0.0, "DEP_Clie_2": "Owner", "SITE_NAME": "Liberty Twp Site", "Site_ID": 616792.0, "Site_Statu": "Abandoned", "Primary_Fa": "Liberty Twp Site", "Primary__1": 637939.0, "Primary__2": "Inactive", "Sub_Facili": "Liberty Twp Site", "Sub_Faci_1": 771669.0, "Sub_Faci_2": "Abandoned", "Sub_Faci_3": "Landfill", "Waste_Oper": "Municipal Waste Operation", "Waste_Op_1": "Unavailable", "EPA_ID": "4-079 100288", "COMPLIANCE": "Yes" }, "geometry": { "type": "Point", "coordinates": [ -8639317.055800000205636, 5023049.489399999380112 ] } },
{ "type": "Feature", "properties": { "Organizati": "Unavailable", "DEP_Client": "Unavailable", "DEP_Clie_1": 0.0, "DEP_Clie_2": "Owner", "SITE_NAME": "Lipchik Appleman Road Ldfl", "Site_ID": 481803.0, "Site_Statu": "Active", "Primary_Fa": "Lipchik Demo Site", "Primary__1": 637051.0, "Primary__2": "Inactive", "Sub_Facili": "Lipchik Demo Site", "Sub_Faci_1": 770781.0, "Sub_Faci_2": "Abandoned", "Sub_Faci_3": "Landfill", "Waste_Oper": "Municipal Waste Operation", "Waste_Op_1": "Unavailable", "EPA_ID": "6-022 101483", "COMPLIANCE": "Yes" }, "geometry": { "type": "Point", "coordinates": [ -8904872.524299999698997, 5176399.172799997031689 ] } },
{ "type": "Feature", "properties": { "Organizati": "Unavailable", "DEP_Client": "Unavailable", "DEP_Clie_1": 0.0, "DEP_Clie_2": "Owner", "SITE_NAME": "Lititz Public Works Dumping Site", "Site_ID": 812979.0, "Site_Statu": "Inactive", "Primary_Fa": "Lititz Public Works Dumping Site", "Primary__1": 807040.0, "Primary__2": "Unpermitted Inactive", "Sub_Facili": "Lititz Boro Public Works Dumping Site", "Sub_Faci_1": 1201235.0, "Sub_Faci_2": "Unpermitted Inactive", "Sub_Faci_3": "Landfill", "Waste_Oper": "Municipal Waste Operation", "Waste_Op_1": "Non-captive", "EPA_ID": "807040", "COMPLIANCE": "Yes" }, "geometry": { "type": "Point", "coordinates": [ -8497890.256300000473857, 4889051.539599999785423 ] } },
{ "type": "Feature", "properties": { "Organizati": "Unavailable", "DEP_Client": "Unavailable", "DEP_Clie_1": 0.0, "DEP_Clie_2": "Owner", "SITE_NAME": "Lock Haven Fill", "Site_ID": 616824.0, "Site_Statu": "Abandoned", "Primary_Fa": "Lock Haven Fill", "Primary__1": 637971.0, "Primary__2": "Inactive", "Sub_Facili": "Lock Haven Fill", "Sub_Faci_1": 771701.0, "Sub_Faci_2": "Abandoned", "Sub_Faci_3": "Landfill", "Waste_Oper": "Municipal Waste Operation", "Waste_Op_1": "Unavailable", "EPA_ID": "4-127 100196", "COMPLIANCE": "Yes" }, "geometry": { "type": "Point", "coordinates": [ -8620117.535800000652671, 5031712.115900002419949 ] } },
{ "type": "Feature", "properties": { "Organizati": "Unavailable", "DEP_Client": "Unavailable", "DEP_Clie_1": 0.0, "DEP_Clie_2": "Owner", "SITE_NAME": "Loganton Boro Dump", "Site_ID": 616374.0, "Site_Statu": "Abandoned", "Primary_Fa": "Loganton Boro. Dump", "Primary__1": 637521.0, "Primary__2": "Inactive", "Sub_Facili": "Loganton Boro. Dump", "Sub_Faci_1": 771251.0, "Sub_Faci_2": "Abandoned", "Sub_Faci_3": "Landfill", "Waste_Oper": "Municipal Waste Operation", "Waste_Op_1": "Unavailable", "EPA_ID": "4-132 100189", "COMPLIANCE": "Yes" }, "geometry": { "type": "Point", "coordinates": [ -8605494.483799999579787, 5016693.881300002336502 ] } },
{ "type": "Feature", "properties": { "Organizati": "Unavailable", "DEP_Client": "Unavailable", "DEP_Clie_1": 0.0, "DEP_Clie_2": "Owner", "SITE_NAME": "Lower Moreland Twp Ldfl", "Site_ID": 616803.0, "Site_Statu": "Abandoned", "Primary_Fa": "Lower Moreland Twp Landfill", "Primary__1": 637950.0, "Primary__2": "Inactive", "Sub_Facili": "Lower Moreland Twp Landfill", "Sub_Faci_1": 771680.0, "Sub_Faci_2": "Abandoned", "Sub_Faci_3": "Landfill", "Waste_Oper": "Municipal Waste Operation", "Waste_Op_1": "Unavailable", "EPA_ID": "1-270", "COMPLIANCE": "Yes" }, "geometry": { "type": "Point", "coordinates": [ -8355589.895700000226498, 4889593.939400002360344 ] } },
{ "type": "Feature", "properties": { "Organizati": "Unavailable", "DEP_Client": "Unavailable", "DEP_Clie_1": 0.0, "DEP_Clie_2": "Owner", "SITE_NAME": "Lukens Steel", "Site_ID": 615897.0, "Site_Statu": "Abandoned", "Primary_Fa": "Lukens Steel Company", "Primary__1": 637044.0, "Primary__2": "Inactive", "Sub_Facili": "Lukens Steel Company", "Sub_Faci_1": 770774.0, "Sub_Faci_2": "Abandoned", "Sub_Faci_3": "Landfill", "Waste_Oper": "Municipal Waste Operation", "Waste_Op_1": "Unavailable", "EPA_ID": "1-173 300364", "COMPLIANCE": "Yes" }, "geometry": { "type": "Point", "coordinates": [ -8442761.6656, 4861485.947200000286102 ] } },
{ "type": "Feature", "properties": { "Organizati": "Unavailable", "DEP_Client": "Unavailable", "DEP_Clie_1": 0.0, "DEP_Clie_2": "Owner", "SITE_NAME": "Luzerne Cnty Demolition Ldfl", "Site_ID": 616467.0, "Site_Statu": "Abandoned", "Primary_Fa": "Luzerne Cnty Demolition Ldfl", "Primary__1": 637614.0, "Primary__2": "Inactive", "Sub_Facili": "Luzerne Cnty Demolition Ldfl", "Sub_Faci_1": 771344.0, "Sub_Faci_2": "Abandoned", "Sub_Faci_3": "Landfill", "Waste_Oper": "Municipal Waste Operation", "Waste_Op_1": "Unavailable", "EPA_ID": "2-075 900008", "COMPLIANCE": "Yes" }, "geometry": { "type": "Point", "coordinates": [ -8454571.56900000013411, 5043778.875600002706051 ] } },
{ "type": "Feature", "properties": { "Organizati": "Unavailable", "DEP_Client": "Unavailable", "DEP_Clie_1": 0.0, "DEP_Clie_2": "Owner", "SITE_NAME": "Maaco Enterprises", "Site_ID": 616109.0, "Site_Statu": "Abandoned", "Primary_Fa": "Maaco Enterprises", "Primary__1": 637256.0, "Primary__2": "Inactive", "Sub_Facili": "Maaco Enterprises", "Sub_Faci_1": 770986.0, "Sub_Faci_2": "Abandoned", "Sub_Faci_3": "Landfill", "Waste_Oper": "Municipal Waste Operation", "Waste_Op_1": "Unavailable", "EPA_ID": "1-370", "COMPLIANCE": "Yes" }, "geometry": { "type": "Point", "coordinates": [ -8390816.871300000697374, 4877607.263999998569489 ] } },
{ "type": "Feature", "properties": { "Organizati": "Unavailable", "DEP_Client": "Unavailable", "DEP_Clie_1": 0.0, "DEP_Clie_2": "Owner", "SITE_NAME": "Magnolia Gardens Hayes", "Site_ID": 616858.0, "Site_Statu": "Abandoned", "Primary_Fa": "Magnolia Gardens Hayes", "Primary__1": 638005.0, "Primary__2": "Inactive", "Sub_Facili": "Magnolia Gardens Hayes", "Sub_Faci_1": 771735.0, "Sub_Faci_2": "Abandoned", "Sub_Faci_3": "Landfill", "Waste_Oper": "Municipal Waste Operation", "Waste_Op_1": "Unavailable", "EPA_ID": "1-056 100835", "COMPLIANCE": "Yes" }, "geometry": { "type": "Point", "coordinates": [ -8333022.277699999511242, 4882760.666500002145767 ] } },
{ "type": "Feature", "properties": { "Organizati": "Unavailable", "DEP_Client": "Unavailable", "DEP_Clie_1": 0.0, "DEP_Clie_2": "Owner", "SITE_NAME": "Mainline Sani Ldfl", "Site_ID": 599486.0, "Site_Statu": "Active", "Primary_Fa": "Mainline Landfill", "Primary__1": 637342.0, "Primary__2": "Inactive", "Sub_Facili": "Mainline Landfill", "Sub_Faci_1": 771072.0, "Sub_Faci_2": "Abandoned", "Sub_Faci_3": "Landfill", "Waste_Oper": "Municipal Waste Operation", "Waste_Op_1": "Unavailable", "EPA_ID": "5-176", "COMPLIANCE": "Yes" }, "geometry": { "type": "Point", "coordinates": [ -8753286.037000000476837, 4917575.006700001657009 ] } },
{ "type": "Feature", "properties": { "Organizati": "Unavailable", "DEP_Client": "Unavailable", "DEP_Clie_1": 0.0, "DEP_Clie_2": "Owner", "SITE_NAME": "Manchester Twp Ldfl", "Site_ID": 616541.0, "Site_Statu": "Abandoned", "Primary_Fa": "Manchester Twp Ldfl", "Primary__1": 637688.0, "Primary__2": "Inactive", "Sub_Facili": "Manchester Twp Ldfl", "Sub_Faci_1": 771418.0, "Sub_Faci_2": "Abandoned", "Sub_Faci_3": "Landfill", "Waste_Oper": "Municipal Waste Operation", "Waste_Op_1": "Unavailable", "EPA_ID": "2-183 100209", "COMPLIANCE": "Yes" }, "geometry": { "type": "Point", "coordinates": [ -8372291.962799999862909, 5135960.015799999237061 ] } },
{ "type": "Feature", "properties": { "Organizati": "Unavailable", "DEP_Client": "Unavailable", "DEP_Clie_1": 0.0, "DEP_Clie_2": "Owner", "SITE_NAME": "Mansfield Boro Ldfl 2", "Site_ID": 616570.0, "Site_Statu": "Abandoned", "Primary_Fa": "Mansfield Boro Landfill #2", "Primary__1": 637717.0, "Primary__2": "Inactive", "Sub_Facili": "Mansfield Boro Landfill #2", "Sub_Faci_1": 771447.0, "Sub_Faci_2": "Abandoned", "Sub_Faci_3": "Landfill", "Waste_Oper": "Municipal Waste Operation", "Waste_Op_1": "Unavailable", "EPA_ID": "4-064 100239", "COMPLIANCE": "Yes" }, "geometry": { "type": "Point", "coordinates": [ -8580845.874800000339746, 5131769.196999996900558 ] } },
{ "type": "Feature", "properties": { "Organizati": "Lancaster Cnty Swma", "DEP_Client": "Lancaster Cnty Swma", "DEP_Clie_1": 4660.0, "DEP_Clie_2": "Owner", "SITE_NAME": "Frey Farm-creswell Ldfl", "Site_ID": 450744.0, "Site_Statu": "Active", "Primary_Fa": "Frey Farm Lndfl", "Primary__1": 491503.0, "Primary__2": "Inactive", "Sub_Facili": "Municipal Waste Landfill", "Sub_Faci_1": 369383.0, "Sub_Faci_2": "Inactive", "Sub_Faci_3": "Landfill", "Waste_Oper": "Municipal Waste Operation", "Waste_Op_1": "Unavailable", "EPA_ID": "491503", "COMPLIANCE": "Yes" }, "geometry": { "type": "Point", "coordinates": [ -8509585.630400000140071, 4859073.168099999427795 ] } },
{ "type": "Feature", "properties": { "Organizati": "Lasky Const Co", "DEP_Client": "Lasky Const Co", "DEP_Clie_1": 62697.0, "DEP_Clie_2": "Owner", "SITE_NAME": "Lasky Ldfl", "Site_ID": 248624.0, "Site_Statu": "Abandoned", "Primary_Fa": "Municipal Waste Operation", "Primary__1": 255029.0, "Primary__2": "Inactive", "Sub_Facili": "Lasky Landfill", "Sub_Faci_1": 239656.0, "Sub_Faci_2": "Inactive", "Sub_Faci_3": "Landfill", "Waste_Oper": "Municipal Waste Operation", "Waste_Op_1": "Unavailable", "EPA_ID": "100091", "COMPLIANCE": "Yes" }, "geometry": { "type": "Point", "coordinates": [ -8781128.810399999842048, 4902459.926899999380112 ] } },
{ "type": "Feature", "properties": { "Organizati": "Unavailable", "DEP_Client": "Unavailable", "DEP_Clie_1": 0.0, "DEP_Clie_2": "Owner", "SITE_NAME": "Marple Twp Ldfl", "Site_ID": 615922.0, "Site_Statu": "Abandoned", "Primary_Fa": "Marple Twp Landfill", "Primary__1": 637069.0, "Primary__2": "Inactive", "Sub_Facili": "Marple Twp Landfill", "Sub_Faci_1": 770799.0, "Sub_Faci_2": "Abandoned", "Sub_Faci_3": "Landfill", "Waste_Oper": "Municipal Waste Operation", "Waste_Op_1": "Unavailable", "EPA_ID": "1-192", "COMPLIANCE": "Yes" }, "geometry": { "type": "Point", "coordinates": [ -8388609.857200000435114, 4865279.263400003314018 ] } },
{ "type": "Feature", "properties": { "Organizati": "Unavailable", "DEP_Client": "Unavailable", "DEP_Clie_1": 0.0, "DEP_Clie_2": "Owner", "SITE_NAME": "Masontown Boro Ldfl", "Site_ID": 599749.0, "Site_Statu": "Active", "Primary_Fa": "Masontown Borough Landfill", "Primary__1": 637359.0, "Primary__2": "Unpermitted Inactive", "Sub_Facili": "Masontown Borough Landfill", "Sub_Faci_1": 771089.0, "Sub_Faci_2": "Abandoned", "Sub_Faci_3": "Landfill", "Waste_Oper": "Municipal Waste Operation", "Waste_Op_1": "Unavailable", "EPA_ID": "5-064", "COMPLIANCE": "Yes" }, "geometry": { "type": "Point", "coordinates": [ -8891446.323799999430776, 4842835.347300000488758 ] } },
{ "type": "Feature", "properties": { "Organizati": "Unavailable", "DEP_Client": "Unavailable", "DEP_Clie_1": 0.0, "DEP_Clie_2": "Owner", "SITE_NAME": "Mayer Pollack Ldfl", "Site_ID": 616642.0, "Site_Statu": "Abandoned", "Primary_Fa": "Mayer Pollack Landfill", "Primary__1": 637789.0, "Primary__2": "Inactive", "Sub_Facili": "Mayer Pollack Landfill", "Sub_Faci_1": 771519.0, "Sub_Faci_2": "Abandoned", "Sub_Faci_3": "Landfill", "Waste_Oper": "Municipal Waste Operation", "Waste_Op_1": "Unavailable", "EPA_ID": "1-310", "COMPLIANCE": "Yes" }, "geometry": { "type": "Point", "coordinates": [ -8418836.868300000205636, 4900387.350000001490116 ] } },
{ "type": "Feature", "properties": { "Organizati": "Unavailable", "DEP_Client": "Unavailable", "DEP_Clie_1": 0.0, "DEP_Clie_2": "Owner", "SITE_NAME": "Mcadoo & Allen Welting", "Site_ID": 616101.0, "Site_Statu": "Abandoned", "Primary_Fa": "Mcadoo And Allen Welting Co., Inc.", "Primary__1": 637248.0, "Primary__2": "Inactive", "Sub_Facili": "Mcadoo And Allen Welting Co., Inc.", "Sub_Faci_1": 770978.0, "Sub_Faci_2": "Abandoned", "Sub_Faci_3": "Landfill", "Waste_Oper": "Municipal Waste Operation", "Waste_Op_1": "Unavailable", "EPA_ID": "1-064 300142", "COMPLIANCE": "Yes" }, "geometry": { "type": "Point", "coordinates": [ -8385905.346999999135733, 4929816.815099999308586 ] } },
{ "type": "Feature", "properties": { "Organizati": "Unavailable", "DEP_Client": "Unavailable", "DEP_Clie_1": 0.0, "DEP_Clie_2": "Owner", "SITE_NAME": "Mccardle Sani Ldfl", "Site_ID": 616750.0, "Site_Statu": "Abandoned", "Primary_Fa": "Mccardle Sanitary Landfill", "Primary__1": 637897.0, "Primary__2": "Inactive", "Sub_Facili": "Mccardle Sanitary Landfill", "Sub_Faci_1": 771627.0, "Sub_Faci_2": "Abandoned", "Sub_Faci_3": "Landfill", "Waste_Oper": "Municipal Waste Operation", "Waste_Op_1": "Unavailable", "EPA_ID": "3-036 100181", "COMPLIANCE": "Yes" }, "geometry": { "type": "Point", "coordinates": [ -8633832.096999999135733, 4960809.808300003409386 ] } },
{ "type": "Feature", "properties": { "Organizati": "Unavailable", "DEP_Client": "Unavailable", "DEP_Clie_1": 0.0, "DEP_Clie_2": "Owner", "SITE_NAME": "Mccraken Fill 1", "Site_ID": 616286.0, "Site_Statu": "Abandoned", "Primary_Fa": "Mccraken Fill #1", "Primary__1": 637433.0, "Primary__2": "Inactive", "Sub_Facili": "Mccraken Fill #1", "Sub_Faci_1": 771163.0, "Sub_Faci_2": "Abandoned", "Sub_Faci_3": "Landfill", "Waste_Oper": "Municipal Waste Operation", "Waste_Op_1": "Unavailable", "EPA_ID": "4-027 100808", "COMPLIANCE": "Yes" }, "geometry": { "type": "Point", "coordinates": [ -8738113.103900000452995, 5003164.134400002658367 ] } },
{ "type": "Feature", "properties": { "Organizati": "Unavailable", "DEP_Client": "Unavailable", "DEP_Clie_1": 0.0, "DEP_Clie_2": "Owner", "SITE_NAME": "Mcintyre Twp Ldfl", "Site_ID": 616574.0, "Site_Statu": "Abandoned", "Primary_Fa": "Mcintyre Twp Landfill", "Primary__1": 637721.0, "Primary__2": "Inactive", "Sub_Facili": "Mcintyre Twp Landfill", "Sub_Faci_1": 771451.0, "Sub_Faci_2": "Abandoned", "Sub_Faci_3": "Landfill", "Waste_Oper": "Municipal Waste Operation", "Waste_Op_1": "Unavailable", "EPA_ID": "4-007 100192", "COMPLIANCE": "Yes" }, "geometry": { "type": "Point", "coordinates": [ -8567045.968499999493361, 5089864.679200001060963 ] } },
{ "type": "Feature", "properties": { "Organizati": "Unavailable", "DEP_Client": "Unavailable", "DEP_Clie_1": 0.0, "DEP_Clie_2": "Owner", "SITE_NAME": "Meadowood Condominiums", "Site_ID": 616815.0, "Site_Statu": "Abandoned", "Primary_Fa": "Meadowood Condominiums", "Primary__1": 637962.0, "Primary__2": "Inactive", "Sub_Facili": "Meadowood Condominiums", "Sub_Faci_1": 771692.0, "Sub_Faci_2": "Abandoned", "Sub_Faci_3": "Landfill", "Waste_Oper": "Municipal Waste Operation", "Waste_Op_1": "Unavailable", "EPA_ID": "1-091", "COMPLIANCE": "Yes" }, "geometry": { "type": "Point", "coordinates": [ -8362970.223300000652671, 4898286.616400003433228 ] } },
{ "type": "Feature", "properties": { "Organizati": "Unavailable", "DEP_Client": "Unavailable", "DEP_Clie_1": 0.0, "DEP_Clie_2": "Owner", "SITE_NAME": "Meadville Ldfl", "Site_ID": 493073.0, "Site_Statu": "Inactive", "Primary_Fa": "Meadville Ldfl", "Primary__1": 520920.0, "Primary__2": "Inactive", "Sub_Facili": "Meadville Ldfl", "Sub_Faci_1": 402915.0, "Sub_Faci_2": "Dep Abandoned List", "Sub_Faci_3": "Landfill", "Waste_Oper": "Municipal Waste Operation", "Waste_Op_1": "Unavailable", "EPA_ID": "100311", "COMPLIANCE": "Yes" }, "geometry": { "type": "Point", "coordinates": [ -8922342.160900000482798, 5114774.079199999570847 ] } },
{ "type": "Feature", "properties": { "Organizati": "Unavailable", "DEP_Client": "Unavailable", "DEP_Clie_1": 0.0, "DEP_Clie_2": "Owner", "SITE_NAME": "Med Waste Proc Fac Biosystems", "Site_ID": 616693.0, "Site_Statu": "Abandoned", "Primary_Fa": "Med. Waste Processing Facility[biosystems]", "Primary__1": 637840.0, "Primary__2": "Inactive", "Sub_Facili": "Med. Waste Processing Facility[biosystems]", "Sub_Faci_1": 771570.0, "Sub_Faci_2": "Abandoned", "Sub_Faci_3": "Landfill", "Waste_Oper": "Municipal Waste Operation", "Waste_Op_1": "Unavailable", "EPA_ID": "1-043", "COMPLIANCE": "Yes" }, "geometry": { "type": "Point", "coordinates": [ -8358914.947100000455976, 4895750.349299997091293 ] } },
{ "type": "Feature", "properties": { "Organizati": "Unavailable", "DEP_Client": "Unavailable", "DEP_Clie_1": 0.0, "DEP_Clie_2": "Owner", "SITE_NAME": "Meray Ldfl", "Site_ID": 616319.0, "Site_Statu": "Abandoned", "Primary_Fa": "Meray Landfill", "Primary__1": 637466.0, "Primary__2": "Unpermitted Inactive", "Sub_Facili": "Meray Landfill", "Sub_Faci_1": 771196.0, "Sub_Faci_2": "Abandoned", "Sub_Faci_3": "Landfill", "Waste_Oper": "Municipal Waste Operation", "Waste_Op_1": "Unavailable", "EPA_ID": "5-171", "COMPLIANCE": "Yes" }, "geometry": { "type": "Point", "coordinates": [ -8766936.852399999275804, 4965592.128300003707409 ] } },
{ "type": "Feature", "properties": { "Organizati": "Unavailable", "DEP_Client": "Unavailable", "DEP_Clie_1": 0.0, "DEP_Clie_2": "Owner", "SITE_NAME": "Metro Edison Crawford Sta", "Site_ID": 615961.0, "Site_Statu": "Abandoned", "Primary_Fa": "Metropolitan Edison--crawford Station", "Primary__1": 637108.0, "Primary__2": "Inactive", "Sub_Facili": "Metropolitan Edison--crawford Station", "Sub_Faci_1": 770838.0, "Sub_Faci_2": "Abandoned", "Sub_Faci_3": "Landfill", "Waste_Oper": "Municipal Waste Operation", "Waste_Op_1": "Unavailable", "EPA_ID": "3-105", "COMPLIANCE": "Yes" }, "geometry": { "type": "Point", "coordinates": [ -8591145.135500000789762, 4883844.596000000834465 ] } },
{ "type": "Feature", "properties": { "Organizati": "Unavailable", "DEP_Client": "Unavailable", "DEP_Clie_1": 0.0, "DEP_Clie_2": "Owner", "SITE_NAME": "Mickles Ldfl", "Site_ID": 616065.0, "Site_Statu": "Abandoned", "Primary_Fa": "Mickles Landfill", "Primary__1": 637212.0, "Primary__2": "Inactive", "Sub_Facili": "Mickles Landfill", "Sub_Faci_1": 770942.0, "Sub_Faci_2": "Abandoned", "Sub_Faci_3": "Landfill", "Waste_Oper": "Municipal Waste Operation", "Waste_Op_1": "Unavailable", "EPA_ID": "3-132", "COMPLIANCE": "Yes" }, "geometry": { "type": "Point", "coordinates": [ -8550809.235500000417233, 4885140.5574000030756 ] } },
{ "type": "Feature", "properties": { "Organizati": "Unavailable", "DEP_Client": "Unavailable", "DEP_Clie_1": 0.0, "DEP_Clie_2": "Owner", "SITE_NAME": "Middleport Boro Ldfl", "Site_ID": 616517.0, "Site_Statu": "Abandoned", "Primary_Fa": "Middleport Boro Ldfl", "Primary__1": 637664.0, "Primary__2": "Inactive", "Sub_Facili": "Middleport Boro Ldfl", "Sub_Faci_1": 771394.0, "Sub_Faci_2": "Abandoned", "Sub_Faci_3": "Landfill", "Waste_Oper": "Municipal Waste Operation", "Waste_Op_1": "Unavailable", "EPA_ID": "2-127 100696", "COMPLIANCE": "Yes" }, "geometry": { "type": "Point", "coordinates": [ -8469693.870400000363588, 4971640.714100003242493 ] } },
{ "type": "Feature", "properties": { "Organizati": "Unavailable", "DEP_Client": "Unavailable", "DEP_Clie_1": 0.0, "DEP_Clie_2": "Owner", "SITE_NAME": "Mifflin Twp Dump", "Site_ID": 616268.0, "Site_Statu": "Abandoned", "Primary_Fa": "Mifflin Twp Dump", "Primary__1": 637415.0, "Primary__2": "Inactive", "Sub_Facili": "Mifflin Twp Dump", "Sub_Faci_1": 771145.0, "Sub_Faci_2": "Abandoned", "Sub_Faci_3": "Landfill", "Waste_Oper": "Municipal Waste Operation", "Waste_Op_1": "Unavailable", "EPA_ID": "4-181 100184", "COMPLIANCE": "Yes" }, "geometry": { "type": "Point", "coordinates": [ -8491113.088600000366569, 5015474.080300003290176 ] } },
{ "type": "Feature", "properties": { "Organizati": "Unavailable", "DEP_Client": "Unavailable", "DEP_Clie_1": 0.0, "DEP_Clie_2": "Owner", "SITE_NAME": "Milford Boro Ldfl", "Site_ID": 616562.0, "Site_Statu": "Abandoned", "Primary_Fa": "Milford Boro Ldfl", "Primary__1": 637709.0, "Primary__2": "Inactive", "Sub_Facili": "Milford Boro Ldfl", "Sub_Faci_1": 771439.0, "Sub_Faci_2": "Abandoned", "Sub_Faci_3": "Landfill", "Waste_Oper": "Municipal Waste Operation", "Waste_Op_1": "Unavailable", "EPA_ID": "2-123 100255", "COMPLIANCE": "Yes" }, "geometry": { "type": "Point", "coordinates": [ -8328298.456700000911951, 5057567.541000001132488 ] } },
{ "type": "Feature", "properties": { "Organizati": "Unavailable", "DEP_Client": "Unavailable", "DEP_Clie_1": 0.0, "DEP_Clie_2": "Owner", "SITE_NAME": "Millheim Ldfl", "Site_ID": 616582.0, "Site_Statu": "Abandoned", "Primary_Fa": "Millheim Landfill", "Primary__1": 637729.0, "Primary__2": "Inactive", "Sub_Facili": "Millheim Landfill", "Sub_Faci_1": 771459.0, "Sub_Faci_2": "Abandoned", "Sub_Faci_3": "Landfill", "Waste_Oper": "Municipal Waste Operation", "Waste_Op_1": "Unavailable", "EPA_ID": "4-080 100303", "COMPLIANCE": "Yes" }, "geometry": { "type": "Point", "coordinates": [ -8624390.967399999499321, 4996809.232500001788139 ] } },
{ "type": "Feature", "properties": { "Organizati": "Unavailable", "DEP_Client": "Unavailable", "DEP_Clie_1": 0.0, "DEP_Clie_2": "Owner", "SITE_NAME": "Mock Sani Ldfl", "Site_ID": 616613.0, "Site_Statu": "Abandoned", "Primary_Fa": "Mock Sanitary Landfill", "Primary__1": 637760.0, "Primary__2": "Inactive", "Sub_Facili": "Mock Sanitary Landfill", "Sub_Faci_1": 771490.0, "Sub_Faci_2": "Abandoned", "Sub_Faci_3": "Landfill", "Waste_Oper": "Municipal Waste Operation", "Waste_Op_1": "Unavailable", "EPA_ID": "1-191", "COMPLIANCE": "Yes" }, "geometry": { "type": "Point", "coordinates": [ -8409698.342199999839067, 4844853.433600001037121 ] } },
{ "type": "Feature", "properties": { "Organizati": "Unavailable", "DEP_Client": "Unavailable", "DEP_Clie_1": 0.0, "DEP_Clie_2": "Owner", "SITE_NAME": "Monongahela Ldfl", "Site_ID": 616744.0, "Site_Statu": "Abandoned", "Primary_Fa": "Monongahela Landfill", "Primary__1": 637891.0, "Primary__2": "Inactive", "Sub_Facili": "Monongahela Landfill", "Sub_Faci_1": 771621.0, "Sub_Faci_2": "Abandoned", "Sub_Faci_3": "Landfill", "Waste_Oper": "Municipal Waste Operation", "Waste_Op_1": "Unavailable", "EPA_ID": "5-104", "COMPLIANCE": "Yes" }, "geometry": { "type": "Point", "coordinates": [ -8897649.7632, 4893562.394100002944469 ] } },
{ "type": "Feature", "properties": { "Organizati": "Unavailable", "DEP_Client": "Unavailable", "DEP_Clie_1": 0.0, "DEP_Clie_2": "Owner", "SITE_NAME": "Monroe Chem", "Site_ID": 616161.0, "Site_Statu": "Abandoned", "Primary_Fa": "Monroe Chemical", "Primary__1": 637308.0, "Primary__2": "Inactive", "Sub_Facili": "Monroe Chemical", "Sub_Faci_1": 771038.0, "Sub_Faci_2": "Abandoned", "Sub_Faci_3": "Landfill", "Waste_Oper": "Municipal Waste Operation", "Waste_Op_1": "Unavailable", "EPA_ID": "1-231 300430", "COMPLIANCE": "Yes" }, "geometry": { "type": "Point", "coordinates": [ -8386873.69679999910295, 4845057.209899999201298 ] } },
{ "type": "Feature", "properties": { "Organizati": "Unavailable", "DEP_Client": "Unavailable", "DEP_Clie_1": 0.0, "DEP_Clie_2": "Owner", "SITE_NAME": "Monroe Dspl Ldfl", "Site_ID": 615963.0, "Site_Statu": "Abandoned", "Primary_Fa": "Monroe Disposal Site", "Primary__1": 637110.0, "Primary__2": "Inactive", "Sub_Facili": "Monroe Disposal Site", "Sub_Faci_1": 770840.0, "Sub_Faci_2": "Abandoned", "Sub_Faci_3": "Landfill", "Waste_Oper": "Municipal Waste Operation", "Waste_Op_1": "Unavailable", "EPA_ID": "6-029 100328", "COMPLIANCE": "Yes" }, "geometry": { "type": "Point", "coordinates": [ -8903669.905799999833107, 5154087.659400001168251 ] } },
{ "type": "Feature", "properties": { "Organizati": "Usa Valley Fac Inc", "DEP_Client": "Usa Valley Fac Inc", "DEP_Clie_1": 135355.0, "DEP_Clie_2": "Owner", "SITE_NAME": "Usa Valley Fac Inc", "Site_ID": 241218.0, "Site_Statu": "Active", "Primary_Fa": "Valley Ldfl Mwo", "Primary__1": 244889.0, "Primary__2": "Active", "Sub_Facili": "Valley Ldfl", "Sub_Faci_1": 213635.0, "Sub_Faci_2": "Active", "Sub_Faci_3": "Landfill", "Waste_Oper": "Municipal Waste Operation", "Waste_Op_1": "Unavailable", "EPA_ID": "100280", "COMPLIANCE": "Yes" }, "geometry": { "type": "Point", "coordinates": [ -8869376.718299999833107, 4922444.802500002086163 ] } },
{ "type": "Feature", "properties": { "Organizati": "Unavailable", "DEP_Client": "Bernard Peter", "DEP_Clie_1": 50940.0, "DEP_Clie_2": "Owner", "SITE_NAME": "Barnesboro Dspl Site", "Site_ID": 250064.0, "Site_Statu": "Inactive", "Primary_Fa": "Barnesboro Ldfl", "Primary__1": 257515.0, "Primary__2": "Inactive", "Sub_Facili": "Landfill", "Sub_Faci_1": 245211.0, "Sub_Faci_2": "Inactive", "Sub_Faci_3": "Landfill", "Waste_Oper": "Municipal Waste Operation", "Waste_Op_1": "Unavailable", "EPA_ID": "101399", "COMPLIANCE": "Yes" }, "geometry": { "type": "Point", "coordinates": [ -8770429.770500000566244, 4963013.342699997127056 ] } },
{ "type": "Feature", "properties": { "Organizati": "Unavailable", "DEP_Client": "Brdaric John P Jr", "DEP_Clie_1": 26287.0, "DEP_Clie_2": "Owner", "SITE_NAME": "Wa Ave Ldfl", "Site_ID": 249748.0, "Site_Statu": "Inactive", "Primary_Fa": "Washington Ave Landfill", "Primary__1": 257040.0, "Primary__2": "Unpermitted Inactive", "Sub_Facili": "Washington Ave Landfill", "Sub_Faci_1": 243681.0, "Sub_Faci_2": "Dep Abandoned List", "Sub_Faci_3": "Landfill", "Waste_Oper": "Municipal Waste Operation", "Waste_Op_1": "Unavailable", "EPA_ID": "101438", "COMPLIANCE": "Yes" }, "geometry": { "type": "Point", "coordinates": [ -8444303.975600000470877, 5058299.045100003480911 ] } },
{ "type": "Feature", "properties": { "Organizati": "Unavailable", "DEP_Client": "Brice Steven", "DEP_Clie_1": 82437.0, "DEP_Clie_2": "Owner", "SITE_NAME": "Steven Brice Prop", "Site_ID": 786856.0, "Site_Statu": "Inactive", "Primary_Fa": "Steven Brice Prop", "Primary__1": 780007.0, "Primary__2": "Unpermitted Inactive", "Sub_Facili": "Steven Brice Prop", "Sub_Faci_1": 1144709.0, "Sub_Faci_2": "Unpermitted Inactive", "Sub_Faci_3": "Landfill", "Waste_Oper": "Municipal Waste Operation", "Waste_Op_1": "Captive", "EPA_ID": "780007", "COMPLIANCE": "Yes" }, "geometry": { "type": "Point", "coordinates": [ -8441426.227600000798702, 4919427.273999996483326 ] } },
{ "type": "Feature", "properties": { "Organizati": "Unavailable", "DEP_Client": "Bulow Richard P", "DEP_Clie_1": 12119.0, "DEP_Clie_2": "Owner", "SITE_NAME": "Mostoller Leonard Ldfl", "Site_ID": 238938.0, "Site_Statu": "Inactive", "Primary_Fa": "Leonard Mostoller Landfill #100996", "Primary__1": 241859.0, "Primary__2": "Inactive", "Sub_Facili": "Mostoller Landfill", "Sub_Faci_1": 205423.0, "Sub_Faci_2": "Inactive", "Sub_Faci_3": "Landfill", "Waste_Oper": "Municipal Waste Operation", "Waste_Op_1": "Unavailable", "EPA_ID": "100996", "COMPLIANCE": "Yes" }, "geometry": { "type": "Point", "coordinates": [ -8780572.212899999693036, 4879797.461599998176098 ] } },
{ "type": "Feature", "properties": { "Organizati": "Unavailable", "DEP_Client": "Favinger Ronald", "DEP_Clie_1": 252306.0, "DEP_Clie_2": "Owner", "SITE_NAME": "Favinger Ronald", "Site_ID": 681007.0, "Site_Statu": "Reclamation Completed", "Primary_Fa": "Favinger Ronald Prop", "Primary__1": 687213.0, "Primary__2": "Reclamation Complete", "Sub_Facili": "Favinger Ronald Prop", "Sub_Faci_1": 933924.0, "Sub_Faci_2": "Reclamation Complete", "Sub_Faci_3": "Landfill", "Waste_Oper": "Municipal Waste Operation", "Waste_Op_1": "Unavailable", "EPA_ID": "687213", "COMPLIANCE": "Yes" }, "geometry": { "type": "Point", "coordinates": [ -8475915.504300000146031, 4917283.39019999653101 ] } },
{ "type": "Feature", "properties": { "Organizati": "Unavailable", "DEP_Client": "Unavailable", "DEP_Clie_1": 0.0, "DEP_Clie_2": "Owner", "SITE_NAME": "Monroe Twp Dump", "Site_ID": 616046.0, "Site_Statu": "Abandoned", "Primary_Fa": "Monroe Twp Dump", "Primary__1": 637193.0, "Primary__2": "Inactive", "Sub_Facili": "Monroe Twp Dump", "Sub_Faci_1": 770923.0, "Sub_Faci_2": "Abandoned", "Sub_Faci_3": "Landfill", "Waste_Oper": "Municipal Waste Operation", "Waste_Op_1": "Unavailable", "EPA_ID": "2-199 100457", "COMPLIANCE": "Yes" }, "geometry": { "type": "Point", "coordinates": [ -8461461.88990000076592, 5075499.306699998676777 ] } },
{ "type": "Feature", "properties": { "Organizati": "Unavailable", "DEP_Client": "Unavailable", "DEP_Clie_1": 0.0, "DEP_Clie_2": "Owner", "SITE_NAME": "Montrose Ldfl", "Site_ID": 616829.0, "Site_Statu": "Abandoned", "Primary_Fa": "Montrose Boro Ldfl", "Primary__1": 637976.0, "Primary__2": "Inactive", "Sub_Facili": "Montrose Boro Ldfl", "Sub_Faci_1": 771706.0, "Sub_Faci_2": "Abandoned", "Sub_Faci_3": "Landfill", "Waste_Oper": "Municipal Waste Operation", "Waste_Op_1": "Unavailable", "EPA_ID": "2-174 100269", "COMPLIANCE": "Yes" }, "geometry": { "type": "Point", "coordinates": [ -8446843.797800000756979, 5134162.458400003612041 ] } },
{ "type": "Feature", "properties": { "Organizati": "Unavailable", "DEP_Client": "Unavailable", "DEP_Clie_1": 0.0, "DEP_Clie_2": "Owner", "SITE_NAME": "Morningside Ind Park", "Site_ID": 616851.0, "Site_Statu": "Abandoned", "Primary_Fa": "Morningside Industrial Park", "Primary__1": 637998.0, "Primary__2": "Inactive", "Sub_Facili": "Morningside Industrial Park", "Sub_Faci_1": 771728.0, "Sub_Faci_2": "Abandoned", "Sub_Faci_3": "Landfill", "Waste_Oper": "Municipal Waste Operation", "Waste_Op_1": "Unavailable", "EPA_ID": "1-055 101045", "COMPLIANCE": "Yes" }, "geometry": { "type": "Point", "coordinates": [ -8323019.915400000289083, 4894180.821900002658367 ] } },
{ "type": "Feature", "properties": { "Organizati": "Unavailable", "DEP_Client": "Unavailable", "DEP_Clie_1": 0.0, "DEP_Clie_2": "Owner", "SITE_NAME": "Morrisville Boro Dump", "Site_ID": 615868.0, "Site_Statu": "Abandoned", "Primary_Fa": "Morrisville Boro Dump", "Primary__1": 637015.0, "Primary__2": "Inactive", "Sub_Facili": "Morrisville Boro Dump", "Sub_Faci_1": 770745.0, "Sub_Faci_2": "Abandoned", "Sub_Faci_3": "Landfill", "Waste_Oper": "Municipal Waste Operation", "Waste_Op_1": "Unavailable", "EPA_ID": "1-052 100686", "COMPLIANCE": "Yes" }, "geometry": { "type": "Point", "coordinates": [ -8323395.596999999135733, 4895320.185900002717972 ] } },
{ "type": "Feature", "properties": { "Organizati": "Unavailable", "DEP_Client": "Unavailable", "DEP_Clie_1": 0.0, "DEP_Clie_2": "Owner", "SITE_NAME": "Moshannon Valley Fill", "Site_ID": 616289.0, "Site_Statu": "Abandoned", "Primary_Fa": "Moshannon Valley Fill", "Primary__1": 637436.0, "Primary__2": "Inactive", "Sub_Facili": "Moshannon Valley Fill", "Sub_Faci_1": 771166.0, "Sub_Faci_2": "Abandoned", "Sub_Faci_3": "Landfill", "Waste_Oper": "Municipal Waste Operation", "Waste_Op_1": "Unavailable", "EPA_ID": "4-030 100382", "COMPLIANCE": "Yes" }, "geometry": { "type": "Point", "coordinates": [ -8726532.784600000828505, 4992519.051600001752377 ] } },
{ "type": "Feature", "properties": { "Organizati": "Unavailable", "DEP_Client": "Unavailable", "DEP_Clie_1": 0.0, "DEP_Clie_2": "Owner", "SITE_NAME": "Mpa Distr Hardees", "Site_ID": 616481.0, "Site_Statu": "Abandoned", "Primary_Fa": "M.p.a. Distributors- Hardee's", "Primary__1": 637628.0, "Primary__2": "Inactive", "Sub_Facili": "M.p.a. Distributors- Hardee's", "Sub_Faci_1": 771358.0, "Sub_Faci_2": "Abandoned", "Sub_Faci_3": "Landfill", "Waste_Oper": "Municipal Waste Operation", "Waste_Op_1": "Unavailable", "EPA_ID": "1-228 300355", "COMPLIANCE": "Yes" }, "geometry": { "type": "Point", "coordinates": [ -8377614.450799999758601, 4854946.585799999535084 ] } },
{ "type": "Feature", "properties": { "Organizati": "Unavailable", "DEP_Client": "Unavailable", "DEP_Clie_1": 0.0, "DEP_Clie_2": "Owner", "SITE_NAME": "Mt Jewett Ldfl", "Site_ID": 615999.0, "Site_Statu": "Abandoned", "Primary_Fa": "Mt Jewette Dump", "Primary__1": 637146.0, "Primary__2": "Inactive", "Sub_Facili": "Mt Jewette Dump", "Sub_Faci_1": 770876.0, "Sub_Faci_2": "Abandoned", "Sub_Faci_3": "Landfill", "Waste_Oper": "Municipal Waste Operation", "Waste_Op_1": "Unavailable", "EPA_ID": "6-067 100360", "COMPLIANCE": "Yes" }, "geometry": { "type": "Point", "coordinates": [ -8756047.075799999758601, 5115887.8141999989748 ] } },
{ "type": "Feature", "properties": { "Organizati": "Unavailable", "DEP_Client": "Unavailable", "DEP_Clie_1": 0.0, "DEP_Clie_2": "Owner", "SITE_NAME": "Mt Pleasant Twp Dspl Site", "Site_ID": 600009.0, "Site_Statu": "Abandoned", "Primary_Fa": "Mt Pleasant Twp Dump", "Primary__1": 637235.0, "Primary__2": "Inactive", "Sub_Facili": "Mt Pleasant Twp Dump", "Sub_Faci_1": 770965.0, "Sub_Faci_2": "Abandoned", "Sub_Faci_3": "Landfill", "Waste_Oper": "Municipal Waste Operation", "Waste_Op_1": "Unavailable", "EPA_ID": "5-151", "COMPLIANCE": "Yes" }, "geometry": { "type": "Point", "coordinates": [ -8850250.860999999567866, 4899310.098700001835823 ] } },
{ "type": "Feature", "properties": { "Organizati": "Unavailable", "DEP_Client": "Unavailable", "DEP_Clie_1": 0.0, "DEP_Clie_2": "Owner", "SITE_NAME": "Mt Pleasant Twp Ldfl", "Site_ID": 616546.0, "Site_Statu": "Abandoned", "Primary_Fa": "Mt Pleasant Twp Ldfl", "Primary__1": 637693.0, "Primary__2": "Inactive", "Sub_Facili": "Mt Pleasant Twp Ldfl", "Sub_Faci_1": 771423.0, "Sub_Faci_2": "Abandoned", "Sub_Faci_3": "Landfill", "Waste_Oper": "Municipal Waste Operation", "Waste_Op_1": "Unavailable", "EPA_ID": "2-182 100337", "COMPLIANCE": "Yes" }, "geometry": { "type": "Point", "coordinates": [ -8396219.484400000423193, 5122582.660700000822544 ] } },
{ "type": "Feature", "properties": { "Organizati": "Unavailable", "DEP_Client": "Unavailable", "DEP_Clie_1": 0.0, "DEP_Clie_2": "Owner", "SITE_NAME": "Mt Union Ldfl", "Site_ID": 616423.0, "Site_Statu": "Abandoned", "Primary_Fa": "Mt. Union Landfill", "Primary__1": 637570.0, "Primary__2": "Inactive", "Sub_Facili": "Mt. Union Landfill", "Sub_Faci_1": 771300.0, "Sub_Faci_2": "Abandoned", "Sub_Faci_3": "Landfill", "Waste_Oper": "Municipal Waste Operation", "Waste_Op_1": "Unavailable", "EPA_ID": "3-012 100756", "COMPLIANCE": "Yes" }, "geometry": { "type": "Point", "coordinates": [ -8672947.415999999269843, 4912156.354299999773502 ] } },
{ "type": "Feature", "properties": { "Organizati": "Unavailable", "DEP_Client": "Unavailable", "DEP_Clie_1": 0.0, "DEP_Clie_2": "Owner", "SITE_NAME": "Nanticoke City Dump", "Site_ID": 615876.0, "Site_Statu": "Abandoned", "Primary_Fa": "Nanticoke City", "Primary__1": 637023.0, "Primary__2": "Inactive", "Sub_Facili": "Nanticoke City", "Sub_Faci_1": 770753.0, "Sub_Faci_2": "Abandoned", "Sub_Faci_3": "Landfill", "Waste_Oper": "Municipal Waste Operation", "Waste_Op_1": "Unavailable", "EPA_ID": "2-064", "COMPLIANCE": "Yes" }, "geometry": { "type": "Point", "coordinates": [ -8462654.022700000554323, 5040807.717100001871586 ] } },
{ "type": "Feature", "properties": { "Organizati": "Unavailable", "DEP_Client": "Unavailable", "DEP_Clie_1": 0.0, "DEP_Clie_2": "Owner", "SITE_NAME": "Nanty Glo Boro Ldfl", "Site_ID": 616835.0, "Site_Statu": "Abandoned", "Primary_Fa": "Nanty Glo Boro Landfill", "Primary__1": 637982.0, "Primary__2": "Unpermitted Inactive", "Sub_Facili": "Nanty Glo Boro Landfill", "Sub_Faci_1": 771712.0, "Sub_Faci_2": "Abandoned", "Sub_Faci_3": "Landfill", "Waste_Oper": "Municipal Waste Operation", "Waste_Op_1": "Unavailable", "EPA_ID": "5-178", "COMPLIANCE": "Yes" }, "geometry": { "type": "Point", "coordinates": [ -8774956.525000000372529, 4935965.989799998700619 ] } },
{ "type": "Feature", "properties": { "Organizati": "Unavailable", "DEP_Client": "Unavailable", "DEP_Clie_1": 0.0, "DEP_Clie_2": "Owner", "SITE_NAME": "Nemacolin Ldfl", "Site_ID": 616498.0, "Site_Statu": "Abandoned", "Primary_Fa": "Nemacolin Landfill", "Primary__1": 637645.0, "Primary__2": "Inactive", "Sub_Facili": "Nemacolin Landfill", "Sub_Faci_1": 771375.0, "Sub_Faci_2": "Abandoned", "Sub_Faci_3": "Landfill", "Waste_Oper": "Municipal Waste Operation", "Waste_Op_1": "Unavailable", "EPA_ID": "5-069", "COMPLIANCE": "Yes" }, "geometry": { "type": "Point", "coordinates": [ -8897817.193900000303984, 4848712.752300001680851 ] } },
{ "type": "Feature", "properties": { "Organizati": "Unavailable", "DEP_Client": "Unavailable", "DEP_Clie_1": 0.0, "DEP_Clie_2": "Owner", "SITE_NAME": "Nescopeck Boro Dump", "Site_ID": 616466.0, "Site_Statu": "Abandoned", "Primary_Fa": "Nescopeck Boro Dump", "Primary__1": 637613.0, "Primary__2": "Inactive", "Sub_Facili": "Nescopeck Boro Dump", "Sub_Faci_1": 771343.0, "Sub_Faci_2": "Abandoned", "Sub_Faci_3": "Landfill", "Waste_Oper": "Municipal Waste Operation", "Waste_Op_1": "Unavailable", "EPA_ID": "2-082", "COMPLIANCE": "Yes" }, "geometry": { "type": "Point", "coordinates": [ -8484965.704700000584126, 5017887.635200001299381 ] } },
{ "type": "Feature", "properties": { "Organizati": "Unavailable", "DEP_Client": "Unavailable", "DEP_Clie_1": 0.0, "DEP_Clie_2": "Owner", "SITE_NAME": "Newco-rri", "Site_ID": 616134.0, "Site_Statu": "Abandoned", "Primary_Fa": "Newco-rri", "Primary__1": 637281.0, "Primary__2": "Inactive", "Sub_Facili": "Newco-rri", "Sub_Faci_1": 771011.0, "Sub_Faci_2": "Abandoned", "Sub_Faci_3": "Landfill", "Waste_Oper": "Municipal Waste Operation", "Waste_Op_1": "Unavailable", "EPA_ID": "1-204 300696", "COMPLIANCE": "Yes" }, "geometry": { "type": "Point", "coordinates": [ -8396116.767400000244379, 4844917.366599999368191 ] } },
{ "type": "Feature", "properties": { "Organizati": "Unavailable", "DEP_Client": "Unavailable", "DEP_Clie_1": 0.0, "DEP_Clie_2": "Owner", "SITE_NAME": "Newtown Pesticide Drums Burial Site", "Site_ID": 615857.0, "Site_Statu": "Abandoned", "Primary_Fa": "Newtown Pesticide Drums Burial Site", "Primary__1": 637004.0, "Primary__2": "Inactive", "Sub_Facili": "Newtown Pesticide Drums Burial Site", "Sub_Faci_1": 770734.0, "Sub_Faci_2": "Abandoned", "Sub_Faci_3": "Landfill", "Waste_Oper": "Municipal Waste Operation", "Waste_Op_1": "Unavailable", "EPA_ID": "1-093", "COMPLIANCE": "Yes" }, "geometry": { "type": "Point", "coordinates": [ -8339796.161499999463558, 4902545.774899996817112 ] } },
{ "type": "Feature", "properties": { "Organizati": "Unavailable", "DEP_Client": "Unavailable", "DEP_Clie_1": 0.0, "DEP_Clie_2": "Owner", "SITE_NAME": "Nicholsons Ldfl", "Site_ID": 600475.0, "Site_Statu": "Active", "Primary_Fa": "Nicholson's Landfill", "Primary__1": 637704.0, "Primary__2": "Inactive", "Sub_Facili": "Nicholson's Landfill", "Sub_Faci_1": 771434.0, "Sub_Faci_2": "Abandoned", "Sub_Faci_3": "Landfill", "Waste_Oper": "Municipal Waste Operation", "Waste_Op_1": "Unavailable", "EPA_ID": "6-137 300004", "COMPLIANCE": "Yes" }, "geometry": { "type": "Point", "coordinates": [ -8903209.1853, 5184684.882399998605251 ] } },
{ "type": "Feature", "properties": { "Organizati": "Unavailable", "DEP_Client": "Unavailable", "DEP_Clie_1": 0.0, "DEP_Clie_2": "Owner", "SITE_NAME": "Nicolet Ind", "Site_ID": 616806.0, "Site_Statu": "Active", "Primary_Fa": "Nicolette Industries", "Primary__1": 637953.0, "Primary__2": "Inactive", "Sub_Facili": "Nicolette Industries", "Sub_Faci_1": 771683.0, "Sub_Faci_2": "Abandoned", "Sub_Faci_3": "Landfill", "Waste_Oper": "Municipal Waste Operation", "Waste_Op_1": "Unavailable", "EPA_ID": "1-314", "COMPLIANCE": "Yes" }, "geometry": { "type": "Point", "coordinates": [ -8374209.5647, 4887897.172700002789497 ] } },
{ "type": "Feature", "properties": { "Organizati": "Unavailable", "DEP_Client": "Unavailable", "DEP_Clie_1": 0.0, "DEP_Clie_2": "Owner", "SITE_NAME": "Nockamixon Ldfl", "Site_ID": 616421.0, "Site_Statu": "Abandoned", "Primary_Fa": "Nockamixon Landfill", "Primary__1": 637568.0, "Primary__2": "Inactive", "Sub_Facili": "Nockamixon Landfill", "Sub_Faci_1": 771298.0, "Sub_Faci_2": "Abandoned", "Sub_Faci_3": "Landfill", "Waste_Oper": "Municipal Waste Operation", "Waste_Op_1": "Unavailable", "EPA_ID": "1-002", "COMPLIANCE": "Yes" }, "geometry": { "type": "Point", "coordinates": [ -8368103.267100000753999, 4942656.965300001204014 ] } },
{ "type": "Feature", "properties": { "Organizati": "Unavailable", "DEP_Client": "Unavailable", "DEP_Clie_1": 0.0, "DEP_Clie_2": "Owner", "SITE_NAME": "Nor Pro Bakery", "Site_ID": 616619.0, "Site_Statu": "Abandoned", "Primary_Fa": "Nor Pro Bakery", "Primary__1": 637766.0, "Primary__2": "Inactive", "Sub_Facili": "Nor Pro Bakery", "Sub_Faci_1": 771496.0, "Sub_Faci_2": "Abandoned", "Sub_Faci_3": "Landfill", "Waste_Oper": "Municipal Waste Operation", "Waste_Op_1": "Unavailable", "EPA_ID": "1-224", "COMPLIANCE": "Yes" }, "geometry": { "type": "Point", "coordinates": [ -8382494.703400000929832, 4849560.37780000269413 ] } },
{ "type": "Feature", "properties": { "Organizati": "Lower Paxton Twp Dauphin Cnty", "DEP_Client": "Lower Paxton Twp Dauphin Cnty", "DEP_Clie_1": 77433.0, "DEP_Clie_2": "Owner", "SITE_NAME": "Lower Paxton Twp Ldfl", "Site_ID": 249853.0, "Site_Statu": "Inactive", "Primary_Fa": "Lower Paxton Township Landfill", "Primary__1": 257188.0, "Primary__2": "Inactive", "Sub_Facili": "Lower Paxton Township Landfill", "Sub_Faci_1": 244002.0, "Sub_Faci_2": "Dep Abandoned List", "Sub_Faci_3": "Landfill", "Waste_Oper": "Municipal Waste Operation", "Waste_Op_1": "Unavailable", "EPA_ID": "100131", "COMPLIANCE": "Yes" }, "geometry": { "type": "Point", "coordinates": [ -8544686.95409999974072, 4906557.545800000429153 ] } },
{ "type": "Feature", "properties": { "Organizati": "Lower Towamensing Twp Carbon Cnty", "DEP_Client": "Lower Towamensing Twp Carbon Cnty", "DEP_Clie_1": 64291.0, "DEP_Clie_2": "Owner", "SITE_NAME": "Lower Towamensing Twp Ldfl", "Site_ID": 252557.0, "Site_Statu": "Inactive", "Primary_Fa": "Lower Towamensing Township Dump", "Primary__1": 261674.0, "Primary__2": "Inactive", "Sub_Facili": "Lower Towamensing Township Dump", "Sub_Faci_1": 254496.0, "Sub_Faci_2": "Dep Abandoned List", "Sub_Faci_3": "Landfill", "Waste_Oper": "Municipal Waste Operation", "Waste_Op_1": "Unavailable", "EPA_ID": "100750", "COMPLIANCE": "Yes" }, "geometry": { "type": "Point", "coordinates": [ -8414979.542899999767542, 4986135.155199997127056 ] } },
{ "type": "Feature", "properties": { "Organizati": "Mayer Ldfl", "DEP_Client": "Mayer Ldfl", "DEP_Clie_1": 69856.0, "DEP_Clie_2": "Owner", "SITE_NAME": "Mayer Ldfl", "Site_ID": 450117.0, "Site_Statu": "Inactive", "Primary_Fa": "Mayer Landfill", "Primary__1": 476549.0, "Primary__2": "Inactive", "Sub_Facili": "Mayer Landfill", "Sub_Faci_1": 338322.0, "Sub_Faci_2": "Dep Abandoned List", "Sub_Faci_3": "Landfill", "Waste_Oper": "Municipal Waste Operation", "Waste_Op_1": "Unavailable", "EPA_ID": "100612", "COMPLIANCE": "Yes" }, "geometry": { "type": "Point", "coordinates": [ -8388554.070599999278784, 4849785.895700000226498 ] } },
{ "type": "Feature", "properties": { "Organizati": "Unavailable", "DEP_Client": "Halpern Jack A", "DEP_Clie_1": 77971.0, "DEP_Clie_2": "Owner", "SITE_NAME": "Pine Forest Proj Environ Rehab", "Site_ID": 264241.0, "Site_Statu": "Inactive", "Primary_Fa": "Pine Forest Proj Environ Rehab Corp", "Primary__1": 283934.0, "Primary__2": "Unpermitted Inactive", "Sub_Facili": "Pine Forest Proj Environ Rehab Corp", "Sub_Faci_1": 296300.0, "Sub_Faci_2": "Inactive", "Sub_Faci_3": "Landfill", "Waste_Oper": "Municipal Waste Operation", "Waste_Op_1": "Unavailable", "EPA_ID": "101454", "COMPLIANCE": "Yes" }, "geometry": { "type": "Point", "coordinates": [ -8481617.536100000143051, 4972597.9265 ] } },
{ "type": "Feature", "properties": { "Organizati": "Unavailable", "DEP_Client": "Kuhl Walter W", "DEP_Clie_1": 91627.0, "DEP_Clie_2": "Owner", "SITE_NAME": "Greene Ind Ldfl", "Site_ID": 249550.0, "Site_Statu": "Inactive", "Primary_Fa": "Greene Industrial Landfill", "Primary__1": 256757.0, "Primary__2": "Not Started", "Sub_Facili": "Greene Industrial Landfill", "Sub_Faci_1": 243102.0, "Sub_Faci_2": "Dep Abandoned List", "Sub_Faci_3": "Landfill", "Waste_Oper": "Municipal Waste Operation", "Waste_Op_1": "Unavailable", "EPA_ID": "101251", "COMPLIANCE": "Yes" }, "geometry": { "type": "Point", "coordinates": [ -8905305.223099999129772, 5174042.752599999308586 ] } },
{ "type": "Feature", "properties": { "Organizati": "Unavailable", "DEP_Client": "Magee John", "DEP_Clie_1": 323419.0, "DEP_Clie_2": "Owner", "SITE_NAME": "Magee Ldfl", "Site_ID": 616412.0, "Site_Statu": "Abandoned", "Primary_Fa": "Magee Ldfl", "Primary__1": 637559.0, "Primary__2": "Abandoned", "Sub_Facili": "Magee Ldfl", "Sub_Faci_1": 771289.0, "Sub_Faci_2": "Abandoned", "Sub_Faci_3": "Landfill", "Waste_Oper": "Municipal Waste Operation", "Waste_Op_1": "Unavailable", "EPA_ID": "3-131", "COMPLIANCE": "Yes" }, "geometry": { "type": "Point", "coordinates": [ -8493471.9857, 4865060.969400003552437 ] } },
{ "type": "Feature", "properties": { "Organizati": "Unavailable", "DEP_Client": "Unavailable", "DEP_Clie_1": 0.0, "DEP_Clie_2": "Owner", "SITE_NAME": "North East Dump", "Site_ID": 615899.0, "Site_Statu": "Abandoned", "Primary_Fa": "North East Dump", "Primary__1": 637046.0, "Primary__2": "Inactive", "Sub_Facili": "North East Dump", "Sub_Faci_1": 770776.0, "Sub_Faci_2": "Abandoned", "Sub_Faci_3": "Landfill", "Waste_Oper": "Municipal Waste Operation", "Waste_Op_1": "Unavailable", "EPA_ID": "6-014 100334", "COMPLIANCE": "Yes" }, "geometry": { "type": "Point", "coordinates": [ -8888560.0877, 5193334.620399996638298 ] } },
{ "type": "Feature", "properties": { "Organizati": "Unavailable", "DEP_Client": "Unavailable", "DEP_Clie_1": 0.0, "DEP_Clie_2": "Owner", "SITE_NAME": "Northeast Ldfl Auth Site", "Site_ID": 597037.0, "Site_Statu": "Active", "Primary_Fa": "Northeast Ldfl", "Primary__1": 637629.0, "Primary__2": "Abandoned", "Sub_Facili": "Northeast Ldfl", "Sub_Faci_1": 771359.0, "Sub_Faci_2": "Abandoned", "Sub_Faci_3": "Landfill", "Waste_Oper": "Municipal Waste Operation", "Waste_Op_1": "Unavailable", "EPA_ID": "2-062 900012", "COMPLIANCE": "Yes" }, "geometry": { "type": "Point", "coordinates": [ -8436216.685699999332428, 5059487.960799999535084 ] } },
{ "type": "Feature", "properties": { "Organizati": "Unavailable", "DEP_Client": "Unavailable", "DEP_Clie_1": 0.0, "DEP_Clie_2": "Owner", "SITE_NAME": "Northumberland Dspl", "Site_ID": 615941.0, "Site_Statu": "Abandoned", "Primary_Fa": "Northumberland Disposal", "Primary__1": 637088.0, "Primary__2": "Inactive", "Sub_Facili": "Northumberland Disposal", "Sub_Faci_1": 770818.0, "Sub_Faci_2": "Abandoned", "Sub_Faci_3": "Landfill", "Waste_Oper": "Municipal Waste Operation", "Waste_Op_1": "Unavailable", "EPA_ID": "4-148 100166", "COMPLIANCE": "Yes" }, "geometry": { "type": "Point", "coordinates": [ -8548908.653100000694394, 4995575.97410000115633 ] } },
{ "type": "Feature", "properties": { "Organizati": "Unavailable", "DEP_Client": "Unavailable", "DEP_Clie_1": 0.0, "DEP_Clie_2": "Owner", "SITE_NAME": "Oakhurst Svc Ctr", "Site_ID": 568094.0, "Site_Statu": "Inactive", "Primary_Fa": "Oakhurst Land Renovation Lf", "Primary__1": 637874.0, "Primary__2": "Unpermitted Inactive", "Sub_Facili": "Oakhurst Land Renovation Lf", "Sub_Faci_1": 771604.0, "Sub_Faci_2": "Abandoned", "Sub_Faci_3": "Landfill", "Waste_Oper": "Municipal Waste Operation", "Waste_Op_1": "Unavailable", "EPA_ID": "5-167", "COMPLIANCE": "Yes" }, "geometry": { "type": "Point", "coordinates": [ -8787557.575999999418855, 4918260.421400003135204 ] } },
{ "type": "Feature", "properties": { "Organizati": "Unavailable", "DEP_Client": "Unavailable", "DEP_Clie_1": 0.0, "DEP_Clie_2": "Owner", "SITE_NAME": "Obrien Mach", "Site_ID": 616401.0, "Site_Statu": "Abandoned", "Primary_Fa": "Obrien Machinery", "Primary__1": 637548.0, "Primary__2": "Inactive", "Sub_Facili": "Obrien Machinery", "Sub_Faci_1": 771278.0, "Sub_Faci_2": "Abandoned", "Sub_Faci_3": "Landfill", "Waste_Oper": "Municipal Waste Operation", "Waste_Op_1": "Unavailable", "EPA_ID": "1-115", "COMPLIANCE": "Yes" }, "geometry": { "type": "Point", "coordinates": [ -8426814.9507, 4866908.040600001811981 ] } },
{ "type": "Feature", "properties": { "Organizati": "Unavailable", "DEP_Client": "Unavailable", "DEP_Clie_1": 0.0, "DEP_Clie_2": "Owner", "SITE_NAME": "Ohara Ldfl", "Site_ID": 616638.0, "Site_Statu": "Abandoned", "Primary_Fa": "O'hara Landfill", "Primary__1": 637785.0, "Primary__2": "Inactive", "Sub_Facili": "O'hara Landfill", "Sub_Faci_1": 771515.0, "Sub_Faci_2": "Abandoned", "Sub_Faci_3": "Landfill", "Waste_Oper": "Municipal Waste Operation", "Waste_Op_1": "Unavailable", "EPA_ID": "1-299", "COMPLIANCE": "Yes" }, "geometry": { "type": "Point", "coordinates": [ -8388399.614800000563264, 4877612.954199999570847 ] } },
{ "type": "Feature", "properties": { "Organizati": "Unavailable", "DEP_Client": "Unavailable", "DEP_Clie_1": 0.0, "DEP_Clie_2": "Owner", "SITE_NAME": "Old Hanover Ldfl", "Site_ID": 616436.0, "Site_Statu": "Abandoned", "Primary_Fa": "Old Hanover Landfill", "Primary__1": 637583.0, "Primary__2": "Inactive", "Sub_Facili": "Old Hanover Landfill", "Sub_Faci_1": 771313.0, "Sub_Faci_2": "Abandoned", "Sub_Faci_3": "Landfill", "Waste_Oper": "Municipal Waste Operation", "Waste_Op_1": "Unavailable", "EPA_ID": "3-023", "COMPLIANCE": "Yes" }, "geometry": { "type": "Point", "coordinates": [ -8563998.906700000166893, 4835027.745399996638298 ] } },
{ "type": "Feature", "properties": { "Organizati": "Unavailable", "DEP_Client": "Unavailable", "DEP_Clie_1": 0.0, "DEP_Clie_2": "Owner", "SITE_NAME": "Orr Ldfl", "Site_ID": 615936.0, "Site_Statu": "Abandoned", "Primary_Fa": "Orr Landfill", "Primary__1": 637083.0, "Primary__2": "Inactive", "Sub_Facili": "Orr Landfill", "Sub_Faci_1": 770813.0, "Sub_Faci_2": "Abandoned", "Sub_Faci_3": "Landfill", "Waste_Oper": "Municipal Waste Operation", "Waste_Op_1": "Unavailable", "EPA_ID": "3-111 100106", "COMPLIANCE": "Yes" }, "geometry": { "type": "Point", "coordinates": [ -8542289.82799999974668, 4851596.25 ] } },
{ "type": "Feature", "properties": { "Organizati": "Unavailable", "DEP_Client": "Unavailable", "DEP_Clie_1": 0.0, "DEP_Clie_2": "Owner", "SITE_NAME": "Oswayo Ldfl", "Site_ID": 616777.0, "Site_Statu": "Abandoned", "Primary_Fa": "Oswayo Landfill", "Primary__1": 637924.0, "Primary__2": "Inactive", "Sub_Facili": "Oswayo Landfill", "Sub_Faci_1": 771654.0, "Sub_Faci_2": "Abandoned", "Sub_Faci_3": "Landfill", "Waste_Oper": "Municipal Waste Operation", "Waste_Op_1": "Unavailable", "EPA_ID": "4-199 100627", "COMPLIANCE": "Yes" }, "geometry": { "type": "Point", "coordinates": [ -8685542.47440000064671, 5152353.481799997389317 ] } },
{ "type": "Feature", "properties": { "Organizati": "Unavailable", "DEP_Client": "Unavailable", "DEP_Clie_1": 0.0, "DEP_Clie_2": "Owner", "SITE_NAME": "Otto Twp Dump", "Site_ID": 616043.0, "Site_Statu": "Abandoned", "Primary_Fa": "Otto Twp Dump", "Primary__1": 637190.0, "Primary__2": "Inactive", "Sub_Facili": "Otto Twp Dump", "Sub_Faci_1": 770920.0, "Sub_Faci_2": "Abandoned", "Sub_Faci_3": "Landfill", "Waste_Oper": "Municipal Waste Operation", "Waste_Op_1": "Unavailable", "EPA_ID": "6-106", "COMPLIANCE": "Yes" }, "geometry": { "type": "Point", "coordinates": [ -8737479.219799999147654, 5151782.085600003600121 ] } },
{ "type": "Feature", "properties": { "Organizati": "Unavailable", "DEP_Client": "Unavailable", "DEP_Clie_1": 0.0, "DEP_Clie_2": "Owner", "SITE_NAME": "Overfield Twp Dump", "Site_ID": 616245.0, "Site_Statu": "Abandoned", "Primary_Fa": "Overfield Twp Dump", "Primary__1": 637392.0, "Primary__2": "Inactive", "Sub_Facili": "Overfield Twp Dump", "Sub_Faci_1": 771122.0, "Sub_Faci_2": "Abandoned", "Sub_Faci_3": "Landfill", "Waste_Oper": "Municipal Waste Operation", "Waste_Op_1": "Unavailable", "EPA_ID": "2-202 100257", "COMPLIANCE": "Yes" }, "geometry": { "type": "Point", "coordinates": [ -8447975.864399999380112, 5080350.639499999582767 ] } },
{ "type": "Feature", "properties": { "Organizati": "Unavailable", "DEP_Client": "Unavailable", "DEP_Clie_1": 0.0, "DEP_Clie_2": "Owner", "SITE_NAME": "Oxford Boro Dump", "Site_ID": 616821.0, "Site_Statu": "Abandoned", "Primary_Fa": "Oxford Borough Dump", "Primary__1": 637968.0, "Primary__2": "Inactive", "Sub_Facili": "Oxford Borough Dump", "Sub_Faci_1": 771698.0, "Sub_Faci_2": "Abandoned", "Sub_Faci_3": "Landfill", "Waste_Oper": "Municipal Waste Operation", "Waste_Op_1": "Unavailable", "EPA_ID": "1-119", "COMPLIANCE": "Yes" }, "geometry": { "type": "Point", "coordinates": [ -8458341.743699999526143, 4832955.568800002336502 ] } },
{ "type": "Feature", "properties": { "Organizati": "Unavailable", "DEP_Client": "Unavailable", "DEP_Clie_1": 0.0, "DEP_Clie_2": "Owner", "SITE_NAME": "Pa Dot Hwy Sta 6 Dump Site", "Site_ID": 616751.0, "Site_Statu": "Abandoned", "Primary_Fa": "Penn Dot Hwy Station Dump Site", "Primary__1": 637898.0, "Primary__2": "Inactive", "Sub_Facili": "Penn Dot Hwy Station 6 Dump Site", "Sub_Faci_1": 771628.0, "Sub_Faci_2": "Abandoned", "Sub_Faci_3": "Landfill", "Waste_Oper": "Municipal Waste Operation", "Waste_Op_1": "Unavailable", "EPA_ID": "2-144 900028", "COMPLIANCE": "Yes" }, "geometry": { "type": "Point", "coordinates": [ -8472662.000499999150634, 4984632.278599999845028 ] } },
{ "type": "Feature", "properties": { "Organizati": "Unavailable", "DEP_Client": "Unavailable", "DEP_Clie_1": 0.0, "DEP_Clie_2": "Owner", "SITE_NAME": "Paint Twp Ldfl", "Site_ID": 616564.0, "Site_Statu": "Abandoned", "Primary_Fa": "Paint Twp Landfill", "Primary__1": 637711.0, "Primary__2": "Inactive", "Sub_Facili": "Paint Twp Landfill", "Sub_Faci_1": 771441.0, "Sub_Faci_2": "Abandoned", "Sub_Faci_3": "Landfill", "Waste_Oper": "Municipal Waste Operation", "Waste_Op_1": "Unavailable", "EPA_ID": "5-169", "COMPLIANCE": "Yes" }, "geometry": { "type": "Point", "coordinates": [ -8773729.2555, 4896268.948600001633167 ] } },
{ "type": "Feature", "properties": { "Organizati": "Unavailable", "DEP_Client": "Unavailable", "DEP_Clie_1": 0.0, "DEP_Clie_2": "Owner", "SITE_NAME": "Palmer Park Ldfl", "Site_ID": 616191.0, "Site_Statu": "Abandoned", "Primary_Fa": "Palmer Park Landfill", "Primary__1": 637338.0, "Primary__2": "Inactive", "Sub_Facili": "Palmer Park Landfill", "Sub_Faci_1": 771068.0, "Sub_Faci_2": "Abandoned", "Sub_Faci_3": "Landfill", "Waste_Oper": "Municipal Waste Operation", "Waste_Op_1": "Unavailable", "EPA_ID": "5-091", "COMPLIANCE": "Yes" }, "geometry": { "type": "Point", "coordinates": [ -8890523.454299999400973, 4894100.612800002098083 ] } },
{ "type": "Feature", "properties": { "Organizati": "Unavailable", "DEP_Client": "Unavailable", "DEP_Clie_1": 0.0, "DEP_Clie_2": "Owner", "SITE_NAME": "Palmerton Boro Dump", "Site_ID": 616012.0, "Site_Statu": "Abandoned", "Primary_Fa": "Palmerton Boro Dump", "Primary__1": 637159.0, "Primary__2": "Inactive", "Sub_Facili": "Palmerton Boro Dump", "Sub_Faci_1": 770889.0, "Sub_Faci_2": "Abandoned", "Sub_Faci_3": "Landfill", "Waste_Oper": "Municipal Waste Operation", "Waste_Op_1": "Unavailable", "EPA_ID": "2-016 100746", "COMPLIANCE": "Yes" }, "geometry": { "type": "Point", "coordinates": [ -8415010.681399999186397, 4984156.810900002717972 ] } },
{ "type": "Feature", "properties": { "Organizati": "Unavailable", "DEP_Client": "Unavailable", "DEP_Clie_1": 0.0, "DEP_Clie_2": "Owner", "SITE_NAME": "Pasquale Ldfl", "Site_ID": 616637.0, "Site_Statu": "Abandoned", "Primary_Fa": "Pasquale Landfill", "Primary__1": 637784.0, "Primary__2": "Inactive", "Sub_Facili": "Pasquale Landfill", "Sub_Faci_1": 771514.0, "Sub_Faci_2": "Abandoned", "Sub_Faci_3": "Landfill", "Waste_Oper": "Municipal Waste Operation", "Waste_Op_1": "Unavailable", "EPA_ID": "1-297", "COMPLIANCE": "Yes" }, "geometry": { "type": "Point", "coordinates": [ -8386019.604100000113249, 4877287.631300002336502 ] } },
{ "type": "Feature", "properties": { "Organizati": "Unavailable", "DEP_Client": "Unavailable", "DEP_Clie_1": 0.0, "DEP_Clie_2": "Owner", "SITE_NAME": "Pennmark Ind Ldfl", "Site_ID": 616316.0, "Site_Statu": "Abandoned", "Primary_Fa": "Pennmark Ind Ldfl", "Primary__1": 637463.0, "Primary__2": "Inactive", "Sub_Facili": "Pennmark Ind Ldfl", "Sub_Faci_1": 771193.0, "Sub_Faci_2": "Abandoned", "Sub_Faci_3": "Landfill", "Waste_Oper": "Municipal Waste Operation", "Waste_Op_1": "Unavailable", "EPA_ID": "2-110 900018", "COMPLIANCE": "Yes" }, "geometry": { "type": "Point", "coordinates": [ -8373973.125199999660254, 4966806.756399996578693 ] } },
{ "type": "Feature", "properties": { "Organizati": "Unavailable", "DEP_Client": "Unavailable", "DEP_Clie_1": 0.0, "DEP_Clie_2": "Owner", "SITE_NAME": "Perkasie Boro", "Site_ID": 616188.0, "Site_Statu": "Abandoned", "Primary_Fa": "Perkasie Borough", "Primary__1": 637335.0, "Primary__2": "Inactive", "Sub_Facili": "Perkasie Borough", "Sub_Faci_1": 771065.0, "Sub_Faci_2": "Abandoned", "Sub_Faci_3": "Landfill", "Waste_Oper": "Municipal Waste Operation", "Waste_Op_1": "Unavailable", "EPA_ID": "1-007 100681", "COMPLIANCE": "Yes" }, "geometry": { "type": "Point", "coordinates": [ -8382599.792099999263883, 4920880.848800003528595 ] } },
{ "type": "Feature", "properties": { "Organizati": "Unavailable", "DEP_Client": "Unavailable", "DEP_Clie_1": 0.0, "DEP_Clie_2": "Owner", "SITE_NAME": "Perkasie Rubber Recycling", "Site_ID": 616018.0, "Site_Statu": "Abandoned", "Primary_Fa": "Perkasie Rubber Recycling", "Primary__1": 637165.0, "Primary__2": "Inactive", "Sub_Facili": "Perkasie Rubber Recycling", "Sub_Faci_1": 770895.0, "Sub_Faci_2": "Abandoned", "Sub_Faci_3": "Landfill", "Waste_Oper": "Municipal Waste Operation", "Waste_Op_1": "Unavailable", "EPA_ID": "1-029 301235", "COMPLIANCE": "Yes" }, "geometry": { "type": "Point", "coordinates": [ -8384499.193299999460578, 4921927.199799999594688 ] } },
{ "type": "Feature", "properties": { "Organizati": "Meadville Redi Mix Concrete Inc", "DEP_Client": "Meadville Redi Mix Concrete Inc", "DEP_Clie_1": 62519.0, "DEP_Clie_2": "Owner", "SITE_NAME": "Meadville Redi Mix Concrete Ldfl", "Site_ID": 243620.0, "Site_Statu": "Active", "Primary_Fa": "Meadville Redi Mix Concrete Inc", "Primary__1": 248183.0, "Primary__2": "Active", "Sub_Facili": "Meadville Redi Mix Concrete Inc", "Sub_Faci_1": 222496.0, "Sub_Faci_2": "Active", "Sub_Faci_3": "Landfill", "Waste_Oper": "Municipal Waste Operation", "Waste_Op_1": "Unavailable", "EPA_ID": "300845", "COMPLIANCE": "Yes" }, "geometry": { "type": "Point", "coordinates": [ -8916227.381300000473857, 5093105.772900000214577 ] } },
{ "type": "Feature", "properties": { "Organizati": "Unavailable", "DEP_Client": "Marilungo Adam", "DEP_Clie_1": 88937.0, "DEP_Clie_2": "Owner", "SITE_NAME": "Richards Marilungo Ldfl", "Site_ID": 240823.0, "Site_Statu": "Inactive", "Primary_Fa": "Marilungo Mwo", "Primary__1": 244415.0, "Primary__2": "Inactive", "Sub_Facili": "Landfill", "Sub_Faci_1": 212568.0, "Sub_Faci_2": "Inactive", "Sub_Faci_3": "Landfill", "Waste_Oper": "Municipal Waste Operation", "Waste_Op_1": "Unavailable", "EPA_ID": "100572", "COMPLIANCE": "Yes" }, "geometry": { "type": "Point", "coordinates": [ -8859186.655799999833107, 4872131.900499999523163 ] } },
{ "type": "Feature", "properties": { "Organizati": "Unavailable", "DEP_Client": "Mcwilliams Edmond J", "DEP_Clie_1": 22883.0, "DEP_Clie_2": "Owner", "SITE_NAME": "Juniata Dspl Svc Ldfl", "Site_ID": 253114.0, "Site_Statu": "Inactive", "Primary_Fa": "Juniata Disposal Service Landfill", "Primary__1": 262828.0, "Primary__2": "Inactive", "Sub_Facili": "Juniata Disposal Service Landfill", "Sub_Faci_1": 256561.0, "Sub_Faci_2": "Dep Abandoned List", "Sub_Faci_3": "Landfill", "Waste_Oper": "Municipal Waste Operation", "Waste_Op_1": "Unavailable", "EPA_ID": "100967", "COMPLIANCE": "Yes" }, "geometry": { "type": "Point", "coordinates": [ -8615270.530500000342727, 4946672.761500000953674 ] } },
{ "type": "Feature", "properties": { "Organizati": "Unavailable", "DEP_Client": "Niebauer John P", "DEP_Clie_1": 82094.0, "DEP_Clie_2": "Owner", "SITE_NAME": "Delta Quarries Dspl", "Site_ID": 241323.0, "Site_Statu": "Active", "Primary_Fa": "Delta Quarries And Disposal, Inc.", "Primary__1": 245048.0, "Primary__2": "Inactive", "Sub_Facili": "Delta Quarries And Disposal, Inc.", "Sub_Faci_1": 214015.0, "Sub_Faci_2": "Dep Abandoned List", "Sub_Faci_3": "Landfill", "Waste_Oper": "Municipal Waste Operation", "Waste_Op_1": "Unavailable", "EPA_ID": "101197", "COMPLIANCE": "Yes" }, "geometry": { "type": "Point", "coordinates": [ -8761936.133500000461936, 5079131.566399998962879 ] } },
{ "type": "Feature", "properties": { "Organizati": "Unavailable", "DEP_Client": "Regan Patrick J", "DEP_Clie_1": 16885.0, "DEP_Clie_2": "Owner", "SITE_NAME": "Carrolltown Ldfl", "Site_ID": 237449.0, "Site_Statu": "Inactive", "Primary_Fa": "Carrolltown Class 3 Landfill", "Primary__1": 239815.0, "Primary__2": "Inactive", "Sub_Facili": "Carrolltown Class 3 Landfill", "Sub_Faci_1": 198994.0, "Sub_Faci_2": "Inactive", "Sub_Faci_3": "Landfill", "Waste_Oper": "Municipal Waste Operation", "Waste_Op_1": "Unavailable", "EPA_ID": "101189", "COMPLIANCE": "Yes" }, "geometry": { "type": "Point", "coordinates": [ -8763534.146500000730157, 4953845.400100000202656 ] } },
{ "type": "Feature", "properties": { "Organizati": "Unavailable", "DEP_Client": "Richards Virgil H", "DEP_Clie_1": 50511.0, "DEP_Clie_2": "Owner", "SITE_NAME": "Richards New Ldfl", "Site_ID": 248673.0, "Site_Statu": "Inactive", "Primary_Fa": "Municipal Waste Operation", "Primary__1": 255094.0, "Primary__2": "Inactive", "Sub_Facili": "Landfill", "Sub_Faci_1": 239770.0, "Sub_Faci_2": "Inactive", "Sub_Faci_3": "Landfill", "Waste_Oper": "Municipal Waste Operation", "Waste_Op_1": "Unavailable", "EPA_ID": "101257", "COMPLIANCE": "Yes" }, "geometry": { "type": "Point", "coordinates": [ -8784499.317199999466538, 4975781.270599998533726 ] } },
{ "type": "Feature", "properties": { "Organizati": "Unavailable", "DEP_Client": "Sauder Mahlon W", "DEP_Clie_1": 300758.0, "DEP_Clie_2": "Owner", "SITE_NAME": "Mahlon Sauder Ore Pit", "Site_ID": 767997.0, "Site_Statu": "Inactive", "Primary_Fa": "Mahlon Sauder Ore Pit", "Primary__1": 759316.0, "Primary__2": "Unpermitted Inactive", "Sub_Facili": "Mahlon Sauder Ore Pit", "Sub_Faci_1": 1093818.0, "Sub_Faci_2": "Unpermitted Inactive", "Sub_Faci_3": "Landfill", "Waste_Oper": "Municipal Waste Operation", "Waste_Op_1": "Captive", "EPA_ID": "759316", "COMPLIANCE": "Yes" }, "geometry": { "type": "Point", "coordinates": [ -8435025.3816, 4940329.165899999439716 ] } },
{ "type": "Feature", "properties": { "Organizati": "Unavailable", "DEP_Client": "Scerbo Joyce M", "DEP_Clie_1": 8993.0, "DEP_Clie_2": "Owner", "SITE_NAME": "William Scerbo Land Improvement", "Site_ID": 253260.0, "Site_Statu": "Inactive", "Primary_Fa": "William Scerbo Land Improve Co Joyce Site", "Primary__1": 263270.0, "Primary__2": "Unpermitted Inactive", "Sub_Facili": "William Scerbo Land Improve Co Joyce Site", "Sub_Faci_1": 257220.0, "Sub_Faci_2": "Inactive", "Sub_Faci_3": "Landfill", "Waste_Oper": "Municipal Waste Operation", "Waste_Op_1": "Unavailable", "EPA_ID": "101500", "COMPLIANCE": "Yes" }, "geometry": { "type": "Point", "coordinates": [ -8362567.525000000372529, 5025461.608800001442432 ] } },
{ "type": "Feature", "properties": { "Organizati": "Unavailable", "DEP_Client": "Unavailable", "DEP_Clie_1": 0.0, "DEP_Clie_2": "Owner", "SITE_NAME": "Peter J Salmon", "Site_ID": 616111.0, "Site_Statu": "Abandoned", "Primary_Fa": "Peter J. Salmon Company", "Primary__1": 637258.0, "Primary__2": "Inactive", "Sub_Facili": "Peter J. Salmon Company", "Sub_Faci_1": 770988.0, "Sub_Faci_2": "Abandoned", "Sub_Faci_3": "Landfill", "Waste_Oper": "Municipal Waste Operation", "Waste_Op_1": "Unavailable", "EPA_ID": "1-305 300288", "COMPLIANCE": "Yes" }, "geometry": { "type": "Point", "coordinates": [ -8366850.393999999389052, 4881054.026100002229214 ] } },
{ "type": "Feature", "properties": { "Organizati": "Unavailable", "DEP_Client": "Unavailable", "DEP_Clie_1": 0.0, "DEP_Clie_2": "Owner", "SITE_NAME": "Peterson Ldfl", "Site_ID": 599763.0, "Site_Statu": "Active", "Primary_Fa": "Authur Peterson Landfill", "Primary__1": 637191.0, "Primary__2": "Unpermitted Inactive", "Sub_Facili": "Authur Peterson Landfill", "Sub_Faci_1": 770921.0, "Sub_Faci_2": "Abandoned", "Sub_Faci_3": "Landfill", "Waste_Oper": "Municipal Waste Operation", "Waste_Op_1": "Unavailable", "EPA_ID": "5-085", "COMPLIANCE": "Yes" }, "geometry": { "type": "Point", "coordinates": [ -8860031.403799999505281, 4879153.214599996805191 ] } },
{ "type": "Feature", "properties": { "Organizati": "Unavailable", "DEP_Client": "Unavailable", "DEP_Clie_1": 0.0, "DEP_Clie_2": "Owner", "SITE_NAME": "Phila City Sludge Farms", "Site_ID": 616673.0, "Site_Statu": "Abandoned", "Primary_Fa": "City Of Phila. Sludge Farms", "Primary__1": 637820.0, "Primary__2": "Inactive", "Sub_Facili": "City Of Phila. Sludge Farms", "Sub_Faci_1": 771550.0, "Sub_Faci_2": "Abandoned", "Sub_Faci_3": "Landfill", "Waste_Oper": "Municipal Waste Operation", "Waste_Op_1": "Unavailable", "EPA_ID": "1-475", "COMPLIANCE": "Yes" }, "geometry": { "type": "Point", "coordinates": [ -8373758.906300000846386, 4850300.463500000536442 ] } },
{ "type": "Feature", "properties": { "Organizati": "Unavailable", "DEP_Client": "Unavailable", "DEP_Clie_1": 0.0, "DEP_Clie_2": "Owner", "SITE_NAME": "Phila Residue Dspl Site", "Site_ID": 616676.0, "Site_Statu": "Abandoned", "Primary_Fa": "Philadelphia Residue Disposal Site", "Primary__1": 637823.0, "Primary__2": "Inactive", "Sub_Facili": "Philadelphia Residue Disposal Site", "Sub_Faci_1": 771553.0, "Sub_Faci_2": "Abandoned", "Sub_Faci_3": "Landfill", "Waste_Oper": "Municipal Waste Operation", "Waste_Op_1": "Unavailable", "EPA_ID": "1-504", "COMPLIANCE": "Yes" }, "geometry": { "type": "Point", "coordinates": [ -8375063.601700000464916, 4871876.954999998211861 ] } },
{ "type": "Feature", "properties": { "Organizati": "Unavailable", "DEP_Client": "Unavailable", "DEP_Clie_1": 0.0, "DEP_Clie_2": "Owner", "SITE_NAME": "Phila Textile", "Site_ID": 616640.0, "Site_Statu": "Abandoned", "Primary_Fa": "Philadelphia Textile Company", "Primary__1": 637787.0, "Primary__2": "Inactive", "Sub_Facili": "Philadelphia Textile Company", "Sub_Faci_1": 771517.0, "Sub_Faci_2": "Abandoned", "Sub_Faci_3": "Landfill", "Waste_Oper": "Municipal Waste Operation", "Waste_Op_1": "Unavailable", "EPA_ID": "1-307", "COMPLIANCE": "Yes" }, "geometry": { "type": "Point", "coordinates": [ -8386096.723799999803305, 4881866.090300001204014 ] } },
{ "type": "Feature", "properties": { "Organizati": "Unavailable", "DEP_Client": "Unavailable", "DEP_Clie_1": 0.0, "DEP_Clie_2": "Owner", "SITE_NAME": "Philidelphia Marine Safety Ofc Drum Site", "Site_ID": 616818.0, "Site_Statu": "Abandoned", "Primary_Fa": "Philidelphia Marine Safety Office Drum Site", "Primary__1": 637965.0, "Primary__2": "Inactive", "Sub_Facili": "Philidelphia Marine Safety Office Drum Site", "Sub_Faci_1": 771695.0, "Sub_Faci_2": "Abandoned", "Sub_Faci_3": "Landfill", "Waste_Oper": "Municipal Waste Operation", "Waste_Op_1": "Unavailable", "EPA_ID": "1-530", "COMPLIANCE": "Yes" }, "geometry": { "type": "Point", "coordinates": [ -8364876.507799999788404, 4856292.011 ] } },
{ "type": "Feature", "properties": { "Organizati": "Unavailable", "DEP_Client": "Unavailable", "DEP_Clie_1": 0.0, "DEP_Clie_2": "Owner", "SITE_NAME": "Phillips Demo Ldfl", "Site_ID": 239955.0, "Site_Statu": "Inactive", "Primary_Fa": "Phillips Slag Co.", "Primary__1": 637236.0, "Primary__2": "Unpermitted Inactive", "Sub_Facili": "Phillips Slag Co.", "Sub_Faci_1": 770966.0, "Sub_Faci_2": "Abandoned", "Sub_Faci_3": "Landfill", "Waste_Oper": "Municipal Waste Operation", "Waste_Op_1": "Unavailable", "EPA_ID": "5-009", "COMPLIANCE": "Yes" }, "geometry": { "type": "Point", "coordinates": [ -8916712.706399999558926, 4938419.505999997258186 ] } },
{ "type": "Feature", "properties": { "Organizati": "Unavailable", "DEP_Client": "Unavailable", "DEP_Clie_1": 0.0, "DEP_Clie_2": "Owner", "SITE_NAME": "Phillipsburg Boro Ldfl", "Site_ID": 616591.0, "Site_Statu": "Abandoned", "Primary_Fa": "Phillipsburg Boro Landfill", "Primary__1": 637738.0, "Primary__2": "Inactive", "Sub_Facili": "Phillipsburg Boro Landfill", "Sub_Faci_1": 771468.0, "Sub_Faci_2": "Abandoned", "Sub_Faci_3": "Landfill", "Waste_Oper": "Municipal Waste Operation", "Waste_Op_1": "Unavailable", "EPA_ID": "4-092", "COMPLIANCE": "Yes" }, "geometry": { "type": "Point", "coordinates": [ -8707499.860400000587106, 4998316.777800001204014 ] } },
{ "type": "Feature", "properties": { "Organizati": "Unavailable", "DEP_Client": "Unavailable", "DEP_Clie_1": 0.0, "DEP_Clie_2": "Owner", "SITE_NAME": "Pine Grove Boro Ldfl", "Site_ID": 616479.0, "Site_Statu": "Abandoned", "Primary_Fa": "Pine Grove Boro Ldfl", "Primary__1": 637626.0, "Primary__2": "Inactive", "Sub_Facili": "Pine Grove Boro Ldfl", "Sub_Faci_1": 771356.0, "Sub_Faci_2": "Abandoned", "Sub_Faci_3": "Landfill", "Waste_Oper": "Municipal Waste Operation", "Waste_Op_1": "Unavailable", "EPA_ID": "2-138 900028", "COMPLIANCE": "Yes" }, "geometry": { "type": "Point", "coordinates": [ -8502952.253399999812245, 4945277.674800001084805 ] } },
{ "type": "Feature", "properties": { "Organizati": "Unavailable", "DEP_Client": "Unavailable", "DEP_Clie_1": 0.0, "DEP_Clie_2": "Owner", "SITE_NAME": "Pine Twp Ldfl", "Site_ID": 616589.0, "Site_Statu": "Abandoned", "Primary_Fa": "Pine Twp Landfill", "Primary__1": 637736.0, "Primary__2": "Inactive", "Sub_Facili": "Pine Twp Landfill", "Sub_Faci_1": 771466.0, "Sub_Faci_2": "Abandoned", "Sub_Faci_3": "Landfill", "Waste_Oper": "Municipal Waste Operation", "Waste_Op_1": "Unavailable", "EPA_ID": "4-009 100188", "COMPLIANCE": "Yes" }, "geometry": { "type": "Point", "coordinates": [ -8606261.969900000840425, 5079890.481899999082088 ] } },
{ "type": "Feature", "properties": { "Organizati": "Unavailable", "DEP_Client": "Unavailable", "DEP_Clie_1": 0.0, "DEP_Clie_2": "Owner", "SITE_NAME": "Plunketts Creek Twp Ldfl", "Site_ID": 616427.0, "Site_Statu": "Abandoned", "Primary_Fa": "Plunketts Creek Twp Landfill", "Primary__1": 637574.0, "Primary__2": "Inactive", "Sub_Facili": "Plunketts Creek Twp Landfill", "Sub_Faci_1": 771304.0, "Sub_Faci_2": "Abandoned", "Sub_Faci_3": "Landfill", "Waste_Oper": "Municipal Waste Operation", "Waste_Op_1": "Unavailable", "EPA_ID": "4-010 100191", "COMPLIANCE": "Yes" }, "geometry": { "type": "Point", "coordinates": [ -8548882.338400000706315, 5070463.254299998283386 ] } },
{ "type": "Feature", "properties": { "Organizati": "Unavailable", "DEP_Client": "Unavailable", "DEP_Clie_1": 0.0, "DEP_Clie_2": "Owner", "SITE_NAME": "Plymouth Golf Ball Quarry", "Site_ID": 616633.0, "Site_Statu": "Abandoned", "Primary_Fa": "Plymouth Golf Ball Quarry", "Primary__1": 637780.0, "Primary__2": "Inactive", "Sub_Facili": "Plymouth Golf Ball Quarry", "Sub_Faci_1": 771510.0, "Sub_Faci_2": "Abandoned", "Sub_Faci_3": "Landfill", "Waste_Oper": "Municipal Waste Operation", "Waste_Op_1": "Unavailable", "EPA_ID": "1-277", "COMPLIANCE": "Yes" }, "geometry": { "type": "Point", "coordinates": [ -8379967.81279999949038, 4881145.356299996376038 ] } },
{ "type": "Feature", "properties": { "Organizati": "Unavailable", "DEP_Client": "Unavailable", "DEP_Clie_1": 0.0, "DEP_Clie_2": "Owner", "SITE_NAME": "Pocono Manor Ldfl", "Site_ID": 616082.0, "Site_Statu": "Abandoned", "Primary_Fa": "Pocono Manor Ldfl", "Primary__1": 637229.0, "Primary__2": "Inactive", "Sub_Facili": "Pocono Manor Ldfl", "Sub_Faci_1": 770959.0, "Sub_Faci_2": "Abandoned", "Sub_Faci_3": "Landfill", "Waste_Oper": "Municipal Waste Operation", "Waste_Op_1": "Unavailable", "EPA_ID": "2-101", "COMPLIANCE": "Yes" }, "geometry": { "type": "Point", "coordinates": [ -8391158.356200000271201, 5027549.901299998164177 ] } },
{ "type": "Feature", "properties": { "Organizati": "Unavailable", "DEP_Client": "Unavailable", "DEP_Clie_1": 0.0, "DEP_Clie_2": "Owner", "SITE_NAME": "Polans Ldfl", "Site_ID": 616478.0, "Site_Statu": "Abandoned", "Primary_Fa": "Polan?s Landfill", "Primary__1": 637625.0, "Primary__2": "Inactive", "Sub_Facili": "Polan?s Landfill", "Sub_Faci_1": 771355.0, "Sub_Faci_2": "Abandoned", "Sub_Faci_3": "Landfill", "Waste_Oper": "Municipal Waste Operation", "Waste_Op_1": "Unavailable", "EPA_ID": "4-142 100163", "COMPLIANCE": "Yes" }, "geometry": { "type": "Point", "coordinates": [ -8528953.057299999520183, 4987200.867299996316433 ] } },
{ "type": "Feature", "properties": { "Organizati": "Unavailable", "DEP_Client": "Unavailable", "DEP_Clie_1": 0.0, "DEP_Clie_2": "Owner", "SITE_NAME": "Potter Twp Site", "Site_ID": 616584.0, "Site_Statu": "Abandoned", "Primary_Fa": "Potter Twp Site", "Primary__1": 637731.0, "Primary__2": "Inactive", "Sub_Facili": "Potter Twp Site", "Sub_Faci_1": 771461.0, "Sub_Faci_2": "Abandoned", "Sub_Faci_3": "Landfill", "Waste_Oper": "Municipal Waste Operation", "Waste_Op_1": "Unavailable", "EPA_ID": "4-083 100102", "COMPLIANCE": "Yes" }, "geometry": { "type": "Point", "coordinates": [ -8642001.092399999499321, 4986383.571099996566772 ] } },
{ "type": "Feature", "properties": { "Organizati": "Unavailable", "DEP_Client": "Unavailable", "DEP_Clie_1": 0.0, "DEP_Clie_2": "Owner", "SITE_NAME": "Pottstown Drum Site", "Site_ID": 615939.0, "Site_Statu": "Abandoned", "Primary_Fa": "Pottstown Drum Site", "Primary__1": 637086.0, "Primary__2": "Inactive", "Sub_Facili": "Pottstown Drum Site", "Sub_Faci_1": 770816.0, "Sub_Faci_2": "Abandoned", "Sub_Faci_3": "Landfill", "Waste_Oper": "Municipal Waste Operation", "Waste_Op_1": "Unavailable", "EPA_ID": "1-372", "COMPLIANCE": "Yes" }, "geometry": { "type": "Point", "coordinates": [ -8420119.0307, 4901317.968800000846386 ] } },
{ "type": "Feature", "properties": { "Organizati": "Unavailable", "DEP_Client": "Unavailable", "DEP_Clie_1": 0.0, "DEP_Clie_2": "Owner", "SITE_NAME": "Ppg Ind Tower Rd Dspl Site", "Site_ID": 615934.0, "Site_Statu": "Abandoned", "Primary_Fa": "Ppg Industries", "Primary__1": 637081.0, "Primary__2": "Inactive", "Sub_Facili": "Ppg Industries", "Sub_Faci_1": 770811.0, "Sub_Faci_2": "Abandoned", "Sub_Faci_3": "Landfill", "Waste_Oper": "Municipal Waste Operation", "Waste_Op_1": "Unavailable", "EPA_ID": "5-031", "COMPLIANCE": "Yes" }, "geometry": { "type": "Point", "coordinates": [ -8880244.09180000051856, 4954391.390000000596046 ] } },
{ "type": "Feature", "properties": { "Organizati": "Unavailable", "DEP_Client": "Unavailable", "DEP_Clie_1": 0.0, "DEP_Clie_2": "Owner", "SITE_NAME": "Precision Finishing", "Site_ID": 616143.0, "Site_Statu": "Abandoned", "Primary_Fa": "Precision Finishing Company", "Primary__1": 637290.0, "Primary__2": "Inactive", "Sub_Facili": "Precision Finishing Company", "Sub_Faci_1": 771020.0, "Sub_Faci_2": "Abandoned", "Sub_Faci_3": "Landfill", "Waste_Oper": "Municipal Waste Operation", "Waste_Op_1": "Unavailable", "EPA_ID": "1-046 300146", "COMPLIANCE": "Yes" }, "geometry": { "type": "Point", "coordinates": [ -8385230.556099999696016, 4918407.440200001001358 ] } },
{ "type": "Feature", "properties": { "Organizati": "Unavailable", "DEP_Client": "Unavailable", "DEP_Clie_1": 0.0, "DEP_Clie_2": "Owner", "SITE_NAME": "Preston Heckler Ldfl", "Site_ID": 616636.0, "Site_Statu": "Abandoned", "Primary_Fa": "Preston Heckler Landfill", "Primary__1": 637783.0, "Primary__2": "Inactive", "Sub_Facili": "Preston Heckler Landfill", "Sub_Faci_1": 771513.0, "Sub_Faci_2": "Abandoned", "Sub_Faci_3": "Landfill", "Waste_Oper": "Municipal Waste Operation", "Waste_Op_1": "Unavailable", "EPA_ID": "1-295", "COMPLIANCE": "Yes" }, "geometry": { "type": "Point", "coordinates": [ -8375229.127599999308586, 4900546.7449000030756 ] } },
{ "type": "Feature", "properties": { "Organizati": "Unavailable", "DEP_Client": "Unavailable", "DEP_Clie_1": 0.0, "DEP_Clie_2": "Owner", "SITE_NAME": "Preston Twp Dump", "Site_ID": 616313.0, "Site_Statu": "Abandoned", "Primary_Fa": "Preston Twp Dump", "Primary__1": 637460.0, "Primary__2": "Inactive", "Sub_Facili": "Preston Twp Dump", "Sub_Faci_1": 771190.0, "Sub_Faci_2": "Abandoned", "Sub_Faci_3": "Landfill", "Waste_Oper": "Municipal Waste Operation", "Waste_Op_1": "Unavailable", "EPA_ID": "2-191 100292", "COMPLIANCE": "Yes" }, "geometry": { "type": "Point", "coordinates": [ -8393204.51039999909699, 5143114.054899998009205 ] } },
{ "type": "Feature", "properties": { "Organizati": "Mifflin Cnty Swa", "DEP_Client": "Mifflin Cnty Swa", "DEP_Clie_1": 85931.0, "DEP_Clie_2": "Owner", "SITE_NAME": "Mifflin Cnty Swa Barner Ldfl", "Site_ID": 248904.0, "Site_Statu": "Active", "Primary_Fa": "Mifflin Co.solid Wst.a.lf/barner #2", "Primary__1": 255454.0, "Primary__2": "Inactive", "Sub_Facili": "Mifflin Co.solid Wst.a.lf/barner #2", "Sub_Faci_1": 240527.0, "Sub_Faci_2": "Active", "Sub_Faci_3": "Landfill", "Waste_Oper": "Municipal Waste Operation", "Waste_Op_1": "Unavailable", "EPA_ID": "101165", "COMPLIANCE": "Yes" }, "geometry": { "type": "Point", "coordinates": [ -8632300.835699999704957, 4955963.451300002634525 ] } },
{ "type": "Feature", "properties": { "Organizati": "Montgomery Cnty Ldfl 2", "DEP_Client": "Montgomery Cnty Ldfl 2", "DEP_Clie_1": 91474.0, "DEP_Clie_2": "Owner", "SITE_NAME": "Montgomery Cnty Ldfl 2", "Site_ID": 456114.0, "Site_Statu": "Inactive", "Primary_Fa": "Montgomery Cnty Ldfl 2", "Primary__1": 484222.0, "Primary__2": "Inactive", "Sub_Facili": "Montgomery County Landfill #2", "Sub_Faci_1": 357521.0, "Sub_Faci_2": "Dep Abandoned List", "Sub_Faci_3": "Landfill", "Waste_Oper": "Municipal Waste Operation", "Waste_Op_1": "Unavailable", "EPA_ID": "101085", "COMPLIANCE": "Yes" }, "geometry": { "type": "Point", "coordinates": [ -8384850.471200000494719, 4877462.043600000441074 ] } },
{ "type": "Feature", "properties": { "Organizati": "Unavailable", "DEP_Client": "Scerbo William J", "DEP_Clie_1": 88645.0, "DEP_Clie_2": "Owner", "SITE_NAME": "William Scerbo Land Improvement", "Site_ID": 253260.0, "Site_Statu": "Inactive", "Primary_Fa": "William Scerbo Land Improvement Co", "Primary__1": 263269.0, "Primary__2": "Unpermitted Inactive", "Sub_Facili": "William Scerbo Land Improvement Co", "Sub_Faci_1": 257219.0, "Sub_Faci_2": "Inactive", "Sub_Faci_3": "Landfill", "Waste_Oper": "Municipal Waste Operation", "Waste_Op_1": "Unavailable", "EPA_ID": "101499", "COMPLIANCE": "Yes" }, "geometry": { "type": "Point", "coordinates": [ -8362567.525000000372529, 5025461.608800001442432 ] } },
{ "type": "Feature", "properties": { "Organizati": "Unavailable", "DEP_Client": "Searer Lester B", "DEP_Clie_1": 198717.0, "DEP_Clie_2": "Owner", "SITE_NAME": "Margaretta Mhp", "Site_ID": 443089.0, "Site_Statu": "Active", "Primary_Fa": "Magaretta Mhp", "Primary__1": 664740.0, "Primary__2": "Active", "Sub_Facili": "Magaretta Mhp", "Sub_Faci_1": 889508.0, "Sub_Faci_2": "Active", "Sub_Faci_3": "Landfill", "Waste_Oper": "Municipal Waste Operation", "Waste_Op_1": "Unavailable", "EPA_ID": "664740", "COMPLIANCE": "Yes" }, "geometry": { "type": "Point", "coordinates": [ -8519961.995400000363588, 4860485.271600000560284 ] } },
{ "type": "Feature", "properties": { "Organizati": "Unavailable", "DEP_Client": "Stanbro Lee", "DEP_Clie_1": 9042.0, "DEP_Clie_2": "Owner", "SITE_NAME": "Superior Ldfl", "Site_ID": 241618.0, "Site_Statu": "Active", "Primary_Fa": "Superior Refuse Co Landfill", "Primary__1": 245476.0, "Primary__2": "Inactive", "Sub_Facili": "Superior Refuse Co Landfill", "Sub_Faci_1": 214949.0, "Sub_Faci_2": "Dep Abandoned List", "Sub_Faci_3": "Landfill", "Waste_Oper": "Municipal Waste Operation", "Waste_Op_1": "Unavailable", "EPA_ID": "101205", "COMPLIANCE": "Yes" }, "geometry": { "type": "Point", "coordinates": [ -8868050.479499999433756, 5068610.634099997580051 ] } },
{ "type": "Feature", "properties": { "Organizati": "Unavailable", "DEP_Client": "Unavailable", "DEP_Clie_1": 0.0, "DEP_Clie_2": "Owner", "SITE_NAME": "2314 North Amer St", "Site_ID": 616490.0, "Site_Statu": "Abandoned", "Primary_Fa": "2314 North American St", "Primary__1": 637637.0, "Primary__2": "Inactive", "Sub_Facili": "2314 North American St", "Sub_Faci_1": 771367.0, "Sub_Faci_2": "Abandoned", "Sub_Faci_3": "Landfill", "Waste_Oper": "Municipal Waste Operation", "Waste_Op_1": "Unavailable", "EPA_ID": "1-508", "COMPLIANCE": "Yes" }, "geometry": { "type": "Point", "coordinates": [ -8364252.562000000849366, 4864005.591099999845028 ] } },
{ "type": "Feature", "properties": { "Organizati": "Unavailable", "DEP_Client": "Unavailable", "DEP_Clie_1": 0.0, "DEP_Clie_2": "Owner", "SITE_NAME": "3M Tape Div", "Site_ID": 616206.0, "Site_Statu": "Abandoned", "Primary_Fa": "3M Company/tape Division", "Primary__1": 637353.0, "Primary__2": "Inactive", "Sub_Facili": "3M Company/tape Division", "Sub_Faci_1": 771083.0, "Sub_Faci_2": "Abandoned", "Sub_Faci_3": "Landfill", "Waste_Oper": "Municipal Waste Operation", "Waste_Op_1": "Unavailable", "EPA_ID": "1-044 300034", "COMPLIANCE": "Yes" }, "geometry": { "type": "Point", "coordinates": [ -8332509.042300000786781, 4884205.560099996626377 ] } },
{ "type": "Feature", "properties": { "Organizati": "Unavailable", "DEP_Client": "Unavailable", "DEP_Clie_1": 0.0, "DEP_Clie_2": "Owner", "SITE_NAME": "70Th St & Kingsessing St Alto Signs", "Site_ID": 616678.0, "Site_Statu": "Abandoned", "Primary_Fa": "70Th St And Kingsessing St--alto Signs", "Primary__1": 637825.0, "Primary__2": "Inactive", "Sub_Facili": "70Th St And Kingsessing St--alto Signs", "Sub_Faci_1": 771555.0, "Sub_Faci_2": "Abandoned", "Sub_Faci_3": "Landfill", "Waste_Oper": "Municipal Waste Operation", "Waste_Op_1": "Unavailable", "EPA_ID": "1-510", "COMPLIANCE": "Yes" }, "geometry": { "type": "Point", "coordinates": [ -8376177.446000000461936, 4854693.831299997866154 ] } },
{ "type": "Feature", "properties": { "Organizati": "Unavailable", "DEP_Client": "Unavailable", "DEP_Clie_1": 0.0, "DEP_Clie_2": "Owner", "SITE_NAME": "A & C Ldfl", "Site_ID": 616015.0, "Site_Statu": "Abandoned", "Primary_Fa": "A And C Landfill", "Primary__1": 637162.0, "Primary__2": "Inactive", "Sub_Facili": "A And C Landfill", "Sub_Faci_1": 770892.0, "Sub_Faci_2": "Abandoned", "Sub_Faci_3": "Landfill", "Waste_Oper": "Municipal Waste Operation", "Waste_Op_1": "Unavailable", "EPA_ID": "3-125 100854", "COMPLIANCE": "Yes" }, "geometry": { "type": "Point", "coordinates": [ -8462906.340700000524521, 4876838.339500002563 ] } },
{ "type": "Feature", "properties": { "Organizati": "Unavailable", "DEP_Client": "Unavailable", "DEP_Clie_1": 0.0, "DEP_Clie_2": "Owner", "SITE_NAME": "Action Mfg", "Site_ID": 616611.0, "Site_Statu": "Abandoned", "Primary_Fa": "Action Manufacturing", "Primary__1": 637758.0, "Primary__2": "Inactive", "Sub_Facili": "Action Manufacturing", "Sub_Faci_1": 771488.0, "Sub_Faci_2": "Abandoned", "Sub_Faci_3": "Landfill", "Waste_Oper": "Municipal Waste Operation", "Waste_Op_1": "Unavailable", "EPA_ID": "1-176", "COMPLIANCE": "Yes" }, "geometry": { "type": "Point", "coordinates": [ -8456786.79590000025928, 4851405.052400000393391 ] } },
{ "type": "Feature", "properties": { "Organizati": "Unavailable", "DEP_Client": "Unavailable", "DEP_Clie_1": 0.0, "DEP_Clie_2": "Owner", "SITE_NAME": "Adams Psp", "Site_ID": 616865.0, "Site_Statu": "Active", "Primary_Fa": "Adams Psp", "Primary__1": 638012.0, "Primary__2": "Active", "Sub_Facili": "Adams Psp", "Sub_Faci_1": 771742.0, "Sub_Faci_2": "Active", "Sub_Faci_3": "Landfill", "Waste_Oper": "Municipal Waste Operation", "Waste_Op_1": "Unavailable", "EPA_ID": "6-082 300156", "COMPLIANCE": "Yes" }, "geometry": { "type": "Point", "coordinates": [ -8902804.273, 5001719.885799996554852 ] } },
{ "type": "Feature", "properties": { "Organizati": "Unavailable", "DEP_Client": "Unavailable", "DEP_Clie_1": 0.0, "DEP_Clie_2": "Owner", "SITE_NAME": "Addison Twp Ldfl", "Site_ID": 616547.0, "Site_Statu": "Abandoned", "Primary_Fa": "Addison Twp Landfill", "Primary__1": 637694.0, "Primary__2": "Inactive", "Sub_Facili": "Addison Twp Landfill", "Sub_Faci_1": 771424.0, "Sub_Faci_2": "Abandoned", "Sub_Faci_3": "Landfill", "Waste_Oper": "Municipal Waste Operation", "Waste_Op_1": "Unavailable", "EPA_ID": "5-172", "COMPLIANCE": "Yes" }, "geometry": { "type": "Point", "coordinates": [ -8831301.630400000140071, 4830520.000299997627735 ] } },
{ "type": "Feature", "properties": { "Organizati": "Unavailable", "DEP_Client": "Unavailable", "DEP_Clie_1": 0.0, "DEP_Clie_2": "Owner", "SITE_NAME": "Alandar Brothers Ldfl", "Site_ID": 616190.0, "Site_Statu": "Abandoned", "Primary_Fa": "Alandar Brothers Landfill", "Primary__1": 637337.0, "Primary__2": "Inactive", "Sub_Facili": "Alandar Brothers Landfill", "Sub_Faci_1": 771067.0, "Sub_Faci_2": "Abandoned", "Sub_Faci_3": "Landfill", "Waste_Oper": "Municipal Waste Operation", "Waste_Op_1": "Unavailable", "EPA_ID": "3-128 100060", "COMPLIANCE": "Yes" }, "geometry": { "type": "Point", "coordinates": [ -8578296.846999999135733, 4922608.248700000345707 ] } },
{ "type": "Feature", "properties": { "Organizati": "Unavailable", "DEP_Client": "Unavailable", "DEP_Clie_1": 0.0, "DEP_Clie_2": "Owner", "SITE_NAME": "Aliquippa Ldfl", "Site_ID": 616113.0, "Site_Statu": "Abandoned", "Primary_Fa": "Aliquippa Landfill", "Primary__1": 637260.0, "Primary__2": "Unpermitted Inactive", "Sub_Facili": "Aliquippa Landfill", "Sub_Faci_1": 770990.0, "Sub_Faci_2": "Abandoned", "Sub_Faci_3": "Landfill", "Waste_Oper": "Municipal Waste Operation", "Waste_Op_1": "Unavailable", "EPA_ID": "5-044", "COMPLIANCE": "Yes" }, "geometry": { "type": "Point", "coordinates": [ -8935416.097100000828505, 4960944.007399998605251 ] } },
{ "type": "Feature", "properties": { "Organizati": "Unavailable", "DEP_Client": "Unavailable", "DEP_Clie_1": 0.0, "DEP_Clie_2": "Owner", "SITE_NAME": "Prince Gallitzin State Park", "Site_ID": 257429.0, "Site_Statu": "Active", "Primary_Fa": "Prince Gallitzin State Park", "Primary__1": 637979.0, "Primary__2": "Unpermitted Inactive", "Sub_Facili": "Prince Gallitzin State Park", "Sub_Faci_1": 771709.0, "Sub_Faci_2": "Abandoned", "Sub_Faci_3": "Landfill", "Waste_Oper": "Municipal Waste Operation", "Waste_Op_1": "Unavailable", "EPA_ID": "5-162", "COMPLIANCE": "Yes" }, "geometry": { "type": "Point", "coordinates": [ -8747571.7292, 4959553.779100000858307 ] } },
{ "type": "Feature", "properties": { "Organizati": "Unavailable", "DEP_Client": "Unavailable", "DEP_Clie_1": 0.0, "DEP_Clie_2": "Owner", "SITE_NAME": "Printed Circuits Site", "Site_ID": 616119.0, "Site_Statu": "Abandoned", "Primary_Fa": "Printed Circuits Site", "Primary__1": 637266.0, "Primary__2": "Inactive", "Sub_Facili": "Printed Circuits Site", "Sub_Faci_1": 770996.0, "Sub_Faci_2": "Abandoned", "Sub_Faci_3": "Landfill", "Waste_Oper": "Municipal Waste Operation", "Waste_Op_1": "Unavailable", "EPA_ID": "1-095", "COMPLIANCE": "Yes" }, "geometry": { "type": "Point", "coordinates": [ -8331506.885500000789762, 4884316.792000003159046 ] } },
{ "type": "Feature", "properties": { "Organizati": "Unavailable", "DEP_Client": "Unavailable", "DEP_Clie_1": 0.0, "DEP_Clie_2": "Owner", "SITE_NAME": "Prompton Boro Ldfl", "Site_ID": 616560.0, "Site_Statu": "Abandoned", "Primary_Fa": "Prompton Boro Ldfl", "Primary__1": 637707.0, "Primary__2": "Inactive", "Sub_Facili": "Prompton Boro Ldfl", "Sub_Faci_1": 771437.0, "Sub_Faci_2": "Abandoned", "Sub_Faci_3": "Landfill", "Waste_Oper": "Municipal Waste Operation", "Waste_Op_1": "Unavailable", "EPA_ID": "2-181 100339", "COMPLIANCE": "Yes" }, "geometry": { "type": "Point", "coordinates": [ -8386065.251299999654293, 5098166.553900003433228 ] } },
{ "type": "Feature", "properties": { "Organizati": "Unavailable", "DEP_Client": "Unavailable", "DEP_Clie_1": 0.0, "DEP_Clie_2": "Owner", "SITE_NAME": "Quality Reasearch Labs", "Site_ID": 616823.0, "Site_Statu": "Abandoned", "Primary_Fa": "Quality Reasearch Labs Inc.", "Primary__1": 637970.0, "Primary__2": "Inactive", "Sub_Facili": "Quality Reasearch Labs Inc.", "Sub_Faci_1": 771700.0, "Sub_Faci_2": "Abandoned", "Sub_Faci_3": "Landfill", "Waste_Oper": "Municipal Waste Operation", "Waste_Op_1": "Unavailable", "EPA_ID": "1-096", "COMPLIANCE": "Yes" }, "geometry": { "type": "Point", "coordinates": [ -8340583.298599999397993, 4881458.527699999511242 ] } },
{ "type": "Feature", "properties": { "Organizati": "Unavailable", "DEP_Client": "Unavailable", "DEP_Clie_1": 0.0, "DEP_Clie_2": "Owner", "SITE_NAME": "Radenbaugh Dspl Site", "Site_ID": 616013.0, "Site_Statu": "Abandoned", "Primary_Fa": "Radenbaugh Fill", "Primary__1": 637160.0, "Primary__2": "Inactive", "Sub_Facili": "Radenbaugh Fill", "Sub_Faci_1": 770890.0, "Sub_Faci_2": "Abandoned", "Sub_Faci_3": "Landfill", "Waste_Oper": "Municipal Waste Operation", "Waste_Op_1": "Unavailable", "EPA_ID": "5-141", "COMPLIANCE": "Yes" }, "geometry": { "type": "Point", "coordinates": [ -8857330.697100000455976, 4911793.041299998760223 ] } },
{ "type": "Feature", "properties": { "Organizati": "Unavailable", "DEP_Client": "Unavailable", "DEP_Clie_1": 0.0, "DEP_Clie_2": "Owner", "SITE_NAME": "Rae Dspl Site", "Site_ID": 615850.0, "Site_Statu": "Abandoned", "Primary_Fa": "Robert Rae Disposal", "Primary__1": 636997.0, "Primary__2": "Unpermitted Inactive", "Sub_Facili": "Robert Rae Disposal", "Sub_Faci_1": 770727.0, "Sub_Faci_2": "Abandoned", "Sub_Faci_3": "Landfill", "Waste_Oper": "Municipal Waste Operation", "Waste_Op_1": "Unavailable", "EPA_ID": "5-004", "COMPLIANCE": "Yes" }, "geometry": { "type": "Point", "coordinates": [ -8887585.355699999257922, 4947426.598899997770786 ] } },
{ "type": "Feature", "properties": { "Organizati": "Unavailable", "DEP_Client": "Unavailable", "DEP_Clie_1": 0.0, "DEP_Clie_2": "Owner", "SITE_NAME": "Rbw Tech", "Site_ID": 463845.0, "Site_Statu": "Active", "Primary_Fa": "Rbw Industries", "Primary__1": 637187.0, "Primary__2": "Inactive", "Sub_Facili": "Rbw Industries", "Sub_Faci_1": 770917.0, "Sub_Faci_2": "Abandoned", "Sub_Faci_3": "Landfill", "Waste_Oper": "Municipal Waste Operation", "Waste_Op_1": "Unavailable", "EPA_ID": "6-102 101488", "COMPLIANCE": "Yes" }, "geometry": { "type": "Point", "coordinates": [ -8914339.616100000217557, 4983834.57379999756813 ] } },
{ "type": "Feature", "properties": { "Organizati": "Unavailable", "DEP_Client": "Unavailable", "DEP_Clie_1": 0.0, "DEP_Clie_2": "Owner", "SITE_NAME": "Reach Road Demo Debris Ldfl", "Site_ID": 616347.0, "Site_Statu": "Abandoned", "Primary_Fa": "Reach Rd. Demo. Debris Landfill", "Primary__1": 637494.0, "Primary__2": "Inactive", "Sub_Facili": "Reach Rd. Demo. Debris Landfill", "Sub_Faci_1": 771224.0, "Sub_Faci_2": "Abandoned", "Sub_Faci_3": "Landfill", "Waste_Oper": "Municipal Waste Operation", "Waste_Op_1": "Unavailable", "EPA_ID": "4-014 101047", "COMPLIANCE": "Yes" }, "geometry": { "type": "Point", "coordinates": [ -8579315.231799999251962, 5045208.5647 ] } },
{ "type": "Feature", "properties": { "Organizati": "Unavailable", "DEP_Client": "Unavailable", "DEP_Clie_1": 0.0, "DEP_Clie_2": "Owner", "SITE_NAME": "Red Lion Dspl", "Site_ID": 615937.0, "Site_Statu": "Abandoned", "Primary_Fa": "Red Lion Disposal", "Primary__1": 637084.0, "Primary__2": "Inactive", "Sub_Facili": "Red Lion Disposal", "Sub_Faci_1": 770814.0, "Sub_Faci_2": "Abandoned", "Sub_Faci_3": "Landfill", "Waste_Oper": "Municipal Waste Operation", "Waste_Op_1": "Unavailable", "EPA_ID": "3-110 100111", "COMPLIANCE": "Yes" }, "geometry": { "type": "Point", "coordinates": [ -8529301.901599999517202, 4851524.925800003111362 ] } },
{ "type": "Feature", "properties": { "Organizati": "Unavailable", "DEP_Client": "Unavailable", "DEP_Clie_1": 0.0, "DEP_Clie_2": "Owner", "SITE_NAME": "Reddinger Ldfl", "Site_ID": 599782.0, "Site_Statu": "Active", "Primary_Fa": "Reddinger Landfill", "Primary__1": 637899.0, "Primary__2": "Unpermitted Inactive", "Sub_Facili": "Reddinger Landfill", "Sub_Faci_1": 771629.0, "Sub_Faci_2": "Abandoned", "Sub_Faci_3": "Landfill", "Waste_Oper": "Municipal Waste Operation", "Waste_Op_1": "Unavailable", "EPA_ID": "5-117", "COMPLIANCE": "Yes" }, "geometry": { "type": "Point", "coordinates": [ -8834191.14750000089407, 5007428.4956 ] } },
{ "type": "Feature", "properties": { "Organizati": "Unavailable", "DEP_Client": "Unavailable", "DEP_Clie_1": 0.0, "DEP_Clie_2": "Owner", "SITE_NAME": "Redick Ldfl", "Site_ID": 616026.0, "Site_Statu": "Abandoned", "Primary_Fa": "Redick Landfill", "Primary__1": 637173.0, "Primary__2": "Inactive", "Sub_Facili": "Redick Landfill", "Sub_Faci_1": 770903.0, "Sub_Faci_2": "Abandoned", "Sub_Faci_3": "Landfill", "Waste_Oper": "Municipal Waste Operation", "Waste_Op_1": "Unavailable", "EPA_ID": "6-113 100003", "COMPLIANCE": "Yes" }, "geometry": { "type": "Point", "coordinates": [ -8850391.624500000849366, 5028229.031900003552437 ] } },
{ "type": "Feature", "properties": { "Organizati": "Unavailable", "DEP_Client": "Unavailable", "DEP_Clie_1": 0.0, "DEP_Clie_2": "Owner", "SITE_NAME": "Reeses Dump", "Site_ID": 616380.0, "Site_Statu": "Abandoned", "Primary_Fa": "Reese?s Dump", "Primary__1": 637527.0, "Primary__2": "Inactive", "Sub_Facili": "Reese?s Dump", "Sub_Faci_1": 771257.0, "Sub_Faci_2": "Abandoned", "Sub_Faci_3": "Landfill", "Waste_Oper": "Municipal Waste Operation", "Waste_Op_1": "Unavailable", "EPA_ID": "4-156 100243", "COMPLIANCE": "Yes" }, "geometry": { "type": "Point", "coordinates": [ -8514566.25, 5065011.545900002121925 ] } },
{ "type": "Feature", "properties": { "Organizati": "Unavailable", "DEP_Client": "Unavailable", "DEP_Clie_1": 0.0, "DEP_Clie_2": "Owner", "SITE_NAME": "Reiley Whitman Walton", "Site_ID": 616152.0, "Site_Statu": "Abandoned", "Primary_Fa": "Reiley Whitman Walton Co.", "Primary__1": 637299.0, "Primary__2": "Inactive", "Sub_Facili": "Reiley Whitman Walton Co.", "Sub_Faci_1": 771029.0, "Sub_Faci_2": "Abandoned", "Sub_Faci_3": "Landfill", "Waste_Oper": "Municipal Waste Operation", "Waste_Op_1": "Unavailable", "EPA_ID": "1-311 300248", "COMPLIANCE": "Yes" }, "geometry": { "type": "Point", "coordinates": [ -8381451.256400000303984, 4876594.486599996685982 ] } },
{ "type": "Feature", "properties": { "Organizati": "Morgan Twp Greene Cnty", "DEP_Client": "Morgan Twp Greene Cnty", "DEP_Clie_1": 82872.0, "DEP_Clie_2": "Owner", "SITE_NAME": "Mather Ldfl", "Site_ID": 523949.0, "Site_Statu": "Inactive", "Primary_Fa": "Mather Landfill", "Primary__1": 547206.0, "Primary__2": "Inactive", "Sub_Facili": "Landfill", "Sub_Faci_1": 441741.0, "Sub_Faci_2": "Dep Abandoned List", "Sub_Faci_3": "Landfill", "Waste_Oper": "Municipal Waste Operation", "Waste_Op_1": "Unavailable", "EPA_ID": "100653", "COMPLIANCE": "Yes" }, "geometry": { "type": "Point", "coordinates": [ -8913129.5176, 4856436.15990000218153 ] } },
{ "type": "Feature", "properties": { "Organizati": "Morris Twp Ldfl", "DEP_Client": "Morris Twp Ldfl", "DEP_Clie_1": 69867.0, "DEP_Clie_2": "Owner", "SITE_NAME": "Morris Twp Ldfl", "Site_ID": 239922.0, "Site_Statu": "Inactive", "Primary_Fa": "Morris Twp. Landfill", "Primary__1": 243184.0, "Primary__2": "Inactive", "Sub_Facili": "Morris Twp. Landfill", "Sub_Faci_1": 209018.0, "Sub_Faci_2": "Dep Abandoned List", "Sub_Faci_3": "Landfill", "Waste_Oper": "Municipal Waste Operation", "Waste_Op_1": "Unavailable", "EPA_ID": "100659", "COMPLIANCE": "Yes" }, "geometry": { "type": "Point", "coordinates": [ -8936197.386700000613928, 4860750.825499996542931 ] } },
{ "type": "Feature", "properties": { "Organizati": "Morrisville Muni Auth Bucks Cnty", "DEP_Client": "Morrisville Muni Auth Bucks Cnty", "DEP_Clie_1": 64800.0, "DEP_Clie_2": "Owner", "SITE_NAME": "Morrisville Ldfl", "Site_ID": 457790.0, "Site_Statu": "Active", "Primary_Fa": "Morrisville Boro-morrisville Landfil", "Primary__1": 486390.0, "Primary__2": "Inactive", "Sub_Facili": "Morrisville Boro-morrisville Landfil", "Sub_Faci_1": 361730.0, "Sub_Faci_2": "Dep Abandoned List", "Sub_Faci_3": "Landfill", "Waste_Oper": "Municipal Waste Operation", "Waste_Op_1": "Unavailable", "EPA_ID": "101418", "COMPLIANCE": "Yes" }, "geometry": { "type": "Point", "coordinates": [ -8323598.118000000715256, 4894480.229299999773502 ] } },
{ "type": "Feature", "properties": { "Organizati": "Mostoller Ldfl Inc", "DEP_Client": "Mostoller Ldfl Inc", "DEP_Clie_1": 123420.0, "DEP_Clie_2": "Owner", "SITE_NAME": "Mostoller Leonard Ldfl", "Site_ID": 238938.0, "Site_Statu": "Inactive", "Primary_Fa": "Leonard Mostoller #101339", "Primary__1": 241861.0, "Primary__2": "Inactive", "Sub_Facili": "Mostoller Sanitary Landfill Phase I", "Sub_Faci_1": 205425.0, "Sub_Faci_2": "Inactive", "Sub_Faci_3": "Landfill", "Waste_Oper": "Municipal Waste Operation", "Waste_Op_1": "Unavailable", "EPA_ID": "101339", "COMPLIANCE": "Yes" }, "geometry": { "type": "Point", "coordinates": [ -8780572.212899999693036, 4879797.461599998176098 ] } },
{ "type": "Feature", "properties": { "Organizati": "Moyers Ldfl", "DEP_Client": "Moyers Ldfl", "DEP_Clie_1": 72067.0, "DEP_Clie_2": "Owner", "SITE_NAME": "Moyers Ldfl", "Site_ID": 455646.0, "Site_Statu": "Inactive", "Primary_Fa": "Moyers Landfill", "Primary__1": 483685.0, "Primary__2": "Inactive", "Sub_Facili": "Moyers Landfill", "Sub_Faci_1": 356466.0, "Sub_Faci_2": "Inactive", "Sub_Faci_3": "Landfill", "Waste_Oper": "Municipal Waste Operation", "Waste_Op_1": "Unavailable", "EPA_ID": "100547", "COMPLIANCE": "Yes" }, "geometry": { "type": "Point", "coordinates": [ -8397200.2555, 4888370.715199999511242 ] } },
{ "type": "Feature", "properties": { "Organizati": "Unavailable", "DEP_Client": "Unavailable", "DEP_Clie_1": 0.0, "DEP_Clie_2": "Owner", "SITE_NAME": "Allen Fld", "Site_ID": 616387.0, "Site_Statu": "Abandoned", "Primary_Fa": "Allen Field", "Primary__1": 637534.0, "Primary__2": "Inactive", "Sub_Facili": "Allen Field", "Sub_Faci_1": 771264.0, "Sub_Faci_2": "Abandoned", "Sub_Faci_3": "Landfill", "Waste_Oper": "Municipal Waste Operation", "Waste_Op_1": "Unavailable", "EPA_ID": "3-066", "COMPLIANCE": "Yes" }, "geometry": { "type": "Point", "coordinates": [ -8539278.403899999335408, 4861984.464800000190735 ] } },
{ "type": "Feature", "properties": { "Organizati": "Unavailable", "DEP_Client": "Unavailable", "DEP_Clie_1": 0.0, "DEP_Clie_2": "Owner", "SITE_NAME": "Allentown Incinerator", "Site_ID": 616484.0, "Site_Statu": "Abandoned", "Primary_Fa": "Allentown Incinerator", "Primary__1": 637631.0, "Primary__2": "Inactive", "Sub_Facili": "Allentown Incinerator", "Sub_Faci_1": 771361.0, "Sub_Faci_2": "Abandoned", "Sub_Faci_3": "Landfill", "Waste_Oper": "Municipal Waste Operation", "Waste_Op_1": "Unavailable", "EPA_ID": "2-055 900035", "COMPLIANCE": "Yes" }, "geometry": { "type": "Point", "coordinates": [ -8400142.9956, 4953489.930100001394749 ] } },
{ "type": "Feature", "properties": { "Organizati": "Unavailable", "DEP_Client": "Unavailable", "DEP_Clie_1": 0.0, "DEP_Clie_2": "Owner", "SITE_NAME": "Allied Chem Corp Newell Dspl Site", "Site_ID": 616705.0, "Site_Statu": "Abandoned", "Primary_Fa": "Allied Chemical Corp", "Primary__1": 637852.0, "Primary__2": "Unpermitted Inactive", "Sub_Facili": "Allied Chemical Corp", "Sub_Faci_1": 771582.0, "Sub_Faci_2": "Abandoned", "Sub_Faci_3": "Landfill", "Waste_Oper": "Municipal Waste Operation", "Waste_Op_1": "Unavailable", "EPA_ID": "5-062", "COMPLIANCE": "Yes" }, "geometry": { "type": "Point", "coordinates": [ -8893236.712200000882149, 4877046.685000002384186 ] } },
{ "type": "Feature", "properties": { "Organizati": "Unavailable", "DEP_Client": "Unavailable", "DEP_Clie_1": 0.0, "DEP_Clie_2": "Owner", "SITE_NAME": "Allister", "Site_ID": 616399.0, "Site_Statu": "Abandoned", "Primary_Fa": "Allister Company", "Primary__1": 637546.0, "Primary__2": "Inactive", "Sub_Facili": "Allister Company", "Sub_Faci_1": 771276.0, "Sub_Faci_2": "Abandoned", "Sub_Faci_3": "Landfill", "Waste_Oper": "Municipal Waste Operation", "Waste_Op_1": "Unavailable", "EPA_ID": "1-102", "COMPLIANCE": "Yes" }, "geometry": { "type": "Point", "coordinates": [ -8419841.12470000050962, 4867320.184799998998642 ] } },
{ "type": "Feature", "properties": { "Organizati": "Unavailable", "DEP_Client": "Unavailable", "DEP_Clie_1": 0.0, "DEP_Clie_2": "Owner", "SITE_NAME": "Amer Olean Tile Salford Twp Ldfl", "Site_ID": 616643.0, "Site_Statu": "Abandoned", "Primary_Fa": "American Olean Tile Co.(salford Twp. Landfill)", "Primary__1": 637790.0, "Primary__2": "Inactive", "Sub_Facili": "American Olean Tile Co.(salford Twp. Landfill)", "Sub_Faci_1": 771520.0, "Sub_Faci_2": "Abandoned", "Sub_Faci_3": "Landfill", "Waste_Oper": "Municipal Waste Operation", "Waste_Op_1": "Unavailable", "EPA_ID": "1-313", "COMPLIANCE": "Yes" }, "geometry": { "type": "Point", "coordinates": [ -8380260.892200000584126, 4902793.574699997901917 ] } },
{ "type": "Feature", "properties": { "Organizati": "Unavailable", "DEP_Client": "Unavailable", "DEP_Clie_1": 0.0, "DEP_Clie_2": "Owner", "SITE_NAME": "Anderson Road Site", "Site_ID": 616327.0, "Site_Statu": "Abandoned", "Primary_Fa": "Anderson Road Site", "Primary__1": 637474.0, "Primary__2": "Inactive", "Sub_Facili": "Anderson Road Site", "Sub_Faci_1": 771204.0, "Sub_Faci_2": "Abandoned", "Sub_Faci_3": "Landfill", "Waste_Oper": "Municipal Waste Operation", "Waste_Op_1": "Unavailable", "EPA_ID": "1-361", "COMPLIANCE": "Yes" }, "geometry": { "type": "Point", "coordinates": [ -8389335.694299999624491, 4881676.402800001204014 ] } },
{ "type": "Feature", "properties": { "Organizati": "Unavailable", "DEP_Client": "Unavailable", "DEP_Clie_1": 0.0, "DEP_Clie_2": "Owner", "SITE_NAME": "Antonuk Dump", "Site_ID": 612914.0, "Site_Statu": "Active", "Primary_Fa": "Antonuk Dump", "Primary__1": 635118.0, "Primary__2": "Inactive", "Sub_Facili": "Mwo/landfill", "Sub_Faci_1": 766854.0, "Sub_Faci_2": "Active", "Sub_Faci_3": "Landfill", "Waste_Oper": "Municipal Waste Operation", "Waste_Op_1": "Unavailable", "EPA_ID": "635118", "COMPLIANCE": "Yes" }, "geometry": { "type": "Point", "coordinates": [ -8719253.726800000295043, 5010866.777999997138977 ] } },
{ "type": "Feature", "properties": { "Organizati": "Unavailable", "DEP_Client": "Unavailable", "DEP_Clie_1": 0.0, "DEP_Clie_2": "Owner", "SITE_NAME": "Ararat Twp Ldfl", "Site_ID": 616529.0, "Site_Statu": "Abandoned", "Primary_Fa": "Ararat Twp Ldfl", "Primary__1": 637676.0, "Primary__2": "Inactive", "Sub_Facili": "Ararat Twp Ldfl", "Sub_Faci_1": 771406.0, "Sub_Faci_2": "Abandoned", "Sub_Faci_3": "Landfill", "Waste_Oper": "Municipal Waste Operation", "Waste_Op_1": "Unavailable", "EPA_ID": "2-177 100443", "COMPLIANCE": "Yes" }, "geometry": { "type": "Point", "coordinates": [ -8403616.893400000408292, 5131444.028099998831749 ] } },
{ "type": "Feature", "properties": { "Organizati": "Unavailable", "DEP_Client": "Unavailable", "DEP_Clie_1": 0.0, "DEP_Clie_2": "Owner", "SITE_NAME": "Arrow Carting", "Site_ID": 616019.0, "Site_Statu": "Abandoned", "Primary_Fa": "Arrow Carting", "Primary__1": 637166.0, "Primary__2": "Inactive", "Sub_Facili": "Arrow Carting", "Sub_Faci_1": 770896.0, "Sub_Faci_2": "Abandoned", "Sub_Faci_3": "Landfill", "Waste_Oper": "Municipal Waste Operation", "Waste_Op_1": "Unavailable", "EPA_ID": "1-070 100728", "COMPLIANCE": "Yes" }, "geometry": { "type": "Point", "coordinates": [ -8362627.183000000193715, 4941970.018799997866154 ] } },
{ "type": "Feature", "properties": { "Organizati": "Unavailable", "DEP_Client": "Unavailable", "DEP_Clie_1": 0.0, "DEP_Clie_2": "Owner", "SITE_NAME": "Atlantic Precast Concrete", "Site_ID": 615869.0, "Site_Statu": "Abandoned", "Primary_Fa": "Atlantic Precast Concrete", "Primary__1": 637016.0, "Primary__2": "Inactive", "Sub_Facili": "Atlantic Precast Concrete", "Sub_Faci_1": 770746.0, "Sub_Faci_2": "Abandoned", "Sub_Faci_3": "Landfill", "Waste_Oper": "Municipal Waste Operation", "Waste_Op_1": "Unavailable", "EPA_ID": "1-100", "COMPLIANCE": "Yes" }, "geometry": { "type": "Point", "coordinates": [ -8327673.2804000005126, 4887810.165500000119209 ] } },
{ "type": "Feature", "properties": { "Organizati": "Unavailable", "DEP_Client": "Unavailable", "DEP_Clie_1": 0.0, "DEP_Clie_2": "Owner", "SITE_NAME": "Auburn Twp Ldfl", "Site_ID": 616525.0, "Site_Statu": "Abandoned", "Primary_Fa": "Auburn Twp Ldfl", "Primary__1": 637672.0, "Primary__2": "Inactive", "Sub_Facili": "Auburn Twp Ldfl", "Sub_Faci_1": 771402.0, "Sub_Faci_2": "Abandoned", "Sub_Faci_3": "Landfill", "Waste_Oper": "Municipal Waste Operation", "Waste_Op_1": "Unavailable", "EPA_ID": "2-178", "COMPLIANCE": "Yes" }, "geometry": { "type": "Point", "coordinates": [ -8461965.669299999251962, 5114100.119199998676777 ] } },
{ "type": "Feature", "properties": { "Organizati": "Unavailable", "DEP_Client": "Unavailable", "DEP_Clie_1": 0.0, "DEP_Clie_2": "Owner", "SITE_NAME": "Auto Car Trucks Div", "Site_ID": 616801.0, "Site_Statu": "Abandoned", "Primary_Fa": "Auto Car Trucks Division", "Primary__1": 637948.0, "Primary__2": "Inactive", "Sub_Facili": "Auto Car Trucks Division", "Sub_Faci_1": 771678.0, "Sub_Faci_2": "Abandoned", "Sub_Faci_3": "Landfill", "Waste_Oper": "Municipal Waste Operation", "Waste_Op_1": "Unavailable", "EPA_ID": "1-187", "COMPLIANCE": "Yes" }, "geometry": { "type": "Point", "coordinates": [ -8415716.984899999573827, 4870388.329199999570847 ] } },
{ "type": "Feature", "properties": { "Organizati": "Unavailable", "DEP_Client": "Unavailable", "DEP_Clie_1": 0.0, "DEP_Clie_2": "Owner", "SITE_NAME": "Bakers Ldfl", "Site_ID": 616462.0, "Site_Statu": "Abandoned", "Primary_Fa": "Bakers Ldfl", "Primary__1": 637609.0, "Primary__2": "Inactive", "Sub_Facili": "Bakers Ldfl", "Sub_Faci_1": 771339.0, "Sub_Faci_2": "Abandoned", "Sub_Faci_3": "Landfill", "Waste_Oper": "Municipal Waste Operation", "Waste_Op_1": "Unavailable", "EPA_ID": "2-063 100229", "COMPLIANCE": "Yes" }, "geometry": { "type": "Point", "coordinates": [ -8480800.216, 5024452.629900000989437 ] } },
{ "type": "Feature", "properties": { "Organizati": "Unavailable", "DEP_Client": "Unavailable", "DEP_Clie_1": 0.0, "DEP_Clie_2": "Owner", "SITE_NAME": "Baltimore & Ohio Rr", "Site_ID": 616624.0, "Site_Statu": "Abandoned", "Primary_Fa": "Baltimore & Ohio Railroad", "Primary__1": 637771.0, "Primary__2": "Inactive", "Sub_Facili": "Baltimore & Ohio Railroad", "Sub_Faci_1": 771501.0, "Sub_Faci_2": "Abandoned", "Sub_Faci_3": "Landfill", "Waste_Oper": "Municipal Waste Operation", "Waste_Op_1": "Unavailable", "EPA_ID": "1-236", "COMPLIANCE": "Yes" }, "geometry": { "type": "Point", "coordinates": [ -8379692.699100000783801, 4852885.27139999717474 ] } },
{ "type": "Feature", "properties": { "Organizati": "Unavailable", "DEP_Client": "Unavailable", "DEP_Clie_1": 0.0, "DEP_Clie_2": "Owner", "SITE_NAME": "Bangor Boro Ldfl", "Site_ID": 616534.0, "Site_Statu": "Abandoned", "Primary_Fa": "Bangor Boro Ldfl", "Primary__1": 637681.0, "Primary__2": "Inactive", "Sub_Facili": "Bangor Boro Ldfl", "Sub_Faci_1": 771411.0, "Sub_Faci_2": "Abandoned", "Sub_Faci_3": "Landfill", "Waste_Oper": "Municipal Waste Operation", "Waste_Op_1": "Unavailable", "EPA_ID": "2-112 100422", "COMPLIANCE": "Yes" }, "geometry": { "type": "Point", "coordinates": [ -8371706.620200000703335, 4994403.737999998033047 ] } },
{ "type": "Feature", "properties": { "Organizati": "Unavailable", "DEP_Client": "Unavailable", "DEP_Clie_1": 0.0, "DEP_Clie_2": "Owner", "SITE_NAME": "Barret Twp Ldfl", "Site_ID": 616504.0, "Site_Statu": "Abandoned", "Primary_Fa": "Barret Twp Ldfl", "Primary__1": 637651.0, "Primary__2": "Inactive", "Sub_Facili": "Barret Twp Ldfl", "Sub_Faci_1": 771381.0, "Sub_Faci_2": "Abandoned", "Sub_Faci_3": "Landfill", "Waste_Oper": "Municipal Waste Operation", "Waste_Op_1": "Unavailable", "EPA_ID": "2-102 100252", "COMPLIANCE": "Yes" }, "geometry": { "type": "Point", "coordinates": [ -8378472.603399999439716, 5034917.336099997162819 ] } },
{ "type": "Feature", "properties": { "Organizati": "Unavailable", "DEP_Client": "Unavailable", "DEP_Clie_1": 0.0, "DEP_Clie_2": "Owner", "SITE_NAME": "Beaver Meadows Ldfl", "Site_ID": 616160.0, "Site_Statu": "Abandoned", "Primary_Fa": "Beaver Meadows Ldfl", "Primary__1": 637307.0, "Primary__2": "Inactive", "Sub_Facili": "Beaver Meadows Ldfl", "Sub_Faci_1": 771037.0, "Sub_Faci_2": "Abandoned", "Sub_Faci_3": "Landfill", "Waste_Oper": "Municipal Waste Operation", "Waste_Op_1": "Unavailable", "EPA_ID": "2-007", "COMPLIANCE": "Yes" }, "geometry": { "type": "Point", "coordinates": [ -8449987.002499999478459, 5002128.796499997377396 ] } },
{ "type": "Feature", "properties": { "Organizati": "Unavailable", "DEP_Client": "Unavailable", "DEP_Clie_1": 0.0, "DEP_Clie_2": "Owner", "SITE_NAME": "Beck Dump Site", "Site_ID": 616578.0, "Site_Statu": "Abandoned", "Primary_Fa": "Beck Dump Site", "Primary__1": 637725.0, "Primary__2": "Inactive", "Sub_Facili": "Beck Dump Site", "Sub_Faci_1": 771455.0, "Sub_Faci_2": "Abandoned", "Sub_Faci_3": "Landfill", "Waste_Oper": "Municipal Waste Operation", "Waste_Op_1": "Unavailable", "EPA_ID": "4-074 100860", "COMPLIANCE": "Yes" }, "geometry": { "type": "Point", "coordinates": [ -8668375.815199999138713, 4994227.720200002193451 ] } },
{ "type": "Feature", "properties": { "Organizati": "Unavailable", "DEP_Client": "Unavailable", "DEP_Clie_1": 0.0, "DEP_Clie_2": "Owner", "SITE_NAME": "Bedminster Buried Drum", "Site_ID": 616861.0, "Site_Statu": "Abandoned", "Primary_Fa": "Bedminster Buried Drum", "Primary__1": 638008.0, "Primary__2": "Inactive", "Sub_Facili": "Bedminster Buried Drum", "Sub_Faci_1": 771738.0, "Sub_Faci_2": "Abandoned", "Sub_Faci_3": "Landfill", "Waste_Oper": "Municipal Waste Operation", "Waste_Op_1": "Unavailable", "EPA_ID": "1-076", "COMPLIANCE": "Yes" }, "geometry": { "type": "Point", "coordinates": [ -8372437.330600000917912, 4927236.858599998056889 ] } },
{ "type": "Feature", "properties": { "Organizati": "Unavailable", "DEP_Client": "Unavailable", "DEP_Clie_1": 0.0, "DEP_Clie_2": "Owner", "SITE_NAME": "Benezette Dspl", "Site_ID": 616030.0, "Site_Statu": "Abandoned", "Primary_Fa": "Benezette Disposal", "Primary__1": 637177.0, "Primary__2": "Inactive", "Sub_Facili": "Benezette Disposal", "Sub_Faci_1": 770907.0, "Sub_Faci_2": "Abandoned", "Sub_Faci_3": "Landfill", "Waste_Oper": "Municipal Waste Operation", "Waste_Op_1": "Unavailable", "EPA_ID": "6-076 100368", "COMPLIANCE": "Yes" }, "geometry": { "type": "Point", "coordinates": [ -8723924.037100000306964, 5061712.446400001645088 ] } },
{ "type": "Feature", "properties": { "Organizati": "Unavailable", "DEP_Client": "Unavailable", "DEP_Clie_1": 0.0, "DEP_Clie_2": "Owner", "SITE_NAME": "Bensalem Drum Site", "Site_ID": 615855.0, "Site_Statu": "Abandoned", "Primary_Fa": "Bensalem Drum Site", "Primary__1": 637002.0, "Primary__2": "Inactive", "Sub_Facili": "Bensalem Drum Site", "Sub_Faci_1": 770732.0, "Sub_Faci_2": "Abandoned", "Sub_Faci_3": "Landfill", "Waste_Oper": "Municipal Waste Operation", "Waste_Op_1": "Unavailable", "EPA_ID": "1-077", "COMPLIANCE": "Yes" }, "geometry": { "type": "Point", "coordinates": [ -8342333.244000000879169, 4883863.873199999332428 ] } },
{ "type": "Feature", "properties": { "Organizati": "Unavailable", "DEP_Client": "Unavailable", "DEP_Clie_1": 0.0, "DEP_Clie_2": "Owner", "SITE_NAME": "Richards Marion Ctr Ldfl", "Site_ID": 248688.0, "Site_Statu": "Inactive", "Primary_Fa": "Richards Sanitary Landfill", "Primary__1": 637873.0, "Primary__2": "Inactive", "Sub_Facili": "Richards Sanitary Landfill", "Sub_Faci_1": 771603.0, "Sub_Faci_2": "Abandoned", "Sub_Faci_3": "Landfill", "Waste_Oper": "Municipal Waste Operation", "Waste_Op_1": "Unavailable", "EPA_ID": "5-161", "COMPLIANCE": "Yes" }, "geometry": { "type": "Point", "coordinates": [ -8799294.4846, 4977520.977600000798702 ] } },
{ "type": "Feature", "properties": { "Organizati": "Unavailable", "DEP_Client": "Unavailable", "DEP_Clie_1": 0.0, "DEP_Clie_2": "Owner", "SITE_NAME": "Ridgebury Twp Fill", "Site_ID": 599451.0, "Site_Statu": "Active", "Primary_Fa": "Ridgebury Twp Landfill", "Primary__1": 632218.0, "Primary__2": "Inactive", "Sub_Facili": "Ridgebury Twp Landfill", "Sub_Faci_1": 760702.0, "Sub_Faci_2": "Inactive", "Sub_Faci_3": "Landfill", "Waste_Oper": "Municipal Waste Operation", "Waste_Op_1": "Unavailable", "EPA_ID": "100215", "COMPLIANCE": "Yes" }, "geometry": { "type": "Point", "coordinates": [ -8541977.437699999660254, 5154282.624399997293949 ] } },
{ "type": "Feature", "properties": { "Organizati": "Unavailable", "DEP_Client": "Unavailable", "DEP_Clie_1": 0.0, "DEP_Clie_2": "Owner", "SITE_NAME": "Ridley Creek State Park", "Site_ID": 615918.0, "Site_Statu": "Abandoned", "Primary_Fa": "Ridley Creek State Park", "Primary__1": 637065.0, "Primary__2": "Inactive", "Sub_Facili": "Ridley Creek State Park", "Sub_Faci_1": 770795.0, "Sub_Faci_2": "Abandoned", "Sub_Faci_3": "Landfill", "Waste_Oper": "Municipal Waste Operation", "Waste_Op_1": "Unavailable", "EPA_ID": "1-214 100982", "COMPLIANCE": "Yes" }, "geometry": { "type": "Point", "coordinates": [ -8399173.845000000670552, 4861366.288400001823902 ] } },
{ "type": "Feature", "properties": { "Organizati": "Unavailable", "DEP_Client": "Unavailable", "DEP_Clie_1": 0.0, "DEP_Clie_2": "Owner", "SITE_NAME": "Robert D Vandecar Ldfl", "Site_ID": 616193.0, "Site_Statu": "Abandoned", "Primary_Fa": "Robert D Vandecar Ldfl", "Primary__1": 637340.0, "Primary__2": "Inactive", "Sub_Facili": "Robert D Vandecar Ldfl", "Sub_Faci_1": 771070.0, "Sub_Faci_2": "Abandoned", "Sub_Faci_3": "Landfill", "Waste_Oper": "Municipal Waste Operation", "Waste_Op_1": "Unavailable", "EPA_ID": "2-119 100214", "COMPLIANCE": "Yes" }, "geometry": { "type": "Point", "coordinates": [ -8351463.8728, 5027166.5675999969244 ] } },
{ "type": "Feature", "properties": { "Organizati": "Unavailable", "DEP_Client": "Unavailable", "DEP_Clie_1": 0.0, "DEP_Clie_2": "Owner", "SITE_NAME": "Rodger Lellock Demo Site", "Site_ID": 615979.0, "Site_Statu": "Abandoned", "Primary_Fa": "Rodger Lellock Prop", "Primary__1": 637126.0, "Primary__2": "Inactive", "Sub_Facili": "Rodger Lellock Prop", "Sub_Faci_1": 770856.0, "Sub_Faci_2": "Abandoned", "Sub_Faci_3": "Landfill", "Waste_Oper": "Municipal Waste Operation", "Waste_Op_1": "Unavailable", "EPA_ID": "6-095 100947", "COMPLIANCE": "Yes" }, "geometry": { "type": "Point", "coordinates": [ -8794949.622999999672174, 5006959.780500002205372 ] } },
{ "type": "Feature", "properties": { "Organizati": "Unavailable", "DEP_Client": "Unavailable", "DEP_Clie_1": 0.0, "DEP_Clie_2": "Owner", "SITE_NAME": "Ross Sani Ldfl", "Site_ID": 616093.0, "Site_Statu": "Abandoned", "Primary_Fa": "Ross Sanitary Landfill", "Primary__1": 637240.0, "Primary__2": "Inactive", "Sub_Facili": "Ross Sanitary Landfill", "Sub_Faci_1": 770970.0, "Sub_Faci_2": "Abandoned", "Sub_Faci_3": "Landfill", "Waste_Oper": "Municipal Waste Operation", "Waste_Op_1": "Unavailable", "EPA_ID": "5-153", "COMPLIANCE": "Yes" }, "geometry": { "type": "Point", "coordinates": [ -8833191.857100000604987, 4916319.633699998259544 ] } },
{ "type": "Feature", "properties": { "Organizati": "Unavailable", "DEP_Client": "Unavailable", "DEP_Clie_1": 0.0, "DEP_Clie_2": "Owner", "SITE_NAME": "Roy Ackley Ldfl", "Site_ID": 616577.0, "Site_Statu": "Abandoned", "Primary_Fa": "Roy Ackley Landfill", "Primary__1": 637724.0, "Primary__2": "Inactive", "Sub_Facili": "Roy Ackley Landfill", "Sub_Faci_1": 771454.0, "Sub_Faci_2": "Abandoned", "Sub_Faci_3": "Landfill", "Waste_Oper": "Municipal Waste Operation", "Waste_Op_1": "Unavailable", "EPA_ID": "4-072", "COMPLIANCE": "Yes" }, "geometry": { "type": "Point", "coordinates": [ -8583815.013000000268221, 4996007.491899996995926 ] } },
{ "type": "Feature", "properties": { "Organizati": "Unavailable", "DEP_Client": "Unavailable", "DEP_Clie_1": 0.0, "DEP_Clie_2": "Owner", "SITE_NAME": "Royers Dump", "Site_ID": 616393.0, "Site_Statu": "Abandoned", "Primary_Fa": "Royer's Dump", "Primary__1": 637540.0, "Primary__2": "Inactive", "Sub_Facili": "Royer's Dump", "Sub_Faci_1": 771270.0, "Sub_Faci_2": "Abandoned", "Sub_Faci_3": "Landfill", "Waste_Oper": "Municipal Waste Operation", "Waste_Op_1": "Unavailable", "EPA_ID": "3-074", "COMPLIANCE": "Yes" }, "geometry": { "type": "Point", "coordinates": [ -8636991.189600000157952, 4947271.563100002706051 ] } },
{ "type": "Feature", "properties": { "Organizati": "Unavailable", "DEP_Client": "Unavailable", "DEP_Clie_1": 0.0, "DEP_Clie_2": "Owner", "SITE_NAME": "Rt 13 Drum Dump", "Site_ID": 616157.0, "Site_Statu": "Abandoned", "Primary_Fa": "Rt 13 Drum Dump", "Primary__1": 637304.0, "Primary__2": "Inactive", "Sub_Facili": "Rt 13 Drum Dump", "Sub_Faci_1": 771034.0, "Sub_Faci_2": "Abandoned", "Sub_Faci_3": "Landfill", "Waste_Oper": "Municipal Waste Operation", "Waste_Op_1": "Unavailable", "EPA_ID": "1-098", "COMPLIANCE": "Yes" }, "geometry": { "type": "Point", "coordinates": [ -8346682.431600000709295, 4875395.441399998962879 ] } },
{ "type": "Feature", "properties": { "Organizati": "Unavailable", "DEP_Client": "Unavailable", "DEP_Clie_1": 0.0, "DEP_Clie_2": "Owner", "SITE_NAME": "Rush Twp Ldfl", "Site_ID": 616741.0, "Site_Statu": "Abandoned", "Primary_Fa": "Rush Twp Ldfl", "Primary__1": 637888.0, "Primary__2": "Inactive", "Sub_Facili": "Rush Twp Ldfl", "Sub_Faci_1": 771618.0, "Sub_Faci_2": "Abandoned", "Sub_Faci_3": "Landfill", "Waste_Oper": "Municipal Waste Operation", "Waste_Op_1": "Unavailable", "EPA_ID": "2-168 100206", "COMPLIANCE": "Yes" }, "geometry": { "type": "Point", "coordinates": [ -8468704.985300000756979, 5128233.376299999654293 ] } },
{ "type": "Feature", "properties": { "Organizati": "Unavailable", "DEP_Client": "Unavailable", "DEP_Clie_1": 0.0, "DEP_Clie_2": "Owner", "SITE_NAME": "Sackville Mills Prop", "Site_ID": 616135.0, "Site_Statu": "Abandoned", "Primary_Fa": "Sackville Mills Property", "Primary__1": 637282.0, "Primary__2": "Inactive", "Sub_Facili": "Sackville Mills Property", "Sub_Faci_1": 771012.0, "Sub_Faci_2": "Abandoned", "Sub_Faci_3": "Landfill", "Waste_Oper": "Municipal Waste Operation", "Waste_Op_1": "Unavailable", "EPA_ID": "1-248", "COMPLIANCE": "Yes" }, "geometry": { "type": "Point", "coordinates": [ -8391368.635600000619888, 4849229.996699996292591 ] } },
{ "type": "Feature", "properties": { "Organizati": "Unavailable", "DEP_Client": "Unavailable", "DEP_Clie_1": 0.0, "DEP_Clie_2": "Owner", "SITE_NAME": "Salisbury Twp Dump", "Site_ID": 616689.0, "Site_Statu": "Abandoned", "Primary_Fa": "Salisbury Twp. Dump", "Primary__1": 637836.0, "Primary__2": "Inactive", "Sub_Facili": "Salisbury Twp. Dump", "Sub_Faci_1": 771566.0, "Sub_Faci_2": "Abandoned", "Sub_Faci_3": "Landfill", "Waste_Oper": "Municipal Waste Operation", "Waste_Op_1": "Unavailable", "EPA_ID": "3-092 100051", "COMPLIANCE": "Yes" }, "geometry": { "type": "Point", "coordinates": [ -8462847.833000000566244, 4876523.790799997746944 ] } },
{ "type": "Feature", "properties": { "Organizati": "Unavailable", "DEP_Client": "Unavailable", "DEP_Clie_1": 0.0, "DEP_Clie_2": "Owner", "SITE_NAME": "Sandturn", "Site_ID": 616293.0, "Site_Statu": "Abandoned", "Primary_Fa": "Sandturn", "Primary__1": 637440.0, "Primary__2": "Inactive", "Sub_Facili": "Sandturn", "Sub_Faci_1": 771170.0, "Sub_Faci_2": "Abandoned", "Sub_Faci_3": "Landfill", "Waste_Oper": "Municipal Waste Operation", "Waste_Op_1": "Unavailable", "EPA_ID": "4-037 300906", "COMPLIANCE": "Yes" }, "geometry": { "type": "Point", "coordinates": [ -8724962.032500000670552, 4999196.069600000977516 ] } },
{ "type": "Feature", "properties": { "Organizati": "Unavailable", "DEP_Client": "Unavailable", "DEP_Clie_1": 0.0, "DEP_Clie_2": "Owner", "SITE_NAME": "Santiago Junk Yard", "Site_ID": 616683.0, "Site_Statu": "Abandoned", "Primary_Fa": "Santiago Junk Yard", "Primary__1": 637830.0, "Primary__2": "Inactive", "Sub_Facili": "Santiago Junk Yard", "Sub_Faci_1": 771560.0, "Sub_Faci_2": "Abandoned", "Sub_Faci_3": "Landfill", "Waste_Oper": "Municipal Waste Operation", "Waste_Op_1": "Unavailable", "EPA_ID": "1-532", "COMPLIANCE": "Yes" }, "geometry": { "type": "Point", "coordinates": [ -8364048.29079999960959, 4866978.4054000005126 ] } },
{ "type": "Feature", "properties": { "Organizati": "Unavailable", "DEP_Client": "Unavailable", "DEP_Clie_1": 0.0, "DEP_Clie_2": "Owner", "SITE_NAME": "Sayre Boro Ldfl", "Site_ID": 616358.0, "Site_Statu": "Abandoned", "Primary_Fa": "Sayre Boro Landfill", "Primary__1": 637505.0, "Primary__2": "Inactive", "Sub_Facili": "Sayre Boro Landfill", "Sub_Faci_1": 771235.0, "Sub_Faci_2": "Abandoned", "Sub_Faci_3": "Landfill", "Waste_Oper": "Municipal Waste Operation", "Waste_Op_1": "Unavailable", "EPA_ID": "4-112", "COMPLIANCE": "Yes" }, "geometry": { "type": "Point", "coordinates": [ -8517525.493100000545382, 5157295.195299997925758 ] } },
{ "type": "Feature", "properties": { "Organizati": "Unavailable", "DEP_Client": "Unavailable", "DEP_Clie_1": 0.0, "DEP_Clie_2": "Owner", "SITE_NAME": "Schlesser Demolition", "Site_ID": 616711.0, "Site_Statu": "Abandoned", "Primary_Fa": "Schlesser Demolition", "Primary__1": 637858.0, "Primary__2": "Inactive", "Sub_Facili": "Schlesser Demolition", "Sub_Faci_1": 771588.0, "Sub_Faci_2": "Abandoned", "Sub_Faci_3": "Landfill", "Waste_Oper": "Municipal Waste Operation", "Waste_Op_1": "Unavailable", "EPA_ID": "2-037 101032", "COMPLIANCE": "Yes" }, "geometry": { "type": "Point", "coordinates": [ -8424523.862600000575185, 5077422.737999998033047 ] } },
{ "type": "Feature", "properties": { "Organizati": "Unavailable", "DEP_Client": "Unavailable", "DEP_Clie_1": 0.0, "DEP_Clie_2": "Owner", "SITE_NAME": "Schuylkill Twp Ldfl", "Site_ID": 616237.0, "Site_Statu": "Abandoned", "Primary_Fa": "Schuylkill Twp Ldfl", "Primary__1": 637384.0, "Primary__2": "Inactive", "Sub_Facili": "Schuylkill Twp Ldfl", "Sub_Faci_1": 771114.0, "Sub_Faci_2": "Abandoned", "Sub_Faci_3": "Landfill", "Waste_Oper": "Municipal Waste Operation", "Waste_Op_1": "Unavailable", "EPA_ID": "2-139 100621", "COMPLIANCE": "Yes" }, "geometry": { "type": "Point", "coordinates": [ -8465263.005200000479817, 4977777.980800002813339 ] } },
{ "type": "Feature", "properties": { "Organizati": "Unavailable", "DEP_Client": "Unavailable", "DEP_Clie_1": 0.0, "DEP_Clie_2": "Owner", "SITE_NAME": "Scm Specialty Coating Div", "Site_ID": 615854.0, "Site_Statu": "Abandoned", "Primary_Fa": "Scm Specialty Coating Division", "Primary__1": 637001.0, "Primary__2": "Inactive", "Sub_Facili": "Scm Specialty Coating Division", "Sub_Faci_1": 770731.0, "Sub_Faci_2": "Abandoned", "Sub_Faci_3": "Landfill", "Waste_Oper": "Municipal Waste Operation", "Waste_Op_1": "Unavailable", "EPA_ID": "1-186 300173", "COMPLIANCE": "Yes" }, "geometry": { "type": "Point", "coordinates": [ -8408814.153000000864267, 4885400.204499997198582 ] } },
{ "type": "Feature", "properties": { "Organizati": "Unavailable", "DEP_Client": "Unavailable", "DEP_Clie_1": 0.0, "DEP_Clie_2": "Owner", "SITE_NAME": "Sechan Ldfl Site B", "Site_ID": 616172.0, "Site_Statu": "Abandoned", "Primary_Fa": "Sechan Landfill Site B", "Primary__1": 637319.0, "Primary__2": "Inactive", "Sub_Facili": "Sechan Landfill Site B", "Sub_Faci_1": 771049.0, "Sub_Faci_2": "Abandoned", "Sub_Faci_3": "Landfill", "Waste_Oper": "Municipal Waste Operation", "Waste_Op_1": "Unavailable", "EPA_ID": "6-080 300757", "COMPLIANCE": "Yes" }, "geometry": { "type": "Point", "coordinates": [ -8924175.308499999344349, 5006277.684199996292591 ] } },
{ "type": "Feature", "properties": { "Organizati": "New Hanover Incineration Inc", "DEP_Client": "New Hanover Incineration Inc", "DEP_Clie_1": 35190.0, "DEP_Clie_2": "Owner", "SITE_NAME": "New Hanover", "Site_ID": 455514.0, "Site_Statu": "Inactive", "Primary_Fa": "New Hanover Corporation", "Primary__1": 483537.0, "Primary__2": "Inactive", "Sub_Facili": "New Hanover Corporation", "Sub_Faci_1": 355993.0, "Sub_Faci_2": "Inactive", "Sub_Faci_3": "Landfill", "Waste_Oper": "Municipal Waste Operation", "Waste_Op_1": "Unavailable", "EPA_ID": "101385", "COMPLIANCE": "Yes" }, "geometry": { "type": "Point", "coordinates": [ -8410805.971100000664592, 4912553.354999996721745 ] } },
{ "type": "Feature", "properties": { "Organizati": "New Morgan Ldfl Co Inc", "DEP_Client": "New Morgan Ldfl Co Inc", "DEP_Clie_1": 55716.0, "DEP_Clie_2": "Owner", "SITE_NAME": "Conestoga Ldfl", "Site_ID": 505264.0, "Site_Statu": "Active", "Primary_Fa": "Conestoga Ldfl Mwo", "Primary__1": 477364.0, "Primary__2": "Active", "Sub_Facili": "Conestoga Ldfl", "Sub_Faci_1": 340779.0, "Sub_Faci_2": "Active", "Sub_Faci_3": "Landfill", "Waste_Oper": "Municipal Waste Operation", "Waste_Op_1": "Unavailable", "EPA_ID": "101509", "COMPLIANCE": "Yes" }, "geometry": { "type": "Point", "coordinates": [ -8450485.185100000351667, 4892287.767200000584126 ] } },
{ "type": "Feature", "properties": { "Organizati": "North Schuylkill Transf Sta Llc", "DEP_Client": "North Schuylkill Transf Sta Llc", "DEP_Clie_1": 277943.0, "DEP_Clie_2": "Owner", "SITE_NAME": "North Schuylkill Transf Sta", "Site_ID": 261624.0, "Site_Statu": "Active", "Primary_Fa": "Turkey Run Ldfl", "Primary__1": 279222.0, "Primary__2": "Active", "Sub_Facili": "Turkey Run Ldfl", "Sub_Faci_1": 285972.0, "Sub_Faci_2": "Dep Abandoned List", "Sub_Faci_3": "Landfill", "Waste_Oper": "Municipal Waste Operation", "Waste_Op_1": "Unavailable", "EPA_ID": "100799", "COMPLIANCE": "Yes" }, "geometry": { "type": "Point", "coordinates": [ -8483488.96199999935925, 4983515.717699997127056 ] } },
{ "type": "Feature", "properties": { "Organizati": "Unavailable", "DEP_Client": "Unavailable", "DEP_Clie_1": 0.0, "DEP_Clie_2": "Owner", "SITE_NAME": "Berlin Boro Ldfl", "Site_ID": 616196.0, "Site_Statu": "Abandoned", "Primary_Fa": "Berlin Landfill", "Primary__1": 637343.0, "Primary__2": "Inactive", "Sub_Facili": "Berlin Landfill", "Sub_Faci_1": 771073.0, "Sub_Faci_2": "Abandoned", "Sub_Faci_3": "Landfill", "Waste_Oper": "Municipal Waste Operation", "Waste_Op_1": "Unavailable", "EPA_ID": "5-170", "COMPLIANCE": "Yes" }, "geometry": { "type": "Point", "coordinates": [ -8788712.9671, 4854372.62950000166893 ] } },
{ "type": "Feature", "properties": { "Organizati": "Unavailable", "DEP_Client": "Unavailable", "DEP_Clie_1": 0.0, "DEP_Clie_2": "Owner", "SITE_NAME": "Berwick Boro Ldfl", "Site_ID": 616465.0, "Site_Statu": "Abandoned", "Primary_Fa": "Berwick Boro Landfill", "Primary__1": 637612.0, "Primary__2": "Inactive", "Sub_Facili": "Berwick Boro Landfill", "Sub_Faci_1": 771342.0, "Sub_Faci_2": "Abandoned", "Sub_Faci_3": "Landfill", "Waste_Oper": "Municipal Waste Operation", "Waste_Op_1": "Unavailable", "EPA_ID": "4-174 100266", "COMPLIANCE": "Yes" }, "geometry": { "type": "Point", "coordinates": [ -8490472.908700000494719, 5018421.866999998688698 ] } },
{ "type": "Feature", "properties": { "Organizati": "Unavailable", "DEP_Client": "Unavailable", "DEP_Clie_1": 0.0, "DEP_Clie_2": "Owner", "SITE_NAME": "Bfi Kossman Ldfl", "Site_ID": 616847.0, "Site_Statu": "Abandoned", "Primary_Fa": "Bfi Kossman", "Primary__1": 637994.0, "Primary__2": "Unpermitted Inactive", "Sub_Facili": "Bfi Kossman", "Sub_Faci_1": 771724.0, "Sub_Faci_2": "Abandoned", "Sub_Faci_3": "Landfill", "Waste_Oper": "Municipal Waste Operation", "Waste_Op_1": "Unavailable", "EPA_ID": "5-018", "COMPLIANCE": "Yes" }, "geometry": { "type": "Point", "coordinates": [ -8909344.998099999502301, 4927546.658299997448921 ] } },
{ "type": "Feature", "properties": { "Organizati": "Unavailable", "DEP_Client": "Unavailable", "DEP_Clie_1": 0.0, "DEP_Clie_2": "Owner", "SITE_NAME": "Bizups Ldfl", "Site_ID": 600026.0, "Site_Statu": "Abandoned", "Primary_Fa": "Bizups Landfill", "Primary__1": 637669.0, "Primary__2": "Unpermitted Inactive", "Sub_Facili": "Bizups Landfill", "Sub_Faci_1": 771399.0, "Sub_Faci_2": "Abandoned", "Sub_Faci_3": "Landfill", "Waste_Oper": "Municipal Waste Operation", "Waste_Op_1": "Unavailable", "EPA_ID": "5-145", "COMPLIANCE": "Yes" }, "geometry": { "type": "Point", "coordinates": [ -8838014.9967, 4887261.257500000298023 ] } },
{ "type": "Feature", "properties": { "Organizati": "Unavailable", "DEP_Client": "Unavailable", "DEP_Clie_1": 0.0, "DEP_Clie_2": "Owner", "SITE_NAME": "Blakely Boro Ldfl", "Site_ID": 616827.0, "Site_Statu": "Abandoned", "Primary_Fa": "Blakely Boro Ldfl", "Primary__1": 637974.0, "Primary__2": "Inactive", "Sub_Facili": "Blakely Boro Ldfl", "Sub_Faci_1": 771704.0, "Sub_Faci_2": "Abandoned", "Sub_Faci_3": "Landfill", "Waste_Oper": "Municipal Waste Operation", "Waste_Op_1": "Unavailable", "EPA_ID": "2-026 100177", "COMPLIANCE": "Yes" }, "geometry": { "type": "Point", "coordinates": [ -8415487.190700000151992, 5085219.468099996447563 ] } },
{ "type": "Feature", "properties": { "Organizati": "Unavailable", "DEP_Client": "Unavailable", "DEP_Clie_1": 0.0, "DEP_Clie_2": "Owner", "SITE_NAME": "Bloomsburg Boro Fill", "Site_ID": 616264.0, "Site_Statu": "Abandoned", "Primary_Fa": "Bloomsburg Boro Fill", "Primary__1": 637411.0, "Primary__2": "Inactive", "Sub_Facili": "Bloomsburg Boro Fill", "Sub_Faci_1": 771141.0, "Sub_Faci_2": "Abandoned", "Sub_Faci_3": "Landfill", "Waste_Oper": "Municipal Waste Operation", "Waste_Op_1": "Unavailable", "EPA_ID": "4-175 100287", "COMPLIANCE": "Yes" }, "geometry": { "type": "Point", "coordinates": [ -8511736.879499999806285, 5159092.211999997496605 ] } },
{ "type": "Feature", "properties": { "Organizati": "Unavailable", "DEP_Client": "Unavailable", "DEP_Clie_1": 0.0, "DEP_Clie_2": "Owner", "SITE_NAME": "Boeing Vertol", "Site_ID": 616140.0, "Site_Statu": "Abandoned", "Primary_Fa": "Boeing Vertol Co.", "Primary__1": 637287.0, "Primary__2": "Inactive", "Sub_Facili": "Boeing Vertol Co.", "Sub_Faci_1": 771017.0, "Sub_Faci_2": "Abandoned", "Sub_Faci_3": "Landfill", "Waste_Oper": "Municipal Waste Operation", "Waste_Op_1": "Unavailable", "EPA_ID": "1-237", "COMPLIANCE": "Yes" }, "geometry": { "type": "Point", "coordinates": [ -8384211.070599999278784, 4846495.552699998021126 ] } },
{ "type": "Feature", "properties": { "Organizati": "Unavailable", "DEP_Client": "Unavailable", "DEP_Clie_1": 0.0, "DEP_Clie_2": "Owner", "SITE_NAME": "Borg Warner", "Site_ID": 615881.0, "Site_Statu": "Abandoned", "Primary_Fa": "Borg-warner Co.", "Primary__1": 637028.0, "Primary__2": "Inactive", "Sub_Facili": "Borg-warner Co.", "Sub_Faci_1": 770758.0, "Sub_Faci_2": "Abandoned", "Sub_Faci_3": "Landfill", "Waste_Oper": "Municipal Waste Operation", "Waste_Op_1": "Unavailable", "EPA_ID": "1-153 300047", "COMPLIANCE": "Yes" }, "geometry": { "type": "Point", "coordinates": [ -8435267.387000000104308, 4865083.943599998950958 ] } },
{ "type": "Feature", "properties": { "Organizati": "Unavailable", "DEP_Client": "Unavailable", "DEP_Clie_1": 0.0, "DEP_Clie_2": "Owner", "SITE_NAME": "Bradford Twp Dump", "Site_ID": 616295.0, "Site_Statu": "Abandoned", "Primary_Fa": "Bradford Twp. Dump", "Primary__1": 637442.0, "Primary__2": "Inactive", "Sub_Facili": "Bradford Twp. Dump", "Sub_Faci_1": 771172.0, "Sub_Faci_2": "Abandoned", "Sub_Faci_3": "Landfill", "Waste_Oper": "Municipal Waste Operation", "Waste_Op_1": "Unavailable", "EPA_ID": "4-039", "COMPLIANCE": "Yes" }, "geometry": { "type": "Point", "coordinates": [ -8722325.053099999204278, 5016148.567100003361702 ] } },
{ "type": "Feature", "properties": { "Organizati": "Unavailable", "DEP_Client": "Unavailable", "DEP_Clie_1": 0.0, "DEP_Clie_2": "Owner", "SITE_NAME": "Brady Twp Ldfl", "Site_ID": 616290.0, "Site_Statu": "Abandoned", "Primary_Fa": "Brady Twp. Landfill", "Primary__1": 637437.0, "Primary__2": "Inactive", "Sub_Facili": "Brady Twp. Landfill", "Sub_Faci_1": 771167.0, "Sub_Faci_2": "Abandoned", "Sub_Faci_3": "Landfill", "Waste_Oper": "Municipal Waste Operation", "Waste_Op_1": "Unavailable", "EPA_ID": "4-031 100384", "COMPLIANCE": "Yes" }, "geometry": { "type": "Point", "coordinates": [ -8765374.010199999436736, 5017944.17230000346899 ] } },
{ "type": "Feature", "properties": { "Organizati": "Unavailable", "DEP_Client": "Unavailable", "DEP_Clie_1": 0.0, "DEP_Clie_2": "Owner", "SITE_NAME": "Branch Twp Ldfl", "Site_ID": 616235.0, "Site_Statu": "Abandoned", "Primary_Fa": "Branch Twp Ldfl", "Primary__1": 637382.0, "Primary__2": "Inactive", "Sub_Facili": "Branch Twp Ldfl", "Sub_Faci_1": 771112.0, "Sub_Faci_2": "Abandoned", "Sub_Faci_3": "Landfill", "Waste_Oper": "Municipal Waste Operation", "Waste_Op_1": "Unavailable", "EPA_ID": "2-149 100753", "COMPLIANCE": "Yes" }, "geometry": { "type": "Point", "coordinates": [ -8493970.561000000685453, 4965858.943000003695488 ] } },
{ "type": "Feature", "properties": { "Organizati": "Unavailable", "DEP_Client": "Unavailable", "DEP_Clie_1": 0.0, "DEP_Clie_2": "Owner", "SITE_NAME": "Brevino Dspl Site", "Site_ID": 616123.0, "Site_Statu": "Abandoned", "Primary_Fa": "Frank J Brevino", "Primary__1": 637270.0, "Primary__2": "Unpermitted Inactive", "Sub_Facili": "Frank J Brevino", "Sub_Faci_1": 771000.0, "Sub_Faci_2": "Abandoned", "Sub_Faci_3": "Landfill", "Waste_Oper": "Municipal Waste Operation", "Waste_Op_1": "Unavailable", "EPA_ID": "5-052", "COMPLIANCE": "Yes" }, "geometry": { "type": "Point", "coordinates": [ -8940041.493100000545382, 4970713.157300002872944 ] } },
{ "type": "Feature", "properties": { "Organizati": "Unavailable", "DEP_Client": "Unavailable", "DEP_Clie_1": 0.0, "DEP_Clie_2": "Owner", "SITE_NAME": "Budd Co Dump", "Site_ID": 616812.0, "Site_Statu": "Abandoned", "Primary_Fa": "Budd Co Dump", "Primary__1": 637959.0, "Primary__2": "Inactive", "Sub_Facili": "Budd Co Dump", "Sub_Faci_1": 771689.0, "Sub_Faci_2": "Abandoned", "Sub_Faci_3": "Landfill", "Waste_Oper": "Municipal Waste Operation", "Waste_Op_1": "Unavailable", "EPA_ID": "1-512", "COMPLIANCE": "Yes" }, "geometry": { "type": "Point", "coordinates": [ -8353136.352299999445677, 4882368.253700003027916 ] } },
{ "type": "Feature", "properties": { "Organizati": "Unavailable", "DEP_Client": "Unavailable", "DEP_Clie_1": 0.0, "DEP_Clie_2": "Owner", "SITE_NAME": "Burgettstown Ldfl", "Site_ID": 616475.0, "Site_Statu": "Abandoned", "Primary_Fa": "Burgettstown Area Landfill", "Primary__1": 637622.0, "Primary__2": "Inactive", "Sub_Facili": "Burgettstown Area Landfill", "Sub_Faci_1": 771352.0, "Sub_Faci_2": "Abandoned", "Sub_Faci_3": "Landfill", "Waste_Oper": "Municipal Waste Operation", "Waste_Op_1": "Unavailable", "EPA_ID": "5-092", "COMPLIANCE": "Yes" }, "geometry": { "type": "Point", "coordinates": [ -8953758.277599999681115, 4921142.347000002861023 ] } },
{ "type": "Feature", "properties": { "Organizati": "Unavailable", "DEP_Client": "Unavailable", "DEP_Clie_1": 0.0, "DEP_Clie_2": "Owner", "SITE_NAME": "Burkholder Aaron Eli Demo Waste Dump", "Site_ID": 637446.0, "Site_Statu": "Inactive", "Primary_Fa": "Burkholder Aaron/eli Demo Waste Dump", "Primary__1": 653141.0, "Primary__2": "Unpermitted Inactive", "Sub_Facili": "Burkholder Aaron/eli Demo Waste Dump", "Sub_Faci_1": 803064.0, "Sub_Faci_2": "Unpermitted Inactive", "Sub_Faci_3": "Landfill", "Waste_Oper": "Municipal Waste Operation", "Waste_Op_1": "Unavailable", "EPA_ID": "653141", "COMPLIANCE": "Yes" }, "geometry": { "type": "Point", "coordinates": [ -8431396.9847, 4939735.383400000631809 ] } },
{ "type": "Feature", "properties": { "Organizati": "Unavailable", "DEP_Client": "Unavailable", "DEP_Clie_1": 0.0, "DEP_Clie_2": "Owner", "SITE_NAME": "Bwb Demo Ldfl Class Iii", "Site_ID": 240066.0, "Site_Statu": "Active", "Primary_Fa": "Bwb (Steelton)", "Primary__1": 637578.0, "Primary__2": "Inactive", "Sub_Facili": "Bwb (Steelton)", "Sub_Faci_1": 771308.0, "Sub_Faci_2": "Abandoned", "Sub_Faci_3": "Landfill", "Waste_Oper": "Municipal Waste Operation", "Waste_Op_1": "Unavailable", "EPA_ID": "3-016 100841", "COMPLIANCE": "Yes" }, "geometry": { "type": "Point", "coordinates": [ -8553732.559399999678135, 4900850.594700001180172 ] } },
{ "type": "Feature", "properties": { "Organizati": "Unavailable", "DEP_Client": "Unavailable", "DEP_Clie_1": 0.0, "DEP_Clie_2": "Owner", "SITE_NAME": "Bwb Demo Ldfl Class Iii", "Site_ID": 240066.0, "Site_Statu": "Active", "Primary_Fa": "Bwb (Swatara Twp)", "Primary__1": 637577.0, "Primary__2": "Inactive", "Sub_Facili": "Bwb (Swatara Twp)", "Sub_Faci_1": 771307.0, "Sub_Faci_2": "Abandoned", "Sub_Faci_3": "Landfill", "Waste_Oper": "Municipal Waste Operation", "Waste_Op_1": "Unavailable", "EPA_ID": "3-015", "COMPLIANCE": "Yes" }, "geometry": { "type": "Point", "coordinates": [ -8551415.227800000458956, 4901792.017200000584126 ] } },
{ "type": "Feature", "properties": { "Organizati": "Unavailable", "DEP_Client": "Unavailable", "DEP_Clie_1": 0.0, "DEP_Clie_2": "Owner", "SITE_NAME": "C&d Batteries", "Site_ID": 616660.0, "Site_Statu": "Abandoned", "Primary_Fa": "C&d Batteries", "Primary__1": 637807.0, "Primary__2": "Inactive", "Sub_Facili": "C&d Batteries", "Sub_Faci_1": 771537.0, "Sub_Faci_2": "Abandoned", "Sub_Faci_3": "Landfill", "Waste_Oper": "Municipal Waste Operation", "Waste_Op_1": "Unavailable", "EPA_ID": "1-352", "COMPLIANCE": "Yes" }, "geometry": { "type": "Point", "coordinates": [ -8382152.921599999070168, 4876412.181800000369549 ] } },
{ "type": "Feature", "properties": { "Organizati": "Unavailable", "DEP_Client": "Unavailable", "DEP_Clie_1": 0.0, "DEP_Clie_2": "Owner", "SITE_NAME": "Sechan Ldfl Site D", "Site_ID": 616700.0, "Site_Statu": "Abandoned", "Primary_Fa": "Sechan Landfill Site D", "Primary__1": 637847.0, "Primary__2": "Inactive", "Sub_Facili": "Sechan Landfill Site D", "Sub_Faci_1": 771577.0, "Sub_Faci_2": "Abandoned", "Sub_Faci_3": "Landfill", "Waste_Oper": "Municipal Waste Operation", "Waste_Op_1": "Unavailable", "EPA_ID": "6-079 300758", "COMPLIANCE": "Yes" }, "geometry": { "type": "Point", "coordinates": [ -8924172.908900000154972, 5006280.222800001502037 ] } },
{ "type": "Feature", "properties": { "Organizati": "Unavailable", "DEP_Client": "Unavailable", "DEP_Clie_1": 0.0, "DEP_Clie_2": "Owner", "SITE_NAME": "Sharpsville Foundry", "Site_ID": 616049.0, "Site_Statu": "Abandoned", "Primary_Fa": "Sharpsville Foundry", "Primary__1": 637196.0, "Primary__2": "Inactive", "Sub_Facili": "Sharpsville Foundry", "Sub_Faci_1": 770926.0, "Sub_Faci_2": "Abandoned", "Sub_Faci_3": "Landfill", "Waste_Oper": "Municipal Waste Operation", "Waste_Op_1": "Unavailable", "EPA_ID": "6-119 301038", "COMPLIANCE": "Yes" }, "geometry": { "type": "Point", "coordinates": [ -8959291.425300000235438, 5051303.857299998402596 ] } },
{ "type": "Feature", "properties": { "Organizati": "Unavailable", "DEP_Client": "Unavailable", "DEP_Clie_1": 0.0, "DEP_Clie_2": "Owner", "SITE_NAME": "Shickshinny Boro Ldfl", "Site_ID": 616199.0, "Site_Statu": "Abandoned", "Primary_Fa": "Shickshinny Boro Ldfl", "Primary__1": 637346.0, "Primary__2": "Inactive", "Sub_Facili": "Shickshinny Boro Ldfl", "Sub_Faci_1": 771076.0, "Sub_Faci_2": "Abandoned", "Sub_Faci_3": "Landfill", "Waste_Oper": "Municipal Waste Operation", "Waste_Op_1": "Unavailable", "EPA_ID": "2-059 101127", "COMPLIANCE": "Yes" }, "geometry": { "type": "Point", "coordinates": [ -8476853.027799999341369, 5034285.0929000005126 ] } },
{ "type": "Feature", "properties": { "Organizati": "Unavailable", "DEP_Client": "Unavailable", "DEP_Clie_1": 0.0, "DEP_Clie_2": "Owner", "SITE_NAME": "Shippensburg Incinerator Ash Dump", "Site_ID": 616384.0, "Site_Statu": "Abandoned", "Primary_Fa": "Shippensburg Incinerator Ash Dump", "Primary__1": 637531.0, "Primary__2": "Inactive", "Sub_Facili": "Shippensburg Incinerator Ash Dump", "Sub_Faci_1": 771261.0, "Sub_Faci_2": "Abandoned", "Sub_Faci_3": "Landfill", "Waste_Oper": "Municipal Waste Operation", "Waste_Op_1": "Unavailable", "EPA_ID": "3-062", "COMPLIANCE": "Yes" }, "geometry": { "type": "Point", "coordinates": [ -8628826.801699999719858, 4872443.684299997985363 ] } },
{ "type": "Feature", "properties": { "Organizati": "Unavailable", "DEP_Client": "Unavailable", "DEP_Clie_1": 0.0, "DEP_Clie_2": "Owner", "SITE_NAME": "Shippensburg Ldfl", "Site_ID": 616385.0, "Site_Statu": "Abandoned", "Primary_Fa": "Shippensburg Landfill", "Primary__1": 637532.0, "Primary__2": "Inactive", "Sub_Facili": "Shippensburg Landfill", "Sub_Faci_1": 771262.0, "Sub_Faci_2": "Abandoned", "Sub_Faci_3": "Landfill", "Waste_Oper": "Municipal Waste Operation", "Waste_Op_1": "Unavailable", "EPA_ID": "3-063 100004", "COMPLIANCE": "Yes" }, "geometry": { "type": "Point", "coordinates": [ -8624936.927699999883771, 4874868.977899998426437 ] } },
{ "type": "Feature", "properties": { "Organizati": "Unavailable", "DEP_Client": "Unavailable", "DEP_Clie_1": 0.0, "DEP_Clie_2": "Owner", "SITE_NAME": "Shoaf Sani Lanfill", "Site_ID": 599740.0, "Site_Statu": "Active", "Primary_Fa": "Shoaf Sanitary Landfill", "Primary__1": 637334.0, "Primary__2": "Inactive", "Sub_Facili": "Shoaf Sanitary Landfill", "Sub_Faci_1": 771064.0, "Sub_Faci_2": "Abandoned", "Sub_Faci_3": "Landfill", "Waste_Oper": "Municipal Waste Operation", "Waste_Op_1": "Unavailable", "EPA_ID": "5-084", "COMPLIANCE": "Yes" }, "geometry": { "type": "Point", "coordinates": [ -8885023.436499999836087, 4841790.198399998247623 ] } },
{ "type": "Feature", "properties": { "Organizati": "Unavailable", "DEP_Client": "Unavailable", "DEP_Clie_1": 0.0, "DEP_Clie_2": "Owner", "SITE_NAME": "Siniawa Solid Waste Dspl", "Site_ID": 616511.0, "Site_Statu": "Abandoned", "Primary_Fa": "Siniawa Solid Waste Dspl", "Primary__1": 637658.0, "Primary__2": "Inactive", "Sub_Facili": "Siniawa Solid Waste Dspl", "Sub_Faci_1": 771388.0, "Sub_Faci_2": "Abandoned", "Sub_Faci_3": "Landfill", "Waste_Oper": "Municipal Waste Operation", "Waste_Op_1": "Unavailable", "EPA_ID": "2-038 100179", "COMPLIANCE": "Yes" }, "geometry": { "type": "Point", "coordinates": [ -8420648.240599999204278, 5079497.265500001609325 ] } },
{ "type": "Feature", "properties": { "Organizati": "Unavailable", "DEP_Client": "Unavailable", "DEP_Clie_1": 0.0, "DEP_Clie_2": "Owner", "SITE_NAME": "Sinnemahoning Dspl", "Site_ID": 616125.0, "Site_Statu": "Abandoned", "Primary_Fa": "Sinnemahoning Disposal", "Primary__1": 637272.0, "Primary__2": "Inactive", "Sub_Facili": "Sinnemahoning Disposal", "Sub_Faci_1": 771002.0, "Sub_Faci_2": "Abandoned", "Sub_Faci_3": "Landfill", "Waste_Oper": "Municipal Waste Operation", "Waste_Op_1": "Unavailable", "EPA_ID": "4-138", "COMPLIANCE": "Yes" }, "geometry": { "type": "Point", "coordinates": [ -8711759.018400000408292, 5085758.646499998867512 ] } },
{ "type": "Feature", "properties": { "Organizati": "Unavailable", "DEP_Client": "Unavailable", "DEP_Clie_1": 0.0, "DEP_Clie_2": "Owner", "SITE_NAME": "Site", "Site_ID": 616446.0, "Site_Statu": "Abandoned", "Primary_Fa": "Site", "Primary__1": 637593.0, "Primary__2": "Inactive", "Sub_Facili": "Site", "Sub_Faci_1": 771323.0, "Sub_Faci_2": "Abandoned", "Sub_Faci_3": "Landfill", "Waste_Oper": "Municipal Waste Operation", "Waste_Op_1": "Unavailable", "EPA_ID": "1-473", "COMPLIANCE": "Yes" }, "geometry": { "type": "Point", "coordinates": [ -8351888.615299999713898, 4870139.4054000005126 ] } },
{ "type": "Feature", "properties": { "Organizati": "Unavailable", "DEP_Client": "Unavailable", "DEP_Clie_1": 0.0, "DEP_Clie_2": "Owner", "SITE_NAME": "Site", "Site_ID": 616672.0, "Site_Statu": "Abandoned", "Primary_Fa": "Site", "Primary__1": 637819.0, "Primary__2": "Inactive", "Sub_Facili": "Site", "Sub_Faci_1": 771549.0, "Sub_Faci_2": "Abandoned", "Sub_Faci_3": "Landfill", "Waste_Oper": "Municipal Waste Operation", "Waste_Op_1": "Unavailable", "EPA_ID": "1-474", "COMPLIANCE": "Yes" }, "geometry": { "type": "Point", "coordinates": [ -8375035.462600000202656, 4871057.11089999973774 ] } },
{ "type": "Feature", "properties": { "Organizati": "Unavailable", "DEP_Client": "Unavailable", "DEP_Clie_1": 0.0, "DEP_Clie_2": "Owner", "SITE_NAME": "Slocum Twp Dump", "Site_ID": 616081.0, "Site_Statu": "Abandoned", "Primary_Fa": "Slocum Twp Dump", "Primary__1": 637228.0, "Primary__2": "Inactive", "Sub_Facili": "Slocum Twp Dump", "Sub_Faci_1": 770958.0, "Sub_Faci_2": "Abandoned", "Sub_Faci_3": "Landfill", "Waste_Oper": "Municipal Waste Operation", "Waste_Op_1": "Unavailable", "EPA_ID": "2-090 100223", "COMPLIANCE": "Yes" }, "geometry": { "type": "Point", "coordinates": [ -8459348.792400000616908, 5035947.558200001716614 ] } },
{ "type": "Feature", "properties": { "Organizati": "Unavailable", "DEP_Client": "Unavailable", "DEP_Clie_1": 0.0, "DEP_Clie_2": "Owner", "SITE_NAME": "Smethport Dspl", "Site_ID": 616864.0, "Site_Statu": "Abandoned", "Primary_Fa": "Smethport Dump", "Primary__1": 638011.0, "Primary__2": "Inactive", "Sub_Facili": "Smethport Dump", "Sub_Faci_1": 771741.0, "Sub_Faci_2": "Abandoned", "Sub_Faci_3": "Landfill", "Waste_Oper": "Municipal Waste Operation", "Waste_Op_1": "Unavailable", "EPA_ID": "6-071", "COMPLIANCE": "Yes" }, "geometry": { "type": "Point", "coordinates": [ -8731047.6403, 5131596.8794 ] } },
{ "type": "Feature", "properties": { "Organizati": "Unavailable", "DEP_Client": "Unavailable", "DEP_Clie_1": 0.0, "DEP_Clie_2": "Owner", "SITE_NAME": "Smith Dspl Site 1", "Site_ID": 616238.0, "Site_Statu": "Abandoned", "Primary_Fa": "Smith Disposal Site 1", "Primary__1": 637385.0, "Primary__2": "Inactive", "Sub_Facili": "Smith Disposal Site 1", "Sub_Faci_1": 771115.0, "Sub_Faci_2": "Abandoned", "Sub_Faci_3": "Landfill", "Waste_Oper": "Municipal Waste Operation", "Waste_Op_1": "Unavailable", "EPA_ID": "5-125", "COMPLIANCE": "Yes" }, "geometry": { "type": "Point", "coordinates": [ -8823856.972500000149012, 4926120.101300001144409 ] } },
{ "type": "Feature", "properties": { "Organizati": "Unavailable", "DEP_Client": "Unavailable", "DEP_Clie_1": 0.0, "DEP_Clie_2": "Owner", "SITE_NAME": "Smith Dspl Site 2", "Site_ID": 616239.0, "Site_Statu": "Abandoned", "Primary_Fa": "Smith Disposal Site 2", "Primary__1": 637386.0, "Primary__2": "Inactive", "Sub_Facili": "Smith Disposal Site 2", "Sub_Faci_1": 771116.0, "Sub_Faci_2": "Abandoned", "Sub_Faci_3": "Landfill", "Waste_Oper": "Municipal Waste Operation", "Waste_Op_1": "Unavailable", "EPA_ID": "5-126", "COMPLIANCE": "Yes" }, "geometry": { "type": "Point", "coordinates": [ -8823465.270199999213219, 4923636.6831 ] } },
{ "type": "Feature", "properties": { "Organizati": "Unavailable", "DEP_Client": "Unavailable", "DEP_Clie_1": 0.0, "DEP_Clie_2": "Owner", "SITE_NAME": "Snyders Ldfl", "Site_ID": 616418.0, "Site_Statu": "Abandoned", "Primary_Fa": "Snyders Landfill", "Primary__1": 637565.0, "Primary__2": "Inactive", "Sub_Facili": "Snyders Landfill", "Sub_Faci_1": 771295.0, "Sub_Faci_2": "Abandoned", "Sub_Faci_3": "Landfill", "Waste_Oper": "Municipal Waste Operation", "Waste_Op_1": "Unavailable", "EPA_ID": "3-039 100029", "COMPLIANCE": "Yes" }, "geometry": { "type": "Point", "coordinates": [ -8682578.994899999350309, 4937898.62610000371933 ] } },
{ "type": "Feature", "properties": { "Organizati": "Unavailable", "DEP_Client": "Unavailable", "DEP_Clie_1": 0.0, "DEP_Clie_2": "Owner", "SITE_NAME": "Sosters Fill", "Site_ID": 616585.0, "Site_Statu": "Abandoned", "Primary_Fa": "Soster?s Fill", "Primary__1": 637732.0, "Primary__2": "Inactive", "Sub_Facili": "Soster?s Fill", "Sub_Faci_1": 771462.0, "Sub_Faci_2": "Abandoned", "Sub_Faci_3": "Landfill", "Waste_Oper": "Municipal Waste Operation", "Waste_Op_1": "Unavailable", "EPA_ID": "4-084 100185", "COMPLIANCE": "Yes" }, "geometry": { "type": "Point", "coordinates": [ -8681466.94400000013411, 5017452.235399998724461 ] } },
{ "type": "Feature", "properties": { "Organizati": "Unavailable", "DEP_Client": "Unavailable", "DEP_Clie_1": 0.0, "DEP_Clie_2": "Owner", "SITE_NAME": "Southern Chester Cnty Health Svc", "Site_ID": 615862.0, "Site_Statu": "Abandoned", "Primary_Fa": "Southern Chester County Health Services, Inc.", "Primary__1": 637009.0, "Primary__2": "Inactive", "Sub_Facili": "Southern Chester County Health Services, Inc.", "Sub_Faci_1": 770739.0, "Sub_Faci_2": "Abandoned", "Sub_Faci_3": "Landfill", "Waste_Oper": "Municipal Waste Operation", "Waste_Op_1": "Unavailable", "EPA_ID": "1-165 301209", "COMPLIANCE": "Yes" }, "geometry": { "type": "Point", "coordinates": [ -8447539.547700000926852, 4839826.886699996888638 ] } },
{ "type": "Feature", "properties": { "Organizati": "Unavailable", "DEP_Client": "Unavailable", "DEP_Clie_1": 0.0, "DEP_Clie_2": "Owner", "SITE_NAME": "Spades Ldfl", "Site_ID": 616226.0, "Site_Statu": "Abandoned", "Primary_Fa": "Spades Landfill", "Primary__1": 637373.0, "Primary__2": "Inactive", "Sub_Facili": "Spades Landfill", "Sub_Faci_1": 771103.0, "Sub_Faci_2": "Abandoned", "Sub_Faci_3": "Landfill", "Waste_Oper": "Municipal Waste Operation", "Waste_Op_1": "Unavailable", "EPA_ID": "3-038", "COMPLIANCE": "Yes" }, "geometry": { "type": "Point", "coordinates": [ -8585367.888900000602007, 4959623.708200000226498 ] } },
{ "type": "Feature", "properties": { "Organizati": "Unavailable", "DEP_Client": "Unavailable", "DEP_Clie_1": 0.0, "DEP_Clie_2": "Owner", "SITE_NAME": "Spring City Boro Ldfl", "Site_ID": 616686.0, "Site_Statu": "Abandoned", "Primary_Fa": "Spring City Boro Landfill", "Primary__1": 637833.0, "Primary__2": "Inactive", "Sub_Facili": "Spring City Boro Landfill", "Sub_Faci_1": 771563.0, "Sub_Faci_2": "Abandoned", "Sub_Faci_3": "Landfill", "Waste_Oper": "Municipal Waste Operation", "Waste_Op_1": "Unavailable", "EPA_ID": "1-602", "COMPLIANCE": "Yes" }, "geometry": { "type": "Point", "coordinates": [ -8408577.2621, 4891013.543300002813339 ] } },
{ "type": "Feature", "properties": { "Organizati": "Unavailable", "DEP_Client": "Unavailable", "DEP_Clie_1": 0.0, "DEP_Clie_2": "Owner", "SITE_NAME": "Springettesberry Dump", "Site_ID": 616756.0, "Site_Statu": "Abandoned", "Primary_Fa": "Springettesberry Dump", "Primary__1": 637903.0, "Primary__2": "Inactive", "Sub_Facili": "Springettesberry Dump", "Sub_Faci_1": 771633.0, "Sub_Faci_2": "Abandoned", "Sub_Faci_3": "Landfill", "Waste_Oper": "Municipal Waste Operation", "Waste_Op_1": "Unavailable", "EPA_ID": "3-047", "COMPLIANCE": "Yes" }, "geometry": { "type": "Point", "coordinates": [ -8540701.128799999132752, 4863447.49549999833107 ] } },
{ "type": "Feature", "properties": { "Organizati": "Northumberland Boro Sew Auth Northumberland Cnty", "DEP_Client": "Northumberland Boro Sew Auth Northumberland Cnty", "DEP_Clie_1": 66294.0, "DEP_Clie_2": "Owner", "SITE_NAME": "Northumberland Sew Auth Wwtp", "Site_ID": 459358.0, "Site_Statu": "Active", "Primary_Fa": "Northumberland Boro Lf", "Primary__1": 516573.0, "Primary__2": "Inactive", "Sub_Facili": "Landfill", "Sub_Faci_1": 397549.0, "Sub_Faci_2": "Dep Abandoned List", "Sub_Faci_3": "Landfill", "Waste_Oper": "Municipal Waste Operation", "Waste_Op_1": "Unavailable", "EPA_ID": "100106", "COMPLIANCE": "Yes" }, "geometry": { "type": "Point", "coordinates": [ -8549006.026699999347329, 4995561.654399998486042 ] } },
{ "type": "Feature", "properties": { "Organizati": "Unavailable", "DEP_Client": "Unavailable", "DEP_Clie_1": 0.0, "DEP_Clie_2": "Owner", "SITE_NAME": "Cameron Fill", "Site_ID": 616281.0, "Site_Statu": "Abandoned", "Primary_Fa": "Cameron Fill", "Primary__1": 637428.0, "Primary__2": "Inactive", "Sub_Facili": "Cameron Fill", "Sub_Faci_1": 771158.0, "Sub_Faci_2": "Abandoned", "Sub_Faci_3": "Landfill", "Waste_Oper": "Municipal Waste Operation", "Waste_Op_1": "Unavailable", "EPA_ID": "4-203", "COMPLIANCE": "Yes" }, "geometry": { "type": "Point", "coordinates": [ -8708195.990800000727177, 5080120.710600003600121 ] } },
{ "type": "Feature", "properties": { "Organizati": "Unavailable", "DEP_Client": "Unavailable", "DEP_Clie_1": 0.0, "DEP_Clie_2": "Owner", "SITE_NAME": "Cameron Ldfl", "Site_ID": 616148.0, "Site_Statu": "Abandoned", "Primary_Fa": "Cameron Landfill", "Primary__1": 637295.0, "Primary__2": "Inactive", "Sub_Facili": "Cameron Landfill", "Sub_Faci_1": 771025.0, "Sub_Faci_2": "Abandoned", "Sub_Faci_3": "Landfill", "Waste_Oper": "Municipal Waste Operation", "Waste_Op_1": "Unavailable", "EPA_ID": "1-014", "COMPLIANCE": "Yes" }, "geometry": { "type": "Point", "coordinates": [ -8342614.971999999135733, 4888066.172799997031689 ] } },
{ "type": "Feature", "properties": { "Organizati": "Unavailable", "DEP_Client": "Unavailable", "DEP_Clie_1": 0.0, "DEP_Clie_2": "Owner", "SITE_NAME": "Cannelton Dspl Site", "Site_ID": 616115.0, "Site_Statu": "Abandoned", "Primary_Fa": "Cannelton Disposal", "Primary__1": 637262.0, "Primary__2": "Inactive", "Sub_Facili": "Cannelton Disposal", "Sub_Faci_1": 770992.0, "Sub_Faci_2": "Abandoned", "Sub_Faci_3": "Landfill", "Waste_Oper": "Municipal Waste Operation", "Waste_Op_1": "Unavailable", "EPA_ID": "5-047", "COMPLIANCE": "Yes" }, "geometry": { "type": "Point", "coordinates": [ -8958618.57010000012815, 4984216.032600000500679 ] } },
{ "type": "Feature", "properties": { "Organizati": "Unavailable", "DEP_Client": "Unavailable", "DEP_Clie_1": 0.0, "DEP_Clie_2": "Owner", "SITE_NAME": "Canton Boro Fill", "Site_ID": 616746.0, "Site_Statu": "Abandoned", "Primary_Fa": "Canton Boro Fill", "Primary__1": 637893.0, "Primary__2": "Inactive", "Sub_Facili": "Canton Boro Fill", "Sub_Faci_1": 771623.0, "Sub_Faci_2": "Abandoned", "Sub_Faci_3": "Landfill", "Waste_Oper": "Municipal Waste Operation", "Waste_Op_1": "Unavailable", "EPA_ID": "4-102 100476", "COMPLIANCE": "Yes" }, "geometry": { "type": "Point", "coordinates": [ -8554858.339700000360608, 5104935.987099997699261 ] } },
{ "type": "Feature", "properties": { "Organizati": "Unavailable", "DEP_Client": "Unavailable", "DEP_Clie_1": 0.0, "DEP_Clie_2": "Owner", "SITE_NAME": "Carlin Ldfl 2", "Site_ID": 616590.0, "Site_Statu": "Abandoned", "Primary_Fa": "Carlin Landfill #2", "Primary__1": 637737.0, "Primary__2": "Inactive", "Sub_Facili": "Carlin Landfill #2", "Sub_Faci_1": 771467.0, "Sub_Faci_2": "Abandoned", "Sub_Faci_3": "Landfill", "Waste_Oper": "Municipal Waste Operation", "Waste_Op_1": "Unavailable", "EPA_ID": "4-091 100952", "COMPLIANCE": "Yes" }, "geometry": { "type": "Point", "coordinates": [ -8672283.085999999195337, 5021400.732100002467632 ] } },
{ "type": "Feature", "properties": { "Organizati": "Unavailable", "DEP_Client": "Unavailable", "DEP_Clie_1": 0.0, "DEP_Clie_2": "Owner", "SITE_NAME": "Carrolltown Ldfl", "Site_ID": 237449.0, "Site_Statu": "Inactive", "Primary_Fa": "Carrolltown Boro Landfill", "Primary__1": 637981.0, "Primary__2": "Unpermitted Inactive", "Sub_Facili": "Carrolltown Boro Landfill", "Sub_Faci_1": 771711.0, "Sub_Faci_2": "Abandoned", "Sub_Faci_3": "Landfill", "Waste_Oper": "Municipal Waste Operation", "Waste_Op_1": "Unavailable", "EPA_ID": "5-177", "COMPLIANCE": "Yes" }, "geometry": { "type": "Point", "coordinates": [ -8763261.630100000649691, 4954135.338299997150898 ] } },
{ "type": "Feature", "properties": { "Organizati": "Unavailable", "DEP_Client": "Unavailable", "DEP_Clie_1": 0.0, "DEP_Clie_2": "Owner", "SITE_NAME": "Cartex", "Site_ID": 615925.0, "Site_Statu": "Abandoned", "Primary_Fa": "Cartex Inc.", "Primary__1": 637072.0, "Primary__2": "Inactive", "Sub_Facili": "Cartex Inc.", "Sub_Faci_1": 770802.0, "Sub_Faci_2": "Abandoned", "Sub_Faci_3": "Landfill", "Waste_Oper": "Municipal Waste Operation", "Waste_Op_1": "Unavailable", "EPA_ID": "1-063 300141", "COMPLIANCE": "Yes" }, "geometry": { "type": "Point", "coordinates": [ -8326226.464099999517202, 4892917.035700000822544 ] } },
{ "type": "Feature", "properties": { "Organizati": "Unavailable", "DEP_Client": "Unavailable", "DEP_Clie_1": 0.0, "DEP_Clie_2": "Owner", "SITE_NAME": "Cascade Twp Ldfl", "Site_ID": 616783.0, "Site_Statu": "Abandoned", "Primary_Fa": "Cascade Twp Landfill", "Primary__1": 637930.0, "Primary__2": "Inactive", "Sub_Facili": "Cascade Twp Landfill", "Sub_Faci_1": 771660.0, "Sub_Faci_2": "Abandoned", "Sub_Faci_3": "Landfill", "Waste_Oper": "Municipal Waste Operation", "Waste_Op_1": "Unavailable", "EPA_ID": "4-004 100193", "COMPLIANCE": "Yes" }, "geometry": { "type": "Point", "coordinates": [ -8520964.646999999880791, 5157662.058700002729893 ] } },
{ "type": "Feature", "properties": { "Organizati": "Unavailable", "DEP_Client": "Unavailable", "DEP_Clie_1": 0.0, "DEP_Clie_2": "Owner", "SITE_NAME": "Cc & F Dev Trust", "Site_ID": 616128.0, "Site_Statu": "Abandoned", "Primary_Fa": "C C And F Dev. Trust", "Primary__1": 637275.0, "Primary__2": "Inactive", "Sub_Facili": "C C And F Dev. Trust", "Sub_Faci_1": 771005.0, "Sub_Faci_2": "Abandoned", "Sub_Faci_3": "Landfill", "Waste_Oper": "Municipal Waste Operation", "Waste_Op_1": "Unavailable", "EPA_ID": "1-322 100877", "COMPLIANCE": "Yes" }, "geometry": { "type": "Point", "coordinates": [ -8394209.706900000572205, 4879979.173900000751019 ] } },
{ "type": "Feature", "properties": { "Organizati": "Unavailable", "DEP_Client": "Unavailable", "DEP_Clie_1": 0.0, "DEP_Clie_2": "Owner", "SITE_NAME": "Central Bucks Ldfl Auth", "Site_ID": 616146.0, "Site_Statu": "Abandoned", "Primary_Fa": "Central Bucks Landfill Authority", "Primary__1": 637293.0, "Primary__2": "Inactive", "Sub_Facili": "Central Bucks Landfill Authority", "Sub_Faci_1": 771023.0, "Sub_Faci_2": "Abandoned", "Sub_Faci_3": "Landfill", "Waste_Oper": "Municipal Waste Operation", "Waste_Op_1": "Unavailable", "EPA_ID": "1-012", "COMPLIANCE": "Yes" }, "geometry": { "type": "Point", "coordinates": [ -8358224.0921, 4909843.370099999010563 ] } },
{ "type": "Feature", "properties": { "Organizati": "Unavailable", "DEP_Client": "Unavailable", "DEP_Clie_1": 0.0, "DEP_Clie_2": "Owner", "SITE_NAME": "Charleston Twp Ldfl", "Site_ID": 616786.0, "Site_Statu": "Abandoned", "Primary_Fa": "Charleston Twp Landfill", "Primary__1": 637933.0, "Primary__2": "Inactive", "Sub_Facili": "Charleston Twp Landfill", "Sub_Faci_1": 771663.0, "Sub_Faci_2": "Abandoned", "Sub_Faci_3": "Landfill", "Waste_Oper": "Municipal Waste Operation", "Waste_Op_1": "Unavailable", "EPA_ID": "4-051 100506", "COMPLIANCE": "Yes" }, "geometry": { "type": "Point", "coordinates": [ -8602881.568, 5127459.28660000115633 ] } },
{ "type": "Feature", "properties": { "Organizati": "Unavailable", "DEP_Client": "Unavailable", "DEP_Clie_1": 0.0, "DEP_Clie_2": "Owner", "SITE_NAME": "Chatham Twp Ldfl", "Site_ID": 616303.0, "Site_Statu": "Abandoned", "Primary_Fa": "Chatham Twp Landfill", "Primary__1": 637450.0, "Primary__2": "Inactive", "Sub_Facili": "Chatham Twp Landfill", "Sub_Faci_1": 771180.0, "Sub_Faci_2": "Abandoned", "Sub_Faci_3": "Landfill", "Waste_Oper": "Municipal Waste Operation", "Waste_Op_1": "Unavailable", "EPA_ID": "4-052 100496", "COMPLIANCE": "Yes" }, "geometry": { "type": "Point", "coordinates": [ -8615620.228399999439716, 5143332.432199999690056 ] } },
{ "type": "Feature", "properties": { "Organizati": "Unavailable", "DEP_Client": "Unavailable", "DEP_Clie_1": 0.0, "DEP_Clie_2": "Owner", "SITE_NAME": "Chem Fab", "Site_ID": 243720.0, "Site_Statu": "Active", "Primary_Fa": "Chem-fab Corp.", "Primary__1": 637292.0, "Primary__2": "Inactive", "Sub_Facili": "Chem-fab Corp.", "Sub_Faci_1": 771022.0, "Sub_Faci_2": "Abandoned", "Sub_Faci_3": "Landfill", "Waste_Oper": "Municipal Waste Operation", "Waste_Op_1": "Unavailable", "EPA_ID": "1-067 300147", "COMPLIANCE": "Yes" }, "geometry": { "type": "Point", "coordinates": [ -8364037.2917, 4911997.680299997329712 ] } },
{ "type": "Feature", "properties": { "Organizati": "Unavailable", "DEP_Client": "Unavailable", "DEP_Clie_1": 0.0, "DEP_Clie_2": "Owner", "SITE_NAME": "Chippewa Twp Ldfl", "Site_ID": 599867.0, "Site_Statu": "Active", "Primary_Fa": "Chippewa Twp", "Primary__1": 637263.0, "Primary__2": "Unpermitted Inactive", "Sub_Facili": "Chippewa Twp", "Sub_Faci_1": 770993.0, "Sub_Faci_2": "Abandoned", "Sub_Faci_3": "Landfill", "Waste_Oper": "Municipal Waste Operation", "Waste_Op_1": "Unavailable", "EPA_ID": "5-049", "COMPLIANCE": "Yes" }, "geometry": { "type": "Point", "coordinates": [ -8950834.625800000503659, 4981078.621100001037121 ] } },
{ "type": "Feature", "properties": { "Organizati": "Unavailable", "DEP_Client": "Unavailable", "DEP_Clie_1": 0.0, "DEP_Clie_2": "Owner", "SITE_NAME": "Clarence Carr", "Site_ID": 616294.0, "Site_Statu": "Abandoned", "Primary_Fa": "Clarence Carr", "Primary__1": 637441.0, "Primary__2": "Inactive", "Sub_Facili": "Clarence Carr", "Sub_Faci_1": 771171.0, "Sub_Faci_2": "Abandoned", "Sub_Faci_3": "Landfill", "Waste_Oper": "Municipal Waste Operation", "Waste_Op_1": "Unavailable", "EPA_ID": "4-038 100386", "COMPLIANCE": "Yes" }, "geometry": { "type": "Point", "coordinates": [ -8705598.535900000482798, 5016476.634099997580051 ] } },
{ "type": "Feature", "properties": { "Organizati": "Unavailable", "DEP_Client": "Unavailable", "DEP_Clie_1": 0.0, "DEP_Clie_2": "Owner", "SITE_NAME": "Clarion Sani Dspl", "Site_ID": 616087.0, "Site_Statu": "Abandoned", "Primary_Fa": "Clarion San Disposal", "Primary__1": 637234.0, "Primary__2": "Inactive", "Sub_Facili": "Clarion San Disposal", "Sub_Faci_1": 770964.0, "Sub_Faci_2": "Abandoned", "Sub_Faci_3": "Landfill", "Waste_Oper": "Municipal Waste Operation", "Waste_Op_1": "Unavailable", "EPA_ID": "6-136 100317", "COMPLIANCE": "Yes" }, "geometry": { "type": "Point", "coordinates": [ -8829185.449999999254942, 5040529.224799998104572 ] } },
{ "type": "Feature", "properties": { "Organizati": "Unavailable", "DEP_Client": "Unavailable", "DEP_Clie_1": 0.0, "DEP_Clie_2": "Owner", "SITE_NAME": "Clayton Junction Dspl", "Site_ID": 615909.0, "Site_Statu": "Abandoned", "Primary_Fa": "Clayton Junction Disposal", "Primary__1": 637056.0, "Primary__2": "Inactive", "Sub_Facili": "Clayton Junction Disposal", "Sub_Faci_1": 770786.0, "Sub_Faci_2": "Abandoned", "Sub_Faci_3": "Landfill", "Waste_Oper": "Municipal Waste Operation", "Waste_Op_1": "Unavailable", "EPA_ID": "1-195 100888", "COMPLIANCE": "Yes" }, "geometry": { "type": "Point", "coordinates": [ -8393168.535700000822544, 4841210.968900002539158 ] } },
{ "type": "Feature", "properties": { "Organizati": "Unavailable", "DEP_Client": "Unavailable", "DEP_Clie_1": 0.0, "DEP_Clie_2": "Owner", "SITE_NAME": "Clean Soil", "Site_ID": 615969.0, "Site_Statu": "Abandoned", "Primary_Fa": "Clean Soil, Inc.", "Primary__1": 637116.0, "Primary__2": "Inactive", "Sub_Facili": "Clean Soil, Inc.", "Sub_Faci_1": 770846.0, "Sub_Faci_2": "Abandoned", "Sub_Faci_3": "Landfill", "Waste_Oper": "Municipal Waste Operation", "Waste_Op_1": "Unavailable", "EPA_ID": "1-030 301242", "COMPLIANCE": "Yes" }, "geometry": { "type": "Point", "coordinates": [ -8322754.294700000435114, 4892014.506399996578693 ] } },
{ "type": "Feature", "properties": { "Organizati": "Unavailable", "DEP_Client": "Unavailable", "DEP_Clie_1": 0.0, "DEP_Clie_2": "Owner", "SITE_NAME": "Clegg Res", "Site_ID": 616680.0, "Site_Statu": "Abandoned", "Primary_Fa": "Clegg Residence", "Primary__1": 637827.0, "Primary__2": "Inactive", "Sub_Facili": "Clegg Residence", "Sub_Faci_1": 771557.0, "Sub_Faci_2": "Abandoned", "Sub_Faci_3": "Landfill", "Waste_Oper": "Municipal Waste Operation", "Waste_Op_1": "Unavailable", "EPA_ID": "1-521", "COMPLIANCE": "Yes" }, "geometry": { "type": "Point", "coordinates": [ -8375372.791600000113249, 4873425.752599999308586 ] } },
{ "type": "Feature", "properties": { "Organizati": "Unavailable", "DEP_Client": "Unavailable", "DEP_Clie_1": 0.0, "DEP_Clie_2": "Owner", "SITE_NAME": "Colerain Twp Ldfl", "Site_ID": 616047.0, "Site_Statu": "Abandoned", "Primary_Fa": "Colerain Township Landfill", "Primary__1": 637194.0, "Primary__2": "Inactive", "Sub_Facili": "Colerain Township Landfill", "Sub_Faci_1": 770924.0, "Sub_Faci_2": "Abandoned", "Sub_Faci_3": "Landfill", "Waste_Oper": "Municipal Waste Operation", "Waste_Op_1": "Unavailable", "EPA_ID": "3-129 100743", "COMPLIANCE": "Yes" }, "geometry": { "type": "Point", "coordinates": [ -8465258.484400000423193, 4843306.285300001502037 ] } },
{ "type": "Feature", "properties": { "Organizati": "Unavailable", "DEP_Client": "Unavailable", "DEP_Clie_1": 0.0, "DEP_Clie_2": "Owner", "SITE_NAME": "Springfield Twp Ldfl", "Site_ID": 616761.0, "Site_Statu": "Abandoned", "Primary_Fa": "Springfield Twp Landfill", "Primary__1": 637908.0, "Primary__2": "Inactive", "Sub_Facili": "Springfield Twp Landfill", "Sub_Faci_1": 771638.0, "Sub_Faci_2": "Abandoned", "Sub_Faci_3": "Landfill", "Waste_Oper": "Municipal Waste Operation", "Waste_Op_1": "Unavailable", "EPA_ID": "4-114 100486", "COMPLIANCE": "Yes" }, "geometry": { "type": "Point", "coordinates": [ -8543960.161499999463558, 5139924.020700000226498 ] } },
{ "type": "Feature", "properties": { "Organizati": "Unavailable", "DEP_Client": "Unavailable", "DEP_Clie_1": 0.0, "DEP_Clie_2": "Owner", "SITE_NAME": "St Michael The Arch Angel", "Site_ID": 616338.0, "Site_Statu": "Abandoned", "Primary_Fa": "Saint Michael The Arch Angel", "Primary__1": 637485.0, "Primary__2": "Inactive", "Sub_Facili": "Saint Michael The Arch Angel", "Sub_Faci_1": 771215.0, "Sub_Faci_2": "Abandoned", "Sub_Faci_3": "Landfill", "Waste_Oper": "Municipal Waste Operation", "Waste_Op_1": "Unavailable", "EPA_ID": "1-008", "COMPLIANCE": "Yes" }, "geometry": { "type": "Point", "coordinates": [ -8328569.717599999159575, 4886851.61599999666214 ] } },
{ "type": "Feature", "properties": { "Organizati": "Unavailable", "DEP_Client": "Unavailable", "DEP_Clie_1": 0.0, "DEP_Clie_2": "Owner", "SITE_NAME": "Stauffer Chem", "Site_ID": 615924.0, "Site_Statu": "Abandoned", "Primary_Fa": "Stauffer Chemical Co.", "Primary__1": 637071.0, "Primary__2": "Inactive", "Sub_Facili": "Stauffer Chemical Co.", "Sub_Faci_1": 770801.0, "Sub_Faci_2": "Abandoned", "Sub_Faci_3": "Landfill", "Waste_Oper": "Municipal Waste Operation", "Waste_Op_1": "Unavailable", "EPA_ID": "1-060 300137", "COMPLIANCE": "Yes" }, "geometry": { "type": "Point", "coordinates": [ -8322509.101199999451637, 4893957.809500001370907 ] } },
{ "type": "Feature", "properties": { "Organizati": "Unavailable", "DEP_Client": "Unavailable", "DEP_Clie_1": 0.0, "DEP_Clie_2": "Owner", "SITE_NAME": "Steuben Twp Ldfl", "Site_ID": 616722.0, "Site_Statu": "Abandoned", "Primary_Fa": "Steuben Twp Site", "Primary__1": 637869.0, "Primary__2": "Inactive", "Sub_Facili": "Steuben Twp Site", "Sub_Faci_1": 771599.0, "Sub_Faci_2": "Abandoned", "Sub_Faci_3": "Landfill", "Waste_Oper": "Municipal Waste Operation", "Waste_Op_1": "Unavailable", "EPA_ID": "6-132 100363", "COMPLIANCE": "Yes" }, "geometry": { "type": "Point", "coordinates": [ -8883161.948899999260902, 5116094.546599999070168 ] } },
{ "type": "Feature", "properties": { "Organizati": "Unavailable", "DEP_Client": "Unavailable", "DEP_Clie_1": 0.0, "DEP_Clie_2": "Owner", "SITE_NAME": "Stockton City", "Site_ID": 615992.0, "Site_Statu": "Abandoned", "Primary_Fa": "Stockton City", "Primary__1": 637139.0, "Primary__2": "Inactive", "Sub_Facili": "Stockton City", "Sub_Faci_1": 770869.0, "Sub_Faci_2": "Abandoned", "Sub_Faci_3": "Landfill", "Waste_Oper": "Municipal Waste Operation", "Waste_Op_1": "Unavailable", "EPA_ID": "2-080 100856", "COMPLIANCE": "Yes" }, "geometry": { "type": "Point", "coordinates": [ -8452792.287799999117851, 5006523.592100001871586 ] } },
{ "type": "Feature", "properties": { "Organizati": "Unavailable", "DEP_Client": "Unavailable", "DEP_Clie_1": 0.0, "DEP_Clie_2": "Owner", "SITE_NAME": "Stoneboro Dumping Ground", "Site_ID": 615985.0, "Site_Statu": "Abandoned", "Primary_Fa": "Stoneboro Dumping Ground", "Primary__1": 637132.0, "Primary__2": "Inactive", "Sub_Facili": "Stoneboro Dumping Ground", "Sub_Faci_1": 770862.0, "Sub_Faci_2": "Abandoned", "Sub_Faci_3": "Landfill", "Waste_Oper": "Municipal Waste Operation", "Waste_Op_1": "Unavailable", "EPA_ID": "6-116 100699", "COMPLIANCE": "Yes" }, "geometry": { "type": "Point", "coordinates": [ -8916125.381799999624491, 5060041.958099998533726 ] } },
{ "type": "Feature", "properties": { "Organizati": "Unavailable", "DEP_Client": "Unavailable", "DEP_Clie_1": 0.0, "DEP_Clie_2": "Owner", "SITE_NAME": "Strasburg Sani Ldfl", "Site_ID": 616607.0, "Site_Statu": "Abandoned", "Primary_Fa": "Strasburg Sanitary Landfill", "Primary__1": 637754.0, "Primary__2": "Inactive", "Sub_Facili": "Strasburg Sanitary Landfill", "Sub_Faci_1": 771484.0, "Sub_Faci_2": "Abandoned", "Sub_Faci_3": "Landfill", "Waste_Oper": "Municipal Waste Operation", "Waste_Op_1": "Unavailable", "EPA_ID": "1-149", "COMPLIANCE": "Yes" }, "geometry": { "type": "Point", "coordinates": [ -8434477.751599999144673, 4858224.331699997186661 ] } },
{ "type": "Feature", "properties": { "Organizati": "Unavailable", "DEP_Client": "Unavailable", "DEP_Clie_1": 0.0, "DEP_Clie_2": "Owner", "SITE_NAME": "Stroud Twp Dump", "Site_ID": 615847.0, "Site_Statu": "Abandoned", "Primary_Fa": "Stroud Twp", "Primary__1": 636994.0, "Primary__2": "Inactive", "Sub_Facili": "Stroud Twp", "Sub_Faci_1": 770724.0, "Sub_Faci_2": "Abandoned", "Sub_Faci_3": "Landfill", "Waste_Oper": "Municipal Waste Operation", "Waste_Op_1": "Unavailable", "EPA_ID": "2-097", "COMPLIANCE": "Yes" }, "geometry": { "type": "Point", "coordinates": [ -8377068.877000000327826, 5009393.065999999642372 ] } },
{ "type": "Feature", "properties": { "Organizati": "Unavailable", "DEP_Client": "Unavailable", "DEP_Clie_1": 0.0, "DEP_Clie_2": "Owner", "SITE_NAME": "Stuart C Harnish", "Site_ID": 616328.0, "Site_Statu": "Abandoned", "Primary_Fa": "Stuart C. Harnish", "Primary__1": 637475.0, "Primary__2": "Inactive", "Sub_Facili": "Stuart C. Harnish", "Sub_Faci_1": 771205.0, "Sub_Faci_2": "Abandoned", "Sub_Faci_3": "Landfill", "Waste_Oper": "Municipal Waste Operation", "Waste_Op_1": "Unavailable", "EPA_ID": "1-180 300632", "COMPLIANCE": "Yes" }, "geometry": { "type": "Point", "coordinates": [ -8414130.864700000733137, 4893506.080300003290176 ] } },
{ "type": "Feature", "properties": { "Organizati": "Unavailable", "DEP_Client": "Unavailable", "DEP_Clie_1": 0.0, "DEP_Clie_2": "Owner", "SITE_NAME": "Suella Dspl Site", "Site_ID": 615932.0, "Site_Statu": "Abandoned", "Primary_Fa": "Suella Landfill", "Primary__1": 637079.0, "Primary__2": "Unpermitted Inactive", "Sub_Facili": "Suella Landfill", "Sub_Faci_1": 770809.0, "Sub_Faci_2": "Abandoned", "Sub_Faci_3": "Landfill", "Waste_Oper": "Municipal Waste Operation", "Waste_Op_1": "Unavailable", "EPA_ID": "5-029", "COMPLIANCE": "Yes" }, "geometry": { "type": "Point", "coordinates": [ -8910597.46309999935329, 4927481.283299997448921 ] } },
{ "type": "Feature", "properties": { "Organizati": "Unavailable", "DEP_Client": "Unavailable", "DEP_Clie_1": 0.0, "DEP_Clie_2": "Owner", "SITE_NAME": "Sullivan Twp Ldfl", "Site_ID": 616791.0, "Site_Statu": "Abandoned", "Primary_Fa": "Sullivan Twp. Landfill", "Primary__1": 637938.0, "Primary__2": "Inactive", "Sub_Facili": "Sullivan Twp. Landfill", "Sub_Faci_1": 771668.0, "Sub_Faci_2": "Abandoned", "Sub_Faci_3": "Landfill", "Waste_Oper": "Municipal Waste Operation", "Waste_Op_1": "Unavailable", "EPA_ID": "4-073", "COMPLIANCE": "Yes" }, "geometry": { "type": "Point", "coordinates": [ -8567472.693299999460578, 5125267.749700002372265 ] } },
{ "type": "Feature", "properties": { "Organizati": "Unavailable", "DEP_Client": "Unavailable", "DEP_Clie_1": 0.0, "DEP_Clie_2": "Owner", "SITE_NAME": "Sunset Acres Ldfl", "Site_ID": 616194.0, "Site_Statu": "Abandoned", "Primary_Fa": "Sunset Acres Ldfl", "Primary__1": 637341.0, "Primary__2": "Inactive", "Sub_Facili": "Sunset Acres Ldfl", "Sub_Faci_1": 771071.0, "Sub_Faci_2": "Abandoned", "Sub_Faci_3": "Landfill", "Waste_Oper": "Municipal Waste Operation", "Waste_Op_1": "Unavailable", "EPA_ID": "2-120 100959", "COMPLIANCE": "Yes" }, "geometry": { "type": "Point", "coordinates": [ -8351690.367799999192357, 5027863.083599999547005 ] } },
{ "type": "Feature", "properties": { "Organizati": "Unavailable", "DEP_Client": "Unavailable", "DEP_Clie_1": 0.0, "DEP_Clie_2": "Owner", "SITE_NAME": "Sweeny Ldfl", "Site_ID": 616860.0, "Site_Statu": "Abandoned", "Primary_Fa": "Sweeny Landfill", "Primary__1": 638007.0, "Primary__2": "Inactive", "Sub_Facili": "Sweeny Landfill", "Sub_Faci_1": 771737.0, "Sub_Faci_2": "Abandoned", "Sub_Faci_3": "Landfill", "Waste_Oper": "Municipal Waste Operation", "Waste_Op_1": "Unavailable", "EPA_ID": "1-250", "COMPLIANCE": "Yes" }, "geometry": { "type": "Point", "coordinates": [ -8394009.5143, 4848040.203100003302097 ] } },
{ "type": "Feature", "properties": { "Organizati": "Unavailable", "DEP_Client": "Unavailable", "DEP_Clie_1": 0.0, "DEP_Clie_2": "Owner", "SITE_NAME": "Swissvale Boro Vernon Street Dspl Site", "Site_ID": 615849.0, "Site_Statu": "Abandoned", "Primary_Fa": "Swissvale Dump", "Primary__1": 636996.0, "Primary__2": "Inactive", "Sub_Facili": "Swissvale Dump", "Sub_Faci_1": 770726.0, "Sub_Faci_2": "Abandoned", "Sub_Faci_3": "Landfill", "Waste_Oper": "Municipal Waste Operation", "Waste_Op_1": "Unavailable", "EPA_ID": "5-002", "COMPLIANCE": "Yes" }, "geometry": { "type": "Point", "coordinates": [ -8892165.753799999132752, 4926458.08839999884367 ] } },
{ "type": "Feature", "properties": { "Organizati": "Unavailable", "DEP_Client": "Unavailable", "DEP_Clie_1": 0.0, "DEP_Clie_2": "Owner", "SITE_NAME": "Syndertown Boro Ldfl", "Site_ID": 616350.0, "Site_Statu": "Abandoned", "Primary_Fa": "Syndertown Boro Landfill", "Primary__1": 637497.0, "Primary__2": "Inactive", "Sub_Facili": "Syndertown Boro Landfill", "Sub_Faci_1": 771227.0, "Sub_Faci_2": "Abandoned", "Sub_Faci_3": "Landfill", "Waste_Oper": "Municipal Waste Operation", "Waste_Op_1": "Unavailable", "EPA_ID": "4-144 100164", "COMPLIANCE": "Yes" }, "geometry": { "type": "Point", "coordinates": [ -8535109.643500000238419, 4993946.175899997353554 ] } },
{ "type": "Feature", "properties": { "Organizati": "Unavailable", "DEP_Client": "Unavailable", "DEP_Clie_1": 0.0, "DEP_Clie_2": "Owner", "SITE_NAME": "Synthane", "Site_ID": 616657.0, "Site_Statu": "Abandoned", "Primary_Fa": "Synthane Corp.", "Primary__1": 637804.0, "Primary__2": "Inactive", "Sub_Facili": "Synthane Corp.", "Sub_Faci_1": 771534.0, "Sub_Faci_2": "Abandoned", "Sub_Faci_3": "Landfill", "Waste_Oper": "Municipal Waste Operation", "Waste_Op_1": "Unavailable", "EPA_ID": "1-344", "COMPLIANCE": "Yes" }, "geometry": { "type": "Point", "coordinates": [ -8400821.2621, 4884955.688799999654293 ] } },
{ "type": "Feature", "properties": { "Organizati": "Unavailable", "DEP_Client": "Unavailable", "DEP_Clie_1": 0.0, "DEP_Clie_2": "Owner", "SITE_NAME": "Tamiment Resort Ldfl", "Site_ID": 616317.0, "Site_Statu": "Abandoned", "Primary_Fa": "Tamiment Resort Ldfl", "Primary__1": 637464.0, "Primary__2": "Inactive", "Sub_Facili": "Tamiment Resort Ldfl", "Sub_Faci_1": 771194.0, "Sub_Faci_2": "Abandoned", "Sub_Faci_3": "Landfill", "Waste_Oper": "Municipal Waste Operation", "Waste_Op_1": "Unavailable", "EPA_ID": "2-125 101006", "COMPLIANCE": "Yes" }, "geometry": { "type": "Point", "coordinates": [ -8352150.989199999719858, 5033195.505800001323223 ] } },
{ "type": "Feature", "properties": { "Organizati": "Unavailable", "DEP_Client": "Unavailable", "DEP_Clie_1": 0.0, "DEP_Clie_2": "Owner", "SITE_NAME": "Terry Twp Ldfl", "Site_ID": 616365.0, "Site_Statu": "Abandoned", "Primary_Fa": "Terry Twp. Landfill", "Primary__1": 637512.0, "Primary__2": "Inactive", "Sub_Facili": "Terry Twp. Landfill", "Sub_Faci_1": 771242.0, "Sub_Faci_2": "Abandoned", "Sub_Faci_3": "Landfill", "Waste_Oper": "Municipal Waste Operation", "Waste_Op_1": "Unavailable", "EPA_ID": "4-120 100487", "COMPLIANCE": "Yes" }, "geometry": { "type": "Point", "coordinates": [ -8503508.606699999421835, 5096424.41950000077486 ] } },
{ "type": "Feature", "properties": { "Organizati": "Unavailable", "DEP_Client": "Unavailable", "DEP_Clie_1": 0.0, "DEP_Clie_2": "Owner", "SITE_NAME": "Titusville Ldfl", "Site_ID": 615905.0, "Site_Statu": "Abandoned", "Primary_Fa": "Titusville Landfill", "Primary__1": 637052.0, "Primary__2": "Inactive", "Sub_Facili": "Titusville Landfill", "Sub_Faci_1": 770782.0, "Sub_Faci_2": "Abandoned", "Sub_Faci_3": "Landfill", "Waste_Oper": "Municipal Waste Operation", "Waste_Op_1": "Unavailable", "EPA_ID": "6-037", "COMPLIANCE": "Yes" }, "geometry": { "type": "Point", "coordinates": [ -8866411.129899999126792, 5104232.033900000154972 ] } },
{ "type": "Feature", "properties": { "Organizati": "Unavailable", "DEP_Client": "Unavailable", "DEP_Clie_1": 0.0, "DEP_Clie_2": "Owner", "SITE_NAME": "Tobyhanna Twp Ldfl", "Site_ID": 616415.0, "Site_Statu": "Abandoned", "Primary_Fa": "Tobyhanna Twp Ldfl", "Primary__1": 637562.0, "Primary__2": "Inactive", "Sub_Facili": "Tobyhanna Twp Ldfl", "Sub_Faci_1": 771292.0, "Sub_Faci_2": "Abandoned", "Sub_Faci_3": "Landfill", "Waste_Oper": "Municipal Waste Operation", "Waste_Op_1": "Unavailable", "EPA_ID": "2-094 100519", "COMPLIANCE": "Yes" }, "geometry": { "type": "Point", "coordinates": [ -8391485.697200000286102, 5028779.227799996733665 ] } },
{ "type": "Feature", "properties": { "Organizati": "Unavailable", "DEP_Client": "Unavailable", "DEP_Clie_1": 0.0, "DEP_Clie_2": "Owner", "SITE_NAME": "Townsend Textron Dspl Site", "Site_ID": 615952.0, "Site_Statu": "Abandoned", "Primary_Fa": "Townsend Textron", "Primary__1": 637099.0, "Primary__2": "Unpermitted Inactive", "Sub_Facili": "Townsend Textron", "Sub_Faci_1": 770829.0, "Sub_Faci_2": "Abandoned", "Sub_Faci_3": "Landfill", "Waste_Oper": "Municipal Waste Operation", "Waste_Op_1": "Unavailable", "EPA_ID": "5-035", "COMPLIANCE": "Yes" }, "geometry": { "type": "Point", "coordinates": [ -8941048.4057, 4990454.356499999761581 ] } },
{ "type": "Feature", "properties": { "Organizati": "Parkesburg Boro Auth Chester Cnty", "DEP_Client": "Parkesburg Boro Auth Chester Cnty", "DEP_Clie_1": 87557.0, "DEP_Clie_2": "Owner", "SITE_NAME": "Parkesburg Sani Ldfl", "Site_ID": 455416.0, "Site_Statu": "Inactive", "Primary_Fa": "Parkesburg Sanitary Landfill", "Primary__1": 483408.0, "Primary__2": "Inactive", "Sub_Facili": "Parkesburg Sanitary Landfill", "Sub_Faci_1": 355734.0, "Sub_Faci_2": "Dep Abandoned List", "Sub_Faci_3": "Landfill", "Waste_Oper": "Municipal Waste Operation", "Waste_Op_1": "Unavailable", "EPA_ID": "100731", "COMPLIANCE": "Yes" }, "geometry": { "type": "Point", "coordinates": [ -8449833.471400000154972, 4859256.828699998557568 ] } },
{ "type": "Feature", "properties": { "Organizati": "Perry Twp Ldfl", "DEP_Client": "Perry Twp Ldfl", "DEP_Clie_1": 69868.0, "DEP_Clie_2": "Owner", "SITE_NAME": "Perry Twp Ldfl", "Site_ID": 240784.0, "Site_Statu": "Inactive", "Primary_Fa": "Perry Twp Landfill", "Primary__1": 244362.0, "Primary__2": "Inactive", "Sub_Facili": "Perry Twp Landfill", "Sub_Faci_1": 212465.0, "Sub_Faci_2": "Dep Abandoned List", "Sub_Faci_3": "Landfill", "Waste_Oper": "Municipal Waste Operation", "Waste_Op_1": "Unavailable", "EPA_ID": "100660", "COMPLIANCE": "Yes" }, "geometry": { "type": "Point", "coordinates": [ -8916345.834599999710917, 4830927.441699996590614 ] } },
{ "type": "Feature", "properties": { "Organizati": "Unavailable", "DEP_Client": "Unavailable", "DEP_Clie_1": 0.0, "DEP_Clie_2": "Owner", "SITE_NAME": "Colonial Village Swim Club", "Site_ID": 616634.0, "Site_Statu": "Abandoned", "Primary_Fa": "Colonial Village Swim Club", "Primary__1": 637781.0, "Primary__2": "Inactive", "Sub_Facili": "Colonial Village Swim Club", "Sub_Faci_1": 771511.0, "Sub_Faci_2": "Abandoned", "Sub_Faci_3": "Landfill", "Waste_Oper": "Municipal Waste Operation", "Waste_Op_1": "Unavailable", "EPA_ID": "1-284", "COMPLIANCE": "Yes" }, "geometry": { "type": "Point", "coordinates": [ -8393849.507999999448657, 4877259.059900000691414 ] } },
{ "type": "Feature", "properties": { "Organizati": "Unavailable", "DEP_Client": "Unavailable", "DEP_Clie_1": 0.0, "DEP_Clie_2": "Owner", "SITE_NAME": "Columbia Research Lab", "Site_ID": 616620.0, "Site_Statu": "Abandoned", "Primary_Fa": "Columbia Research Lab", "Primary__1": 637767.0, "Primary__2": "Inactive", "Sub_Facili": "Columbia Research Lab", "Sub_Faci_1": 771497.0, "Sub_Faci_2": "Abandoned", "Sub_Faci_3": "Landfill", "Waste_Oper": "Municipal Waste Operation", "Waste_Op_1": "Unavailable", "EPA_ID": "1-226", "COMPLIANCE": "Yes" }, "geometry": { "type": "Point", "coordinates": [ -8388453.8213, 4847122.07940000295639 ] } },
{ "type": "Feature", "properties": { "Organizati": "Unavailable", "DEP_Client": "Unavailable", "DEP_Clie_1": 0.0, "DEP_Clie_2": "Owner", "SITE_NAME": "Colvan Ldfl", "Site_ID": 249744.0, "Site_Statu": "Abandoned", "Primary_Fa": "Colvan Sanitary Landfill", "Primary__1": 637580.0, "Primary__2": "Inactive", "Sub_Facili": "Colvan Sanitary Landfill", "Sub_Faci_1": 771310.0, "Sub_Faci_2": "Abandoned", "Sub_Faci_3": "Landfill", "Waste_Oper": "Municipal Waste Operation", "Waste_Op_1": "Unavailable", "EPA_ID": "5-142", "COMPLIANCE": "Yes" }, "geometry": { "type": "Point", "coordinates": [ -8857553.704, 4931022.290899999439716 ] } },
{ "type": "Feature", "properties": { "Organizati": "Unavailable", "DEP_Client": "Unavailable", "DEP_Clie_1": 0.0, "DEP_Clie_2": "Owner", "SITE_NAME": "Conneautville Boro Ldfl", "Site_ID": 615929.0, "Site_Statu": "Abandoned", "Primary_Fa": "Conneautville Boro Landfill", "Primary__1": 637076.0, "Primary__2": "Inactive", "Sub_Facili": "Conneautville Boro Landfill", "Sub_Faci_1": 770806.0, "Sub_Faci_2": "Abandoned", "Sub_Faci_3": "Landfill", "Waste_Oper": "Municipal Waste Operation", "Waste_Op_1": "Unavailable", "EPA_ID": "6-047 100365", "COMPLIANCE": "Yes" }, "geometry": { "type": "Point", "coordinates": [ -8945605.012399999424815, 5124365.534500002861023 ] } },
{ "type": "Feature", "properties": { "Organizati": "Unavailable", "DEP_Client": "Unavailable", "DEP_Clie_1": 0.0, "DEP_Clie_2": "Owner", "SITE_NAME": "Connellsville Trucking Dspl Site", "Site_ID": 616010.0, "Site_Statu": "Abandoned", "Primary_Fa": "Connellsville Trucking", "Primary__1": 637157.0, "Primary__2": "Unpermitted Inactive", "Sub_Facili": "Connellsville Trucking", "Sub_Faci_1": 770887.0, "Sub_Faci_2": "Abandoned", "Sub_Faci_3": "Landfill", "Waste_Oper": "Municipal Waste Operation", "Waste_Op_1": "Unavailable", "EPA_ID": "5-063", "COMPLIANCE": "Yes" }, "geometry": { "type": "Point", "coordinates": [ -8857011.327600000426173, 4874396.953299999237061 ] } },
{ "type": "Feature", "properties": { "Organizati": "Unavailable", "DEP_Client": "Unavailable", "DEP_Clie_1": 0.0, "DEP_Clie_2": "Owner", "SITE_NAME": "Corco Chem", "Site_ID": 616008.0, "Site_Statu": "Abandoned", "Primary_Fa": "Corco Chemical", "Primary__1": 637155.0, "Primary__2": "Inactive", "Sub_Facili": "Corco Chemical", "Sub_Faci_1": 770885.0, "Sub_Faci_2": "Abandoned", "Sub_Faci_3": "Landfill", "Waste_Oper": "Municipal Waste Operation", "Waste_Op_1": "Unavailable", "EPA_ID": "1-079", "COMPLIANCE": "Yes" }, "geometry": { "type": "Point", "coordinates": [ -8326656.528300000354648, 4891884.983800001442432 ] } },
{ "type": "Feature", "properties": { "Organizati": "Unavailable", "DEP_Client": "Unavailable", "DEP_Clie_1": 0.0, "DEP_Clie_2": "Owner", "SITE_NAME": "Corry Muni Ldfl", "Site_ID": 615853.0, "Site_Statu": "Abandoned", "Primary_Fa": "Corry Municipal Landfill", "Primary__1": 637000.0, "Primary__2": "Inactive", "Sub_Facili": "Corry Municipal Landfill", "Sub_Faci_1": 770730.0, "Sub_Faci_2": "Abandoned", "Sub_Faci_3": "Landfill", "Waste_Oper": "Municipal Waste Operation", "Waste_Op_1": "Unavailable", "EPA_ID": "6-002 100348", "COMPLIANCE": "Yes" }, "geometry": { "type": "Point", "coordinates": [ -8866823.417099999263883, 5150534.34570000320673 ] } },
{ "type": "Feature", "properties": { "Organizati": "Unavailable", "DEP_Client": "Unavailable", "DEP_Clie_1": 0.0, "DEP_Clie_2": "Owner", "SITE_NAME": "Coursons Ldfl", "Site_ID": 615949.0, "Site_Statu": "Abandoned", "Primary_Fa": "Courson's", "Primary__1": 637096.0, "Primary__2": "Inactive", "Sub_Facili": "Courson's", "Sub_Faci_1": 770826.0, "Sub_Faci_2": "Abandoned", "Sub_Faci_3": "Landfill", "Waste_Oper": "Municipal Waste Operation", "Waste_Op_1": "Unavailable", "EPA_ID": "6-051 100312", "COMPLIANCE": "Yes" }, "geometry": { "type": "Point", "coordinates": [ -8837736.082599999383092, 5114172.526600003242493 ] } },
{ "type": "Feature", "properties": { "Organizati": "Unavailable", "DEP_Client": "Unavailable", "DEP_Clie_1": 0.0, "DEP_Clie_2": "Owner", "SITE_NAME": "Covington Twp", "Site_ID": 616304.0, "Site_Statu": "Abandoned", "Primary_Fa": "Covington Twp", "Primary__1": 637451.0, "Primary__2": "Inactive", "Sub_Facili": "Covington Twp", "Sub_Faci_1": 771181.0, "Sub_Faci_2": "Abandoned", "Sub_Faci_3": "Landfill", "Waste_Oper": "Municipal Waste Operation", "Waste_Op_1": "Unavailable", "EPA_ID": "4-053 100500", "COMPLIANCE": "Yes" }, "geometry": { "type": "Point", "coordinates": [ -8581717.877399999648333, 5048608.237400002777576 ] } },
{ "type": "Feature", "properties": { "Organizati": "Unavailable", "DEP_Client": "Unavailable", "DEP_Clie_1": 0.0, "DEP_Clie_2": "Owner", "SITE_NAME": "Covington Twp Dspl Fac", "Site_ID": 616278.0, "Site_Statu": "Abandoned", "Primary_Fa": "Covington Twp Disposal Facility", "Primary__1": 637425.0, "Primary__2": "Inactive", "Sub_Facili": "Covington Twp Disposal Facility", "Sub_Faci_1": 771155.0, "Sub_Faci_2": "Abandoned", "Sub_Faci_3": "Landfill", "Waste_Oper": "Municipal Waste Operation", "Waste_Op_1": "Unavailable", "EPA_ID": "4-020 100375", "COMPLIANCE": "Yes" }, "geometry": { "type": "Point", "coordinates": [ -8708236.189400000497699, 5026938.712600000202656 ] } },
{ "type": "Feature", "properties": { "Organizati": "Unavailable", "DEP_Client": "Unavailable", "DEP_Clie_1": 0.0, "DEP_Clie_2": "Owner", "SITE_NAME": "Cressona Boro Ldfl", "Site_ID": 616491.0, "Site_Statu": "Abandoned", "Primary_Fa": "Cressona Boro Ldfl", "Primary__1": 637638.0, "Primary__2": "Inactive", "Sub_Facili": "Cressona Boro Ldfl", "Sub_Faci_1": 771368.0, "Sub_Faci_2": "Abandoned", "Sub_Faci_3": "Landfill", "Waste_Oper": "Municipal Waste Operation", "Waste_Op_1": "Unavailable", "EPA_ID": "2-160 100100", "COMPLIANCE": "Yes" }, "geometry": { "type": "Point", "coordinates": [ -8482472.933499999344349, 4957352.84009999781847 ] } },
{ "type": "Feature", "properties": { "Organizati": "Unavailable", "DEP_Client": "Unavailable", "DEP_Clie_1": 0.0, "DEP_Clie_2": "Owner", "SITE_NAME": "Crystal Soap &Chemical", "Site_ID": 616639.0, "Site_Statu": "Abandoned", "Primary_Fa": "Crystal Soap &Chemical", "Primary__1": 637786.0, "Primary__2": "Inactive", "Sub_Facili": "Crystal Soap &Chemical", "Sub_Faci_1": 771516.0, "Sub_Faci_2": "Abandoned", "Sub_Faci_3": "Landfill", "Waste_Oper": "Municipal Waste Operation", "Waste_Op_1": "Unavailable", "EPA_ID": "1-300", "COMPLIANCE": "Yes" }, "geometry": { "type": "Point", "coordinates": [ -8380958.989199999719858, 4902901.389700002968311 ] } },
{ "type": "Feature", "properties": { "Organizati": "Unavailable", "DEP_Client": "Unavailable", "DEP_Clie_1": 0.0, "DEP_Clie_2": "Owner", "SITE_NAME": "Cumberland Twp Ldfl", "Site_ID": 616181.0, "Site_Statu": "Abandoned", "Primary_Fa": "Cumberland Twp Landfill", "Primary__1": 637328.0, "Primary__2": "Unpermitted Inactive", "Sub_Facili": "Cumberland Twp Landfill", "Sub_Faci_1": 771058.0, "Sub_Faci_2": "Abandoned", "Sub_Faci_3": "Landfill", "Waste_Oper": "Municipal Waste Operation", "Waste_Op_1": "Unavailable", "EPA_ID": "5-066", "COMPLIANCE": "Yes" }, "geometry": { "type": "Point", "coordinates": [ -8902367.325500000268221, 4855996.775700002908707 ] } },
{ "type": "Feature", "properties": { "Organizati": "Unavailable", "DEP_Client": "Unavailable", "DEP_Clie_1": 0.0, "DEP_Clie_2": "Owner", "SITE_NAME": "Cyclops Solid Waste Dspl Site", "Site_ID": 616848.0, "Site_Statu": "Abandoned", "Primary_Fa": "Cyclops Solid Waste Disposal Site", "Primary__1": 637995.0, "Primary__2": "Inactive", "Sub_Facili": "Cyclops Solid Waste Disposal Site", "Sub_Faci_1": 771725.0, "Sub_Faci_2": "Abandoned", "Sub_Faci_3": "Landfill", "Waste_Oper": "Municipal Waste Operation", "Waste_Op_1": "Unavailable", "EPA_ID": "6-036 300716", "COMPLIANCE": "Yes" }, "geometry": { "type": "Point", "coordinates": [ -8866669.768400000408292, 5104611.5945999994874 ] } },
{ "type": "Feature", "properties": { "Organizati": "Unavailable", "DEP_Client": "Unavailable", "DEP_Clie_1": 0.0, "DEP_Clie_2": "Owner", "SITE_NAME": "D & M Ldfl", "Site_ID": 616376.0, "Site_Statu": "Abandoned", "Primary_Fa": "D & M Landfill", "Primary__1": 637523.0, "Primary__2": "Inactive", "Sub_Facili": "D & M Landfill", "Sub_Faci_1": 771253.0, "Sub_Faci_2": "Abandoned", "Sub_Faci_3": "Landfill", "Waste_Oper": "Municipal Waste Operation", "Waste_Op_1": "Unavailable", "EPA_ID": "4-135 100379", "COMPLIANCE": "Yes" }, "geometry": { "type": "Point", "coordinates": [ -8733536.635800000280142, 5021089.058200001716614 ] } },
{ "type": "Feature", "properties": { "Organizati": "Unavailable", "DEP_Client": "Unavailable", "DEP_Clie_1": 0.0, "DEP_Clie_2": "Owner", "SITE_NAME": "Damascus Twp Ldfl", "Site_ID": 616540.0, "Site_Statu": "Abandoned", "Primary_Fa": "Damascus Twp", "Primary__1": 637687.0, "Primary__2": "Inactive", "Sub_Facili": "Damascus Twp", "Sub_Faci_1": 771417.0, "Sub_Faci_2": "Abandoned", "Sub_Faci_3": "Landfill", "Waste_Oper": "Municipal Waste Operation", "Waste_Op_1": "Unavailable", "EPA_ID": "2-187 100400", "COMPLIANCE": "Yes" }, "geometry": { "type": "Point", "coordinates": [ -8357489.021600000560284, 5116935.864200003445148 ] } },
{ "type": "Feature", "properties": { "Organizati": "Unavailable", "DEP_Client": "Unavailable", "DEP_Clie_1": 0.0, "DEP_Clie_2": "Owner", "SITE_NAME": "Darling Ldfl", "Site_ID": 616368.0, "Site_Statu": "Abandoned", "Primary_Fa": "Darling Landfill", "Primary__1": 637515.0, "Primary__2": "Inactive", "Sub_Facili": "Darling Landfill", "Sub_Faci_1": 771245.0, "Sub_Faci_2": "Abandoned", "Sub_Faci_3": "Landfill", "Waste_Oper": "Municipal Waste Operation", "Waste_Op_1": "Unavailable", "EPA_ID": "4-123 100489", "COMPLIANCE": "Yes" }, "geometry": { "type": "Point", "coordinates": [ -8478576.658600000664592, 5152255.371899999678135 ] } },
{ "type": "Feature", "properties": { "Organizati": "Unavailable", "DEP_Client": "Unavailable", "DEP_Clie_1": 0.0, "DEP_Clie_2": "Owner", "SITE_NAME": "Davidson M Black Prop", "Site_ID": 629086.0, "Site_Statu": "Active", "Primary_Fa": "Davidson M Black Prop", "Primary__1": 646729.0, "Primary__2": "Active", "Sub_Facili": "Davidson M Black Prop", "Sub_Faci_1": 789769.0, "Sub_Faci_2": "Active", "Sub_Faci_3": "Landfill", "Waste_Oper": "Municipal Waste Operation", "Waste_Op_1": "Unavailable", "EPA_ID": "646729", "COMPLIANCE": "Yes" }, "geometry": { "type": "Point", "coordinates": [ -8577043.077299999073148, 4907363.475500002503395 ] } },
{ "type": "Feature", "properties": { "Organizati": "Unavailable", "DEP_Client": "Unavailable", "DEP_Clie_1": 0.0, "DEP_Clie_2": "Owner", "SITE_NAME": "Dayton Fly Ash Ldfl", "Site_ID": 615991.0, "Site_Statu": "Abandoned", "Primary_Fa": "Dayton Fly Ash Sanitary Lf", "Primary__1": 637138.0, "Primary__2": "Inactive", "Sub_Facili": "Dayton Fly Ash Sanitary Lf", "Sub_Faci_1": 770868.0, "Sub_Faci_2": "Abandoned", "Sub_Faci_3": "Landfill", "Waste_Oper": "Municipal Waste Operation", "Waste_Op_1": "Unavailable", "EPA_ID": "5-102", "COMPLIANCE": "Yes" }, "geometry": { "type": "Point", "coordinates": [ -8901677.172399999573827, 4895692.4846 ] } },
{ "type": "Feature", "properties": { "Organizati": "Unavailable", "DEP_Client": "Unavailable", "DEP_Clie_1": 0.0, "DEP_Clie_2": "Owner", "SITE_NAME": "Dci Plating", "Site_ID": 616004.0, "Site_Statu": "Abandoned", "Primary_Fa": "Dci Plating", "Primary__1": 637151.0, "Primary__2": "Inactive", "Sub_Facili": "Dci Plating", "Sub_Faci_1": 770881.0, "Sub_Faci_2": "Abandoned", "Sub_Faci_3": "Landfill", "Waste_Oper": "Municipal Waste Operation", "Waste_Op_1": "Unavailable", "EPA_ID": "1-080", "COMPLIANCE": "Yes" }, "geometry": { "type": "Point", "coordinates": [ -8365183.4527000002563, 4922464.995700001716614 ] } },
{ "type": "Feature", "properties": { "Organizati": "Unavailable", "DEP_Client": "Unavailable", "DEP_Clie_1": 0.0, "DEP_Clie_2": "Owner", "SITE_NAME": "Deck Quarry Ldfl", "Site_ID": 616180.0, "Site_Statu": "Abandoned", "Primary_Fa": "Deck Quarry Corp. Landfill", "Primary__1": 637327.0, "Primary__2": "Inactive", "Sub_Facili": "Deck Quarry Corp. Landfill", "Sub_Faci_1": 771057.0, "Sub_Faci_2": "Abandoned", "Sub_Faci_3": "Landfill", "Waste_Oper": "Municipal Waste Operation", "Waste_Op_1": "Unavailable", "EPA_ID": "1-255 100770", "COMPLIANCE": "Yes" }, "geometry": { "type": "Point", "coordinates": [ -8377307.450099999085069, 4882997.134099997580051 ] } },
{ "type": "Feature", "properties": { "Organizati": "Unavailable", "DEP_Client": "Unavailable", "DEP_Clie_1": 0.0, "DEP_Clie_2": "Owner", "SITE_NAME": "Trafford Boro Ldfl", "Site_ID": 616704.0, "Site_Statu": "Abandoned", "Primary_Fa": "Trafford Boro Dump", "Primary__1": 637851.0, "Primary__2": "Inactive", "Sub_Facili": "Trafford Boro Dump", "Sub_Faci_1": 771581.0, "Sub_Faci_2": "Abandoned", "Sub_Faci_3": "Landfill", "Waste_Oper": "Municipal Waste Operation", "Waste_Op_1": "Unavailable", "EPA_ID": "5-055", "COMPLIANCE": "Yes" }, "geometry": { "type": "Point", "coordinates": [ -8878149.136399999260902, 4922647.612800002098083 ] } },
{ "type": "Feature", "properties": { "Organizati": "Unavailable", "DEP_Client": "Unavailable", "DEP_Clie_1": 0.0, "DEP_Clie_2": "Owner", "SITE_NAME": "Tri Valley Dspl", "Site_ID": 616559.0, "Site_Statu": "Abandoned", "Primary_Fa": "Tri-valley Disposal", "Primary__1": 637706.0, "Primary__2": "Inactive", "Sub_Facili": "Tri-valley Disposal", "Sub_Faci_1": 771436.0, "Sub_Faci_2": "Abandoned", "Sub_Faci_3": "Landfill", "Waste_Oper": "Municipal Waste Operation", "Waste_Op_1": "Unavailable", "EPA_ID": "5-149", "COMPLIANCE": "Yes" }, "geometry": { "type": "Point", "coordinates": [ -8858162.844200000166893, 4928698.773500002920628 ] } },
{ "type": "Feature", "properties": { "Organizati": "Unavailable", "DEP_Client": "Unavailable", "DEP_Clie_1": 0.0, "DEP_Clie_2": "Owner", "SITE_NAME": "Tullytown Sand & Gravel", "Site_ID": 616844.0, "Site_Statu": "Abandoned", "Primary_Fa": "Tullytown Sand And Gravel", "Primary__1": 637991.0, "Primary__2": "Inactive", "Sub_Facili": "Tullytown Sand And Gravel", "Sub_Faci_1": 771721.0, "Sub_Faci_2": "Abandoned", "Sub_Faci_3": "Landfill", "Waste_Oper": "Municipal Waste Operation", "Waste_Op_1": "Unavailable", "EPA_ID": "1-033 101294", "COMPLIANCE": "Yes" }, "geometry": { "type": "Point", "coordinates": [ -8326554.024700000882149, 4889566.8378000035882 ] } },
{ "type": "Feature", "properties": { "Organizati": "Unavailable", "DEP_Client": "Unavailable", "DEP_Clie_1": 0.0, "DEP_Clie_2": "Owner", "SITE_NAME": "Tysons Dump 2", "Site_ID": 615892.0, "Site_Statu": "Abandoned", "Primary_Fa": "Tysons Dump 2", "Primary__1": 637039.0, "Primary__2": "Inactive", "Sub_Facili": "Tysons Dump 2", "Sub_Faci_1": 770769.0, "Sub_Faci_2": "Abandoned", "Sub_Faci_3": "Landfill", "Waste_Oper": "Municipal Waste Operation", "Waste_Op_1": "Unavailable", "EPA_ID": "1-378", "COMPLIANCE": "Yes" }, "geometry": { "type": "Point", "coordinates": [ -8389422.436899999156594, 4881633.19539999961853 ] } },
{ "type": "Feature", "properties": { "Organizati": "Unavailable", "DEP_Client": "Unavailable", "DEP_Clie_1": 0.0, "DEP_Clie_2": "Owner", "SITE_NAME": "Ulysses Boro Ldfl", "Site_ID": 616778.0, "Site_Statu": "Abandoned", "Primary_Fa": "Ulysses Boro Landfill", "Primary__1": 637925.0, "Primary__2": "Inactive", "Sub_Facili": "Ulysses Boro Landfill", "Sub_Faci_1": 771655.0, "Sub_Faci_2": "Abandoned", "Sub_Faci_3": "Landfill", "Waste_Oper": "Municipal Waste Operation", "Waste_Op_1": "Unavailable", "EPA_ID": "4-201 100408", "COMPLIANCE": "Yes" }, "geometry": { "type": "Point", "coordinates": [ -8655446.0131, 5145197.441100001335144 ] } },
{ "type": "Feature", "properties": { "Organizati": "Unavailable", "DEP_Client": "Unavailable", "DEP_Clie_1": 0.0, "DEP_Clie_2": "Owner", "SITE_NAME": "Upper Merion Twp Ldfl", "Site_ID": 616209.0, "Site_Statu": "Abandoned", "Primary_Fa": "Upper Merion Twp Landfill", "Primary__1": 637356.0, "Primary__2": "Inactive", "Sub_Facili": "Upper Merion Twp Landfill", "Sub_Faci_1": 771086.0, "Sub_Faci_2": "Abandoned", "Sub_Faci_3": "Landfill", "Waste_Oper": "Municipal Waste Operation", "Waste_Op_1": "Unavailable", "EPA_ID": "1-272", "COMPLIANCE": "Yes" }, "geometry": { "type": "Point", "coordinates": [ -8385287.134199999272823, 4880737.18469999730587 ] } },
{ "type": "Feature", "properties": { "Organizati": "Unavailable", "DEP_Client": "Unavailable", "DEP_Clie_1": 0.0, "DEP_Clie_2": "Owner", "SITE_NAME": "Upper Providence Ldfl", "Site_ID": 616866.0, "Site_Statu": "Abandoned", "Primary_Fa": "Upper Providence Landfill", "Primary__1": 638013.0, "Primary__2": "Inactive", "Sub_Facili": "Upper Providence Landfill", "Sub_Faci_1": 771743.0, "Sub_Faci_2": "Abandoned", "Sub_Faci_3": "Landfill", "Waste_Oper": "Municipal Waste Operation", "Waste_Op_1": "Unavailable", "EPA_ID": "1-266 100539", "COMPLIANCE": "Yes" }, "geometry": { "type": "Point", "coordinates": [ -8404977.622600000351667, 4886796.679399996995926 ] } },
{ "type": "Feature", "properties": { "Organizati": "Unavailable", "DEP_Client": "Unavailable", "DEP_Clie_1": 0.0, "DEP_Clie_2": "Owner", "SITE_NAME": "Upper Saucon Twp Ldfl", "Site_ID": 616458.0, "Site_Statu": "Abandoned", "Primary_Fa": "Upper Saucon Twp Ldfl", "Primary__1": 637605.0, "Primary__2": "Inactive", "Sub_Facili": "Upper Saucon Twp Ldfl", "Sub_Faci_1": 771335.0, "Sub_Faci_2": "Abandoned", "Sub_Faci_3": "Landfill", "Waste_Oper": "Municipal Waste Operation", "Waste_Op_1": "Unavailable", "EPA_ID": "2-052", "COMPLIANCE": "Yes" }, "geometry": { "type": "Point", "coordinates": [ -8394147.797800000756979, 4942440.040700003504753 ] } },
{ "type": "Feature", "properties": { "Organizati": "Unavailable", "DEP_Client": "Unavailable", "DEP_Clie_1": 0.0, "DEP_Clie_2": "Owner", "SITE_NAME": "Ussc Slag Site A", "Site_ID": 616845.0, "Site_Statu": "Abandoned", "Primary_Fa": "Ussc Slag Site A", "Primary__1": 637992.0, "Primary__2": "Inactive", "Sub_Facili": "Ussc Slag Site A", "Sub_Faci_1": 771722.0, "Sub_Faci_2": "Abandoned", "Sub_Faci_3": "Landfill", "Waste_Oper": "Municipal Waste Operation", "Waste_Op_1": "Unavailable", "EPA_ID": "1-023 300827", "COMPLIANCE": "Yes" }, "geometry": { "type": "Point", "coordinates": [ -8321010.951099999248981, 4890368.436300002038479 ] } },
{ "type": "Feature", "properties": { "Organizati": "Unavailable", "DEP_Client": "Unavailable", "DEP_Clie_1": 0.0, "DEP_Clie_2": "Owner", "SITE_NAME": "Valley Vulcan Mold Latrobe Plt", "Site_ID": 245836.0, "Site_Statu": "Active", "Primary_Fa": "Valley Vulcan Mold Co", "Primary__1": 637481.0, "Primary__2": "Inactive", "Sub_Facili": "Valley Vulcan Mold Co", "Sub_Faci_1": 771211.0, "Sub_Faci_2": "Abandoned", "Sub_Faci_3": "Landfill", "Waste_Oper": "Municipal Waste Operation", "Waste_Op_1": "Unavailable", "EPA_ID": "5-137", "COMPLIANCE": "Yes" }, "geometry": { "type": "Point", "coordinates": [ -8836101.662000000476837, 4909781.842500001192093 ] } },
{ "type": "Feature", "properties": { "Organizati": "Unavailable", "DEP_Client": "Unavailable", "DEP_Clie_1": 0.0, "DEP_Clie_2": "Owner", "SITE_NAME": "Vandling Boro Ldfl", "Site_ID": 616596.0, "Site_Statu": "Abandoned", "Primary_Fa": "Vandling Boro Ldfl", "Primary__1": 637743.0, "Primary__2": "Inactive", "Sub_Facili": "Vandling Boro Ldfl", "Sub_Faci_1": 771473.0, "Sub_Faci_2": "Abandoned", "Sub_Faci_3": "Landfill", "Waste_Oper": "Municipal Waste Operation", "Waste_Op_1": "Unavailable", "EPA_ID": "2-030 100175", "COMPLIANCE": "Yes" }, "geometry": { "type": "Point", "coordinates": [ -8403136.630100000649691, 5105686.210100002586842 ] } },
{ "type": "Feature", "properties": { "Organizati": "Unavailable", "DEP_Client": "Unavailable", "DEP_Clie_1": 0.0, "DEP_Clie_2": "Owner", "SITE_NAME": "Venango Twp Ldfl", "Site_ID": 615871.0, "Site_Statu": "Abandoned", "Primary_Fa": "Venango Twp Landfill", "Primary__1": 637018.0, "Primary__2": "Inactive", "Sub_Facili": "Venango Twp Landfill", "Sub_Faci_1": 770748.0, "Sub_Faci_2": "Abandoned", "Sub_Faci_3": "Landfill", "Waste_Oper": "Municipal Waste Operation", "Waste_Op_1": "Unavailable", "EPA_ID": "6-009 100323", "COMPLIANCE": "Yes" }, "geometry": { "type": "Point", "coordinates": [ -8885403.0515, 5166107.791599996387959 ] } },
{ "type": "Feature", "properties": { "Organizati": "Unavailable", "DEP_Client": "Unavailable", "DEP_Clie_1": 0.0, "DEP_Clie_2": "Owner", "SITE_NAME": "Village Of Woolrich", "Site_ID": 616375.0, "Site_Statu": "Abandoned", "Primary_Fa": "Village Of Woolrich", "Primary__1": 637522.0, "Primary__2": "Inactive", "Sub_Facili": "Village Of Woolrich", "Sub_Faci_1": 771252.0, "Sub_Faci_2": "Abandoned", "Sub_Faci_3": "Landfill", "Waste_Oper": "Municipal Waste Operation", "Waste_Op_1": "Unavailable", "EPA_ID": "4-133", "COMPLIANCE": "Yes" }, "geometry": { "type": "Point", "coordinates": [ -8613178.620899999514222, 5042359.154399998486042 ] } },
{ "type": "Feature", "properties": { "Organizati": "Unavailable", "DEP_Client": "Unavailable", "DEP_Clie_1": 0.0, "DEP_Clie_2": "Owner", "SITE_NAME": "Vulcanized Rubber", "Site_ID": 616324.0, "Site_Statu": "Abandoned", "Primary_Fa": "Vulcanized Rubber Co.", "Primary__1": 637471.0, "Primary__2": "Inactive", "Sub_Facili": "Vulcanized Rubber Co.", "Sub_Faci_1": 771201.0, "Sub_Faci_2": "Abandoned", "Sub_Faci_3": "Landfill", "Waste_Oper": "Municipal Waste Operation", "Waste_Op_1": "Unavailable", "EPA_ID": "1-101", "COMPLIANCE": "Yes" }, "geometry": { "type": "Point", "coordinates": [ -8324020.151900000870228, 4895994.079700000584126 ] } },
{ "type": "Feature", "properties": { "Organizati": "Unavailable", "DEP_Client": "Unavailable", "DEP_Clie_1": 0.0, "DEP_Clie_2": "Owner", "SITE_NAME": "W Mifflin Boro Dspl Site", "Site_ID": 615977.0, "Site_Statu": "Abandoned", "Primary_Fa": "W. Mifflin Dump", "Primary__1": 637124.0, "Primary__2": "Unpermitted Inactive", "Sub_Facili": "W. Mifflin Dump", "Sub_Faci_1": 770854.0, "Sub_Faci_2": "Abandoned", "Sub_Faci_3": "Landfill", "Waste_Oper": "Municipal Waste Operation", "Waste_Op_1": "Unavailable", "EPA_ID": "5-023", "COMPLIANCE": "Yes" }, "geometry": { "type": "Point", "coordinates": [ -8891919.703700000420213, 4919950.269100002944469 ] } },
{ "type": "Feature", "properties": { "Organizati": "Unavailable", "DEP_Client": "Unavailable", "DEP_Clie_1": 0.0, "DEP_Clie_2": "Owner", "SITE_NAME": "W Wheatfield Twp Ldfl Indiana Cty", "Site_ID": 616097.0, "Site_Statu": "Abandoned", "Primary_Fa": "W Wheatfield Twp Landfill", "Primary__1": 637244.0, "Primary__2": "Inactive", "Sub_Facili": "W Wheatfield Twp Landfill", "Sub_Faci_1": 770974.0, "Sub_Faci_2": "Abandoned", "Sub_Faci_3": "Landfill", "Waste_Oper": "Municipal Waste Operation", "Waste_Op_1": "Unavailable", "EPA_ID": "5-158", "COMPLIANCE": "Yes" }, "geometry": { "type": "Point", "coordinates": [ -8809583.432800000533462, 4925644.999099999666214 ] } },
{ "type": "Feature", "properties": { "Organizati": "Unavailable", "DEP_Client": "Unavailable", "DEP_Clie_1": 0.0, "DEP_Clie_2": "Owner", "SITE_NAME": "Wade Ldfl", "Site_ID": 616695.0, "Site_Statu": "Abandoned", "Primary_Fa": "Wade Landfill", "Primary__1": 637842.0, "Primary__2": "Inactive", "Sub_Facili": "Wade Landfill", "Sub_Faci_1": 771572.0, "Sub_Faci_2": "Abandoned", "Sub_Faci_3": "Landfill", "Waste_Oper": "Municipal Waste Operation", "Waste_Op_1": "Unavailable", "EPA_ID": "6-090 100836", "COMPLIANCE": "Yes" }, "geometry": { "type": "Point", "coordinates": [ -8875106.023299999535084, 5026655.017399996519089 ] } },
{ "type": "Feature", "properties": { "Organizati": "Unavailable", "DEP_Client": "Unavailable", "DEP_Clie_1": 0.0, "DEP_Clie_2": "Owner", "SITE_NAME": "Wal Quarry", "Site_ID": 615889.0, "Site_Statu": "Abandoned", "Primary_Fa": "Wal Quarry", "Primary__1": 637036.0, "Primary__2": "Inactive", "Sub_Facili": "Wal Quarry", "Sub_Faci_1": 770766.0, "Sub_Faci_2": "Abandoned", "Sub_Faci_3": "Landfill", "Waste_Oper": "Municipal Waste Operation", "Waste_Op_1": "Unavailable", "EPA_ID": "1-282 101288", "COMPLIANCE": "Yes" }, "geometry": { "type": "Point", "coordinates": [ -8386423.4342, 4878258.13570000231266 ] } },
{ "type": "Feature", "properties": { "Organizati": "Unavailable", "DEP_Client": "Unavailable", "DEP_Clie_1": 0.0, "DEP_Clie_2": "Owner", "SITE_NAME": "Walbers Pier Abandoned Drum", "Site_ID": 616158.0, "Site_Statu": "Abandoned", "Primary_Fa": "Walbers Pier Abandoned Drum", "Primary__1": 637305.0, "Primary__2": "Inactive", "Sub_Facili": "Walbers Pier Abandoned Drum", "Sub_Faci_1": 771035.0, "Sub_Faci_2": "Abandoned", "Sub_Faci_3": "Landfill", "Waste_Oper": "Municipal Waste Operation", "Waste_Op_1": "Unavailable", "EPA_ID": "1-251", "COMPLIANCE": "Yes" }, "geometry": { "type": "Point", "coordinates": [ -8382696.3432, 4845686.288599997758865 ] } },
{ "type": "Feature", "properties": { "Organizati": "Unavailable", "DEP_Client": "Unavailable", "DEP_Clie_1": 0.0, "DEP_Clie_2": "Owner", "SITE_NAME": "Washington Twp Ldfl", "Site_ID": 616214.0, "Site_Statu": "Abandoned", "Primary_Fa": "Washington Twp Ldfl", "Primary__1": 637361.0, "Primary__2": "Inactive", "Sub_Facili": "Washington Twp Ldfl", "Sub_Faci_1": 771091.0, "Sub_Faci_2": "Abandoned", "Sub_Faci_3": "Landfill", "Waste_Oper": "Municipal Waste Operation", "Waste_Op_1": "Unavailable", "EPA_ID": "2-044 100012", "COMPLIANCE": "Yes" }, "geometry": { "type": "Point", "coordinates": [ -8419770.767699999734759, 4974979.741499997675419 ] } },
{ "type": "Feature", "properties": { "Organizati": "Unavailable", "DEP_Client": "Unavailable", "DEP_Clie_1": 0.0, "DEP_Clie_2": "Owner", "SITE_NAME": "Washington Twp Ldlf", "Site_ID": 616503.0, "Site_Statu": "Abandoned", "Primary_Fa": "Washington Twp Ldfl", "Primary__1": 637650.0, "Primary__2": "Inactive", "Sub_Facili": "Washington Twp Ldfl", "Sub_Faci_1": 771380.0, "Sub_Faci_2": "Abandoned", "Sub_Faci_3": "Landfill", "Waste_Oper": "Municipal Waste Operation", "Waste_Op_1": "Unavailable", "EPA_ID": "2-126 100624", "COMPLIANCE": "Yes" }, "geometry": { "type": "Point", "coordinates": [ -8492188.6327, 4950644.354099996387959 ] } },
{ "type": "Feature", "properties": { "Organizati": "Unavailable", "DEP_Client": "Unavailable", "DEP_Clie_1": 0.0, "DEP_Clie_2": "Owner", "SITE_NAME": "Delano Ldfl", "Site_ID": 616057.0, "Site_Statu": "Abandoned", "Primary_Fa": "Delano Ldfl", "Primary__1": 637204.0, "Primary__2": "Inactive", "Sub_Facili": "Delano Ldfl", "Sub_Faci_1": 770934.0, "Sub_Faci_2": "Abandoned", "Sub_Faci_3": "Landfill", "Waste_Oper": "Municipal Waste Operation", "Waste_Op_1": "Unavailable", "EPA_ID": "2-142", "COMPLIANCE": "Yes" }, "geometry": { "type": "Point", "coordinates": [ -8471406.65059999935329, 4987211.251599997282028 ] } },
{ "type": "Feature", "properties": { "Organizati": "Unavailable", "DEP_Client": "Unavailable", "DEP_Clie_1": 0.0, "DEP_Clie_2": "Owner", "SITE_NAME": "Delaware Valley Scrap", "Site_ID": 616341.0, "Site_Statu": "Abandoned", "Primary_Fa": "Del. Valley Scrap Co.", "Primary__1": 637488.0, "Primary__2": "Inactive", "Sub_Facili": "Del. Valley Scrap Co.", "Sub_Faci_1": 771218.0, "Sub_Faci_2": "Abandoned", "Sub_Faci_3": "Landfill", "Waste_Oper": "Municipal Waste Operation", "Waste_Op_1": "Unavailable", "EPA_ID": "1-041", "COMPLIANCE": "Yes" }, "geometry": { "type": "Point", "coordinates": [ -8332848.962500000372529, 4882429.671400003135204 ] } },
{ "type": "Feature", "properties": { "Organizati": "Unavailable", "DEP_Client": "Unavailable", "DEP_Clie_1": 0.0, "DEP_Clie_2": "Owner", "SITE_NAME": "Delmont Lab", "Site_ID": 616139.0, "Site_Statu": "Abandoned", "Primary_Fa": "Delmont Lab, Inc.", "Primary__1": 637286.0, "Primary__2": "Inactive", "Sub_Facili": "Delmont Lab, Inc.", "Sub_Faci_1": 771016.0, "Sub_Faci_2": "Abandoned", "Sub_Faci_3": "Landfill", "Waste_Oper": "Municipal Waste Operation", "Waste_Op_1": "Unavailable", "EPA_ID": "1-225 300183", "COMPLIANCE": "Yes" }, "geometry": { "type": "Point", "coordinates": [ -8388144.016000000759959, 4851307.981899999082088 ] } },
{ "type": "Feature", "properties": { "Organizati": "Unavailable", "DEP_Client": "Unavailable", "DEP_Clie_1": 0.0, "DEP_Clie_2": "Owner", "SITE_NAME": "Delta Demo Ldfl", "Site_ID": 240483.0, "Site_Statu": "Inactive", "Primary_Fa": "Delta Demo Site 7 / Delta Excavating", "Primary__1": 637712.0, "Primary__2": "Unpermitted Inactive", "Sub_Facili": "Delta Demo Site 7 / Delta Excavating", "Sub_Faci_1": 771442.0, "Sub_Faci_2": "Abandoned", "Sub_Faci_3": "Landfill", "Waste_Oper": "Municipal Waste Operation", "Waste_Op_1": "Unavailable", "EPA_ID": "5-168", "COMPLIANCE": "Yes" }, "geometry": { "type": "Point", "coordinates": [ -8775045.293099999427795, 4912777.347599998116493 ] } },
{ "type": "Feature", "properties": { "Organizati": "Unavailable", "DEP_Client": "Unavailable", "DEP_Clie_1": 0.0, "DEP_Clie_2": "Owner", "SITE_NAME": "Delta Demolition Debris Fill", "Site_ID": 616764.0, "Site_Statu": "Abandoned", "Primary_Fa": "Delta Demolition Debris Fill", "Primary__1": 637911.0, "Primary__2": "Inactive", "Sub_Facili": "Delta Demolition Debris Fill", "Sub_Faci_1": 771641.0, "Sub_Faci_2": "Abandoned", "Sub_Faci_3": "Landfill", "Waste_Oper": "Municipal Waste Operation", "Waste_Op_1": "Unavailable", "EPA_ID": "4-147 100956", "COMPLIANCE": "Yes" }, "geometry": { "type": "Point", "coordinates": [ -8556340.744300000369549, 5013447.975100003182888 ] } },
{ "type": "Feature", "properties": { "Organizati": "Unavailable", "DEP_Client": "Unavailable", "DEP_Clie_1": 0.0, "DEP_Clie_2": "Owner", "SITE_NAME": "Delta Demolition Site 8", "Site_ID": 616291.0, "Site_Statu": "Abandoned", "Primary_Fa": "Delta Demolition Site # 8", "Primary__1": 637438.0, "Primary__2": "Inactive", "Sub_Facili": "Delta Demolition Site # 8", "Sub_Faci_1": 771168.0, "Sub_Faci_2": "Abandoned", "Sub_Faci_3": "Landfill", "Waste_Oper": "Municipal Waste Operation", "Waste_Op_1": "Unavailable", "EPA_ID": "4-034 101090", "COMPLIANCE": "Yes" }, "geometry": { "type": "Point", "coordinates": [ -8770992.552400000393391, 5029733.515900000929832 ] } },
{ "type": "Feature", "properties": { "Organizati": "Unavailable", "DEP_Client": "Unavailable", "DEP_Clie_1": 0.0, "DEP_Clie_2": "Owner", "SITE_NAME": "Dennison Twp Dump", "Site_ID": 616063.0, "Site_Statu": "Abandoned", "Primary_Fa": "Dennison Twp Dump", "Primary__1": 637210.0, "Primary__2": "Inactive", "Sub_Facili": "Dennison Twp Dump", "Sub_Faci_1": 770940.0, "Sub_Faci_2": "Abandoned", "Sub_Faci_3": "Landfill", "Waste_Oper": "Municipal Waste Operation", "Waste_Op_1": "Unavailable", "EPA_ID": "2-066 100220", "COMPLIANCE": "Yes" }, "geometry": { "type": "Point", "coordinates": [ -8435324.809399999678135, 5024876.027999997138977 ] } },
{ "type": "Feature", "properties": { "Organizati": "Unavailable", "DEP_Client": "Unavailable", "DEP_Clie_1": 0.0, "DEP_Clie_2": "Owner", "SITE_NAME": "Derry Twp Dump--mifflin", "Site_ID": 615945.0, "Site_Statu": "Abandoned", "Primary_Fa": "Derry Township Dump--mifflin", "Primary__1": 637092.0, "Primary__2": "Inactive", "Sub_Facili": "Derry Township Dump--mifflin", "Sub_Faci_1": 770822.0, "Sub_Faci_2": "Abandoned", "Sub_Faci_3": "Landfill", "Waste_Oper": "Municipal Waste Operation", "Waste_Op_1": "Unavailable", "EPA_ID": "3-114", "COMPLIANCE": "Yes" }, "geometry": { "type": "Point", "coordinates": [ -8633523.253499999642372, 4961368.903099998831749 ] } },
{ "type": "Feature", "properties": { "Organizati": "Unavailable", "DEP_Client": "Unavailable", "DEP_Clie_1": 0.0, "DEP_Clie_2": "Owner", "SITE_NAME": "Donegal Ldfl", "Site_ID": 616492.0, "Site_Statu": "Abandoned", "Primary_Fa": "Donegal Landfill", "Primary__1": 637639.0, "Primary__2": "Inactive", "Sub_Facili": "Donegal Landfill", "Sub_Faci_1": 771369.0, "Sub_Faci_2": "Abandoned", "Sub_Faci_3": "Landfill", "Waste_Oper": "Municipal Waste Operation", "Waste_Op_1": "Unavailable", "EPA_ID": "6-088 100404", "COMPLIANCE": "Yes" }, "geometry": { "type": "Point", "coordinates": [ -8876832.078400000929832, 5002436.740199998021126 ] } },
{ "type": "Feature", "properties": { "Organizati": "Unavailable", "DEP_Client": "Unavailable", "DEP_Clie_1": 0.0, "DEP_Clie_2": "Owner", "SITE_NAME": "Dorlans Mill Paper Dump", "Site_ID": 615878.0, "Site_Statu": "Abandoned", "Primary_Fa": "Dorlans Mill Paper Co. Dump", "Primary__1": 637025.0, "Primary__2": "Inactive", "Sub_Facili": "Dorlans Mill Paper Co. Dump", "Sub_Faci_1": 770755.0, "Sub_Faci_2": "Abandoned", "Sub_Faci_3": "Landfill", "Waste_Oper": "Municipal Waste Operation", "Waste_Op_1": "Unavailable", "EPA_ID": "1-105", "COMPLIANCE": "Yes" }, "geometry": { "type": "Point", "coordinates": [ -8428774.303600000217557, 4872927.883599996566772 ] } },
{ "type": "Feature", "properties": { "Organizati": "Unavailable", "DEP_Client": "Unavailable", "DEP_Clie_1": 0.0, "DEP_Clie_2": "Owner", "SITE_NAME": "Dorrance Twp Dump", "Site_ID": 615875.0, "Site_Statu": "Abandoned", "Primary_Fa": "Dorrance Twp Dump", "Primary__1": 637022.0, "Primary__2": "Inactive", "Sub_Facili": "Dorrance Twp Dump", "Sub_Faci_1": 770752.0, "Sub_Faci_2": "Abandoned", "Sub_Faci_3": "Landfill", "Waste_Oper": "Municipal Waste Operation", "Waste_Op_1": "Unavailable", "EPA_ID": "2-087", "COMPLIANCE": "Yes" }, "geometry": { "type": "Point", "coordinates": [ -8462432.274299999698997, 5026788.148500002920628 ] } },
{ "type": "Feature", "properties": { "Organizati": "Unavailable", "DEP_Client": "Unavailable", "DEP_Clie_1": 0.0, "DEP_Clie_2": "Owner", "SITE_NAME": "Downingtown Ldfl", "Site_ID": 616606.0, "Site_Statu": "Abandoned", "Primary_Fa": "Downingtown Landfill", "Primary__1": 637753.0, "Primary__2": "Inactive", "Sub_Facili": "Downingtown Landfill", "Sub_Faci_1": 771483.0, "Sub_Faci_2": "Abandoned", "Sub_Faci_3": "Landfill", "Waste_Oper": "Municipal Waste Operation", "Waste_Op_1": "Unavailable", "EPA_ID": "1-142", "COMPLIANCE": "Yes" }, "geometry": { "type": "Point", "coordinates": [ -8427172.317099999636412, 4868446.896600000560284 ] } },
{ "type": "Feature", "properties": { "Organizati": "Unavailable", "DEP_Client": "Unavailable", "DEP_Clie_1": 0.0, "DEP_Clie_2": "Owner", "SITE_NAME": "Downingtown Paper", "Site_ID": 616609.0, "Site_Statu": "Abandoned", "Primary_Fa": "Downingtown Paper Co.", "Primary__1": 637756.0, "Primary__2": "Inactive", "Sub_Facili": "Downingtown Paper Co.", "Sub_Faci_1": 771486.0, "Sub_Faci_2": "Abandoned", "Sub_Faci_3": "Landfill", "Waste_Oper": "Municipal Waste Operation", "Waste_Op_1": "Unavailable", "EPA_ID": "1-172", "COMPLIANCE": "Yes" }, "geometry": { "type": "Point", "coordinates": [ -8424502.535700000822544, 4864346.178400002419949 ] } },
{ "type": "Feature", "properties": { "Organizati": "Unavailable", "DEP_Client": "Unavailable", "DEP_Clie_1": 0.0, "DEP_Clie_2": "Owner", "SITE_NAME": "Dump At Hollar Heights", "Site_ID": 616766.0, "Site_Statu": "Abandoned", "Primary_Fa": "Dump At Hollar Heights", "Primary__1": 637913.0, "Primary__2": "Inactive", "Sub_Facili": "Dump At Hollar Heights", "Sub_Faci_1": 771643.0, "Sub_Faci_2": "Abandoned", "Sub_Faci_3": "Landfill", "Waste_Oper": "Municipal Waste Operation", "Waste_Op_1": "Unavailable", "EPA_ID": "3-064", "COMPLIANCE": "Yes" }, "geometry": { "type": "Point", "coordinates": [ -8627844.592800000682473, 4873274.18639999628067 ] } },
{ "type": "Feature", "properties": { "Organizati": "Unavailable", "DEP_Client": "Unavailable", "DEP_Clie_1": 0.0, "DEP_Clie_2": "Owner", "SITE_NAME": "Dump Behind Hotpoint", "Site_ID": 616383.0, "Site_Statu": "Abandoned", "Primary_Fa": "Dump Behind Hotpoint", "Primary__1": 637530.0, "Primary__2": "Inactive", "Sub_Facili": "Dump Behind Hotpoint", "Sub_Faci_1": 771260.0, "Sub_Faci_2": "Abandoned", "Sub_Faci_3": "Landfill", "Waste_Oper": "Municipal Waste Operation", "Waste_Op_1": "Unavailable", "EPA_ID": "3-061", "COMPLIANCE": "Yes" }, "geometry": { "type": "Point", "coordinates": [ -8630464.1568, 4874109.242499999701977 ] } },
{ "type": "Feature", "properties": { "Organizati": "Unavailable", "DEP_Client": "Unavailable", "DEP_Clie_1": 0.0, "DEP_Clie_2": "Owner", "SITE_NAME": "Duryea Ldfl", "Site_ID": 616197.0, "Site_Statu": "Abandoned", "Primary_Fa": "Duryea Ldfl", "Primary__1": 637344.0, "Primary__2": "Inactive", "Sub_Facili": "Duryea Ldfl", "Sub_Faci_1": 771074.0, "Sub_Faci_2": "Abandoned", "Sub_Faci_3": "Landfill", "Waste_Oper": "Municipal Waste Operation", "Waste_Op_1": "Unavailable", "EPA_ID": "2-092 100862", "COMPLIANCE": "Yes" }, "geometry": { "type": "Point", "coordinates": [ -8434461.733899999409914, 5064740.133000001311302 ] } },
{ "type": "Feature", "properties": { "Organizati": "Unavailable", "DEP_Client": "Unavailable", "DEP_Clie_1": 0.0, "DEP_Clie_2": "Owner", "SITE_NAME": "Dwrv Jt Ldfl", "Site_ID": 616078.0, "Site_Statu": "Abandoned", "Primary_Fa": "Dwrv Joint Landfill", "Primary__1": 637225.0, "Primary__2": "Unpermitted Inactive", "Sub_Facili": "Dwrv Joint Landfill", "Sub_Faci_1": 770955.0, "Sub_Faci_2": "Abandoned", "Sub_Faci_3": "Landfill", "Waste_Oper": "Municipal Waste Operation", "Waste_Op_1": "Unavailable", "EPA_ID": "5-119", "COMPLIANCE": "Yes" }, "geometry": { "type": "Point", "coordinates": [ -8826647.263599999248981, 4988764.026699997484684 ] } },
{ "type": "Feature", "properties": { "Organizati": "Unavailable", "DEP_Client": "Unavailable", "DEP_Clie_1": 0.0, "DEP_Clie_2": "Owner", "SITE_NAME": "E Bethlehem Twp Dspl Site", "Site_ID": 616708.0, "Site_Statu": "Abandoned", "Primary_Fa": "East Bethlehem Twp", "Primary__1": 637855.0, "Primary__2": "Inactive", "Sub_Facili": "East Bethlehem Twp", "Sub_Faci_1": 771585.0, "Sub_Faci_2": "Abandoned", "Sub_Faci_3": "Landfill", "Waste_Oper": "Municipal Waste Operation", "Waste_Op_1": "Unavailable", "EPA_ID": "5-087", "COMPLIANCE": "Yes" }, "geometry": { "type": "Point", "coordinates": [ -8905192.577099999412894, 4868849.749399997293949 ] } },
{ "type": "Feature", "properties": { "Organizati": "Unavailable", "DEP_Client": "Unavailable", "DEP_Clie_1": 0.0, "DEP_Clie_2": "Owner", "SITE_NAME": "East Marlboro Twp Ldfl", "Site_ID": 616154.0, "Site_Statu": "Abandoned", "Primary_Fa": "East Marlboro Twp Landfill", "Primary__1": 637301.0, "Primary__2": "Inactive", "Sub_Facili": "East Marlboro Twp Landfill", "Sub_Faci_1": 771031.0, "Sub_Faci_2": "Abandoned", "Sub_Faci_3": "Landfill", "Waste_Oper": "Municipal Waste Operation", "Waste_Op_1": "Unavailable", "EPA_ID": "1-169 100711", "COMPLIANCE": "Yes" }, "geometry": { "type": "Point", "coordinates": [ -8427305.408900000154972, 4845027.796499997377396 ] } },
{ "type": "Feature", "properties": { "Organizati": "Unavailable", "DEP_Client": "Unavailable", "DEP_Clie_1": 0.0, "DEP_Clie_2": "Owner", "SITE_NAME": "Waymart Boro Ldfl", "Site_ID": 616538.0, "Site_Statu": "Abandoned", "Primary_Fa": "Waymart Boro Ldfl", "Primary__1": 637685.0, "Primary__2": "Inactive", "Sub_Facili": "Waymart Boro Ldfl", "Sub_Faci_1": 771415.0, "Sub_Faci_2": "Abandoned", "Sub_Faci_3": "Landfill", "Waste_Oper": "Municipal Waste Operation", "Waste_Op_1": "Unavailable", "EPA_ID": "2-196 100295", "COMPLIANCE": "Yes" }, "geometry": { "type": "Point", "coordinates": [ -8394405.981599999591708, 5096044.888700000941753 ] } },
{ "type": "Feature", "properties": { "Organizati": "Unavailable", "DEP_Client": "Unavailable", "DEP_Clie_1": 0.0, "DEP_Clie_2": "Owner", "SITE_NAME": "Weatherly Boro Ldfl", "Site_ID": 616703.0, "Site_Statu": "Abandoned", "Primary_Fa": "Weatherly Boro Ldfl", "Primary__1": 637850.0, "Primary__2": "Inactive", "Sub_Facili": "Weatherly Boro Ldfl", "Sub_Faci_1": 771580.0, "Sub_Faci_2": "Abandoned", "Sub_Faci_3": "Landfill", "Waste_Oper": "Municipal Waste Operation", "Waste_Op_1": "Unavailable", "EPA_ID": "2-011 900001", "COMPLIANCE": "Yes" }, "geometry": { "type": "Point", "coordinates": [ -8442972.579, 5004092.763800002634525 ] } },
{ "type": "Feature", "properties": { "Organizati": "Unavailable", "DEP_Client": "Unavailable", "DEP_Clie_1": 0.0, "DEP_Clie_2": "Owner", "SITE_NAME": "Weaver Ldfl", "Site_ID": 616456.0, "Site_Statu": "Abandoned", "Primary_Fa": "Weaver Landfill", "Primary__1": 637603.0, "Primary__2": "Inactive", "Sub_Facili": "Weaver Landfill", "Sub_Faci_1": 771333.0, "Sub_Faci_2": "Abandoned", "Sub_Faci_3": "Landfill", "Waste_Oper": "Municipal Waste Operation", "Waste_Op_1": "Unavailable", "EPA_ID": "6-127 100320", "COMPLIANCE": "Yes" }, "geometry": { "type": "Point", "coordinates": [ -8853878.274599999189377, 5050913.942900002002716 ] } },
{ "type": "Feature", "properties": { "Organizati": "Unavailable", "DEP_Client": "Unavailable", "DEP_Clie_1": 0.0, "DEP_Clie_2": "Owner", "SITE_NAME": "Weavers Ldfl", "Site_ID": 616595.0, "Site_Statu": "Abandoned", "Primary_Fa": "Weaver's Landfill", "Primary__1": 637742.0, "Primary__2": "Inactive", "Sub_Facili": "Weaver's Landfill", "Sub_Faci_1": 771472.0, "Sub_Faci_2": "Abandoned", "Sub_Faci_3": "Landfill", "Waste_Oper": "Municipal Waste Operation", "Waste_Op_1": "Unavailable", "EPA_ID": "3-086", "COMPLIANCE": "Yes" }, "geometry": { "type": "Point", "coordinates": [ -8698845.1535, 4900758.438299998641014 ] } },
{ "type": "Feature", "properties": { "Organizati": "Unavailable", "DEP_Client": "Unavailable", "DEP_Clie_1": 0.0, "DEP_Clie_2": "Owner", "SITE_NAME": "Weedville Dspl", "Site_ID": 616186.0, "Site_Statu": "Abandoned", "Primary_Fa": "Weedville Disposal", "Primary__1": 637333.0, "Primary__2": "Inactive", "Sub_Facili": "Weedville Disposal", "Sub_Faci_1": 771063.0, "Sub_Faci_2": "Abandoned", "Sub_Faci_3": "Landfill", "Waste_Oper": "Municipal Waste Operation", "Waste_Op_1": "Unavailable", "EPA_ID": "6-104", "COMPLIANCE": "Yes" }, "geometry": { "type": "Point", "coordinates": [ -8738058.714999999850988, 5054198.24210000038147 ] } },
{ "type": "Feature", "properties": { "Organizati": "Unavailable", "DEP_Client": "Unavailable", "DEP_Clie_1": 0.0, "DEP_Clie_2": "Owner", "SITE_NAME": "Wellersburg Boro Dspl Site", "Site_ID": 616725.0, "Site_Statu": "Abandoned", "Primary_Fa": "Wellersburg Dump", "Primary__1": 637872.0, "Primary__2": "Inactive", "Sub_Facili": "Wellersburg Dump", "Sub_Faci_1": 771602.0, "Sub_Faci_2": "Abandoned", "Sub_Faci_3": "Landfill", "Waste_Oper": "Municipal Waste Operation", "Waste_Op_1": "Unavailable", "EPA_ID": "5-173", "COMPLIANCE": "Yes" }, "geometry": { "type": "Point", "coordinates": [ -8777956.950200000777841, 4828218.770300000905991 ] } },
{ "type": "Feature", "properties": { "Organizati": "Unavailable", "DEP_Client": "Unavailable", "DEP_Clie_1": 0.0, "DEP_Clie_2": "Owner", "SITE_NAME": "Wellsboro Ldfl", "Site_ID": 616790.0, "Site_Statu": "Abandoned", "Primary_Fa": "Wellsboro Landfill", "Primary__1": 637937.0, "Primary__2": "Inactive", "Sub_Facili": "Wellsboro Landfill", "Sub_Faci_1": 771667.0, "Sub_Faci_2": "Abandoned", "Sub_Faci_3": "Landfill", "Waste_Oper": "Municipal Waste Operation", "Waste_Op_1": "Unavailable", "EPA_ID": "4-069 100238", "COMPLIANCE": "Yes" }, "geometry": { "type": "Point", "coordinates": [ -8605117.234400000423193, 5120677.761100001633167 ] } },
{ "type": "Feature", "properties": { "Organizati": "Unavailable", "DEP_Client": "Unavailable", "DEP_Clie_1": 0.0, "DEP_Clie_2": "Owner", "SITE_NAME": "West Buffalo Twp Dspl Site", "Site_ID": 616772.0, "Site_Statu": "Abandoned", "Primary_Fa": "West Buffalo Twp Disposal Site", "Primary__1": 637919.0, "Primary__2": "Inactive", "Sub_Facili": "West Buffalo Twp Disposal Site", "Sub_Faci_1": 771649.0, "Sub_Faci_2": "Abandoned", "Sub_Faci_3": "Landfill", "Waste_Oper": "Municipal Waste Operation", "Waste_Op_1": "Unavailable", "EPA_ID": "4-167 100168", "COMPLIANCE": "Yes" }, "geometry": { "type": "Point", "coordinates": [ -8578561.351500000804663, 5009011.197800002992153 ] } },
{ "type": "Feature", "properties": { "Organizati": "Unavailable", "DEP_Client": "Unavailable", "DEP_Clie_1": 0.0, "DEP_Clie_2": "Owner", "SITE_NAME": "West Ridge Gravel Pit Pontillo Ldfl", "Site_ID": 615903.0, "Site_Statu": "Abandoned", "Primary_Fa": "West Ridge Gravel Pit Pontillo Ldfl", "Primary__1": 637050.0, "Primary__2": "Inactive", "Sub_Facili": "West Ridge Gravel Pit Pontillo Ldfl", "Sub_Faci_1": 770780.0, "Sub_Faci_2": "Abandoned", "Sub_Faci_3": "Landfill", "Waste_Oper": "Municipal Waste Operation", "Waste_Op_1": "Unavailable", "EPA_ID": "6-021 100436", "COMPLIANCE": "Yes" }, "geometry": { "type": "Point", "coordinates": [ -8919818.832599999383092, 5176224.513599999248981 ] } },
{ "type": "Feature", "properties": { "Organizati": "Unavailable", "DEP_Client": "Unavailable", "DEP_Clie_1": 0.0, "DEP_Clie_2": "Owner", "SITE_NAME": "West Side Larksville Ldfl", "Site_ID": 616056.0, "Site_Statu": "Abandoned", "Primary_Fa": "West Side Larksville Ldfl", "Primary__1": 637203.0, "Primary__2": "Inactive", "Sub_Facili": "West Side Larksville Ldfl", "Sub_Faci_1": 770933.0, "Sub_Faci_2": "Abandoned", "Sub_Faci_3": "Landfill", "Waste_Oper": "Municipal Waste Operation", "Waste_Op_1": "Unavailable", "EPA_ID": "2-057 100014", "COMPLIANCE": "Yes" }, "geometry": { "type": "Point", "coordinates": [ -8453301.5713, 5050344.706399999558926 ] } },
{ "type": "Feature", "properties": { "Organizati": "Unavailable", "DEP_Client": "Unavailable", "DEP_Clie_1": 0.0, "DEP_Clie_2": "Owner", "SITE_NAME": "West Vaco Paper Mill", "Site_ID": 616382.0, "Site_Statu": "Abandoned", "Primary_Fa": "West Vaco Paper Mill", "Primary__1": 637529.0, "Primary__2": "Inactive", "Sub_Facili": "West Vaco Paper Mill", "Sub_Faci_1": 771259.0, "Sub_Faci_2": "Abandoned", "Sub_Faci_3": "Landfill", "Waste_Oper": "Municipal Waste Operation", "Waste_Op_1": "Unavailable", "EPA_ID": "3-058", "COMPLIANCE": "Yes" }, "geometry": { "type": "Point", "coordinates": [ -8706035.89780000038445, 4934288.614900000393391 ] } },
{ "type": "Feature", "properties": { "Organizati": "Unavailable", "DEP_Client": "Unavailable", "DEP_Clie_1": 0.0, "DEP_Clie_2": "Owner", "SITE_NAME": "Westline Inn", "Site_ID": 616200.0, "Site_Statu": "Active", "Primary_Fa": "Westline", "Primary__1": 637347.0, "Primary__2": "Inactive", "Sub_Facili": "Westline", "Sub_Faci_1": 771077.0, "Sub_Faci_2": "Abandoned", "Sub_Faci_3": "Landfill", "Waste_Oper": "Municipal Waste Operation", "Waste_Op_1": "Unavailable", "EPA_ID": "6-069", "COMPLIANCE": "Yes" }, "geometry": { "type": "Point", "coordinates": [ -8769000.811699999496341, 5127517.995700001716614 ] } },
{ "type": "Feature", "properties": { "Organizati": "Unavailable", "DEP_Client": "Unavailable", "DEP_Clie_1": 0.0, "DEP_Clie_2": "Owner", "SITE_NAME": "Westmooreland Railyard Dump", "Site_ID": 616684.0, "Site_Statu": "Abandoned", "Primary_Fa": "Westmooreland Railyard Dump", "Primary__1": 637831.0, "Primary__2": "Inactive", "Sub_Facili": "Westmooreland Railyard Dump", "Sub_Faci_1": 771561.0, "Sub_Faci_2": "Abandoned", "Sub_Faci_3": "Landfill", "Waste_Oper": "Municipal Waste Operation", "Waste_Op_1": "Unavailable", "EPA_ID": "1-536", "COMPLIANCE": "Yes" }, "geometry": { "type": "Point", "coordinates": [ -8363987.034099999815226, 4866041.136100001633167 ] } },
{ "type": "Feature", "properties": { "Organizati": "Unavailable", "DEP_Client": "Unavailable", "DEP_Clie_1": 0.0, "DEP_Clie_2": "Owner", "SITE_NAME": "White Haven Ldfl", "Site_ID": 616192.0, "Site_Statu": "Abandoned", "Primary_Fa": "White Haven Ldfl", "Primary__1": 637339.0, "Primary__2": "Inactive", "Sub_Facili": "White Haven Ldfl", "Sub_Faci_1": 771069.0, "Sub_Faci_2": "Abandoned", "Sub_Faci_3": "Landfill", "Waste_Oper": "Municipal Waste Operation", "Waste_Op_1": "Unavailable", "EPA_ID": "2-088 100218", "COMPLIANCE": "Yes" }, "geometry": { "type": "Point", "coordinates": [ -8435309.178300000727177, 5020113.641000002622604 ] } },
{ "type": "Feature", "properties": { "Organizati": "Unavailable", "DEP_Client": "Unavailable", "DEP_Clie_1": 0.0, "DEP_Clie_2": "Owner", "SITE_NAME": "Whitemarsh Twp Ldfl", "Site_ID": 616628.0, "Site_Statu": "Abandoned", "Primary_Fa": "Whitemarsh Twp. Landfill", "Primary__1": 637775.0, "Primary__2": "Inactive", "Sub_Facili": "Whitemarsh Twp. Landfill", "Sub_Faci_1": 771505.0, "Sub_Faci_2": "Abandoned", "Sub_Faci_3": "Landfill", "Waste_Oper": "Municipal Waste Operation", "Waste_Op_1": "Unavailable", "EPA_ID": "1-264", "COMPLIANCE": "Yes" }, "geometry": { "type": "Point", "coordinates": [ -8379529.9561, 4881168.683200001716614 ] } },
{ "type": "Feature", "properties": { "Organizati": "Unavailable", "DEP_Client": "Unavailable", "DEP_Clie_1": 0.0, "DEP_Clie_2": "Owner", "SITE_NAME": "William Schmitt Prop", "Site_ID": 616843.0, "Site_Statu": "Abandoned", "Primary_Fa": "William Schmitt Prop", "Primary__1": 637990.0, "Primary__2": "Inactive", "Sub_Facili": "William Schmitt Prop", "Sub_Faci_1": 771720.0, "Sub_Faci_2": "Abandoned", "Sub_Faci_3": "Landfill", "Waste_Oper": "Municipal Waste Operation", "Waste_Op_1": "Unavailable", "EPA_ID": "2-105 101507", "COMPLIANCE": "Yes" }, "geometry": { "type": "Point", "coordinates": [ -8363335.258500000461936, 5012689.38849999755621 ] } },
{ "type": "Feature", "properties": { "Organizati": "Unavailable", "DEP_Client": "Unavailable", "DEP_Clie_1": 0.0, "DEP_Clie_2": "Owner", "SITE_NAME": "William Taylor Estate Site", "Site_ID": 616410.0, "Site_Statu": "Abandoned", "Primary_Fa": "William Taylor Estate Disposal", "Primary__1": 637557.0, "Primary__2": "Inactive", "Sub_Facili": "William Taylor Estate Disposal", "Sub_Faci_1": 771287.0, "Sub_Faci_2": "Abandoned", "Sub_Faci_3": "Landfill", "Waste_Oper": "Municipal Waste Operation", "Waste_Op_1": "Unavailable", "EPA_ID": "6-121 300007", "COMPLIANCE": "Yes" }, "geometry": { "type": "Point", "coordinates": [ -8961143.3147, 5041041.281700000166893 ] } },
{ "type": "Feature", "properties": { "Organizati": "Unavailable", "DEP_Client": "Unavailable", "DEP_Clie_1": 0.0, "DEP_Clie_2": "Owner", "SITE_NAME": "Wind Gap Boro Dump", "Site_ID": 616024.0, "Site_Statu": "Abandoned", "Primary_Fa": "Wind Gap Boro Dump", "Primary__1": 637171.0, "Primary__2": "Inactive", "Sub_Facili": "Wind Gap Boro Dump", "Sub_Faci_1": 770901.0, "Sub_Faci_2": "Abandoned", "Sub_Faci_3": "Landfill", "Waste_Oper": "Municipal Waste Operation", "Waste_Op_1": "Unavailable", "EPA_ID": "2-111 100297", "COMPLIANCE": "Yes" }, "geometry": { "type": "Point", "coordinates": [ -8382602.281300000846386, 4988460.528399996459484 ] } },
{ "type": "Feature", "properties": { "Organizati": "Unavailable", "DEP_Client": "Unavailable", "DEP_Clie_1": 0.0, "DEP_Clie_2": "Owner", "SITE_NAME": "Wyalusing Twp Fill", "Site_ID": 616363.0, "Site_Statu": "Abandoned", "Primary_Fa": "Wyalusing Twp Fill", "Primary__1": 637510.0, "Primary__2": "Inactive", "Sub_Facili": "Wyalusing Twp Fill", "Sub_Faci_1": 771240.0, "Sub_Faci_2": "Abandoned", "Sub_Faci_3": "Landfill", "Waste_Oper": "Municipal Waste Operation", "Waste_Op_1": "Unavailable", "EPA_ID": "4-118 100490", "COMPLIANCE": "Yes" }, "geometry": { "type": "Point", "coordinates": [ -8488239.190400000661612, 5114605.777400001883507 ] } },
{ "type": "Feature", "properties": { "Organizati": "Florence Palmer Ldfl", "DEP_Client": "Florence Palmer Ldfl", "DEP_Clie_1": 70012.0, "DEP_Clie_2": "Owner", "SITE_NAME": "Florence Palmer Ldfl", "Site_ID": 256247.0, "Site_Statu": "Inactive", "Primary_Fa": "Florence Palmer Landfill", "Primary__1": 269182.0, "Primary__2": "Inactive", "Sub_Facili": "Florence Palmer Landfill", "Sub_Faci_1": 267854.0, "Sub_Faci_2": "Inactive", "Sub_Faci_3": "Landfill", "Waste_Oper": "Municipal Waste Operation", "Waste_Op_1": "Unavailable", "EPA_ID": "101282", "COMPLIANCE": "Yes" }, "geometry": { "type": "Point", "coordinates": [ -8462507.690099999308586, 5081915.693400003015995 ] } },
{ "type": "Feature", "properties": { "Organizati": "Folcroft Ldfl Dump", "DEP_Client": "Folcroft Ldfl Dump", "DEP_Clie_1": 41789.0, "DEP_Clie_2": "Owner", "SITE_NAME": "Folcroft Ldfl", "Site_ID": 454721.0, "Site_Statu": "Active", "Primary_Fa": "Folcroft Landfill (Dump)", "Primary__1": 482581.0, "Primary__2": "Inactive", "Sub_Facili": "Folcroft Landfill (Dump)", "Sub_Faci_1": 353552.0, "Sub_Faci_2": "Dep Abandoned List", "Sub_Faci_3": "Landfill", "Waste_Oper": "Municipal Waste Operation", "Waste_Op_1": "Unavailable", "EPA_ID": "100535", "COMPLIANCE": "Yes" }, "geometry": { "type": "Point", "coordinates": [ -8378540.016699999570847, 4849655.726599998772144 ] } },
{ "type": "Feature", "properties": { "Organizati": "Fr & S Inc", "DEP_Client": "Fr & S Inc", "DEP_Clie_1": 41780.0, "DEP_Clie_2": "Owner", "SITE_NAME": "Pioneer Crossing Landfill", "Site_ID": 463199.0, "Site_Statu": "Active", "Primary_Fa": "Pioneer Crossing Ldfl", "Primary__1": 494650.0, "Primary__2": "Active", "Sub_Facili": "Pioneer Crossing Landfill", "Sub_Faci_1": 749488.0, "Sub_Faci_2": "Dep Abandoned List", "Sub_Faci_3": "Landfill", "Waste_Oper": "Municipal Waste Operation", "Waste_Op_1": "Unavailable", "EPA_ID": "100346", "COMPLIANCE": "Yes" }, "geometry": { "type": "Point", "coordinates": [ -8439872.727, 4907201.335799999535084 ] } },
{ "type": "Feature", "properties": { "Organizati": "Fred D Thebes", "DEP_Client": "Fred D Thebes", "DEP_Clie_1": 7669.0, "DEP_Clie_2": "Owner", "SITE_NAME": "Fred D Thebes Sani Ldfl", "Site_ID": 444856.0, "Site_Statu": "Active", "Primary_Fa": "Fred D.thebes Sanitary Landfill", "Primary__1": 469697.0, "Primary__2": "Inactive", "Sub_Facili": "Fred D.thebes Sanitary Landfill", "Sub_Faci_1": 324885.0, "Sub_Faci_2": "Inactive", "Sub_Faci_3": "Landfill", "Waste_Oper": "Municipal Waste Operation", "Waste_Op_1": "Unavailable", "EPA_ID": "100063", "COMPLIANCE": "Yes" }, "geometry": { "type": "Point", "coordinates": [ -8593555.468399999663234, 4928505.011100001633167 ] } },
{ "type": "Feature", "properties": { "Organizati": "Freddys Refuse Removal", "DEP_Client": "Freddys Refuse Removal", "DEP_Clie_1": 69989.0, "DEP_Clie_2": "Owner", "SITE_NAME": "Freddys Refuse Sani Ldfl", "Site_ID": 246482.0, "Site_Statu": "Inactive", "Primary_Fa": "Freddys Refuse Sani Ldfl", "Primary__1": 252147.0, "Primary__2": "Inactive", "Sub_Facili": "Freddys Refuse Sani Ldfl", "Sub_Faci_1": 232749.0, "Sub_Faci_2": "Dep Abandoned List", "Sub_Faci_3": "Landfill", "Waste_Oper": "Municipal Waste Operation", "Waste_Op_1": "Unavailable", "EPA_ID": "101227", "COMPLIANCE": "Yes" }, "geometry": { "type": "Point", "coordinates": [ -8402217.792899999767542, 5134210.930699996650219 ] } },
{ "type": "Feature", "properties": { "Organizati": "G & L Ldfl", "DEP_Client": "G & L Ldfl", "DEP_Clie_1": 70314.0, "DEP_Clie_2": "Owner", "SITE_NAME": "G & L Ldfl", "Site_ID": 444763.0, "Site_Statu": "Active", "Primary_Fa": "G & L Landfill", "Primary__1": 469562.0, "Primary__2": "Not Started", "Sub_Facili": "G & L Landfill", "Sub_Faci_1": 324647.0, "Sub_Faci_2": "Inactive", "Sub_Faci_3": "Landfill", "Waste_Oper": "Municipal Waste Operation", "Waste_Op_1": "Unavailable", "EPA_ID": "300792", "COMPLIANCE": "Yes" }, "geometry": { "type": "Point", "coordinates": [ -8652492.9543999992311, 4852670.768899999558926 ] } },
{ "type": "Feature", "properties": { "Organizati": "Glasgow Inc", "DEP_Client": "Glasgow Inc", "DEP_Clie_1": 1753.0, "DEP_Clie_2": "Owner", "SITE_NAME": "Glasgow Montgomery Quarry", "Site_ID": 271769.0, "Site_Statu": "Active", "Primary_Fa": "Glasgow,inc.", "Primary__1": 294836.0, "Primary__2": "Inactive", "Sub_Facili": "Glasgow,inc.", "Sub_Faci_1": 312198.0, "Sub_Faci_2": "Dep Abandoned List", "Sub_Faci_3": "Landfill", "Waste_Oper": "Municipal Waste Operation", "Waste_Op_1": "Unavailable", "EPA_ID": "101436", "COMPLIANCE": "Yes" }, "geometry": { "type": "Point", "coordinates": [ -8384289.003499999642372, 4880272.710699997842312 ] } },
{ "type": "Feature", "properties": { "Organizati": "Grand Ctl Sani Ldfl Inc", "DEP_Client": "Grand Ctl Sani Ldfl Inc", "DEP_Clie_1": 4278.0, "DEP_Clie_2": "Owner", "SITE_NAME": "Grand Ctl Sani Ldfl", "Site_ID": 256036.0, "Site_Statu": "Active", "Primary_Fa": "Grand Ctl Sani Ldfl", "Primary__1": 268821.0, "Primary__2": "Active", "Sub_Facili": "Grand Ctl Sani Ldfl", "Sub_Faci_1": 266934.0, "Sub_Faci_2": "Active", "Sub_Faci_3": "Landfill", "Waste_Oper": "Municipal Waste Operation", "Waste_Op_1": "Unavailable", "EPA_ID": "100265", "COMPLIANCE": "Yes" }, "geometry": { "type": "Point", "coordinates": [ -8378275.941999999806285, 4989546.887900002300739 ] } },
{ "type": "Feature", "properties": { "Organizati": "Greater Lebanon Refuse Auth", "DEP_Client": "Greater Lebanon Refuse Auth", "DEP_Clie_1": 78270.0, "DEP_Clie_2": "Owner", "SITE_NAME": "Greater Lebanon Refuse Ldfl", "Site_ID": 248521.0, "Site_Statu": "Active", "Primary_Fa": "Greater Lebanon Reefuse Authority Lf", "Primary__1": 254906.0, "Primary__2": "Inactive", "Sub_Facili": "Greater Lebanon Reefuse Authority Lf", "Sub_Faci_1": 239464.0, "Sub_Faci_2": "Dep Abandoned List", "Sub_Faci_3": "Landfill", "Waste_Oper": "Municipal Waste Operation", "Waste_Op_1": "Unavailable", "EPA_ID": "100825", "COMPLIANCE": "Yes" }, "geometry": { "type": "Point", "coordinates": [ -8514637.432600000873208, 4919946.474200002849102 ] } },
{ "type": "Feature", "properties": { "Organizati": "Greenlin Storage", "DEP_Client": "Greenlin Storage", "DEP_Clie_1": 158688.0, "DEP_Clie_2": "Owner", "SITE_NAME": "Greenlin Storgae", "Site_ID": 548258.0, "Site_Statu": "Active", "Primary_Fa": "Greenlin Storage Dump", "Primary__1": 643116.0, "Primary__2": "Active", "Sub_Facili": "Greenlin Storage Dump", "Sub_Faci_1": 782729.0, "Sub_Faci_2": "Active", "Sub_Faci_3": "Landfill", "Waste_Oper": "Municipal Waste Operation", "Waste_Op_1": "Unavailable", "EPA_ID": "NOV 22 03 102", "COMPLIANCE": "Yes" }, "geometry": { "type": "Point", "coordinates": [ -8534834.437000000849366, 4892538.705600000917912 ] } },
{ "type": "Feature", "properties": { "Organizati": "Greensburg City Westmoreland Cnty", "DEP_Client": "Greensburg City Westmoreland Cnty", "DEP_Clie_1": 74995.0, "DEP_Clie_2": "Owner", "SITE_NAME": "Greensburg Ldfl", "Site_ID": 238462.0, "Site_Statu": "Inactive", "Primary_Fa": "Municipal Waste Operation", "Primary__1": 241259.0, "Primary__2": "Inactive", "Sub_Facili": "Greensburg Landfill", "Sub_Faci_1": 204148.0, "Sub_Faci_2": "Inactive", "Sub_Faci_3": "Landfill", "Waste_Oper": "Municipal Waste Operation", "Waste_Op_1": "Unavailable", "EPA_ID": "100821", "COMPLIANCE": "Yes" }, "geometry": { "type": "Point", "coordinates": [ -8857630.038200000301003, 4911661.149999998509884 ] } },
{ "type": "Feature", "properties": { "Organizati": "Allied Waste Sys Of Pa Llc", "DEP_Client": "Allied Waste Sys Of Pa Llc", "DEP_Clie_1": 246284.0, "DEP_Clie_2": "Owner", "SITE_NAME": "Imperial Ldfl", "Site_ID": 238922.0, "Site_Statu": "Active", "Primary_Fa": "Allied Waste Systems Of Pa Municipal Waste Operation", "Primary__1": 241838.0, "Primary__2": "Active", "Sub_Facili": "Allied Waste Systems Of Pa Municipal Waste Operation", "Sub_Faci_1": 205385.0, "Sub_Faci_2": "Active", "Sub_Faci_3": "Landfill", "Waste_Oper": "Municipal Waste Operation", "Waste_Op_1": "Unavailable", "EPA_ID": "100620", "COMPLIANCE": "Yes" }, "geometry": { "type": "Point", "coordinates": [ -8936595.137499999254942, 4931648.465800002217293 ] } },
{ "type": "Feature", "properties": { "Organizati": "Ambler Quarry", "DEP_Client": "Ambler Quarry", "DEP_Clie_1": 70002.0, "DEP_Clie_2": "Owner", "SITE_NAME": "Ambler Quarry", "Site_ID": 444755.0, "Site_Statu": "Active", "Primary_Fa": "Ambler Quarry", "Primary__1": 469553.0, "Primary__2": "Inactive", "Sub_Facili": "Ambler Quarry", "Sub_Faci_1": 324633.0, "Sub_Faci_2": "Inactive", "Sub_Faci_3": "Landfill", "Waste_Oper": "Municipal Waste Operation", "Waste_Op_1": "Unavailable", "EPA_ID": "101241", "COMPLIANCE": "Yes" }, "geometry": { "type": "Point", "coordinates": [ -8372215.214299999177456, 4887885.238300003111362 ] } },
{ "type": "Feature", "properties": { "Organizati": "Ap Houser Inc", "DEP_Client": "Ap Houser Inc", "DEP_Clie_1": 830.0, "DEP_Clie_2": "Owner", "SITE_NAME": "Ap Houser Ldfl", "Site_ID": 262620.0, "Site_Statu": "Inactive", "Primary_Fa": "Ap Houser Ldfl", "Primary__1": 281456.0, "Primary__2": "Inactive", "Sub_Facili": "Ap Houser Ldfl", "Sub_Faci_1": 290139.0, "Sub_Faci_2": "Dep Abandoned List", "Sub_Faci_3": "Landfill", "Waste_Oper": "Municipal Waste Operation", "Waste_Op_1": "Unavailable", "EPA_ID": "101383", "COMPLIANCE": "Yes" }, "geometry": { "type": "Point", "coordinates": [ -8405563.24349999986589, 4941146.716899998486042 ] } },
{ "type": "Feature", "properties": { "Organizati": "Arden Ldfl Inc", "DEP_Client": "Arden Ldfl Inc", "DEP_Clie_1": 26859.0, "DEP_Clie_2": "Owner", "SITE_NAME": "Arden Ldfl", "Site_ID": 240453.0, "Site_Statu": "Active", "Primary_Fa": "Arden Ldfl Municipal Waste Operation", "Primary__1": 243892.0, "Primary__2": "Active", "Sub_Facili": "Arden Ldfl", "Sub_Faci_1": 211269.0, "Sub_Faci_2": "Active", "Sub_Faci_3": "Landfill", "Waste_Oper": "Municipal Waste Operation", "Waste_Op_1": "Unavailable", "EPA_ID": "100172", "COMPLIANCE": "Yes" }, "geometry": { "type": "Point", "coordinates": [ -8935397.216099999845028, 4896428.661499999463558 ] } },
{ "type": "Feature", "properties": { "Organizati": "Atlantic Coast Demolition & Recycling", "DEP_Client": "Atlantic Coast Demolition & Recycling", "DEP_Clie_1": 40551.0, "DEP_Clie_2": "Owner", "SITE_NAME": "Atlantic Coast Demolition & Recyclng", "Site_ID": 444392.0, "Site_Statu": "Active", "Primary_Fa": "Atlantic Coast Demolition & Recyclng", "Primary__1": 469039.0, "Primary__2": "Inactive", "Sub_Facili": "Atlantic Coast Demolition & Recyclng", "Sub_Faci_1": 322975.0, "Sub_Faci_2": "Inactive", "Sub_Faci_3": "Landfill", "Waste_Oper": "Municipal Waste Operation", "Waste_Op_1": "Unavailable", "EPA_ID": "101581", "COMPLIANCE": "Yes" }, "geometry": { "type": "Point", "coordinates": [ -8370978.331000000238419, 4858517.729500003159046 ] } },
{ "type": "Feature", "properties": { "Organizati": "Atlantic Concrete Prod Co", "DEP_Client": "Atlantic Concrete Prod Co", "DEP_Clie_1": 86039.0, "DEP_Clie_2": "Owner", "SITE_NAME": "Atlantic Precast Concrete", "Site_ID": 454061.0, "Site_Statu": "Active", "Primary_Fa": "Atlantic Precast Concrete Mw Operation", "Primary__1": 517368.0, "Primary__2": "Inactive", "Sub_Facili": "Atlantic Precast Concrete Landfill", "Sub_Faci_1": 437378.0, "Sub_Faci_2": "Dep Abandoned List", "Sub_Faci_3": "Landfill", "Waste_Oper": "Municipal Waste Operation", "Waste_Op_1": "Unavailable", "EPA_ID": "100874", "COMPLIANCE": "Yes" }, "geometry": { "type": "Point", "coordinates": [ -8327668.914200000464916, 4887810.699500001966953 ] } },
{ "type": "Feature", "properties": { "Organizati": "Bailie Ldfl", "DEP_Client": "Bailie Ldfl", "DEP_Clie_1": 69854.0, "DEP_Clie_2": "Owner", "SITE_NAME": "Bailie Sani Ldfl", "Site_ID": 263524.0, "Site_Statu": "Inactive", "Primary_Fa": "Bailie Landfill Mwo", "Primary__1": 243910.0, "Primary__2": "Inactive", "Sub_Facili": "Landfill", "Sub_Faci_1": 211316.0, "Sub_Faci_2": "Dep Abandoned List", "Sub_Faci_3": "Landfill", "Waste_Oper": "Municipal Waste Operation", "Waste_Op_1": "Unavailable", "EPA_ID": "100593", "COMPLIANCE": "Yes" }, "geometry": { "type": "Point", "coordinates": [ -8882587.228000000119209, 4952424.9983000010252 ] } },
{ "type": "Feature", "properties": { "Organizati": "Baptist Bible Coll", "DEP_Client": "Baptist Bible Coll", "DEP_Clie_1": 70152.0, "DEP_Clie_2": "Owner", "SITE_NAME": "Bbc Demolition Ldfl", "Site_ID": 236951.0, "Site_Statu": "Inactive", "Primary_Fa": "Bbc Demolition Ldfl", "Primary__1": 239119.0, "Primary__2": "Inactive", "Sub_Facili": "Bbc Demolition Ldfl", "Sub_Faci_1": 196771.0, "Sub_Faci_2": "Inactive", "Sub_Faci_3": "Landfill", "Waste_Oper": "Municipal Waste Operation", "Waste_Op_1": "Unavailable", "EPA_ID": "101370", "COMPLIANCE": "Yes" }, "geometry": { "type": "Point", "coordinates": [ -8425061.050300000235438, 5085713.081200003623962 ] } },
{ "type": "Feature", "properties": { "Organizati": "Beltrami Enterprises Inc", "DEP_Client": "Beltrami Enterprises Inc", "DEP_Clie_1": 29410.0, "DEP_Clie_2": "Owner", "SITE_NAME": "Tri Cnty Sani Ldfl", "Site_ID": 256078.0, "Site_Statu": "Inactive", "Primary_Fa": "Tri-county Sanitary Landfill", "Primary__1": 268944.0, "Primary__2": "Unpermitted Inactive", "Sub_Facili": "Tri-county Sanitary Landfill", "Sub_Faci_1": 267238.0, "Sub_Faci_2": "Inactive", "Sub_Faci_3": "Landfill", "Waste_Oper": "Municipal Waste Operation", "Waste_Op_1": "Unavailable", "EPA_ID": "101480", "COMPLIANCE": "Yes" }, "geometry": { "type": "Point", "coordinates": [ -8440089.181500000879169, 5010170.381899997591972 ] } },
{ "type": "Feature", "properties": { "Organizati": "Beltrami Enterprises Inc", "DEP_Client": "Beltrami Enterprises Inc", "DEP_Clie_1": 29410.0, "DEP_Clie_2": "Owner", "SITE_NAME": "Tri Cnty Sani Ldfl", "Site_ID": 256078.0, "Site_Statu": "Inactive", "Primary_Fa": "Tri-county Sanitary Landfill", "Primary__1": 268945.0, "Primary__2": "Unpermitted Inactive", "Sub_Facili": "Tri-county Sanitary Landfill", "Sub_Faci_1": 267239.0, "Sub_Faci_2": "Inactive", "Sub_Faci_3": "Landfill", "Waste_Oper": "Municipal Waste Operation", "Waste_Op_1": "Unavailable", "EPA_ID": "101510", "COMPLIANCE": "Yes" }, "geometry": { "type": "Point", "coordinates": [ -8440089.181500000879169, 5010170.381899997591972 ] } },
{ "type": "Feature", "properties": { "Organizati": "Bethayres Reclamation Corp", "DEP_Client": "Bethayres Reclamation Corp", "DEP_Clie_1": 51975.0, "DEP_Clie_2": "Owner", "SITE_NAME": "Bethayres Reclamation", "Site_ID": 444862.0, "Site_Statu": "Active", "Primary_Fa": "Bethayres Reclamation Corp", "Primary__1": 544379.0, "Primary__2": "Inactive", "Sub_Facili": "Bethayres Reclamation Cd Landfill", "Sub_Faci_1": 437479.0, "Sub_Faci_2": "Inactive", "Sub_Faci_3": "Landfill", "Waste_Oper": "Municipal Waste Operation", "Waste_Op_1": "Unavailable", "EPA_ID": "101168", "COMPLIANCE": "Yes" }, "geometry": { "type": "Point", "coordinates": [ -8357465.381699999794364, 4883719.207900002598763 ] } },
{ "type": "Feature", "properties": { "Organizati": "Bethlehem Ldfl Co", "DEP_Client": "Bethlehem Ldfl Co", "DEP_Clie_1": 112995.0, "DEP_Clie_2": "Owner", "SITE_NAME": "Bethlehem Ldfl Co", "Site_ID": 255983.0, "Site_Statu": "Active", "Primary_Fa": "Iesi Pa Bethlehem Ldfl", "Primary__1": 268729.0, "Primary__2": "Active", "Sub_Facili": "Iesi Pa Bethlehem Ldfl", "Sub_Faci_1": 266826.0, "Sub_Faci_2": "Active", "Sub_Faci_3": "Landfill", "Waste_Oper": "Municipal Waste Operation", "Waste_Op_1": "Unavailable", "EPA_ID": "100020", "COMPLIANCE": "No" }, "geometry": { "type": "Point", "coordinates": [ -8382883.332100000232458, 4957144.870999999344349 ] } },
{ "type": "Feature", "properties": { "Organizati": "Bfi Waste Svc Of Pa Llc", "DEP_Client": "Bfi Waste Svc Of Pa Llc", "DEP_Clie_1": 155498.0, "DEP_Clie_2": "Owner", "SITE_NAME": "Forestlawn Dspl Ldfl", "Site_ID": 1398.0, "Site_Statu": "Active", "Primary_Fa": "Forestlawn Disp Ldfl", "Primary__1": 1807.0, "Primary__2": "Inactive", "Sub_Facili": "Forestlawn Disp Ldfl", "Sub_Faci_1": 6171.0, "Sub_Faci_2": "Inactive", "Sub_Faci_3": "Landfill", "Waste_Oper": "Municipal Waste Operation", "Waste_Op_1": "Unavailable", "EPA_ID": "101375", "COMPLIANCE": "Yes" }, "geometry": { "type": "Point", "coordinates": [ -8724170.3377, 5012423.608599998056889 ] } },
{ "type": "Feature", "properties": { "Organizati": "Bfi Waste Svc Of Pa Llc", "DEP_Client": "Bfi Waste Svc Of Pa Llc", "DEP_Clie_1": 155498.0, "DEP_Clie_2": "Owner", "SITE_NAME": "Mon Valley Sani Ldfl", "Site_ID": 240471.0, "Site_Statu": "Active", "Primary_Fa": "Mon Valley Ldfl Mwo", "Primary__1": 243913.0, "Primary__2": "Inactive", "Sub_Facili": "Blackburn Landfill", "Sub_Faci_1": 211319.0, "Sub_Faci_2": "Inactive", "Sub_Faci_3": "Landfill", "Waste_Oper": "Municipal Waste Operation", "Waste_Op_1": "Unavailable", "EPA_ID": "100590", "COMPLIANCE": "Yes" }, "geometry": { "type": "Point", "coordinates": [ -8895509.587200000882149, 4882627.431699998676777 ] } },
{ "type": "Feature", "properties": { "Organizati": "Bowmanstown Muni Auth", "DEP_Client": "Bowmanstown Muni Auth", "DEP_Clie_1": 34639.0, "DEP_Clie_2": "Owner", "SITE_NAME": "Bowmanstown Boro Ldfl", "Site_ID": 252208.0, "Site_Statu": "Inactive", "Primary_Fa": "Bowmanstown Boro Landfill", "Primary__1": 261138.0, "Primary__2": "Inactive", "Sub_Facili": "Bowmanstown Boro Landfill", "Sub_Faci_1": 253391.0, "Sub_Faci_2": "Dep Abandoned List", "Sub_Faci_3": "Landfill", "Waste_Oper": "Municipal Waste Operation", "Waste_Op_1": "Unavailable", "EPA_ID": "100751", "COMPLIANCE": "Yes" }, "geometry": { "type": "Point", "coordinates": [ -8424714.939400000497699, 4981834.145599998533726 ] } },
{ "type": "Feature", "properties": { "Organizati": "Boyertown Sani Dspl Co Inc", "DEP_Client": "Boyertown Sani Dspl Co Inc", "DEP_Clie_1": 187948.0, "DEP_Clie_2": "Owner", "SITE_NAME": "Boyertown Sani Dspl", "Site_ID": 253575.0, "Site_Statu": "Active", "Primary_Fa": "Boyertown Sani Dspl", "Primary__1": 263755.0, "Primary__2": "Inactive", "Sub_Facili": "Boyertown Sanitary Disposal", "Sub_Faci_1": 258142.0, "Sub_Faci_2": "Dep Abandoned List", "Sub_Faci_3": "Landfill", "Waste_Oper": "Municipal Waste Operation", "Waste_Op_1": "Unavailable", "EPA_ID": "100550", "COMPLIANCE": "Yes" }, "geometry": { "type": "Point", "coordinates": [ -8417783.826099999248981, 4911738.119800001382828 ] } },
{ "type": "Feature", "properties": { "Organizati": "Butler Area Sew Auth", "DEP_Client": "Butler Area Sew Auth", "DEP_Clie_1": 78363.0, "DEP_Clie_2": "Owner", "SITE_NAME": "Butler Area Stp", "Site_ID": 262833.0, "Site_Statu": "Active", "Primary_Fa": "Butler Area Sewer Auth Ldfl", "Primary__1": 238475.0, "Primary__2": "Inactive", "Sub_Facili": "Butler Area Sewer Auth Ldfl", "Sub_Faci_1": 195025.0, "Sub_Faci_2": "Inactive", "Sub_Faci_3": "Landfill", "Waste_Oper": "Municipal Waste Operation", "Waste_Op_1": "Unavailable", "EPA_ID": "101276", "COMPLIANCE": "Yes" }, "geometry": { "type": "Point", "coordinates": [ -8896282.6393, 4989015.509800001978874 ] } },
{ "type": "Feature", "properties": { "Organizati": "Casella Waste Mgmt Of Pa Inc", "DEP_Client": "Casella Waste Mgmt Of Pa Inc", "DEP_Clie_1": 92710.0, "DEP_Clie_2": "Owner", "SITE_NAME": "Mckean Cnty Ldfl", "Site_ID": 237360.0, "Site_Statu": "Active", "Primary_Fa": "Mckean Cnty Ldfl", "Primary__1": 239699.0, "Primary__2": "Active", "Sub_Facili": "Mckean Cnty Ldfl", "Sub_Faci_1": 198503.0, "Sub_Faci_2": "Active", "Sub_Faci_3": "Landfill", "Waste_Oper": "Municipal Waste Operation", "Waste_Op_1": "Unavailable", "EPA_ID": "100361", "COMPLIANCE": "Yes" }, "geometry": { "type": "Point", "coordinates": [ -8753917.3794, 5108487.563199996948242 ] } },
{ "type": "Feature", "properties": { "Organizati": "Centre Cnty Recycling & Refuse Auth", "DEP_Client": "Centre Cnty Recycling & Refuse Auth", "DEP_Clie_1": 23684.0, "DEP_Clie_2": "Owner", "SITE_NAME": "Moshannon Valley Sani Ldfl", "Site_ID": 239085.0, "Site_Statu": "Active", "Primary_Fa": "Moshannon Valley Sanitary Ldfl", "Primary__1": 242065.0, "Primary__2": "Inactive", "Sub_Facili": "Moshannon Valley Sanitary Ldfl", "Sub_Faci_1": 206383.0, "Sub_Faci_2": "Dep Abandoned List", "Sub_Faci_3": "Landfill", "Waste_Oper": "Municipal Waste Operation", "Waste_Op_1": "Unavailable", "EPA_ID": "101134", "COMPLIANCE": "Yes" }, "geometry": { "type": "Point", "coordinates": [ -8701751.82909999974072, 4999116.650499999523163 ] } },
{ "type": "Feature", "properties": { "Organizati": "Cherry Ridge Airport Demolition Site", "DEP_Client": "Cherry Ridge Airport Demolition Site", "DEP_Clie_1": 41896.0, "DEP_Clie_2": "Owner", "SITE_NAME": "Cherry Ridge Restaurant", "Site_ID": 250131.0, "Site_Statu": "Active", "Primary_Fa": "Cherry Ridge Airport Demolition Site", "Primary__1": 257613.0, "Primary__2": "Inactive", "Sub_Facili": "Cherry Ridge Airport Demolition Site", "Sub_Faci_1": 245643.0, "Sub_Faci_2": "Inactive", "Sub_Faci_3": "Landfill", "Waste_Oper": "Municipal Waste Operation", "Waste_Op_1": "Unavailable", "EPA_ID": "101185", "COMPLIANCE": "Yes" }, "geometry": { "type": "Point", "coordinates": [ -8376884.448400000110269, 5088066.562200002372265 ] } },
{ "type": "Feature", "properties": { "Organizati": "Chrin Bros Inc", "DEP_Client": "Chrin Bros Inc", "DEP_Clie_1": 42952.0, "DEP_Clie_2": "Owner", "SITE_NAME": "Chrin Bros Sani Ldfl", "Site_ID": 238053.0, "Site_Statu": "Active", "Primary_Fa": "Chrin Bros Sani Ldfl", "Primary__1": 240650.0, "Primary__2": "Active", "Sub_Facili": "Chrin Bros Sani Ldfl", "Sub_Faci_1": 201820.0, "Sub_Faci_2": "Active", "Sub_Faci_3": "Landfill", "Waste_Oper": "Municipal Waste Operation", "Waste_Op_1": "Unavailable", "EPA_ID": "100022", "COMPLIANCE": "Yes" }, "geometry": { "type": "Point", "coordinates": [ -8374070.539100000634789, 4963176.406000003218651 ] } },
{ "type": "Feature", "properties": { "Organizati": "Christman Ldfl", "DEP_Client": "Christman Ldfl", "DEP_Clie_1": 51816.0, "DEP_Clie_2": "Owner", "SITE_NAME": "Christman Ldfl", "Site_ID": 240368.0, "Site_Statu": "Inactive", "Primary_Fa": "Christman Ldfl", "Primary__1": 243775.0, "Primary__2": "Inactive", "Sub_Facili": "Christman Ldfl", "Sub_Faci_1": 210891.0, "Sub_Faci_2": "Dep Abandoned List", "Sub_Faci_3": "Landfill", "Waste_Oper": "Municipal Waste Operation", "Waste_Op_1": "Unavailable", "EPA_ID": "100341", "COMPLIANCE": "Yes" }, "geometry": { "type": "Point", "coordinates": [ -8448314.813699999824166, 4946075.388099998235703 ] } },
{ "type": "Feature", "properties": { "Organizati": "Coaldale Boro Schuylkill Cnty", "DEP_Client": "Coaldale Boro Schuylkill Cnty", "DEP_Clie_1": 63512.0, "DEP_Clie_2": "Owner", "SITE_NAME": "Coaldale Boro Ldfl", "Site_ID": 251857.0, "Site_Statu": "Inactive", "Primary_Fa": "Coaldale Boro Landfill", "Primary__1": 260426.0, "Primary__2": "Inactive", "Sub_Facili": "Coaldale Boro Landfill", "Sub_Faci_1": 252043.0, "Sub_Faci_2": "Dep Abandoned List", "Sub_Faci_3": "Landfill", "Waste_Oper": "Municipal Waste Operation", "Waste_Op_1": "Unavailable", "EPA_ID": "100261", "COMPLIANCE": "Yes" }, "geometry": { "type": "Point", "coordinates": [ -8452711.955299999564886, 4983678.531000003218651 ] } },
{ "type": "Feature", "properties": { "Organizati": "Coatesville Sani Ldfl", "DEP_Client": "Coatesville Sani Ldfl", "DEP_Clie_1": 91349.0, "DEP_Clie_2": "Owner", "SITE_NAME": "Coatesville Sani Ldfl", "Site_ID": 452542.0, "Site_Statu": "Inactive", "Primary_Fa": "Coatesville Sani Ldfl", "Primary__1": 479840.0, "Primary__2": "Inactive", "Sub_Facili": "Coatesville Sani Ldfl", "Sub_Faci_1": 347268.0, "Sub_Faci_2": "Dep Abandoned List", "Sub_Faci_3": "Landfill", "Waste_Oper": "Municipal Waste Operation", "Waste_Op_1": "Unavailable", "EPA_ID": "100712", "COMPLIANCE": "Yes" }, "geometry": { "type": "Point", "coordinates": [ -8441214.807199999690056, 4865591.102300003170967 ] } },
{ "type": "Feature", "properties": { "Organizati": "Columbia Cnty Swa Ldfl", "DEP_Client": "Columbia Cnty Swa Ldfl", "DEP_Clie_1": 42022.0, "DEP_Clie_2": "Owner", "SITE_NAME": "Columbia Cnty Ldfl", "Site_ID": 482469.0, "Site_Statu": "Inactive", "Primary_Fa": "Columbia Cnty Landfill", "Primary__1": 511561.0, "Primary__2": "Inactive", "Sub_Facili": "Columbia Cnty Landfill", "Sub_Faci_1": 390856.0, "Sub_Faci_2": "Inactive", "Sub_Faci_3": "Landfill", "Waste_Oper": "Municipal Waste Operation", "Waste_Op_1": "Unavailable", "EPA_ID": "101924", "COMPLIANCE": "Yes" }, "geometry": { "type": "Point", "coordinates": [ -8511117.201099999248981, 5016275.7871999964118 ] } },
{ "type": "Feature", "properties": { "Organizati": "Comm Refuse Svc Llc", "DEP_Client": "Comm Refuse Svc Llc", "DEP_Clie_1": 77240.0, "DEP_Clie_2": "Owner", "SITE_NAME": "Comm Refuse Svc Cumberland Cnty Ldfl", "Site_ID": 254520.0, "Site_Statu": "Active", "Primary_Fa": "Cumberland County Landfill", "Primary__1": 265792.0, "Primary__2": "Active", "Sub_Facili": "Cumberland County Landfill", "Sub_Faci_1": 261691.0, "Sub_Faci_2": "Active", "Sub_Faci_3": "Landfill", "Waste_Oper": "Municipal Waste Operation", "Waste_Op_1": "Unavailable", "EPA_ID": "100945", "COMPLIANCE": "Yes" }, "geometry": { "type": "Point", "coordinates": [ -8627662.523499999195337, 4885984.016599997878075 ] } },
{ "type": "Feature", "properties": { "Organizati": "Cranberry Env Inc", "DEP_Client": "Cranberry Env Inc", "DEP_Clie_1": 112489.0, "DEP_Clie_2": "Owner", "SITE_NAME": "Cranberry Env Const & Demolition Ldfl", "Site_ID": 485326.0, "Site_Statu": "Proposed But Never Materialized", "Primary_Fa": "Cranberry Env Inc Const & Demolition Waste Ldfl", "Primary__1": 514110.0, "Primary__2": "Proposed But Never Materialized", "Sub_Facili": "Const & Demolition Waste Ldfl", "Sub_Faci_1": 394183.0, "Sub_Faci_2": "Proposed But Never Materialized", "Sub_Faci_3": "Landfill", "Waste_Oper": "Municipal Waste Operation", "Waste_Op_1": "Unavailable", "EPA_ID": "101664", "COMPLIANCE": "Yes" }, "geometry": { "type": "Point", "coordinates": [ -8453540.286599999293685, 5009801.721799999475479 ] } },
{ "type": "Feature", "properties": { "Organizati": "Delta Trucking & Excav", "DEP_Client": "Delta Trucking & Excav", "DEP_Clie_1": 62166.0, "DEP_Clie_2": "Owner", "SITE_NAME": "Delta Demo Ldfl", "Site_ID": 240483.0, "Site_Statu": "Inactive", "Primary_Fa": "Delta Demo Debris Site No 7", "Primary__1": 243926.0, "Primary__2": "Under Reclamation", "Sub_Facili": "Delta Demo Debris Site No 7", "Sub_Faci_1": 211360.0, "Sub_Faci_2": "Inactive", "Sub_Faci_3": "Landfill", "Waste_Oper": "Municipal Waste Operation", "Waste_Op_1": "Unavailable", "EPA_ID": "101060", "COMPLIANCE": "Yes" }, "geometry": { "type": "Point", "coordinates": [ -8778716.8882, 4904729.034999996423721 ] } },
{ "type": "Feature", "properties": { "Organizati": "Derry Twp Dauphin Cnty", "DEP_Client": "Derry Twp Dauphin Cnty", "DEP_Clie_1": 62437.0, "DEP_Clie_2": "Owner", "SITE_NAME": "Derry Twp Ldfl", "Site_ID": 445487.0, "Site_Statu": "Active", "Primary_Fa": "Derry Township Landfill", "Primary__1": 244296.0, "Primary__2": "Active", "Sub_Facili": "Derry Township Landfill", "Sub_Faci_1": 212301.0, "Sub_Faci_2": "Active", "Sub_Faci_3": "Landfill", "Waste_Oper": "Municipal Waste Operation", "Waste_Op_1": "Unavailable", "EPA_ID": "100130", "COMPLIANCE": "Yes" }, "geometry": { "type": "Point", "coordinates": [ -8534046.981499999761581, 4906371.574699997901917 ] } },
{ "type": "Feature", "properties": { "Organizati": "Douglas Bros", "DEP_Client": "Douglas Bros", "DEP_Clie_1": 259474.0, "DEP_Clie_2": "Owner", "SITE_NAME": "Douglas Bros Const", "Site_ID": 731557.0, "Site_Statu": "Active", "Primary_Fa": "Douglas Bros Const", "Primary__1": 728294.0, "Primary__2": "Unpermitted Active", "Sub_Facili": "Douglas Bros Const", "Sub_Faci_1": 1009663.0, "Sub_Faci_2": "Unpermitted Active", "Sub_Faci_3": "Landfill", "Waste_Oper": "Municipal Waste Operation", "Waste_Op_1": "Non-captive", "EPA_ID": "728294", "COMPLIANCE": "Yes" }, "geometry": { "type": "Point", "coordinates": [ -8513158.058399999514222, 4869293.215899996459484 ] } },
{ "type": "Feature", "properties": { "Organizati": "Drumore Twp Lancaster Cnty", "DEP_Client": "Drumore Twp Lancaster Cnty", "DEP_Clie_1": 117052.0, "DEP_Clie_2": "Owner", "SITE_NAME": "Drumore Twp Sani Ldfl", "Site_ID": 241994.0, "Site_Statu": "Inactive", "Primary_Fa": "Drumore Township Sanitary Landfill", "Primary__1": 245996.0, "Primary__2": "Inactive", "Sub_Facili": "Drumore Township Sanitary Landfill", "Sub_Faci_1": 216366.0, "Sub_Faci_2": "Dep Abandoned List", "Sub_Faci_3": "Landfill", "Waste_Oper": "Municipal Waste Operation", "Waste_Op_1": "Unavailable", "EPA_ID": "101030", "COMPLIANCE": "Yes" }, "geometry": { "type": "Point", "coordinates": [ -8486914.383400000631809, 4839174.788500003516674 ] } },
{ "type": "Feature", "properties": { "Organizati": "Eagles Mere Boro Sullivan Cnty", "DEP_Client": "Eagles Mere Boro Sullivan Cnty", "DEP_Clie_1": 113266.0, "DEP_Clie_2": "Owner", "SITE_NAME": "Eagles Mere Ldfl", "Site_ID": 545137.0, "Site_Statu": "Inactive", "Primary_Fa": "Eagles Mere Ldfd/mw", "Primary__1": 563675.0, "Primary__2": "Inactive", "Sub_Facili": "Mw/lf", "Sub_Faci_1": 544863.0, "Sub_Faci_2": "Dep Abandoned List", "Sub_Faci_3": "Landfill", "Waste_Oper": "Municipal Waste Operation", "Waste_Op_1": "Unavailable", "EPA_ID": "100471", "COMPLIANCE": "Yes" }, "geometry": { "type": "Point", "coordinates": [ -8528024.776399999856949, 5069827.681000001728535 ] } },
{ "type": "Feature", "properties": { "Organizati": "East Side Ldfl Auth", "DEP_Client": "East Side Ldfl Auth", "DEP_Clie_1": 69881.0, "DEP_Clie_2": "Owner", "SITE_NAME": "East Side Ldfl", "Site_ID": 257489.0, "Site_Statu": "Inactive", "Primary_Fa": "East Side Ldfl", "Primary__1": 271402.0, "Primary__2": "Unpermitted Inactive", "Sub_Facili": "East Side Ldfl", "Sub_Faci_1": 272484.0, "Sub_Faci_2": "Dep Abandoned List", "Sub_Faci_3": "Landfill", "Waste_Oper": "Municipal Waste Operation", "Waste_Op_1": "Unavailable", "EPA_ID": "100768", "COMPLIANCE": "Yes" }, "geometry": { "type": "Point", "coordinates": [ -8441171.485300000756979, 5051817.019599996507168 ] } },
{ "type": "Feature", "properties": { "Organizati": "Empire Wrecking Co Reading Pa", "DEP_Client": "Empire Wrecking Co Reading Pa", "DEP_Clie_1": 50958.0, "DEP_Clie_2": "Owner", "SITE_NAME": "Empire Wrecking Reading Pa", "Site_ID": 451215.0, "Site_Statu": "Active", "Primary_Fa": "Empire Wrecking Co Ldfl", "Primary__1": 478004.0, "Primary__2": "Inactive", "Sub_Facili": "Empire Wrecking Co Ldfl", "Sub_Faci_1": 342679.0, "Sub_Faci_2": "Inactive", "Sub_Faci_3": "Landfill", "Waste_Oper": "Municipal Waste Operation", "Waste_Op_1": "Unavailable", "EPA_ID": "101422", "COMPLIANCE": "Yes" }, "geometry": { "type": "Point", "coordinates": [ -8477721.353900000452995, 4920505.657899998128414 ] } },
{ "type": "Feature", "properties": { "Organizati": "Harry H & Theodore H Hosselrode", "DEP_Client": "Harry H & Theodore H Hosselrode", "DEP_Clie_1": 223798.0, "DEP_Clie_2": "Owner", "SITE_NAME": "Hosselrode Hollow Prop", "Site_ID": 631304.0, "Site_Statu": "Active", "Primary_Fa": "Hosselrode Hollow Prop", "Primary__1": 648458.0, "Primary__2": "Active", "Sub_Facili": "Hosselrode Hollow Prop", "Sub_Faci_1": 793607.0, "Sub_Faci_2": "Active", "Sub_Faci_3": "Landfill", "Waste_Oper": "Municipal Waste Operation", "Waste_Op_1": "Unavailable", "EPA_ID": "648458", "COMPLIANCE": "Yes" }, "geometry": { "type": "Point", "coordinates": [ -8768045.677999999374151, 4830113.564900003373623 ] } },
{ "type": "Feature", "properties": { "Organizati": "Heleva Ldfl Inc", "DEP_Client": "Heleva Ldfl Inc", "DEP_Clie_1": 63494.0, "DEP_Clie_2": "Owner", "SITE_NAME": "Heleva Ldfl", "Site_ID": 249427.0, "Site_Statu": "Active", "Primary_Fa": "Heleva Ldfl", "Primary__1": 256560.0, "Primary__2": "Inactive", "Sub_Facili": "Heleva Ldfl", "Sub_Faci_1": 242558.0, "Sub_Faci_2": "Dep Abandoned List", "Sub_Faci_3": "Landfill", "Waste_Oper": "Municipal Waste Operation", "Waste_Op_1": "Unavailable", "EPA_ID": "100440", "COMPLIANCE": "Yes" }, "geometry": { "type": "Point", "coordinates": [ -8410985.8695, 4963636.540500000119209 ] } },
{ "type": "Feature", "properties": { "Organizati": "Huston Twp Clearfield Cnty", "DEP_Client": "Huston Twp Clearfield Cnty", "DEP_Clie_1": 35809.0, "DEP_Clie_2": "Owner", "SITE_NAME": "Huston Twp Ldfl", "Site_ID": 241943.0, "Site_Statu": "Inactive", "Primary_Fa": "Huston Township Landfill", "Primary__1": 245918.0, "Primary__2": "Under Reclamation", "Sub_Facili": "Huston Township Landfill", "Sub_Faci_1": 216141.0, "Sub_Faci_2": "Dep Abandoned List", "Sub_Faci_3": "Landfill", "Waste_Oper": "Municipal Waste Operation", "Waste_Op_1": "Unavailable", "EPA_ID": "100385", "COMPLIANCE": "Yes" }, "geometry": { "type": "Point", "coordinates": [ -8750880.831000000238419, 5047497.90820000320673 ] } }
]
}
