{
"type": "FeatureCollection",
"name": "Recycling_Donation_Sites",
"crs": { "type": "name", "properties": { "name": "urn:ogc:def:crs:OGC:1.3:CRS84" } },
"features": [
{ "type": "Feature", "properties": { "organizati": "C.J Environmental", "street_add": null, "phone_numb": "(267) 765-5757", "website": "https://cjenvironmental.com/", "hide_on_fi": null, "services_o": [ "Source-separated recycling" ], "tags": [ "refining", "refine", "recycle", "recycling", "metal", "precious", "gold", "silver", "platinum", "palladium", "scrap" ], "lat": null, "lon": null }, "geometry": null },
{ "type": "Feature", "properties": { "organizati": "TBS Industries", "street_add": "4211 Van Kirk St., Philadelphia, PA 19135", "phone_numb": "(215) 535-6500", "website": "www.tbsindustries.com", "hide_on_fi": null, "services_o": [ "Electronic/universal waste", "Source-separated recycling" ], "tags": "[\"recycle\", \"recycling\", \"computer\", \"laptop\", \"monitor\", \"printer\", \"copier\", \"fax\", \"machine\", \"CRT\", \"TV\", \"television\", \"circuit\", \"board\", \"LCD\", \"keyboard\", \"peripheral\", \"network\", \"equipment\", \"server\", \"telecom\", \"cell\", \"phone\", \"telephone\", \"D", "lat": 40.021170130224853, "lon": -75.065978058849666 }, "geometry": { "type": "Point", "coordinates": [ -75.065978058849666, 40.021170130224853 ] } },
{ "type": "Feature", "properties": { "organizati": "Best Buy Roosevelt Blvd.", "street_add": "9940 Roosevelt Blvd., Philadelphia, PA 19115", "phone_numb": "(215) 676-7206", "website": "https://www.bestbuy.com/site/services/recycling/pcmcat149900050025.c?id=pcmcat149900050025", "hide_on_fi": null, "services_o": [ "Electronic/universal waste", "Source-separated recycling" ], "tags": [ "retail", "store", "e-waste", "e", "waste", "recycle", "recycling", "electronic", "ink", "toner", "hair", "game", "TV" ], "lat": 40.094921403451536, "lon": -75.017737481220806 }, "geometry": { "type": "Point", "coordinates": [ -75.017737481220806, 40.094921403451536 ] } },
{ "type": "Feature", "properties": { "organizati": "Best Transmission Services", "street_add": "427 W Queen Ln, Philadelphia, PA 19144", "phone_numb": "(215) 843-5000", "website": null, "hide_on_fi": null, "services_o": [ "Used motor oil" ], "tags": [ "motor", "oil", "collection", "recycling", "disposal", "dispose", "recycle" ], "lat": 40.025033796070431, "lon": -75.176270760817829 }, "geometry": { "type": "Point", "coordinates": [ -75.176270760817829, 40.025033796070431 ] } },
{ "type": "Feature", "properties": { "organizati": "The Wardrobe", "street_add": "413 N 4th St. Philadelphia, PA 19123", "phone_numb": "(215) 568-6693", "website": "https://careerwardrobe.org/get-involved/clothing-donations/", "hide_on_fi": null, "services_o": [ "Textile donation or recycling" ], "tags": [ "professional", "clothing", "clothes", "suit", "dress", "shoe", "purse", "handbag", "uniform", "scrub", "steel-toed boot", "coat", "formal", "women", "men", "khaki", "donate", "donation" ], "lat": 39.957960637702712, "lon": -75.145608157583609 }, "geometry": { "type": "Point", "coordinates": [ -75.145608157583624, 39.957960637702712 ] } },
{ "type": "Feature", "properties": { "organizati": "Circle Compost", "street_add": "P.O. Box 2038 Philadelphia, PA 19103", "phone_numb": "(267) 388-1493", "website": "https://www.circlecompost.com/", "hide_on_fi": null, "services_o": [ "Organic waste", "Yard waste" ], "tags": "[\"organic\", \"waste\", \"recycling\", \"recycle\", \"compost\", \"food\", \"paper\", \"bag\", \"coffee\", \"ground\", \"filter\", \"corn\", \"cob\", \"cork\", \"egg\", \"carton\", \"eggshell\", \"ashes\", \"ash\", \"wood\", \"flower\", \"fruit\", \"vegetable\", \"pit\", \"scrap\", \"rotten\", \"spoiled\",", "lat": null, "lon": null }, "geometry": null },
{ "type": "Feature", "properties": { "organizati": "CHOP (The Children's Hospital of Philadelphia)", "street_add": "3401 Civic Center Blvd. Philadelphia, PA 19104", "phone_numb": "(215) 590-1000", "website": "https://www.chop.edu/pages/chop-s-green-initiatives", "hide_on_fi": null, "services_o": [ "All other donations" ], "tags": [ "toy", "craft", "supplies", "book", "video game", "movie", "DVD", "new", "non-toxic", "donation", "donate", "children", "kid" ], "lat": 39.948781017804677, "lon": -75.193845193438293 }, "geometry": { "type": "Point", "coordinates": [ -75.193845193438293, 39.948781017804677 ] } },
{ "type": "Feature", "properties": { "organizati": "NDV Recycling", "street_add": "3630 N. 2nd St. Philadelphia, PA 19140", "phone_numb": "(215) 423-0690", "website": "https://www.ndvrecycling.com/", "hide_on_fi": null, "services_o": [ "Source-separated recycling" ], "tags": "[\"recycle\", \"recycling\", \"e-scrap\", \"light\", \"heavy\", \"iron\", \"cast\", \"steel\", \"insulated\", \"wire\", \"auto\", \"automobile\", \"car\", \"batteries\", \"battery\", \"motor\", \"transmission\", \"aluminum\", \"can\", \"copper\", \"brass\", \"stainless\", \"container\", \"roll-off\",", "lat": 40.005558283319417, "lon": -75.132579494974607 }, "geometry": { "type": "Point", "coordinates": [ -75.132579494974607, 40.005558283319417 ] } },
{ "type": "Feature", "properties": { "organizati": "Tinari Container Service, Inc.", "street_add": "1040 Industrial Boulevard, Southampton, PA 18966", "phone_numb": "(215) 322-9135", "website": "www.tinaricontainer.com", "hide_on_fi": null, "services_o": [ "Construction and demolition debris" ], "tags": [ "dumpster", "home", "improvement", "project", "moving", "yard", "waste", "clean out", "rental" ], "lat": 39.880601457308195, "lon": -75.245031589302556 }, "geometry": { "type": "Point", "coordinates": [ -75.245031589302556, 39.880601457308188 ] } },
{ "type": "Feature", "properties": { "organizati": "Nicholas Scrap Metal Inc.", "street_add": "3812 Old York Rd, Philadelphia, PA 19140", "phone_numb": "(215) 225-2121", "website": "https://www.nicholasscrapmetal.com", "hide_on_fi": null, "services_o": [ "Source-separated recycling" ], "tags": [ "recycle", "recycling", "metal", "large", "small", "aluminum", "copper", "brass", "wire", "iron", "steel", "lead", "battery", "batteries", "scrap" ], "lat": 40.011321000270286, "lon": -75.147629515969399 }, "geometry": { "type": "Point", "coordinates": [ -75.147629515969399, 40.011321000270286 ] } },
{ "type": "Feature", "properties": { "organizati": "Fop Senior Citizens Inc", "street_add": "730 Byberry Road, Philadelphia, PA 19116", "phone_numb": "215-677-9120", "website": null, "hide_on_fi": null, "services_o": [ "Source-separated recycling" ], "tags": [ "paper" ], "lat": 40.121673468874349, "lon": -75.013533020787634 }, "geometry": { "type": "Point", "coordinates": [ -75.013533020787634, 40.121673468874349 ] } },
{ "type": "Feature", "properties": { "organizati": "Nike Factory Store", "street_add": "1766 Franklin Mills Cir. Space 537A , Philadelphia PA 19154", "phone_numb": "(215) 281-3523", "website": "https://www.nike.com/sustainability", "hide_on_fi": null, "services_o": [ "Source-separated recycling", "Textile donation or recycling" ], "tags": [ "shoe", "athletic", "Nike", "recycle", "recycling", "dropbox", "sneaker", "runner", "men", "women", "kid", "child", "children" ], "lat": 40.09172049387093, "lon": -74.958287606092469 }, "geometry": { "type": "Point", "coordinates": [ -74.958287606092469, 40.09172049387093 ] } },
{ "type": "Feature", "properties": { "organizati": "Tree House Books", "street_add": "1430 W. Susquehanna Ave, Philadelphia, PA, 19121", "phone_numb": "(215) 236-1760", "website": "http://www.treehousebooks.org/", "hide_on_fi": null, "services_o": [ "All other donations" ], "tags": [ "book", "family", "literature", "donation", "school", "kids", "children", "education", "reading", "writing", "free", "library" ], "lat": 39.986267423717045, "lon": -75.157535535251142 }, "geometry": { "type": "Point", "coordinates": [ -75.157535535251128, 39.986267423717045 ] } },
{ "type": "Feature", "properties": { "organizati": "Old First Reformed Church of Philadelphia", "street_add": "151 N 4th Street, Philadelphia, PA 19106", "phone_numb": "(215) 922-4566", "website": "https://oldfirstucc.org/serve/volunteer/breakfast-ministry/", "hide_on_fi": null, "services_o": [ "Food donations", "Textile donation or recycling" ], "tags": "[\"food\", \"pantry\", \"donation\", \"donate\", \"pacakaged\", \"non-perishable\", \"perishable\", \"coffee\", \"breakfast\", \"meal\", \"cupboard\", \"juice\", \"milk\", \"plate\", \"napkin\", \"utensil\", \"cup\", \"pantries\", \"men\", \"clothing\", \"clothes\", \"t-shirt\", \"long\", \"sleeve\",", "lat": 39.953904897610911, "lon": -75.146392639849097 }, "geometry": { "type": "Point", "coordinates": [ -75.146392639849111, 39.953904897610911 ] } },
{ "type": "Feature", "properties": { "organizati": "Northeast Foam Recycling (North Wales, PA)", "street_add": "90 Hamilton St, Chalfont, PA 18914", "phone_numb": "(215) 699-4541", "website": "www.facebook.com/Northeastfoamrecycling/", "hide_on_fi": null, "services_o": [ "Source-separated recycling" ], "tags": [ "recycling", "recycle", "styrofoam", "free", "#6", "foam", "polystyrene", "packing", "packaging", "peanuts" ], "lat": null, "lon": null }, "geometry": null },
{ "type": "Feature", "properties": { "organizati": "PAR - Recycle Works", "street_add": "2024 W Hunting Park Ave, Philadelphia, PA 19140", "phone_numb": "(267) 335-5455", "website": "https://home.par-recycleworks.org/", "hide_on_fi": null, "services_o": [ "Electronic/universal waste", "Source-separated recycling" ], "tags": [ "non-profit", "recycle", "e-waste", "electronic", "waste", "telephone", "cell phone", "computer", "printer", "CD", "gaming" ], "lat": 40.012254550791802, "lon": -75.161085138818862 }, "geometry": { "type": "Point", "coordinates": [ -75.161085138818862, 40.012254550791802 ] } },
{ "type": "Feature", "properties": { "organizati": "PAWS (Philadelphia Animal Welfare Society)", "street_add": "100 N. 2nd St. Philadelphia, PA 19106", "phone_numb": "(215) 238-9901", "website": "www.phillypaws.org", "hide_on_fi": null, "services_o": [ "All other donations", "Textile donation or recycling" ], "tags": "[\"pet\", \"animal\", \"dog\", \"cat\", \"kitten\", \"donate\", \"donation\", \"laundry\", \"detergent\", \"paper towel\", \"canned\", \"food\", \"trash\", \"bag\", \"litter\", \"toy\", \"blanket\", \"crate\", \"carrier\", \"formula\", \"sheet\", \"linen\", \"towel\", \"medication\", \"harness\", \"leash", "lat": 39.952082312702885, "lon": -75.143458854684084 }, "geometry": { "type": "Point", "coordinates": [ -75.143458854684084, 39.952082312702892 ] } },
{ "type": "Feature", "properties": { "organizati": "Uniqlo", "street_add": "1608 Chestnut St, Philadelphia, PA 19103", "phone_numb": "(877) 486-4756", "website": "https://www.uniqlo.com/en/sustainability/recycle/", "hide_on_fi": null, "services_o": [ "Textile donation or recycling" ], "tags": [ "clothes", "clothing", "recycling", "recycle", "men", "women", "kid", "children", "child", "retail", "store" ], "lat": 39.951055270835965, "lon": -75.167768903615396 }, "geometry": { "type": "Point", "coordinates": [ -75.167768903615396, 39.951055270835965 ] } },
{ "type": "Feature", "properties": { "organizati": "Pep Boys Auto Parts & Service", "street_add": "2491 Aramingo Ave, Philadelphia, PA 19125", "phone_numb": "(215) 739-5510", "website": "https://www.pepboys.com/corporate/about-pep-boys/media-center/press-releases/2021/Going-Further-to-Protect-the-Planet", "hide_on_fi": null, "services_o": [ "Used motor oil" ], "tags": [ "motor", "oil", "collection", "recycling", "disposal", "dispose", "recycle" ], "lat": 39.974537378511457, "lon": -75.119541403370931 }, "geometry": { "type": "Point", "coordinates": [ -75.119541403370931, 39.974537378511457 ] } },
{ "type": "Feature", "properties": { "organizati": "Pep Boys Auto Parts & Service", "street_add": "3118 W Allegheny Ave, Philadelphia, PA 19132", "phone_numb": "(215) 221-6305", "website": "https://www.pepboys.com/corporate/about-pep-boys/media-center/press-releases/2021/Going-Further-to-Protect-the-Planet", "hide_on_fi": null, "services_o": [ "Used motor oil" ], "tags": [ "motor", "oil", "collection", "recycling", "disposal", "dispose", "recycle" ], "lat": 40.004852127317847, "lon": -75.18021221642087 }, "geometry": { "type": "Point", "coordinates": [ -75.18021221642087, 40.004852127317847 ] } },
{ "type": "Feature", "properties": { "organizati": "Pep Boys Auto Parts & Service", "street_add": "2298 W Ritner St, Philadelphia, PA 19145", "phone_numb": "(215) 336-7180", "website": "https://www.pepboys.com/corporate/about-pep-boys/media-center/press-releases/2021/Going-Further-to-Protect-the-Planet", "hide_on_fi": null, "services_o": [ "Used motor oil" ], "tags": [ "motor", "oil", "collection", "recycling", "disposal", "dispose", "recycle" ], "lat": 39.92166920162677, "lon": -75.184493622832292 }, "geometry": { "type": "Point", "coordinates": [ -75.184493622832292, 39.92166920162677 ] } },
{ "type": "Feature", "properties": { "organizati": "Pep Boys Auto Parts & Service", "street_add": "7422 Bustleton Ave, Philadelphia, PA 19152", "phone_numb": "(215) 342-4700", "website": "https://www.pepboys.com/corporate/about-pep-boys/media-center/press-releases/2021/Going-Further-to-Protect-the-Planet", "hide_on_fi": null, "services_o": [ "Used motor oil" ], "tags": [ "motor", "oil", "collection", "recycling", "disposal", "dispose", "recycle" ], "lat": 40.051004505678698, "lon": -75.058865522403437 }, "geometry": { "type": "Point", "coordinates": [ -75.058865522403437, 40.051004505678698 ] } },
{ "type": "Feature", "properties": { "organizati": "The Home Depot Bustleton Ave.", "street_add": "11725 Bustleton Ave., Philadelphia, PA 19116", "phone_numb": "(215) 676-7029", "website": "https://www.homedepot.com/c/electronics_recycling_programs", "hide_on_fi": null, "services_o": [ "Electronic/universal waste", "Source-separated recycling" ], "tags": "[\"retail\", \"store\", \"e-waste\", \"e\", \"waste\", \"recycle\", \"recycling\", \"electronic\", \"batteries\", \"battery\", \"cell\", \"phone\", \"telephone\", \"dropbox\", \"Call2Recycle\", \"dry-cell\", \"Ni-Cd\", \"Li-Ion\", \"lithium\", \"ion\", \"SSLA\", \"Ni-MH\", \"Ni-ZN\", \"rechargeable\",", "lat": 40.119977312872876, "lon": -75.016839487655929 }, "geometry": { "type": "Point", "coordinates": [ -75.016839487655929, 40.119977312872884 ] } },
{ "type": "Feature", "properties": { "organizati": "Food Recovery Network (Online Tool)", "street_add": null, "phone_numb": null, "website": "https://www.foodrecoverynetwork.org/what-we-do", "hide_on_fi": null, "services_o": [ "Food donations" ], "tags": [ "search", "food", "database", "app", "lookup", "donation", "donate" ], "lat": null, "lon": null }, "geometry": null },
{ "type": "Feature", "properties": { "organizati": "FISH Community Food Cupboard at North Light Community Center", "street_add": "175 Green Lane, Philadelphia, PA 19127", "phone_numb": "(215) 483-4800", "website": "https://www.northlightcommunitycenter.org/emergency-assistance/", "hide_on_fi": null, "services_o": [ "Food donations" ], "tags": "[\"food\", \"pantry\", \"cupboard\", \"donation\", \"donate\", \"packaged\", \"canned\", \"can\", \"box\", \"bottle\", \"shelf-stable\", \"non-perishable\", \"unopened\", \"dry\", \"condiment\", \"breakfast\", \"grain\", \"meat\", \"fish\", \"peanut butter\", \"fruit\", \"vegetable\", \"juice\", \"je", "lat": 40.028607581933393, "lon": -75.224440001277614 }, "geometry": { "type": "Point", "coordinates": [ -75.224440001277614, 40.028607581933393 ] } },
{ "type": "Feature", "properties": { "organizati": "Flood & Sons", "street_add": "8004 Arlington Ave. Upper Darby, PA 19082", "phone_numb": "(610) 789-6986", "website": "https://www.facebook.com/pg/JP-Flood-Sons-Inc-183286215178660/about/?ref=page_internal", "hide_on_fi": null, "services_o": [ "Source-separated recycling" ], "tags": [ "recycle", "recycling", "metal", "scrap", "non-ferrous", "aluminum", "copper", "brass" ], "lat": null, "lon": null }, "geometry": null },
{ "type": "Feature", "properties": { "organizati": "Done with IT - PHLDonateTech Program Partner", "street_add": "[Online resource - mail-in only]", "phone_numb": null, "website": "https://www.donewithit.org/phldonatetech", "hide_on_fi": null, "services_o": [ "All other donations" ], "tags": [ "donate", "tech", "technology", "mail-in", "computer", "laptop", "cell", "cell phone", "electronic", "electronics", "monitor", "peripheral", "peripherals", "iPad" ], "lat": null, "lon": null }, "geometry": null },
{ "type": "Feature", "properties": { "organizati": "Geppert Recycling", "street_add": "4500 Wayne Ave. Philadelphia, PA 19144", "phone_numb": "(215) 842-0122", "website": "https://geppertrecycling.com/", "hide_on_fi": null, "services_o": [ "Source-separated recycling" ], "tags": [ "recycle", "recycling", "copper", "aluminum", "brass", "lead", "ferrous", "non-ferrous", "scrap", "metal" ], "lat": 40.021385405525741, "lon": -75.161523538834572 }, "geometry": { "type": "Point", "coordinates": [ -75.161523538834572, 40.021385405525741 ] } },
{ "type": "Feature", "properties": { "organizati": "Geppert Bros Inc.", "street_add": null, "phone_numb": "215- 822-7900", "website": "https://www.thebluebook.com/iProView/308556/", "hide_on_fi": null, "services_o": [ "Construction and demolition debris" ], "tags": [ "demolition", "demo", "construction", "industrial", "commercial", "residential", "C&D", "interior", "waste" ], "lat": null, "lon": null }, "geometry": null },
{ "type": "Feature", "properties": { "organizati": "The Home Depot Castor Ave", "street_add": "2539 Castor Ave., Philadelphia, PA 19134", "phone_numb": "(212) 744-1128", "website": "https://www.homedepot.com/c/electronics_recycling_programs", "hide_on_fi": null, "services_o": [ "Electronic/universal waste", "Source-separated recycling" ], "tags": "[\"retail\", \"store\", \"e-waste\", \"e\", \"waste\", \"recycle\", \"recycling\", \"electronic\", \"batteries\", \"battery\", \"cell\", \"phone\", \"telephone\", \"dropbox\", \"Call2Recycle\", \"dry-cell\", \"Ni-Cd\", \"Li-Ion\", \"lithium\", \"ion\", \"SSLA\", \"Ni-MH\", \"Ni-ZN\", \"rechargeable\",", "lat": 39.99239014377391, "lon": -75.091169228133751 }, "geometry": { "type": "Point", "coordinates": [ -75.091169228133751, 39.99239014377391 ] } },
{ "type": "Feature", "properties": { "organizati": "Gold Medal Environmental", "street_add": "3323 S. 61st St. Philadelphia, PA 19153", "phone_numb": "(215) 727-7000", "website": "https://www.goldmedal.net/about-us/sustainability/", "hide_on_fi": null, "services_o": [ "Construction and demolition debris" ], "tags": [ "collection", "bulk", "bulky", "metal", "waste", "construction", "demolition", "demo", "C&D", "drywall", "brick" ], "lat": 39.920695545772681, "lon": -75.21203276918078 }, "geometry": { "type": "Point", "coordinates": [ -75.21203276918078, 39.920695545772681 ] } },
{ "type": "Feature", "properties": { "organizati": "Goodwill Donation Center Bustleton Ave.", "street_add": "9920 Bustleton Ave. Philadelphia, PA 19115", "phone_numb": "(215) 961-2204", "website": "https://www.goodwill.org/donors/donate-stuff/", "hide_on_fi": null, "services_o": [ "All other donations", "Textile donation or recycling" ], "tags": [ "clothing", "clothes", "accessories", "donation", "thrift", "Goodwill", "women", "men", "kid", "children", "child", "accessory", "household", "kitchenware", "toy", "book", "furniture", "couch", "chair", "table", "home" ], "lat": 40.101864048799015, "lon": -75.030541998226639 }, "geometry": { "type": "Point", "coordinates": [ -75.030541998226639, 40.101864048799015 ] } },
{ "type": "Feature", "properties": { "organizati": "Goodwill Donation Center Ridge Ave.", "street_add": "5400 Ridge Ave. Philadelphia, PA 19128", "phone_numb": "(856) 439-0200", "website": "https://www.goodwill.org/donors/donate-stuff/", "hide_on_fi": null, "services_o": [ "All other donations", "Textile donation or recycling" ], "tags": [ "clothing", "clothes", "accessories", "donation", "thrift", "Goodwill", "women", "men", "kid", "children", "child", "accessory", "household", "kitchenware", "toy", "book", "furniture", "couch", "chair", "table", "home" ], "lat": 40.022173967637706, "lon": -75.209317794736819 }, "geometry": { "type": "Point", "coordinates": [ -75.209317794736819, 40.022173967637706 ] } },
{ "type": "Feature", "properties": { "organizati": "Goodwill Donation Center Lincoln Dr.", "street_add": "7061 Lincoln Dr. Philadelphia, PA 19119", "phone_numb": "(856) 439-0200", "website": "https://www.goodwill.org/donors/donate-stuff/", "hide_on_fi": null, "services_o": [ "All other donations", "Textile donation or recycling" ], "tags": [ "clothing", "clothes", "accessories", "donation", "thrift", "Goodwill", "women", "men", "kid", "children", "child", "accessory", "household", "kitchenware", "toy", "book", "furniture", "couch", "chair", "table", "home" ], "lat": 40.053604838726677, "lon": -75.193013201431555 }, "geometry": { "type": "Point", "coordinates": [ -75.193013201431555, 40.053604838726677 ] } },
{ "type": "Feature", "properties": { "organizati": "Goodwill Donation Center Parkside Ave.", "street_add": "5050 Parkside Ave. Philadelphia, PA 19131", "phone_numb": "(215) 879-1570", "website": "https://www.goodwill.org/donors/donate-stuff/", "hide_on_fi": null, "services_o": [ "All other donations", "Textile donation or recycling" ], "tags": [ "clothing", "clothes", "accessories", "donation", "thrift", "Goodwill", "women", "men", "kid", "children", "child", "accessory", "household", "kitchenware", "toy", "book", "furniture", "couch", "chair", "table", "home" ], "lat": 39.9795932101216, "lon": -75.220287535766317 }, "geometry": { "type": "Point", "coordinates": [ -75.220287535766317, 39.9795932101216 ] } },
{ "type": "Feature", "properties": { "organizati": "The Home Depot Cheltenahm Ave.", "street_add": "2385 W Cheltenham Ave., Philadelphia, PA 19150", "phone_numb": "(215) 881-9600", "website": "https://www.homedepot.com/c/electronics_recycling_programs", "hide_on_fi": null, "services_o": [ "Electronic/universal waste", "Source-separated recycling" ], "tags": "[\"retail\", \"store\", \"e-waste\", \"e\", \"waste\", \"recycle\", \"recycling\", \"electronic\", \"batteries\", \"battery\", \"cell\", \"phone\", \"telephone\", \"dropbox\", \"Call2Recycle\", \"dry-cell\", \"Ni-Cd\", \"Li-Ion\", \"lithium\", \"ion\", \"SSLA\", \"Ni-MH\", \"Ni-ZN\", \"rechargeable\",", "lat": 40.074166331697, "lon": -75.158322629092282 }, "geometry": { "type": "Point", "coordinates": [ -75.158322629092282, 40.074166331697 ] } },
{ "type": "Feature", "properties": { "organizati": "Green Drop Fishtown", "street_add": "1351 Frankford Ave. Philadelphia, PA 19125", "phone_numb": "(888) 944-3767", "website": "https://www.gogreendrop.com/find-a-location", "hide_on_fi": null, "services_o": [ "All other donations", "Textile donation or recycling" ], "tags": "[\"blanket\", \"bedding\", \"tool\", \"collectable\", \"kitchenware\", \"kitchen\", \"household\", \"toy\", \"small\", \"appliance\", \"furniture\", \"book\", \"CD\", \"video\", \"movie\", \"game\", \"electronic\", \"musical\", \"instrument\", \"music\", \"sporting\", \"good\", \"sport\", \"donate\",", "lat": 39.971648092899997, "lon": -75.134097303988767 }, "geometry": { "type": "Point", "coordinates": [ -75.134097303988767, 39.971648092899997 ] } },
{ "type": "Feature", "properties": { "organizati": "Grainger", "street_add": "401 N. 8th St, Philadelphia, PA 19123", "phone_numb": "(800) 472-4643", "website": "https://www.grainger.com/content/call-2-recycle", "hide_on_fi": null, "services_o": [ "Electronic/universal waste", "Source-separated recycling" ], "tags": [ "retail", "store", "e-waste", "e", "waste", "recycle", "recycling", "electronic", "batteries", "battery", "cell", "phone", "telephone", "dropbox", "Call2Recycle", "dry-cell", "Ni-Cd", "Li-Ion", "lithium", "ion", "SSLA", "Ni-MH", "Ni-ZN", "rechargeable" ], "lat": 39.958319571801958, "lon": -75.151117586457161 }, "geometry": { "type": "Point", "coordinates": [ -75.151117586457175, 39.958319571801958 ] } },
{ "type": "Feature", "properties": { "organizati": "The Home Depot Columbus Blvd.", "street_add": "1651 S Columbus Blvd., Philadelphia, PA 19148", "phone_numb": "(215) 218-0600", "website": "https://www.homedepot.com/c/electronics_recycling_programs", "hide_on_fi": null, "services_o": [ "Electronic/universal waste", "Source-separated recycling" ], "tags": "[\"retail\", \"store\", \"e-waste\", \"e\", \"waste\", \"recycle\", \"recycling\", \"electronic\", \"batteries\", \"battery\", \"cell\", \"phone\", \"telephone\", \"dropbox\", \"Call2Recycle\", \"dry-cell\", \"Ni-Cd\", \"Li-Ion\", \"lithium\", \"ion\", \"SSLA\", \"Ni-MH\", \"Ni-ZN\", \"rechargeable\",", "lat": 39.925684521678278, "lon": -75.14307614924806 }, "geometry": { "type": "Point", "coordinates": [ -75.14307614924806, 39.925684521678278 ] } },
{ "type": "Feature", "properties": { "organizati": "H&M Walnut Street", "street_add": "1725 Walnut St. Philadelphia, PA 19103", "phone_numb": "(855) 466-7467", "website": "https://www2.hm.com/en_us/sustainability-at-hm/our-work/close-the-loop.html", "hide_on_fi": null, "services_o": [ "Textile donation or recycling" ], "tags": [ "clothing", "clothes", "textile", "recycling", "donation", "donate", "any condition", "used", "sock", "underwear", "sheet", "bedding", "towel", "retail", "store" ], "lat": 39.95033341943958, "lon": -75.17013206219309 }, "geometry": { "type": "Point", "coordinates": [ -75.17013206219309, 39.95033341943958 ] } },
{ "type": "Feature", "properties": { "organizati": "H&M Chestnut Street", "street_add": "1530 Chestnut St. Philadelphia, PA 19102", "phone_numb": "(855) 466-7467", "website": "https://www2.hm.com/en_us/sustainability-at-hm/our-work/close-the-loop.html", "hide_on_fi": null, "services_o": [ "Textile donation or recycling" ], "tags": [ "clothing", "clothes", "textile", "recycling", "donation", "donate", "any condition", "used", "sock", "underwear", "sheet", "bedding", "towel", "retail", "store" ], "lat": 39.950945632700815, "lon": -75.167068908189606 }, "geometry": { "type": "Point", "coordinates": [ -75.167068908189606, 39.950945632700815 ] } },
{ "type": "Feature", "properties": { "organizati": "The Home Depot Oregon Ave.", "street_add": "2200 W Oregon Ave., Philadelphia, PA 19145", "phone_numb": "(215) 551-1753", "website": "https://www.homedepot.com/c/electronics_recycling_programs", "hide_on_fi": null, "services_o": [ "Electronic/universal waste", "Source-separated recycling" ], "tags": "[\"retail\", \"store\", \"e-waste\", \"e\", \"waste\", \"recycle\", \"recycling\", \"electronic\", \"batteries\", \"battery\", \"cell\", \"phone\", \"telephone\", \"dropbox\", \"Call2Recycle\", \"dry-cell\", \"Ni-Cd\", \"Li-Ion\", \"lithium\", \"ion\", \"SSLA\", \"Ni-MH\", \"Ni-ZN\", \"rechargeable\",", "lat": 39.917713854951778, "lon": -75.187665805606997 }, "geometry": { "type": "Point", "coordinates": [ -75.187665805606997, 39.917713854951778 ] } },
{ "type": "Feature", "properties": { "organizati": "Hargrove W. Recycling Center", "street_add": "1507 State Street Camden, NJ 08105", "phone_numb": "(856) 225-0827", "website": "www.whargrove.com/services.html", "hide_on_fi": null, "services_o": [ "Construction and demolition debris" ], "tags": [ "industrial", "demolition", "demo", "construction", "waste", "recycling", "C&D" ], "lat": null, "lon": null }, "geometry": null },
{ "type": "Feature", "properties": { "organizati": "The Home Depot Conshohocken", "street_add": null, "phone_numb": "(610) 834-1228", "website": "https://www.homedepot.com/c/electronics_recycling_programs", "hide_on_fi": null, "services_o": [ "Electronic/universal waste", "Source-separated recycling" ], "tags": "[\"retail\", \"store\", \"e-waste\", \"e\", \"waste\", \"recycle\", \"recycling\", \"electronic\", \"batteries\", \"battery\", \"cell\", \"phone\", \"telephone\", \"dropbox\", \"Call2Recycle\", \"dry-cell\", \"Ni-Cd\", \"Li-Ion\", \"lithium\", \"ion\", \"SSLA\", \"Ni-MH\", \"Ni-ZN\", \"rechargeable\",", "lat": null, "lon": null }, "geometry": null },
{ "type": "Feature", "properties": { "organizati": "Habitat for Humanity", "street_add": "2318 Washington Ave. Philadelphia, PA 19146", "phone_numb": "(215) 739-9300", "website": "https://www.habitatphiladelphia.org/restore/", "hide_on_fi": null, "services_o": [ "All other donations", "Construction and demolition debris" ], "tags": "[\"furniture\", \"appliance\", \"refrigerator\", \"range\", \"dryer\", \"gently\", \"used\", \"cabinet\", \"household\", \"air\", \"conditioning\", \"heating\", \"unit\", \"door\", \"window\", \"brick\", \"block\", \"electrical\", \"lumber\", \"sheet\", \"tile\", \"wood\", \"hardwood\", \"flooring\",", "lat": 39.939474220497011, "lon": -75.182514448714187 }, "geometry": { "type": "Point", "coordinates": [ -75.182514448714187, 39.939474220497004 ] } },
{ "type": "Feature", "properties": { "organizati": "IKEA", "street_add": "2206 S. Christopher Columbus Blvd., Philadelphia, PA 19148", "phone_numb": "(888) 888-4532", "website": "https://www.ikea.com/us/en/this-is-ikea/climate-environment/the-ikea-sustainability-strategy-pubfea4c210", "hide_on_fi": null, "services_o": [ "Electronic/universal waste", "Source-separated recycling" ], "tags": [ "recycling", "lightbulb", "CFL", "event", "store", "recycle", "retail" ], "lat": 39.917267042648668, "lon": -75.141521048078445 }, "geometry": { "type": "Point", "coordinates": [ -75.141521048078445, 39.917267042648668 ] } },
{ "type": "Feature", "properties": { "organizati": "J Tice Services Center", "street_add": "424 Rector St, Philadelphia, PA 19128", "phone_numb": "(215) 482-9794", "website": null, "hide_on_fi": null, "services_o": [ "Used motor oil" ], "tags": [ "motor", "oil", "collection", "recycling", "disposal", "dispose", "recycle" ], "lat": 40.028446688381827, "lon": -75.213038515671983 }, "geometry": { "type": "Point", "coordinates": [ -75.213038515671983, 40.028446688381827 ] } },
{ "type": "Feature", "properties": { "organizati": "Jiffy Lube", "street_add": "3658 Aramingo Ave, Philadelphia, PA 19134", "phone_numb": "(215) 533-5823", "website": "http://www.jiffylubephilly.com/", "hide_on_fi": null, "services_o": [ "Used motor oil" ], "tags": [ "motor", "oil", "collection", "recycling", "disposal", "dispose", "recycle" ], "lat": 39.994390776047773, "lon": -75.095982506939478 }, "geometry": { "type": "Point", "coordinates": [ -75.095982506939478, 39.99439077604778 ] } },
{ "type": "Feature", "properties": { "organizati": "Jiffy Lube", "street_add": "5010 City Ave, Philadelphia, PA 19131", "phone_numb": "(215) 473-1850", "website": "http://www.jiffylubephilly.com/", "hide_on_fi": null, "services_o": [ "Used motor oil" ], "tags": [ "motor", "oil", "collection", "recycling", "disposal", "dispose", "recycle" ], "lat": 39.999787335392774, "lon": -75.228616467163988 }, "geometry": { "type": "Point", "coordinates": [ -75.228616467163988, 39.999787335392774 ] } },
{ "type": "Feature", "properties": { "organizati": "The Home Depot Roosevelt Blvd.", "street_add": "4640 Roosevelt Blvd. Ste 1, Philadelphia, PA 19124", "phone_numb": "(215) 537-6100", "website": "https://www.homedepot.com/c/electronics_recycling_programs", "hide_on_fi": null, "services_o": [ "Electronic/universal waste", "Source-separated recycling" ], "tags": "[\"retail\", \"store\", \"e-waste\", \"e\", \"waste\", \"recycle\", \"recycling\", \"electronic\", \"batteries\", \"battery\", \"cell\", \"phone\", \"telephone\", \"dropbox\", \"Call2Recycle\", \"dry-cell\", \"Ni-Cd\", \"Li-Ion\", \"lithium\", \"ion\", \"SSLA\", \"Ni-MH\", \"Ni-ZN\", \"rechargeable\",", "lat": 40.031305971503066, "lon": -75.100109890163296 }, "geometry": { "type": "Point", "coordinates": [ -75.100109890163296, 40.031305971503066 ] } },
{ "type": "Feature", "properties": { "organizati": "Life Cycle Solutions, Inc.", "street_add": "8701 Torresdale Ave., Philadelphia, PA 19136", "phone_numb": "(215) 882-8161", "website": "https://www.philadelphiaharddriveshredding.com/", "hide_on_fi": null, "services_o": [ "Electronic/universal waste", "Source-separated recycling" ], "tags": "[\"recycling\", \"recycle\", \"e\", \"e-waste\", \"waste\", \"data\", \"destruction\", \"hard\", \"drive\", \"media\", \"cell\", \"phone\", \"telephone\", \"VHS\", \"DVD\", \"CD\", \"USB\", \"stick\", \"CF\", \"card\", \"micro SD\", \"iPad\", \"tablet\", \"MP3\", \"player\", \"iPod\", \"floppy\", \"disk\", \"Z", "lat": 40.043593470897704, "lon": -75.007548715847236 }, "geometry": { "type": "Point", "coordinates": [ -75.007548715847236, 40.043593470897704 ] } },
{ "type": "Feature", "properties": { "organizati": "JP Mascaro & Sons", "street_add": "DeKalb Pike, Bridgeport, PA 19405", "phone_numb": "(800) 432-1616", "website": "https://www.jpmascaro.com/", "hide_on_fi": null, "services_o": [ "Construction and demolition debris", "Electronic/universal waste", "Source-separated recycling", "Yard waste" ], "tags": [ "yard", "leaves", "hauling", "hauler", "organic", "waste", "landscape", "landscaping", "trimming", "clipping", "grass", "plant", "curbside" ], "lat": null, "lon": null }, "geometry": null },
{ "type": "Feature", "properties": { "organizati": "Medical Missions Thrift Shop", "street_add": "8400 Pine Rd. Philadelphia, PA 19111", "phone_numb": "(215) 745-7930", "website": "https://www.yelp.com/biz/medical-missions-thrift-shop-philadelphia", "hide_on_fi": null, "services_o": [ "All other donations", "Textile donation or recycling" ], "tags": [ "thrift", "donate", "donation", "gently-used", "used", "new", "good", "condition", "clothing", "clothes", "household", "women", "men", "kid", "child", "children", "accessory", "accessories" ], "lat": 40.084284338338485, "lon": -75.077968108467829 }, "geometry": { "type": "Point", "coordinates": [ -75.077968108467829, 40.084284338338485 ] } },
{ "type": "Feature", "properties": { "organizati": "Kitchen Harvest, Inc.", "street_add": "Drexel Hill, PA 19026", "phone_numb": "chris@mykitchenharvest.com", "website": "https://www.mykitchenharvest.com/", "hide_on_fi": null, "services_o": [ "Source-separated recycling", "Yard waste" ], "tags": "[\"organic\", \"waste\", \"compost\", \"recycle\", \"recycling\", \"food\", \"fruit\", \"soiled\", \"spoiled\", \"rotten\", \"vegetable\", \"peel\", \"pit\", \"leaves\", \"seed\", \"stem\", \"nut\", \"shell\", \"coffee\", \"ground\", \"paper\", \"filter\", \"tea\", \"bag\", \"grain\", \"pasta\", \"flour\",", "lat": null, "lon": null }, "geometry": null },
{ "type": "Feature", "properties": { "organizati": "Kuusakoski", "street_add": "3100 Orthodox St., Philadelphia, PA 19137", "phone_numb": "(215) 533-8323", "website": "https://www.kuusakoski.com/en/us", "hide_on_fi": null, "services_o": [ "Electronic/universal waste" ], "tags": "[\"electronic\", \"household\", \"small\", \"appliance\", \"coffee maker\", \"collection\", \"event\", \"e-waste\", \"e\", \"waste\", \"DVD\", \"player\", \"MP3\", \"cell\", \"phone\", \"telephone\", \"computer\", \"curling iron\", \"flat iron\", \"fryer\", \"blender\", \"residential\", \"kitchen\",", "lat": 39.990848617496603, "lon": -75.069894867370166 }, "geometry": { "type": "Point", "coordinates": [ -75.069894867370152, 39.990848617496603 ] } },
{ "type": "Feature", "properties": { "organizati": "Lowes Roosevelt Blvd.", "street_add": "9701 Roosevelt Blvd., Philadelphia, PA 19114", "phone_numb": "(215) 776-9006", "website": "https://corporate.lowes.com/newsroom/stories/fresh-thinking/lowes-answers-your-recycling-faqs-so-you-dont-have-ask", "hide_on_fi": null, "services_o": [ "Electronic/universal waste", "Source-separated recycling" ], "tags": "[\"retail\", \"store\", \"e-waste\", \"e\", \"waste\", \"recycle\", \"recycling\", \"electronic\", \"batteries\", \"battery\", \"cell\", \"phone\", \"telephone\", \"dropbox\", \"Call2Recycle\", \"dry-cell\", \"Ni-Cd\", \"Li-Ion\", \"lithium\", \"ion\", \"SSLA\", \"Ni-MH\", \"Ni-ZN\", \"rechargeable\",", "lat": 40.08274514659356, "lon": -75.024980723881654 }, "geometry": { "type": "Point", "coordinates": [ -75.024980723881654, 40.08274514659356 ] } },
{ "type": "Feature", "properties": { "organizati": "Lowes N. 50th St.", "street_add": "1500 N 50th St., Philadelphia, PA 19131", "phone_numb": "(215) 796-6640", "website": "https://corporate.lowes.com/newsroom/stories/fresh-thinking/lowes-answers-your-recycling-faqs-so-you-dont-have-ask", "hide_on_fi": null, "services_o": [ "Electronic/universal waste", "Source-separated recycling" ], "tags": "[\"retail\", \"store\", \"e-waste\", \"e\", \"waste\", \"recycle\", \"recycling\", \"electronic\", \"batteries\", \"battery\", \"cell\", \"phone\", \"telephone\", \"dropbox\", \"Call2Recycle\", \"dry-cell\", \"Ni-Cd\", \"Li-Ion\", \"lithium\", \"ion\", \"SSLA\", \"Ni-MH\", \"Ni-ZN\", \"rechargeable\",", "lat": 39.977720257274505, "lon": -75.221997203786017 }, "geometry": { "type": "Point", "coordinates": [ -75.221997203786017, 39.977720257274505 ] } },
{ "type": "Feature", "properties": { "organizati": "The North Face Philadelphia Premium Outlet", "street_add": null, "phone_numb": "(610) 323-6575", "website": "https://www.thenorthface.com/about-us/responsibility/product/clothes-the-loop.html", "hide_on_fi": null, "services_o": [ "Textile donation or recycling" ], "tags": [ "clothing", "clothes", "footwear", "shoe", "retail", "store", "recycling", "recycle", "men", "women", "kid", "child", "children" ], "lat": null, "lon": null }, "geometry": null },
{ "type": "Feature", "properties": { "organizati": "Lowes Plymouth Meeting", "street_add": "2002 Chemical Rd, Plymouth Meeting, PA 19462", "phone_numb": "(610) 834-8885", "website": "https://corporate.lowes.com/newsroom/stories/fresh-thinking/lowes-answers-your-recycling-faqs-so-you-dont-have-ask", "hide_on_fi": null, "services_o": [ "Electronic/universal waste", "Source-separated recycling" ], "tags": "[\"retail\", \"store\", \"e-waste\", \"e\", \"waste\", \"recycle\", \"recycling\", \"electronic\", \"batteries\", \"battery\", \"cell\", \"phone\", \"telephone\", \"dropbox\", \"Call2Recycle\", \"dry-cell\", \"Ni-Cd\", \"Li-Ion\", \"lithium\", \"ion\", \"SSLA\", \"Ni-MH\", \"Ni-ZN\", \"rechargeable\",", "lat": null, "lon": null }, "geometry": null },
{ "type": "Feature", "properties": { "organizati": "The Salvation Army Family Store & Donation Center - Rising Sun Ave.", "street_add": "6432 Rising Sun Ave., Philadelphia, PA 19111", "phone_numb": "(800) 728-7825", "website": "https://satruck.org/", "hide_on_fi": null, "services_o": [ "All other donations", "Textile donation or recycling" ], "tags": "[\"appliance\", \"car\", \"furniture\", \"bed\", \"crib\", \"mattress\", \"household\", \"kitchen\", \"small\", \"supplies\", \"book\", \"bicycle\", \"radio\", \"sport\", \"sporting\", \"equipment\", \"umbrella\", \"donate\", \"donation\", \"thrift\", \"clothing\", \"clothes\", \"women\", \"men\", \"ki", "lat": 40.050503655501501, "lon": -75.094875722788373 }, "geometry": { "type": "Point", "coordinates": [ -75.094875722788373, 40.050503655501501 ] } },
{ "type": "Feature", "properties": { "organizati": "Lighthouse Thrift Shop", "street_add": "6515 Rising Sun Ave. # 1 Philadelphia, PA 19111", "phone_numb": "(215) 745-8780", "website": "https://www.whosoevergospel.org/wp/donate-items/", "hide_on_fi": null, "services_o": [ "All other donations", "Textile donation or recycling" ], "tags": [ "thrift", "men", "women", "children", "clothing", "clothes", "shoe", "accessories", "linen", "household", "blanket", "bedding", "jewelry", "kid", "donate", "donation", "good", "condition", "new" ], "lat": 40.051297494873893, "lon": -75.093513615803388 }, "geometry": { "type": "Point", "coordinates": [ -75.093513615803388, 40.051297494873893 ] } },
{ "type": "Feature", "properties": { "organizati": "Lowes Aramingo Ave.", "street_add": "3800 Aramingo Ave., Philadelphia, PA 19137", "phone_numb": "(215) 904-9951", "website": "https://corporate.lowes.com/newsroom/stories/fresh-thinking/lowes-answers-your-recycling-faqs-so-you-dont-have-ask", "hide_on_fi": null, "services_o": [ "Electronic/universal waste", "Source-separated recycling" ], "tags": "[\"retail\", \"store\", \"e-waste\", \"e\", \"waste\", \"recycle\", \"recycling\", \"electronic\", \"batteries\", \"battery\", \"cell\", \"phone\", \"telephone\", \"dropbox\", \"Call2Recycle\", \"dry-cell\", \"Ni-Cd\", \"Li-Ion\", \"lithium\", \"ion\", \"SSLA\", \"Ni-MH\", \"Ni-ZN\", \"rechargeable\",", "lat": 39.997474027901013, "lon": -75.091367740522756 }, "geometry": { "type": "Point", "coordinates": [ -75.091367740522756, 39.997474027901013 ] } },
{ "type": "Feature", "properties": { "organizati": "The North Face: Clothes the Loop", "street_add": "1515 Walnut St, Philadelphia, PA 19102", "phone_numb": "(215) 496-0332", "website": "https://www.thenorthface.com/about-us/responsibility/product/clothes-the-loop.html", "hide_on_fi": null, "services_o": [ "Textile donation or recycling" ], "tags": [ "clothing", "clothes", "footwear", "shoe", "retail", "store", "recycling", "recycle", "men", "women", "kid", "child", "children" ], "lat": 39.949886967433848, "lon": -75.166712246244231 }, "geometry": { "type": "Point", "coordinates": [ -75.166712246244231, 39.949886967433848 ] } },
{ "type": "Feature", "properties": { "organizati": "The Resource Exchange", "street_add": "1800 N. American St, Philadelphia, PA 19122", "phone_numb": "(267) 997-0060", "website": "www.theresourceexchange.org", "hide_on_fi": null, "services_o": [ "All other donations", "Textile donation or recycling" ], "tags": "[\"lumber\", \"hardwood\", \"wood\", \"wooden\", \"material\", \"used\", \"new\", \"clean\", \"sheet\", \"donation\", \"donate\", \"textile\", \"fabric\", \"trim\", \"designer\", \"art\", \"recycle\", \"recycling\", \"craft\", \"supplies\", \"scenery\", \"prop\", \"building\", \"home\", \"improvement\",", "lat": 39.97849479829059, "lon": -75.139654729365446 }, "geometry": { "type": "Point", "coordinates": [ -75.139654729365432, 39.97849479829059 ] } },
{ "type": "Feature", "properties": { "organizati": "Lowes S. Columbus Blvd", "street_add": "2106 S Columbus Blvd., Philadelphia, PA 19148", "phone_numb": "(215) 982-5391", "website": "https://corporate.lowes.com/newsroom/stories/fresh-thinking/lowes-answers-your-recycling-faqs-so-you-dont-have-ask", "hide_on_fi": null, "services_o": [ "Electronic/universal waste", "Source-separated recycling" ], "tags": "[\"retail\", \"store\", \"e-waste\", \"e\", \"waste\", \"recycle\", \"recycling\", \"electronic\", \"batteries\", \"battery\", \"cell\", \"phone\", \"telephone\", \"dropbox\", \"Call2Recycle\", \"dry-cell\", \"Ni-Cd\", \"Li-Ion\", \"lithium\", \"ion\", \"SSLA\", \"Ni-MH\", \"Ni-ZN\", \"rechargeable\",", "lat": 39.920001842880417, "lon": -75.143219635030945 }, "geometry": { "type": "Point", "coordinates": [ -75.143219635030945, 39.920001842880417 ] } },
{ "type": "Feature", "properties": { "organizati": "The Second Mile Center", "street_add": "214 S. 45th St. Philadelphia, PA 19104", "phone_numb": "(215) 662-1663", "website": "https://www.facebook.com/Second-Mile-Center-222581787868990/", "hide_on_fi": null, "services_o": [ "All other donations", "Textile donation or recycling" ], "tags": [ "clothes", "clothing", "new", "used", "donate", "donation", "thrift", "household", "accessories", "accessory", "shoe", "men", "women", "kid", "child", "children", "furniture", "toy" ], "lat": 39.954698277862157, "lon": -75.212174641674707 }, "geometry": { "type": "Point", "coordinates": [ -75.212174641674707, 39.954698277862164 ] } },
{ "type": "Feature", "properties": { "organizati": "Miller's Auto Repair", "street_add": "4417 Mitchell St, Philadelphia, PA 19128", "phone_numb": "(215) 487-2886", "website": "https://www.yelp.com/biz/millers-auto-repair-philadelphia", "hide_on_fi": null, "services_o": [ "Used motor oil" ], "tags": [ "motor", "oil", "collection", "recycling", "disposal", "dispose", "recycle" ], "lat": 40.030832254044839, "lon": -75.214882930589354 }, "geometry": { "type": "Point", "coordinates": [ -75.214882930589354, 40.030832254044839 ] } },
{ "type": "Feature", "properties": { "organizati": "Lululemon Center City", "street_add": "1720 Walnut St. Philadelphia, PA 19103", "phone_numb": "(215) 515-5372", "website": "https://shop.lululemon.com/story/like-new", "hide_on_fi": null, "services_o": [ "All other donations" ], "tags": [ "yoga", "mat", "used", "donation", "donate", "sport", "sporting", "exercise" ], "lat": 39.949993714682059, "lon": -75.170150881088176 }, "geometry": { "type": "Point", "coordinates": [ -75.170150881088176, 39.949993714682059 ] } },
{ "type": "Feature", "properties": { "organizati": "Mitzvah Food Program at Old York Road - Jewish Federation of Greater Philadelphia", "street_add": "8231 Old York Road Elkins Park, PA 19027", "phone_numb": "(215) 832-0509", "website": "https://jewishphilly.org/need-help/direct-services/serving-vulnerable-populations/mitzvah-food-program/food-pantry-locations-and-schedules/", "hide_on_fi": null, "services_o": [ "Food donations" ], "tags": [ "food", "pantry", "donation", "donate", "packaged", "non-perishable", "kosher", "cupboard", "pantries" ], "lat": null, "lon": null }, "geometry": null },
{ "type": "Feature", "properties": { "organizati": "Madewell Walnut Street", "street_add": "1729 Walnut St, Philadelphia, PA 19103", "phone_numb": "(215) 772-1213", "website": "https://www.madewell.com/inspo-do-well", "hide_on_fi": null, "services_o": [ "Textile donation or recycling" ], "tags": [ "clothing", "clothes", "denim", "jean", "any condition", "brand", "retail", "store", "men", "women", "used", "recycle", "recycling", "donate", "donation" ], "lat": 39.95033341943958, "lon": -75.17013206219309 }, "geometry": { "type": "Point", "coordinates": [ -75.17013206219309, 39.95033341943958 ] } },
{ "type": "Feature", "properties": { "organizati": "Mitzvah Food Program Center City - Jewish Federation of Greater Philadelphia", "street_add": "Jewish Community Services Building, 2100 Arch St., Philadelphia, PA 19103", "phone_numb": "(215) 832-0815", "website": "https://jewishphilly.org/need-help/direct-services/serving-vulnerable-populations/mitzvah-food-program/food-pantry-locations-and-schedules/", "hide_on_fi": null, "services_o": [ "Food donations" ], "tags": [ "food", "pantry", "donation", "donate", "packaged", "non-perishable", "kosher", "cupboard", "pantries" ], "lat": null, "lon": null }, "geometry": null },
{ "type": "Feature", "properties": { "organizati": "Mitzvah Food Program Mainline - Jewish Federation of Greater Philadelphia", "street_add": "8231 Old York Road Elkins Park, PA 19027", "phone_numb": "(215) 832-0815", "website": "https://jewishphilly.org/need-help/direct-services/serving-vulnerable-populations/mitzvah-food-program/food-pantry-locations-and-schedules/", "hide_on_fi": null, "services_o": [ "Food donations" ], "tags": [ "food", "pantry", "donation", "donate", "packaged", "non-perishable", "kosher", "cupboard", "pantries" ], "lat": null, "lon": null }, "geometry": null },
{ "type": "Feature", "properties": { "organizati": "Mitzvah Food Program Lower Bucks County - Jewish Federation of Greater Philadelphia", "street_add": "2909 Bristol Road Bensalem, PA 19020", "phone_numb": "(215) 832-0815", "website": "https://jewishphilly.org/need-help/direct-services/serving-vulnerable-populations/mitzvah-food-program/food-pantry-locations-and-schedules/", "hide_on_fi": null, "services_o": [ "Food donations" ], "tags": [ "food", "pantry", "donation", "donate", "packaged", "non-perishable", "kosher", "cupboard", "pantries" ], "lat": null, "lon": null }, "geometry": null },
{ "type": "Feature", "properties": { "organizati": "The Spiral Book Case", "street_add": "112 Cotton St. Philadelphia, PA 19127", "phone_numb": "(215) 482-0704", "website": "www.thespiralbookcase.com", "hide_on_fi": null, "services_o": [ "All other donations" ], "tags": [ "book", "books", "donation", "donate", "literature", "sci-fi", "graphic novel", "comic", "poetry", "cookbook", "vintage", "children", "kid", "medical" ], "lat": 40.025627327443409, "lon": -75.222443918650981 }, "geometry": { "type": "Point", "coordinates": [ -75.222443918650981, 40.025627327443409 ] } },
{ "type": "Feature", "properties": { "organizati": "Mitzvah Food Program Northeast- Jewish Federation of Greater Philadelphia", "street_add": "KleinLife, 10100 Jamison Ave., Philadelphia, PA 19116", "phone_numb": "(215) 832-0815", "website": "https://jewishphilly.org/need-help/direct-services/serving-vulnerable-populations/mitzvah-food-program/food-pantry-locations-and-schedules/", "hide_on_fi": null, "services_o": [ "Food donations" ], "tags": [ "food", "pantry", "donation", "donate", "packaged", "non-perishable", "kosher", "cupboard", "pantries" ], "lat": null, "lon": null }, "geometry": null },
{ "type": "Feature", "properties": { "organizati": "Mom's Organic Market", "street_add": "34 S. 11th St. Philadelphia, PA 19107", "phone_numb": "(215) 709-0022", "website": "https://momsorganicmarket.com/recycle-center/", "hide_on_fi": null, "services_o": [ "Organic waste", "Source-separated recycling", "Textile donation or recycling", "Electronic/universal waste" ], "tags": "[\"cork\", \"natural\", \"compost\", \"food\", \"waste\", \"recycle\", \"recycling\", \"retail\", \"store\", \"station\", \"bar\", \"wrapper\", \"brita\", \"home\", \"glasses\", \"eyewear\", \"snack\", \"bag\", \"filter\", \"shoe\", \"beauty\", \"packaging\", \"health\", \"battery\", \"batteries\", \"lig", "lat": 39.950907811038178, "lon": -75.159041746202476 }, "geometry": { "type": "Point", "coordinates": [ -75.159041746202476, 39.950907811038178 ] } },
{ "type": "Feature", "properties": { "organizati": "The Tab Group", "street_add": "341 COOPER RD. WEST BERLIN, NJ 08091", "phone_numb": "(856) 768-4402", "website": "www.tabshred.com", "hide_on_fi": null, "services_o": [ "Electronic/universal waste", "Source-separated recycling" ], "tags": [ "recycling", "e-waste", "e", "waste", "electronic", "television", "TV", "cell", "phone", "telephone", "computer", "laptop", "media", "secure", "information", "destruction", "monitor", "hard", "drive", "data", "destory" ], "lat": null, "lon": null }, "geometry": null },
{ "type": "Feature", "properties": { "organizati": "Morris Iron and Steel", "street_add": "7345 Milnor St. Philadelphia, PA 19136", "phone_numb": "(215) 624-6526", "website": "https://morrisironandsteel.com/", "hide_on_fi": null, "services_o": [ "Source-separated recycling" ], "tags": [ "recycle", "recycling", "metal", "ferrous", "material", "light", "iron", "appliance", "cast", "heavy", "scrap", "steel", "turning", "stainless", "nickel", "alloy", "tool" ], "lat": 40.025023399570195, "lon": -75.02764159693713 }, "geometry": { "type": "Point", "coordinates": [ -75.02764159693713, 40.025023399570195 ] } },
{ "type": "Feature", "properties": { "organizati": "MXI Environmental Services, LLC", "street_add": "297 Zimmerman Ln, Langhorne, PA 19047", "phone_numb": "(267) 590-0043", "website": "https://mxiinc.com/mxi-environmental-services.html", "hide_on_fi": null, "services_o": [ "Hazardous waste" ], "tags": [ "household", "hazardous", "danger", "dangerous", "waste", "HHW", "collection", "event", "safe", "dispose", "disposal" ], "lat": null, "lon": null }, "geometry": null },
{ "type": "Feature", "properties": { "organizati": "AERC", "street_add": null, "phone_numb": "(866) 447-5177", "website": "http://www.aerc.com/Recycling_Solutions-Electronics.php", "hide_on_fi": null, "services_o": [ "Electronic/universal waste", "Hazardous waste" ], "tags": [ "recycling", "recycle", "electronic", "waste" ], "lat": null, "lon": null }, "geometry": null },
{ "type": "Feature", "properties": { "organizati": "ADL Auto Repair Inc", "street_add": "1541 W Passyunk Ave, Philadelphia, PA 19145", "phone_numb": "(215) 389-3889", "website": null, "hide_on_fi": null, "services_o": [ "Used motor oil" ], "tags": [ "motor", "oil", "collection", "recycling", "disposal", "dispose", "recycle" ], "lat": 39.925187870684823, "lon": -75.172489667235041 }, "geometry": { "type": "Point", "coordinates": [ -75.172489667235041, 39.925187870684823 ] } },
{ "type": "Feature", "properties": { "organizati": "Schummers Super Sunoco Service Center", "street_add": "7401 Frankford Ave, Philadelphia, PA 19136", "phone_numb": null, "website": "http://www.schummersauto.com/", "hide_on_fi": null, "services_o": [ "Used motor oil" ], "tags": [ "motor", "oil", "collection", "recycling", "disposal", "dispose", "recycle" ], "lat": 40.037698804519522, "lon": -75.037473641834694 }, "geometry": { "type": "Point", "coordinates": [ -75.037473641834694, 40.037698804519522 ] } },
{ "type": "Feature", "properties": { "organizati": "Albert Lawrence (Sunoco)", "street_add": "4601 Walnut St, Philadelphia, PA 19139", "phone_numb": "(215) 472-4214", "website": "https://www.sunoco.com/find-a-station", "hide_on_fi": null, "services_o": [ "Used motor oil" ], "tags": [ "motor", "oil", "collection", "recycling", "disposal", "dispose", "recycle" ], "lat": 39.955803424978299, "lon": -75.214112391210023 }, "geometry": { "type": "Point", "coordinates": [ -75.214112391210008, 39.955803424978299 ] } },
{ "type": "Feature", "properties": { "organizati": "Staples Roosevelt Blvd. at Adams Ave.", "street_add": "Roosevelt Blvd. at Adams Ave., Philadelphia, PA 19124", "phone_numb": "(215) 535-7040", "website": "https://www.staples.com/sbd/cre/marketing/sustainability-center/recycling-services/", "hide_on_fi": null, "services_o": [ "Electronic/universal waste", "Source-separated recycling" ], "tags": "[\"retail\", \"store\", \"e-waste\", \"e\", \"waste\", \"recycle\", \"recycling\", \"electronic\", \"ink\", \"toner\", \"trade-in\", \"technology\", \"tech\", \"batteries\", \"battery\", \"cell\", \"phone\", \"telephone\", \"dropbox\", \"Call2Recycle\", \"dry-cell\", \"Ni-Cd\", \"Li-Ion\", \"lithium\"", "lat": 40.030049692131378, "lon": -75.103228084301904 }, "geometry": { "type": "Point", "coordinates": [ -75.103228084301904, 40.030049692131378 ] } },
{ "type": "Feature", "properties": { "organizati": "Sullivan's Scrap Metal", "street_add": "2710 E. Westmoreland St., Philadelphia, PA 19134", "phone_numb": "(215) 442-1504", "website": "https://sullivanscrap.com/scrap-metal-drop-off/", "hide_on_fi": null, "services_o": [ "Source-separated recycling" ], "tags": [ "scrap", "metal", "dealer", "recycle", "recycling", "copper", "aluminum", "stainless", "steel", "iron" ], "lat": 39.984950646778366, "lon": -75.099757038465427 }, "geometry": { "type": "Point", "coordinates": [ -75.099757038465427, 39.984950646778366 ] } },
{ "type": "Feature", "properties": { "organizati": "All Saints Episcopal Church", "street_add": "9601 Frankford Avenue, Philadelphia, PA 19114", "phone_numb": "215-637-8787", "website": "https://allsaintstorresdale.org/", "hide_on_fi": null, "services_o": [ "Source-separated recycling" ], "tags": [ "paper" ], "lat": 40.058959324335696, "lon": -74.994043682454688 }, "geometry": { "type": "Point", "coordinates": [ -74.994043682454688, 40.058959324335696 ] } },
{ "type": "Feature", "properties": { "organizati": "Allegheny Iron And Metal", "street_add": "2200 E. Adams Ave. Philadelphia, PA 19124", "phone_numb": "(215) 743-7759", "website": "https://www.alleghenyiron.com", "hide_on_fi": null, "services_o": [ "Source-separated recycling" ], "tags": "[\"ferrous\", \"metal\", \"scrap\", \"iron\", \"steel\", \"industrial\", \"punching\", \"galvanized\", \"coil\", \"sheet\", \"pipe\", \"piping\", \"tube\", \"tubing\", \"bridge\", \"section\", \"boiler\", \"silo\", \"demolition\", \"material\", \"structure\", \"structural\", \"beam\", \"plate\", \"reba", "lat": 40.005190661788909, "lon": -75.087502392970109 }, "geometry": { "type": "Point", "coordinates": [ -75.087502392970109, 40.005190661788916 ] } },
{ "type": "Feature", "properties": { "organizati": "Andy's Auto Repair", "street_add": "6700 Frankford Ave, Philadelphia, PA 19135", "phone_numb": "(215) 333-8444", "website": null, "hide_on_fi": null, "services_o": [ "Used motor oil" ], "tags": [ "motor", "oil", "collection", "recycling", "disposal", "dispose", "recycle" ], "lat": 40.032062294029608, "lon": -75.052632338941692 }, "geometry": { "type": "Point", "coordinates": [ -75.052632338941692, 40.032062294029608 ] } },
{ "type": "Feature", "properties": { "organizati": "Retrievr: Clothing and E-Waste Recycling for Curbside Pickup", "street_add": "[Online Resource - Pick Up Only]", "phone_numb": "(757) 703-3824", "website": "https://retrievr.com/location/philadelphia-pa/", "hide_on_fi": null, "services_o": [ "Electronic/universal waste", "Textile donation or recycling", "Source-separated recycling" ], "tags": "[\"pickup\", \"clothes\", \"clothing\", \"donation\", \"recycle\", \"recycling\", \"electronic\", \"electric\", \"e-waste\", \"equipment\", \"cell\", \"cell phone\", \"phone\", \"smart\", \"computer\", \"peripheral\", \"peripherals\", \"laptop\", \"tablet\", \"fax\", \"machine\", \"gaming\", \"keyb", "lat": null, "lon": null }, "geometry": null },
{ "type": "Feature", "properties": { "organizati": "Sundafu Recycling", "street_add": "200 Center Street Conshohocken, PA 19428", "phone_numb": "(267) 341-8096", "website": "http://www.scrapmetalrecyclinginconshohockenpa.com/scrap-metal/", "hide_on_fi": null, "services_o": [ "Electronic/universal waste", "Source-separated recycling" ], "tags": [ "recycling", "recycle", "scrap", "metal", "copper", "brass", "aluminum", "stainless", "steel", "insulated", "wire", "lead", "radiator", "electric", "motor", "battery", "batteries", "e", "waste" ], "lat": null, "lon": null }, "geometry": null },
{ "type": "Feature", "properties": { "organizati": "EMR Philadelphia ATLAS", "street_add": "3 Industrial Dr. Sharon Hill, PA 19079", "phone_numb": "(800) 727-2748", "website": "http://us.emrgroup.com/directory-inner.php?id=176", "hide_on_fi": null, "services_o": [ "Electronic/universal waste" ], "tags": [ "recycling", "recycle", "scrap", "copper", "brass", "aluminum", "metal", "ferrous" ], "lat": null, "lon": null }, "geometry": null },
{ "type": "Feature", "properties": { "organizati": "B & Tioga Auto Parts & Services Inc", "street_add": "3454 B St, Philadelphia, PA 19134", "phone_numb": "(215) 291-9263", "website": null, "hide_on_fi": null, "services_o": [ "Used motor oil" ], "tags": [ "motor", "oil", "collection", "recycling", "disposal", "dispose", "recycle" ], "lat": 40.002473503804133, "lon": -75.12474133736643 }, "geometry": { "type": "Point", "coordinates": [ -75.12474133736643, 40.002473503804133 ] } },
{ "type": "Feature", "properties": { "organizati": "Bargain Thrift Center", "street_add": "5261 Germantown Ave. Philadelphia, PA 19144", "phone_numb": "(215) 849-3225", "website": "https://bargainthriftcenter.com/", "hide_on_fi": null, "services_o": [ "All other donations", "Textile donation or recycling" ], "tags": "[\"clothing\", \"clothes\", \"shoe\", \"accessories\", \"accessory\", \"purse\", \"tote\", \"bag\", \"backpack\", \"wallet\", \"belt\", \"tie\", \"hat\", \"glove\", \"scarf\", \"scarves\", \"linen\", \"women\", \"men\", \"kid\", \"children\", \"child\", \"seasonal\", \"coat\", \"shirt\", \"pant\", \"short\"", "lat": 40.032200023424629, "lon": -75.16787805210646 }, "geometry": { "type": "Point", "coordinates": [ -75.16787805210646, 40.032200023424629 ] } },
{ "type": "Feature", "properties": { "organizati": "Sunday Breakfast Rescue Mission", "street_add": "302 N 13th St, Philadelphia, PA 19107", "phone_numb": "215-922-6400", "website": "www.sundaybreakfast.org/ways-to-give/give-in-kind/", "hide_on_fi": null, "services_o": [ "Food donations", "All other donations", "Textile donation or recycling" ], "tags": "[\"personal\", \"care\", \"deodorant\", \"razor\", \"shaving\", \"towel\", \"furniture\", \"couch\", \"chair\", \"table\", \"lamp\", \"dresser\", \"bed\", \"bedframe\", \"dining\", \"pen\", \"pencil\", \"notebook\", \"bag\", \"tote\", \"cleaning\", \"donate\", \"donation\", \"new\", \"used\", \"men\", \"fo", "lat": 39.958183779518322, "lon": -75.160365533048832 }, "geometry": { "type": "Point", "coordinates": [ -75.160365533048832, 39.958183779518322 ] } },
{ "type": "Feature", "properties": { "organizati": "Batteries Plus Bulbs Store", "street_add": "2118 Cottman Avenue, Philadelphia, PA 19149", "phone_numb": "(215) 745-6600", "website": "https://www.batteriesplus.com/t/recycling", "hide_on_fi": null, "services_o": [ "Electronic/universal waste", "Source-separated recycling" ], "tags": "[\"recycling\", \"recycle\", \"lightbulb\", \"battery\", \"batteries\", \"rechargeable\", \"cell\", \"phone\", \"telephone\", \"retail\", \"store\", \"e-waste\", \"e\", \"waste\", \"compact\", \"fluorescent\", \"light\", \"bulb\", \"tube\", \"circular\", \"U Bend\", \"plastic\", \"coated\", \"Shatter", "lat": 40.049077457208945, "lon": -75.063273212908982 }, "geometry": { "type": "Point", "coordinates": [ -75.063273212908982, 40.049077457208945 ] } },
{ "type": "Feature", "properties": { "organizati": "Bebashi Hunger Relief", "street_add": "1235 Spring Garden Street, Philadelphia, PA 19123", "phone_numb": "(215) 769-3561", "website": "https://www.bebashi.org/hunger-relief/", "hide_on_fi": null, "services_o": [ "Food donations" ], "tags": "[\"box\", \"can\", \"canned\", \"bottle\", \"shelf-stable\", \"non-perishable\", \"unopened\", \"packaged\", \"food\", \"donate\", \"donation\", \"peanut butter\", \"fish\", \"meat\", \"grain\", \"vegetable\", \"fruit\", \"pasta\", \"spaghetti\", \"bean\", \"sauce\", \"dressing\", \"dessert\", \"brea", "lat": 39.96225626324361, "lon": -75.158530723351987 }, "geometry": { "type": "Point", "coordinates": [ -75.158530723351987, 39.96225626324361 ] } },
{ "type": "Feature", "properties": { "organizati": "Bennett Compost", "street_add": "2901 W. Hunting Park Ave. Philadelphia, PA 19129", "phone_numb": "(215) 520-2406", "website": "https://www.bennettcompost.com/", "hide_on_fi": null, "services_o": [ "Organic waste", "Yard waste" ], "tags": "[\"organic\", \"waste\", \"recycling\", \"recycle\", \"compost\", \"coffee\", \"ground\", \"filter\", \"tea\", \"bag\", \"eggshell\", \"fruit\", \"vegetable\", \"nut\", \"shell\", \"dairy\", \"rice\", \"pasta\", \"bread\", \"grain\", \"hair\", \"fur\", \"newspaper\", \"ash\", \"ashes\", \"sawdust\", \"soil", "lat": 40.006158470963562, "lon": -75.177811780647161 }, "geometry": { "type": "Point", "coordinates": [ -75.177811780647176, 40.006158470963562 ] } },
{ "type": "Feature", "properties": { "organizati": "Best Buy Columbus Blvd.", "street_add": "2300 S. Christopher Columbus Blvd., Philadelphia, PA 19148", "phone_numb": "(215) 336-2212", "website": "https://www.bestbuy.com/site/services/recycling/pcmcat149900050025.c?id=pcmcat149900050025", "hide_on_fi": null, "services_o": [ "Electronic/universal waste", "Source-separated recycling" ], "tags": [ "retail", "store", "e-waste", "e", "waste", "recycle", "recycling", "electronic", "ink", "toner" ], "lat": 39.915919841098763, "lon": -75.138990134415508 }, "geometry": { "type": "Point", "coordinates": [ -75.138990134415508, 39.915919841098763 ] } },
{ "type": "Feature", "properties": { "organizati": "Pep Boys Auto Parts & Service", "street_add": "1050 E Hunting Park Ave, Philadelphia, PA 19124", "phone_numb": "(215) 533-3700", "website": "https://www.pepboys.com/corporate/about-pep-boys/media-center/press-releases/2021/Going-Further-to-Protect-the-Planet", "hide_on_fi": null, "services_o": [ "Used motor oil" ], "tags": [ "motor", "oil", "collection", "recycling", "disposal", "dispose", "recycle" ], "lat": 40.010915580339805, "lon": -75.106897995181782 }, "geometry": { "type": "Point", "coordinates": [ -75.106897995181782, 40.010915580339805 ] } },
{ "type": "Feature", "properties": { "organizati": "Pep Boys Auto Parts & Service", "street_add": "6200 Stenton Ave, Philadelphia, PA 19138", "phone_numb": "(215) 549-6570", "website": "https://www.pepboys.com/corporate/about-pep-boys/media-center/press-releases/2021/Going-Further-to-Protect-the-Planet", "hide_on_fi": null, "services_o": [ "Used motor oil" ], "tags": [ "motor", "oil", "collection", "recycling", "disposal", "dispose", "recycle" ], "lat": 40.057924863118728, "lon": -75.163959179585746 }, "geometry": { "type": "Point", "coordinates": [ -75.163959179585746, 40.057924863118728 ] } },
{ "type": "Feature", "properties": { "organizati": "PetSmart Chestnut Street", "street_add": "1112 Chestnut St. Philadelphia, PA 19107", "phone_numb": "(215) 282-6951", "website": "www.petsmart.com", "hide_on_fi": null, "services_o": [ "All other donations" ], "tags": [ "donation", "donate", "bed", "crate", "leash", "bowl", "pet", "dog", "cat", "animal" ], "lat": 39.949994437510853, "lon": -75.15972159903653 }, "geometry": { "type": "Point", "coordinates": [ -75.15972159903653, 39.94999443751086 ] } },
{ "type": "Feature", "properties": { "organizati": "UPS (Certain Locations)", "street_add": null, "phone_numb": null, "website": "https://about.ups.com/us/en/our-impact/sustainability.html", "hide_on_fi": null, "services_o": [ "Source-separated recycling" ], "tags": [ "recycling", "recycle", "office", "foam", "styrofoam", "polystyrene", "packing", "packaging", "peanuts", "reuse", "air", "pillow", "bubble", "wrap", "plastic", "grocery", "bag", "store", "retail" ], "lat": null, "lon": null }, "geometry": null },
{ "type": "Feature", "properties": { "organizati": "PetSmart Quartermaster Plaza", "street_add": "2360 Oregon Ave. Philadelphia, PA 19145", "phone_numb": "(215) 462-2080", "website": "www.petsmart.com", "hide_on_fi": null, "services_o": [ "All other donations" ], "tags": [ "donation", "donate", "bed", "crate", "leash", "bowl", "pet", "dog", "cat", "animal" ], "lat": 39.917974349448919, "lon": -75.188632113221303 }, "geometry": { "type": "Point", "coordinates": [ -75.188632113221288, 39.917974349448919 ] } },
{ "type": "Feature", "properties": { "organizati": "Rhino Recycling, Inc.", "street_add": "2942 E. Tioga St. Philadelphia, PA 19134", "phone_numb": "(215) 634-8138", "website": "https://us.emrlocal.com/yards/emr-philadelphia-port-richmond", "hide_on_fi": null, "services_o": [ "Source-separated recycling" ], "tags": [ "recycling", "recycle", "metal", "ferrous", "non-ferrous", "collection", "scrap" ], "lat": 39.982206067204586, "lon": -75.091920791899227 }, "geometry": { "type": "Point", "coordinates": [ -75.091920791899227, 39.982206067204586 ] } },
{ "type": "Feature", "properties": { "organizati": "Retrievr: PHLDonateTech Program Partner", "street_add": "[Online Resource - Pick Up Only]", "phone_numb": "(757) 703-3824", "website": "https://retrievr.com/location/philadelphia-pa/", "hide_on_fi": null, "services_o": [ "Electronic/universal waste", "Textile donation or recycling", "Source-separated recycling", "All other donations" ], "tags": [ "pickup", "donation", "electronic", "electric", "e-waste", "equipment", "cell", "cell phone", "phone", "smart", "computer", "peripheral", "peripherals", "laptop", "tablet", "keyboard", "monitor", "iPad", "tech", "technology", "donate" ], "lat": null, "lon": null }, "geometry": null },
{ "type": "Feature", "properties": { "organizati": "PetSmart Washington Ave.", "street_add": "1415 Washington Ave. Philadelphia, PA 19146", "phone_numb": "(215) 201-3505", "website": "www.petsmart.com", "hide_on_fi": null, "services_o": [ "All other donations" ], "tags": [ "donation", "donate", "bed", "crate", "leash", "bowl", "pet", "dog", "cat", "animal" ], "lat": 39.938130298990266, "lon": -75.167749494673444 }, "geometry": { "type": "Point", "coordinates": [ -75.167749494673444, 39.938130298990266 ] } },
{ "type": "Feature", "properties": { "organizati": "Philabundance", "street_add": "3616 S. Galloway St. Philadelphia, PA 19148", "phone_numb": "(215) 339-0900", "website": "https://www.philabundance.org/", "hide_on_fi": null, "services_o": [ "Food donations" ], "tags": [ "donate", "donation", "grocery", "store", "food", "prepared", "packaged", "unopened", "perishable", "non-perishable" ], "lat": 39.902325994632328, "lon": -75.157027298164294 }, "geometry": { "type": "Point", "coordinates": [ -75.157027298164294, 39.902325994632328 ] } },
{ "type": "Feature", "properties": { "organizati": "Urban Exchange Project", "street_add": "1868 Frankford Ave. Philadelphia, PA 19125", "phone_numb": "(267) 297-5915", "website": "www.urbanexchangeproject.com", "hide_on_fi": null, "services_o": [ "Textile donation or recycling" ], "tags": [ "thrift", "name-brand", "brand", "vintage", "secondhand", "clothes", "clothing", "men", "women", "label", "designer" ], "lat": 39.978606081678606, "lon": -75.130847674803476 }, "geometry": { "type": "Point", "coordinates": [ -75.130847674803476, 39.978606081678606 ] } },
{ "type": "Feature", "properties": { "organizati": "Philadelphia Food Pantries (Online Search Tool)", "street_add": "City-wide", "phone_numb": null, "website": "https://www.foodpantries.org/ci/pa-philadelphia", "hide_on_fi": null, "services_o": [ "Food donations" ], "tags": [ "food", "pantry", "pantries", "cupboard", "local", "donation", "donate", "search", "database", "lookup" ], "lat": null, "lon": null }, "geometry": null },
{ "type": "Feature", "properties": { "organizati": "Philadelphia Recycling Company", "street_add": "3066 N. 16th St. Philadelphia, PA 19127", "phone_numb": "(215) 990-4350", "website": "https://www.philadelphiarecycling.co/", "hide_on_fi": null, "services_o": [ "Construction and demolition debris" ], "tags": [ "clean", "out", "construction", "demolition", "demo", "hauling", "haul", "hauler", "bulky", "bulk", "curbside", "waste", "trash", "junk", "C&D", "debris", "drywall", "brick" ], "lat": 40.000423007162382, "lon": -75.156496569408816 }, "geometry": { "type": "Point", "coordinates": [ -75.156496569408816, 40.000423007162382 ] } },
{ "type": "Feature", "properties": { "organizati": "Philly Food Finder (Online Search Tool)", "street_add": null, "phone_numb": null, "website": "https://phillyfoodfinder.org/", "hide_on_fi": null, "services_o": [ "Food donations", "All other donations" ], "tags": [ "food", "pantry", "pantries", "local", "soup", "kitchen", "farmer", "market", "donation", "donate", "search", "database", "lookup" ], "lat": null, "lon": null }, "geometry": null },
{ "type": "Feature", "properties": { "organizati": "Philly AIDS Thrift", "street_add": "710 S 5th St. Philadelphia, PA 19147", "phone_numb": "(215) 922-3186", "website": "https://www.phillyaidsthrift.com/", "hide_on_fi": null, "services_o": [ "All other donations", "Textile donation or recycling" ], "tags": [ "clothing", "clothes", "shoe", "accessories", "accessory", "women", "kid", "children", "child", "men", "household", "donate", "donation", "thrift" ], "lat": 39.940592331695989, "lon": -75.151292288011078 }, "geometry": { "type": "Point", "coordinates": [ -75.151292288011078, 39.940592331695989 ] } },
{ "type": "Feature", "properties": { "organizati": "Philadelphia's Magic Gardens", "street_add": "1020 South St. Philadelphia, PA 19147", "phone_numb": "(215) 733-0390", "website": "https://www.phillymagicgardens.org/join-and-support/", "hide_on_fi": null, "services_o": [ "Construction and demolition debris" ], "tags": [ "tile", "mirror", "ceramics", "donation", "donate", "art" ], "lat": 39.942700903137705, "lon": -75.159320553334538 }, "geometry": { "type": "Point", "coordinates": [ -75.159320553334538, 39.942700903137705 ] } },
{ "type": "Feature", "properties": { "organizati": "Walmart Vision Center", "street_add": "1675 S. Columbus Blvd. Philadelphia, PA 19148", "phone_numb": "(215) 389-5810", "website": "https://njlerc.wordpress.com/drop-off-locations/drop-off-locations-in-pennsylvania/", "hide_on_fi": null, "services_o": [ "All other donations", "Source-separated recycling" ], "tags": [ "glasses", "donation", "donate", "recycling", "recycle", "eyewear", "lens" ], "lat": 39.925904641153807, "lon": -75.141068292370889 }, "geometry": { "type": "Point", "coordinates": [ -75.141068292370903, 39.925904641153807 ] } },
{ "type": "Feature", "properties": { "organizati": "Waste Management-Forge", "street_add": "5245 Bleigh Ave. Philadelphia, PA 19136", "phone_numb": "(215) 335-0330", "website": "www.wmsolutions.com/locations/details/id/723", "hide_on_fi": null, "services_o": [ "Organic waste", "Yard waste" ], "tags": [ "curbside", "yard", "waste", "organic", "plant", "leaves", "grass", "flower", "straw", "wood", "clipping", "trimming", "landscaping", "landscape" ], "lat": 40.023942494406221, "lon": -75.024650161596398 }, "geometry": { "type": "Point", "coordinates": [ -75.024650161596398, 40.023942494406228 ] } },
{ "type": "Feature", "properties": { "organizati": "REGO App", "street_add": "3675 Market Street, Suite 800, Philadelphia PA, 19104", "phone_numb": "(215) 770-6989", "website": "https://www.rego-app.com", "hide_on_fi": null, "services_o": [ "All other donations" ], "tags": [ "furniture", "app", "household", "bed", "bedframe", "dresser", "large", "bulky", "bulk", "table", "couch", "chair", "donate", "donation", "residential" ], "lat": 39.956700584910109, "lon": -75.195151067340547 }, "geometry": { "type": "Point", "coordinates": [ -75.195151067340547, 39.956700584910109 ] } },
{ "type": "Feature", "properties": { "organizati": "Project HOME", "street_add": "1515 Fairmount Ave. Philadelphia, PA 19130", "phone_numb": "(215) 232-7272", "website": "https://www.projecthome.org/news/becoming-sustainable-project-home", "hide_on_fi": null, "services_o": [ "Food donations" ], "tags": [ "non-perishable", "unopened", "packaged", "food", "donation", "donate", "pantry", "pantries", "cupboard" ], "lat": 39.967442935634345, "lon": -75.162863599549084 }, "geometry": { "type": "Point", "coordinates": [ -75.162863599549084, 39.967442935634345 ] } },
{ "type": "Feature", "properties": { "organizati": "Philly Food Rescue (Online Scheduler)", "street_add": null, "phone_numb": "(267) 218-4800", "website": "https://www.phillyfoodrescue.org/", "hide_on_fi": null, "services_o": [ "Food donations", "All other donations" ], "tags": [ "food", "donation", "donate", "packaged", "non-perishable", "perishable", "tax credit", "catering", "leftover", "pantries" ], "lat": null, "lon": null }, "geometry": null },
{ "type": "Feature", "properties": { "organizati": "Provenance", "street_add": "1801 N. American St. Philadelphia, PA 19122", "phone_numb": "(215) 925-2002", "website": "https://provenancecompanies.com/", "hide_on_fi": null, "services_o": [ "All other donations", "Source-separated recycling", "Construction and demolition debris" ], "tags": [ "salvage", "industrial", "wood", "metal", "building", "reuse", "recycling", "recycle", "furniture", "reclaim" ], "lat": 39.979034615932314, "lon": -75.138361483773679 }, "geometry": { "type": "Point", "coordinates": [ -75.138361483773679, 39.979034615932314 ] } },
{ "type": "Feature", "properties": { "organizati": "Bethesda Project", "street_add": "1630 South Street, Philadelphia, PA 19146", "phone_numb": "(215) 985-1600", "website": "https://www.bethesdaproject.org/", "hide_on_fi": null, "services_o": [ "Textile donation or recycling", "Food donations" ], "tags": "[\"clothes\", \"clothing\", \"men\", \"shirt\", \"t-shirt\", \"pant\", \"shoe\", \"jacket\", \"coat\", \"used\", \"gently-used\", \"donate\", \"donation\", \"residential\", \"food\", \"non-perishable\", \"Non-profit\", \"shelf-stable\", \"pasta\", \"juice\", \"grain\", \"soup\", \"canned\", \"good\",", "lat": 39.944010177653936, "lon": -75.169810057973322 }, "geometry": { "type": "Point", "coordinates": [ -75.169810057973322, 39.944010177653936 ] } },
{ "type": "Feature", "properties": { "organizati": "Plastic Film Recycling.org Plastic Bag Recycling Locator (Online Search Tool)", "street_add": null, "phone_numb": null, "website": "https://www.plasticfilmrecycling.org/recycling-bags-and-wraps/find-drop-off-location/", "hide_on_fi": null, "services_o": [ "Source-separated recycling" ], "tags": [ "database", "local", "plastic", "grocery", "bag", "film", "recycling", "online", "tool", "recycle", "lookup" ], "lat": null, "lon": null }, "geometry": null },
{ "type": "Feature", "properties": { "organizati": "Good Buy Supply", "street_add": "1737 E Passyunk Ave, Philadelphia, PA 19148", "phone_numb": "267-225-2991", "website": "https://goodbuysupply.co/", "hide_on_fi": null, "services_o": [ "Source-separated recycling", "All other donations" ], "tags": [ "glass", "bottle", "container" ], "lat": 39.927767671696927, "lon": -75.165703565755805 }, "geometry": { "type": "Point", "coordinates": [ -75.165703565755805, 39.927767671696927 ] } },
{ "type": "Feature", "properties": { "organizati": "Reid Auto Inc", "street_add": "1320 S 3rd St, Philadelphia, PA 19147", "phone_numb": "(267) 773-8156", "website": "https://reids-auto.web.app/", "hide_on_fi": null, "services_o": [ "Used motor oil" ], "tags": [ "motor", "oil", "collection", "recycling", "disposal", "dispose", "recycle" ], "lat": 39.931188928064017, "lon": -75.150075125071865 }, "geometry": { "type": "Point", "coordinates": [ -75.150075125071879, 39.931188928064017 ] } },
{ "type": "Feature", "properties": { "organizati": "Whosoever Gospel Mission Thrift Shop", "street_add": "101 E. Chelten Ave. Philadelphia, PA 19144", "phone_numb": "(215) 438-3094", "website": "https://www.whosoevergospel.org/wp/donate-items/", "hide_on_fi": null, "services_o": [ "All other donations", "Textile donation or recycling" ], "tags": [ "women", "men", "child", "children", "kid", "clothing", "clothes", "shoe", "accessories", "accessory", "household", "donate", "donation", "thrift", "used", "gently-used" ], "lat": 40.037386465833173, "lon": -75.17364661678387 }, "geometry": { "type": "Point", "coordinates": [ -75.17364661678387, 40.037386465833173 ] } },
{ "type": "Feature", "properties": { "organizati": "Republic Services", "street_add": "3000 E. Hedley St., Philadelphia, PA 1913", "phone_numb": "(610) 265-6337", "website": "https://www.republicservices.com/sustainability", "hide_on_fi": null, "services_o": [ "Electronic/universal waste", "Hazardous waste", "Construction and demolition debris", "Organic waste" ], "tags": null, "lat": 39.991899365937414, "lon": -75.074469180124325 }, "geometry": { "type": "Point", "coordinates": [ -75.074469180124325, 39.991899365937414 ] } },
{ "type": "Feature", "properties": { "organizati": "West Philly Tool Library", "street_add": "1314 S. 47th St. Philadelphia, PA 19143", "phone_numb": "(215) 833-3190", "website": "http://westphillytools.org/", "hide_on_fi": null, "services_o": [ "All other donations" ], "tags": [ "tool", "donation", "donate", "home", "improvement", "building", "lending" ], "lat": 39.942715475876703, "lon": -75.210443966942933 }, "geometry": { "type": "Point", "coordinates": [ -75.210443966942933, 39.942715475876703 ] } },
{ "type": "Feature", "properties": { "organizati": "Richard S. Burns & Company", "street_add": "4300 Rising Sun Ave. Philadelphia, PA 19140", "phone_numb": "(215) 324-6377", "website": "https://www.burnscompany.net/", "hide_on_fi": null, "services_o": [ "Construction and demolition debris" ], "tags": [ "demolition", "construction", "waste", "container", "dumpster", "rental", "small", "large", "lumber", "wood", "pallet", "wooden", "recycle", "recycling", "metal", "brick", "drywall" ], "lat": 40.017372201875339, "lon": -75.128977826440391 }, "geometry": { "type": "Point", "coordinates": [ -75.128977826440391, 40.017372201875332 ] } },
{ "type": "Feature", "properties": { "organizati": "Rabbit Recycling", "street_add": "online source", "phone_numb": null, "website": "https://www.rabbitrecycling.com/", "hide_on_fi": null, "services_o": [ "All other donations", "Textile donation or recycling", "Electronic/universal waste" ], "tags": [ "furniture", "household", "bulk", "table", "couch", "chair", "peripheral", "electronics" ], "lat": null, "lon": null }, "geometry": null },
{ "type": "Feature", "properties": { "organizati": "Revolution Recovery", "street_add": "7333 Milnor St. Philadelphia, PA 19136", "phone_numb": "(215) 333-6505", "website": "https://revolutionrecovery.com/", "hide_on_fi": null, "services_o": [ "Construction and demolition debris", "Source-separated recycling" ], "tags": [ "construction", "demolition", "demo", "drop-off", "drywall", "paint", "office", "furniture", "metal", "plastic", "wood", "renovation", "C&D", "paper", "waste", "recycling", "wire", "wiring", "cable", "carpet" ], "lat": 40.023445961320149, "lon": -75.028532365179373 }, "geometry": { "type": "Point", "coordinates": [ -75.028532365179373, 40.023445961320149 ] } },
{ "type": "Feature", "properties": { "organizati": "S.D. Richman Sons", "street_add": "2435 Wheatsheaf Ln, Philadelphia, PA 19137", "phone_numb": "(215) 535-5100", "website": "http://sdrichmansons.com", "hide_on_fi": null, "services_o": [ "Source-separated recycling" ], "tags": [ "scrap", "iron", "metal", "recycle", "recycling", "steel", "aluminum", "brass", "copper", "stainless", "insulated", "wire", "lead", "nickel", "alloy" ], "lat": 39.996493162302016, "lon": -75.086780072307562 }, "geometry": { "type": "Point", "coordinates": [ -75.086780072307562, 39.996493162302016 ] } },
{ "type": "Feature", "properties": { "organizati": "Cradles to Crayons", "street_add": "4700 Wissahickon Ave Suite 142, Philadelphia, PA 19144", "phone_numb": "(215) 836-0958", "website": "https://www.cradlestocrayons.org/philadelphia/", "hide_on_fi": null, "services_o": [ "Textile donation or recycling" ], "tags": [ "shoe", "clothing", "tie", "hat" ], "lat": 40.01585203533665, "lon": -75.172563328587984 }, "geometry": { "type": "Point", "coordinates": [ -75.172563328587984, 40.01585203533665 ] } },
{ "type": "Feature", "properties": { "organizati": "Sanitation Convenience Center at Port Richmond", "street_add": "3901 Delaware Ave, Philadelphia, PA 19137", "phone_numb": "(215) 685-1358", "website": "https://www.phila.gov/services/trash-recycling-city-upkeep/find-a-sanitation-convenience-center-to-drop-off-trash-or-recycling/", "hide_on_fi": null, "services_o": [ "Electronic/universal waste", "Yard waste", "Source-separated recycling", "Single-stream recycling" ], "tags": "[\"landscaping\", \"debris\", \"recycle\", \"recycling\", \"landscape\", \"trimming\", \"clipping\", \"grass\", \"plant\", \"leaves\", \"flower\", \"hay\", \"straw\", \"wood\", \"City\", \"City of Philadelphia\", \"resident-only\", \"computer\", \"monitor\", \"television\", \"TV\", \"equipment\",", "lat": 39.984995672061387, "lon": -75.076907285655651 }, "geometry": { "type": "Point", "coordinates": [ -75.076907285655651, 39.98499567206138 ] } },
{ "type": "Feature", "properties": { "organizati": "Sanitation Convenience Center at Northwest Philadelphia", "street_add": "320 Domino Ln, Philadelphia, PA 19128", "phone_numb": "(215) 685-2502", "website": "https://www.phila.gov/services/trash-recycling-city-upkeep/find-a-sanitation-convenience-center-to-drop-off-trash-or-recycling/", "hide_on_fi": null, "services_o": [ "Electronic/universal waste", "Yard waste", "Single-stream recycling", "Source-separated recycling" ], "tags": "[\"landscaping\", \"debris\", \"recycle\", \"recycling\", \"landscape\", \"trimming\", \"clipping\", \"grass\", \"plant\", \"leaves\", \"flower\", \"hay\", \"straw\", \"wood\", \"City\", \"City of Philadelphia\", \"resident-only\", \"computer\", \"monitor\", \"television\", \"TV\", \"equipment\",", "lat": 40.039488565778569, "lon": -75.239264125568937 }, "geometry": { "type": "Point", "coordinates": [ -75.239264125568937, 40.039488565778569 ] } },
{ "type": "Feature", "properties": { "organizati": "Sanitation Convenience Center at Northeast Philadelphia", "street_add": "8401 State Rd, Philadelphia, PA 19136", "phone_numb": "(215) 685-8072", "website": "https://www.phila.gov/services/trash-recycling-city-upkeep/find-a-sanitation-convenience-center-to-drop-off-trash-or-recycling/", "hide_on_fi": null, "services_o": [ "Electronic/universal waste", "Yard waste", "Single-stream recycling", "Source-separated recycling" ], "tags": "[\"landscaping\", \"debris\", \"recycle\", \"recycling\", \"landscape\", \"trimming\", \"clipping\", \"grass\", \"plant\", \"leaves\", \"flower\", \"hay\", \"straw\", \"wood\", \"City\", \"City of Philadelphia\", \"resident-only\", \"computer\", \"monitor\", \"television\", \"TV\", \"equipment\",", "lat": 40.036004324814328, "lon": -75.005383983206158 }, "geometry": { "type": "Point", "coordinates": [ -75.005383983206158, 40.036004324814328 ] } },
{ "type": "Feature", "properties": { "organizati": "Salvation Army Family Store & Donation Center - Pechin St.", "street_add": "4555 Pechin Street, Philadelphia, PA 19128", "phone_numb": "(215) 483-3340", "website": "https://satruck.org/", "hide_on_fi": null, "services_o": [ "All other donations", "Textile donation or recycling" ], "tags": "[\"appliance\", \"car\", \"furniture\", \"bed\", \"crib\", \"mattress\", \"household\", \"kitchen\", \"small\", \"supplies\", \"book\", \"bicycle\", \"radio\", \"sport\", \"sporting\", \"equipment\", \"umbrella\", \"donate\", \"donation\", \"thrift\", \"clothing\", \"clothes\", \"women\", \"men\", \"ki", "lat": 40.033762261847507, "lon": -75.219802163872686 }, "geometry": { "type": "Point", "coordinates": [ -75.219802163872686, 40.033762261847507 ] } },
{ "type": "Feature", "properties": { "organizati": "Alex's Lemonade Stand Foundation's Cars that Cure", "street_add": null, "phone_numb": "855-227-2573", "website": "https://www.alexslemonade.org/auto-donations", "hide_on_fi": null, "services_o": [ "All other donations" ], "tags": [ "car", "truck", "SUV", "donate", "donation", "trailer" ], "lat": null, "lon": null }, "geometry": null },
{ "type": "Feature", "properties": { "organizati": "Sanitation Convenience Center at Southwest Philadelphia", "street_add": "3033 S 63rd St, Philadelphia, PA 19153", "phone_numb": "(215) 685-4290", "website": "https://www.phila.gov/services/trash-recycling-city-upkeep/find-a-sanitation-convenience-center-to-drop-off-trash-or-recycling/", "hide_on_fi": null, "services_o": [ "Electronic/universal waste", "Yard waste", "Single-stream recycling", "Source-separated recycling" ], "tags": "[\"landscaping\", \"debris\", \"recycle\", \"recycling\", \"landscape\", \"trimming\", \"clipping\", \"grass\", \"plant\", \"leaves\", \"flower\", \"hay\", \"straw\", \"wood\", \"City\", \"City of Philadelphia\", \"resident-only\", \"computer\", \"monitor\", \"television\", \"TV\", \"equipment\",", "lat": 39.919585129032576, "lon": -75.220662447864058 }, "geometry": { "type": "Point", "coordinates": [ -75.220662447864072, 39.919585129032576 ] } },
{ "type": "Feature", "properties": { "organizati": "Sanitation Convenience Center at Strawberry Mansion", "street_add": "2601 W Glenwood Ave, Philadelphia, PA 19121", "phone_numb": "(215) 685-3955", "website": "https://www.phila.gov/services/trash-recycling-city-upkeep/find-a-sanitation-convenience-center-to-drop-off-trash-or-recycling/", "hide_on_fi": null, "services_o": [ "Electronic/universal waste", "Yard waste", "Source-separated recycling", "Single-stream recycling" ], "tags": "[\"landscaping\", \"debris\", \"recycle\", \"recycling\", \"landscape\", \"trimming\", \"clipping\", \"grass\", \"plant\", \"leaves\", \"flower\", \"hay\", \"straw\", \"wood\", \"City\", \"City of Philadelphia\", \"resident-only\", \"computer\", \"monitor\", \"television\", \"TV\", \"equipment\",", "lat": 39.986306358644825, "lon": -75.177282548262141 }, "geometry": { "type": "Point", "coordinates": [ -75.177282548262141, 39.986306358644825 ] } },
{ "type": "Feature", "properties": { "organizati": "College Hunks", "street_add": "308 Westtown Rd, West Chester, PA 19382", "phone_numb": "(610) 756-1554", "website": "https://www.collegehunkshaulingjunk.com/philadelphia/?L=true", "hide_on_fi": null, "services_o": [ "Construction and demolition debris", "All other donations", "Source-separated recycling" ], "tags": [ "donate", "donation", "recycle", "recycling", "holiday", "decor", "decoration", "gently-used", "used", "nursery", "baby", "children", "furniture", "garage", "attic", "basement", "cleanup", "cleanout" ], "lat": null, "lon": null }, "geometry": null },
{ "type": "Feature", "properties": { "organizati": "Sanitation Convenience Center at West Philadelphia", "street_add": "5100 Grays Ave, Philadelphia, PA 19143", "phone_numb": "(215) 685-2600", "website": "https://www.phila.gov/services/trash-recycling-city-upkeep/find-a-sanitation-convenience-center-to-drop-off-trash-or-recycling/", "hide_on_fi": null, "services_o": [ "Electronic/universal waste", "Yard waste", "Single-stream recycling", "Source-separated recycling" ], "tags": "[\"landscaping\", \"debris\", \"recycle\", \"recycling\", \"landscape\", \"trimming\", \"clipping\", \"grass\", \"plant\", \"leaves\", \"flower\", \"hay\", \"straw\", \"wood\", \"City\", \"City of Philadelphia\", \"resident-only\", \"computer\", \"monitor\", \"television\", \"TV\", \"equipment\",", "lat": 39.935620790279287, "lon": -75.212241387900931 }, "geometry": { "type": "Point", "coordinates": [ -75.212241387900931, 39.935620790279287 ] } },
{ "type": "Feature", "properties": { "organizati": "Second Antioch Baptist Church Food Cupboard", "street_add": "912 N 41st St, Philadelphia, PA 19104", "phone_numb": "(215) 387-6774", "website": "http://www.hungercoalition.org/food-pantries/second-antioch-baptist-church-food-cupboard", "hide_on_fi": null, "services_o": [ "Food donations" ], "tags": [ "food", "pantry", "donation", "donate", "packaged", "non-perishable", "box", "cupboard", "bag", "pantries" ], "lat": 39.970757251212468, "lon": -75.206251590237969 }, "geometry": { "type": "Point", "coordinates": [ -75.206251590237969, 39.970757251212468 ] } },
{ "type": "Feature", "properties": { "organizati": "Sears Bustleton Ave", "street_add": "7300 Bustleton Ave. Ste 1., Philadelphia, PA 19152", "phone_numb": "(215) 697-8888", "website": "https://www.searshomeservices.com/blog/step-into-sustainable-living-eco-friendly-appliances-and-practices-for-your", "hide_on_fi": null, "services_o": [ "Electronic/universal waste", "Source-separated recycling" ], "tags": [ "retail", "store", "e-waste", "e", "waste", "recycle", "recycling", "electronic", "batteries", "battery", "cell", "phone", "telephone", "dropbox", "Call2Recycle", "dry-cell", "Ni-Cd", "Li-Ion", "lithium", "ion", "SSLA", "Ni-MH", "Ni-ZN", "rechargeable" ], "lat": 40.049233409554304, "lon": -75.05999697477607 }, "geometry": { "type": "Point", "coordinates": [ -75.05999697477607, 40.049233409554304 ] } },
{ "type": "Feature", "properties": { "organizati": "Share Food Program", "street_add": "2901 W Hunting Park Ave, Philadelphia, PA 19129", "phone_numb": "(215) 223-2220", "website": "https://sharefoodprogram.org/", "hide_on_fi": null, "services_o": [ "Food donations" ], "tags": [ "food", "pantry", "donation", "donate", "packaged", "non-perishable", "pantries", "cupboard" ], "lat": 40.006158470963562, "lon": -75.177811780647161 }, "geometry": { "type": "Point", "coordinates": [ -75.177811780647176, 40.006158470963562 ] } },
{ "type": "Feature", "properties": { "organizati": "St. Francis Inn Ministries", "street_add": "2441 Kensington Ave, Philadelphia, PA 19125", "phone_numb": "(215) 423-5845", "website": "http://stfrancisinn.org/?doing_wp_cron=1549311761.9644150733947753906250", "hide_on_fi": null, "services_o": [ "Food donations" ], "tags": [ "food", "pantry", "donation", "donate", "packaged", "non-perishable", "perishable", "prepared", "cooked", "cupboard", "meal", "pantries" ], "lat": 39.986860163601683, "lon": -75.130469344713745 }, "geometry": { "type": "Point", "coordinates": [ -75.130469344713745, 39.986860163601683 ] } },
{ "type": "Feature", "properties": { "organizati": "St. Peter's Food Cupboard", "street_add": "313 Pine Street, Philadelphia, PA 19106", "phone_numb": "(215) 925-5968", "website": "http://www.stpetersphila.org/serve/food-cupboard/", "hide_on_fi": null, "services_o": [ "Food donations" ], "tags": [ "food", "pantry", "cupboard", "donation", "donate", "packaged", "non-perishable", "perishable", "fruit", "vegetable", "pantries" ], "lat": 39.943573501854978, "lon": -75.147691604918762 }, "geometry": { "type": "Point", "coordinates": [ -75.147691604918762, 39.943573501854978 ] } },
{ "type": "Feature", "properties": { "organizati": "Staples Chestnut St.", "street_add": "1500 Chestnut St., Philadelphia, PA 19102", "phone_numb": "(215) 864-9520", "website": "https://www.staples.com/sbd/cre/marketing/sustainability-center/recycling-services/", "hide_on_fi": null, "services_o": [ "Electronic/universal waste", "Source-separated recycling" ], "tags": "[\"retail\", \"store\", \"e-waste\", \"e\", \"waste\", \"recycle\", \"recycling\", \"electronic\", \"ink\", \"toner\", \"trade-in\", \"technology\", \"tech\", \"batteries\", \"battery\", \"cell\", \"phone\", \"telephone\", \"dropbox\", \"Call2Recycle\", \"dry-cell\", \"Ni-Cd\", \"Li-Ion\", \"lithium\"", "lat": 39.950837434466813, "lon": -75.165910892017621 }, "geometry": { "type": "Point", "coordinates": [ -75.165910892017621, 39.950837434466813 ] } },
{ "type": "Feature", "properties": { "organizati": "Staples Henry Ave.", "street_add": "8500 Henry Ave., Philadelphia, PA 19128", "phone_numb": "(215) 483-2482", "website": "https://www.staples.com/sbd/cre/marketing/sustainability-center/recycling-services/", "hide_on_fi": null, "services_o": [ "Electronic/universal waste", "Source-separated recycling" ], "tags": "[\"retail\", \"store\", \"e-waste\", \"e\", \"waste\", \"recycle\", \"recycling\", \"electronic\", \"ink\", \"toner\", \"trade-in\", \"technology\", \"tech\", \"batteries\", \"battery\", \"cell\", \"phone\", \"telephone\", \"dropbox\", \"Call2Recycle\", \"dry-cell\", \"Ni-Cd\", \"Li-Ion\", \"lithium\"", "lat": 40.063402292421664, "lon": -75.237226860752912 }, "geometry": { "type": "Point", "coordinates": [ -75.237226860752912, 40.063402292421664 ] } },
{ "type": "Feature", "properties": { "organizati": "Staples Columbus Blvd.", "street_add": "1300 S. Columbus Blvd., Philadelphia, PA 19147", "phone_numb": "(215) 551-7543", "website": "https://www.staples.com/sbd/cre/marketing/sustainability-center/recycling-services/", "hide_on_fi": null, "services_o": [ "Electronic/universal waste", "Source-separated recycling" ], "tags": "[\"retail\", \"store\", \"e-waste\", \"e\", \"waste\", \"recycle\", \"recycling\", \"electronic\", \"ink\", \"toner\", \"trade-in\", \"technology\", \"tech\", \"batteries\", \"battery\", \"cell\", \"phone\", \"telephone\", \"dropbox\", \"Call2Recycle\", \"dry-cell\", \"Ni-Cd\", \"Li-Ion\", \"lithium\"", "lat": 39.930448588196604, "lon": -75.144857924204615 }, "geometry": { "type": "Point", "coordinates": [ -75.144857924204615, 39.930448588196612 ] } },
{ "type": "Feature", "properties": { "organizati": "Staples Oregon Ave.", "street_add": "2290 Oregon Ave., Philadelphia, PA 19145", "phone_numb": "(215) 465-1763", "website": "https://www.staples.com/sbd/cre/marketing/sustainability-center/recycling-services/", "hide_on_fi": null, "services_o": [ "Electronic/universal waste", "Source-separated recycling" ], "tags": "[\"retail\", \"store\", \"e-waste\", \"e\", \"waste\", \"recycle\", \"recycling\", \"electronic\", \"ink\", \"toner\", \"trade-in\", \"technology\", \"tech\", \"batteries\", \"battery\", \"cell\", \"phone\", \"telephone\", \"dropbox\", \"Call2Recycle\", \"dry-cell\", \"Ni-Cd\", \"Li-Ion\", \"lithium\"", "lat": 39.917178816750749, "lon": -75.185703634416271 }, "geometry": { "type": "Point", "coordinates": [ -75.185703634416271, 39.917178816750756 ] } },
{ "type": "Feature", "properties": { "organizati": "Staples Roosevelt Blvd.", "street_add": "9906 E. Roosevelt Blvd., Philadelphia, PA 19115", "phone_numb": "(215) 330-0642", "website": "https://www.staples.com/sbd/cre/marketing/sustainability-center/recycling-services/", "hide_on_fi": null, "services_o": [ "Electronic/universal waste", "Source-separated recycling" ], "tags": "[\"retail\", \"store\", \"e-waste\", \"e\", \"waste\", \"recycle\", \"recycling\", \"electronic\", \"ink\", \"toner\", \"trade-in\", \"technology\", \"tech\", \"batteries\", \"battery\", \"cell\", \"phone\", \"telephone\", \"dropbox\", \"Call2Recycle\", \"dry-cell\", \"Ni-Cd\", \"Li-Ion\", \"lithium\"", "lat": 40.093963122725299, "lon": -75.01857996706643 }, "geometry": { "type": "Point", "coordinates": [ -75.01857996706643, 40.093963122725299 ] } },
{ "type": "Feature", "properties": { "organizati": "Staples Germantown Ave.", "street_add": "7700 Germantown Avenue, Chestnut Hill, PA 19118", "phone_numb": "(215) 248-4936", "website": "https://www.staples.com/sbd/cre/marketing/sustainability-center/recycling-services/", "hide_on_fi": null, "services_o": [ "Electronic/universal waste", "Source-separated recycling" ], "tags": "[\"retail\", \"store\", \"e-waste\", \"e\", \"waste\", \"recycle\", \"recycling\", \"electronic\", \"ink\", \"toner\", \"trade-in\", \"technology\", \"tech\", \"batteries\", \"battery\", \"cell\", \"phone\", \"telephone\", \"dropbox\", \"Call2Recycle\", \"dry-cell\", \"Ni-Cd\", \"Li-Ion\", \"lithium\"", "lat": null, "lon": null }, "geometry": null },
{ "type": "Feature", "properties": { "organizati": "COFCO", "street_add": "2200 N. American Street, Philadelphia, PA 19122", "phone_numb": "(215) 291-4648", "website": "https://www.cofcogroup.com/services-products/", "hide_on_fi": null, "services_o": [ "All other donations" ], "tags": [ "office", "furniture", "gently-used", "used", "donate", "donation" ], "lat": 39.984326761974053, "lon": -75.138394783843182 }, "geometry": { "type": "Point", "coordinates": [ -75.138394783843182, 39.984326761974053 ] } },
{ "type": "Feature", "properties": { "organizati": "Circle Thrift Frankford Avenue", "street_add": "2233 Frankford Ave. Philadelphia, PA 19125", "phone_numb": "(215) 423-1222", "website": "https://www.circlethrift.com/", "hide_on_fi": null, "services_o": [ "All other donations", "Textile donation or recycling" ], "tags": [ "clothing", "clothes", "seasonal", "linen", "household", "women", "men", "kid", "children", "child", "donate", "donation" ], "lat": 39.980224126029817, "lon": -75.128567682138836 }, "geometry": { "type": "Point", "coordinates": [ -75.128567682138836, 39.980224126029817 ] } },
{ "type": "Feature", "properties": { "organizati": "The A-Space (Books through Bars)", "street_add": "4722 Baltimore Ave. Philadelphia, PA 19143", "phone_numb": "(215) 821-6877", "website": "https://www.booksthroughbars.org/", "hide_on_fi": null, "services_o": [ "All other donations" ], "tags": [ "book", "donation", "paperback", "dictionary", "dictionaries", "instructional", "art", "fiction", "business", "real estate", "religion", "puzzle", "crime", "donate" ], "lat": 39.948339673803197, "lon": -75.217736643650269 }, "geometry": { "type": "Point", "coordinates": [ -75.217736643650269, 39.948339673803197 ] } },
{ "type": "Feature", "properties": { "organizati": "Clean Harbors Environmental Services, Inc.", "street_add": null, "phone_numb": "(856) 467-3103", "website": "https://www.cleanharbors.com/about-us/sustainability", "hide_on_fi": null, "services_o": [ "Electronic/universal waste", "Hazardous waste" ], "tags": [ "recycling", "recycle", "reuse", "reclaim", "reclamation", "hazardous", "non-hazardous", "material", "precious", "metal", "electrical", "household", "collection", "event" ], "lat": null, "lon": null }, "geometry": null },
{ "type": "Feature", "properties": { "organizati": "The Book Corner", "street_add": "311 N. 20th St. Philadelphia, PA 19103", "phone_numb": "(215) 567-0527", "website": "https://www.yelp.com/biz/the-book-corner-philadelphia?q=donate", "hide_on_fi": null, "services_o": [ "All other donations" ], "tags": [ "book", "donation", "donate" ], "lat": 39.960074416185407, "lon": -75.17162660123229 }, "geometry": { "type": "Point", "coordinates": [ -75.17162660123229, 39.960074416185407 ] } },
{ "type": "Feature", "properties": { "organizati": "D & D Thrift Store", "street_add": "5456 Walnut St. Philadelphia, PA 19139", "phone_numb": "(215) 476-0066", "website": "https://www.yelp.com/biz/d-and-d-thrift-store-philadelphia", "hide_on_fi": null, "services_o": [ "All other donations", "Textile donation or recycling" ], "tags": [ "clothing", "clothes", "women", "kid", "children", "child", "men", "vintage", "donate", "donation" ], "lat": 39.95733759631657, "lon": -75.23127347063911 }, "geometry": { "type": "Point", "coordinates": [ -75.23127347063911, 39.95733759631657 ] } },
{ "type": "Feature", "properties": { "organizati": "Dart Online Map of Polystyrene/Styrofoam Recycling Locations", "street_add": null, "phone_numb": null, "website": "https://www.dartcontainer.com/why-dart/sustainability/foam-recycling", "hide_on_fi": null, "services_o": [ "Source-separated recycling" ], "tags": [ "recycling", "recycle", "foam", "styrofoam", "polystyrene", "packing", "packaging", "peanuts", "map", "database", "lookup", "local" ], "lat": null, "lon": null }, "geometry": null },
{ "type": "Feature", "properties": { "organizati": "CyberCrunch Philadelphia", "street_add": null, "phone_numb": "(215) 970-7223", "website": "https://ccrcyber.com/home/pennsylvania/philadelphia-recycling/", "hide_on_fi": null, "services_o": [ "Electronic/universal waste" ], "tags": [ "mail-in", "recycling", "recycle", "collection", "event", "contract", "waste", "e-waste", "electronic", "freon", "appliance" ], "lat": null, "lon": null }, "geometry": null },
{ "type": "Feature", "properties": { "organizati": "DSW - Wynnewood Shopping Center", "street_add": null, "phone_numb": "(484) 297-7930", "website": "https://soles4souls.org/get-involved/give-shoes/donate/", "hide_on_fi": null, "services_o": [ "Textile donation or recycling" ], "tags": [ "shoe", "donation", "donate", "used", "men", "women", "kid", "child", "children" ], "lat": null, "lon": null }, "geometry": null },
{ "type": "Feature", "properties": { "organizati": "Dunn M. Recycling Inc.", "street_add": "3611 Welsh Rd. Philadelphia, PA 19136", "phone_numb": "(215) 624-2420", "website": "http://www.mdunnrecycling.com/", "hide_on_fi": null, "services_o": [ "Source-separated recycling" ], "tags": [ "recycling", "recycle", "metal", "ferrous", "stainless", "steel", "rebar", "appliance", "non-ferrous", "aluminum", "copper", "computer", "tower", "can", "lead", "battery", "batteries", "consultation", "scrap" ], "lat": 40.043121310154959, "lon": -75.025751101269222 }, "geometry": { "type": "Point", "coordinates": [ -75.025751101269222, 40.043121310154959 ] } },
{ "type": "Feature", "properties": { "organizati": "Eastern Metal Recycling", "street_add": null, "phone_numb": "(856) 365-7500", "website": "https://us.emrlocal.com/yards/emr-philadelphia-delco", "hide_on_fi": null, "services_o": [ "Source-separated recycling" ], "tags": [ "ferrous", "non-ferrous", "metal", "delivery", "collection", "recycling", "recycle", "scrap" ], "lat": null, "lon": null }, "geometry": null },
{ "type": "Feature", "properties": { "organizati": "Fairmount Park Organic Recycling Center", "street_add": "3850 Ford Rd. Philadelphia, PA 19131", "phone_numb": "(215) 685-0108", "website": "https://www.phila.gov/departments/philadelphia-parks-recreation/", "hide_on_fi": null, "services_o": [ "Organic waste", "Yard waste" ], "tags": [ "organic", "waste", "City", "Fairmount Park", "recycling", "recycle", "leaves", "grass", "clipping", "trimming", "manure", "wood", "chip", "compost", "yard", "landscaping", "landscape", "plant", "flower", "brush", "hay", "straw", "weed", "herbivore" ], "lat": 39.994422616639305, "lon": -75.201372797412972 }, "geometry": { "type": "Point", "coordinates": [ -75.201372797412972, 39.994422616639305 ] } },
{ "type": "Feature", "properties": { "organizati": "eForce Recycling", "street_add": "1229 S Napa St, Philadelphia, PA 19146", "phone_numb": "(215) 964-6665", "website": "https://www.eforcecompliance.com/", "hide_on_fi": null, "services_o": [ "Electronic/universal waste", "Source-separated recycling" ], "tags": "[\"recycle\", \"recycling\", \"computer\", \"printer\", \"copier\", \"wire\", \"cable\", \"telephone\", \"phone\", \"cell\", \"video\", \"equipment\", \"e-waste\", \"e\", \"waste\", \"electronic\", \"mainframe\", \"server\", \"fax\", \"machine\", \"system\", \"modem\", \"component\", \"part\", \"periph", "lat": 39.938287256930138, "lon": -75.195472576747264 }, "geometry": { "type": "Point", "coordinates": [ -75.195472576747264, 39.938287256930138 ] } },
{ "type": "Feature", "properties": { "organizati": "Elemental, Inc.", "street_add": "2371 Church St., Philadelphia, PA 19124", "phone_numb": "(215) 289-1475", "website": "https://eleminc.com/", "hide_on_fi": null, "services_o": [ "Electronic/universal waste", "Source-separated recycling" ], "tags": "[\"recycle\", \"recycling\", \"computer\", \"printer\", \"copier\", \"wire\", \"cable\", \"telephone\", \"phone\", \"cell\", \"radio\", \"video\", \"equipment\", \"e-waste\", \"e\", \"waste\", \"electronic\", \"appointment\", \"mainframe\", \"server\", \"fax\", \"machine\", \"system\", \"modem\", \"com", "lat": 40.005194381189952, "lon": -75.082250131432687 }, "geometry": { "type": "Point", "coordinates": [ -75.082250131432687, 40.005194381189952 ] } },
{ "type": "Feature", "properties": { "organizati": "Exxon", "street_add": "2500 W Cheltenham Ave, Philadelphia, PA 19150", "phone_numb": null, "website": "https://corporate.exxonmobil.com/what-we-do/materials-for-modern-living/A-different-way-to-handle-used-plastics", "hide_on_fi": null, "services_o": [ "Used motor oil" ], "tags": [ "disposal", "dispose", "recycle", "plastic" ], "lat": 40.074078305658816, "lon": -75.158893552770948 }, "geometry": { "type": "Point", "coordinates": [ -75.158893552770948, 40.074078305658816 ] } },
{ "type": "Feature", "properties": { "organizati": "Faulkner Collision Specialists", "street_add": "9802 Haldeman Ave, Philadelphia, PA 19115", "phone_numb": "(215) 698-8700", "website": "https://www.faulknercollision.com/", "hide_on_fi": null, "services_o": [ "Used motor oil" ], "tags": [ "motor", "oil", "collection", "recycling", "disposal", "dispose", "recycle" ], "lat": 40.094142596886719, "lon": -75.030682930134489 }, "geometry": { "type": "Point", "coordinates": [ -75.030682930134503, 40.094142596886719 ] } },
{ "type": "Feature", "properties": { "organizati": "The Book Trader", "street_add": "7 N. 2nd St. Philadelphia, PA 19106", "phone_numb": "(215) 925-2080", "website": "http://www.phillybooktrader.com/", "hide_on_fi": null, "services_o": [ "All other donations" ], "tags": [ "book", "donate", "donation", "gently-used" ], "lat": 39.950256892692309, "lon": -75.143453254546912 }, "geometry": { "type": "Point", "coordinates": [ -75.143453254546912, 39.950256892692309 ] } },
{ "type": "Feature", "properties": { "organizati": "Fanelle's & Sons", "street_add": null, "phone_numb": "(856) 964-1955", "website": "https://www.facebook.com/pg/R-Fanelles-Sons-Scrap-Iron-Metal-Yard-448192965326778/about/?ref=page_internal", "hide_on_fi": null, "services_o": [ "Source-separated recycling" ], "tags": [ "recycling", "recycle", "metal", "scrap", "iron" ], "lat": null, "lon": null }, "geometry": null }
]
}
