{
"type": "FeatureCollection",
"name": "Recycling_Diversion_Rate",
"crs": { "type": "name", "properties": { "name": "urn:ogc:def:crs:OGC:1.3:CRS84" } },
"features": [
{ "type": "Feature", "properties": { "objectid": 1, "score": 14.3, "Shape__Area": 5247780.37890625, "Shape__Length": 13046.444415266224 }, "geometry": { "type": "Polygon", "coordinates": [ [ [ -75.231334330271295, 39.982650303153598 ], [ -75.230967146680598, 39.982516242855098 ], [ -75.230793649192904, 39.9825257675598 ], [ -75.230649771828595, 39.982356808895901 ], [ -75.230398085258102, 39.981986227893202 ], [ -75.230101815184, 39.9815652179661 ], [ -75.229846123953294, 39.981204715546497 ], [ -75.2296999473906, 39.981071336808498 ], [ -75.229672098526194, 39.981045926265402 ], [ -75.228794447335403, 39.980714659078799 ], [ -75.228801171263797, 39.980701596353299 ], [ -75.228895080872306, 39.980449704382799 ], [ -75.228947376829893, 39.980188516416099 ], [ -75.228969478743196, 39.979925321649603 ], [ -75.228949454342896, 39.9796602581754 ], [ -75.228841756026895, 39.979412419418502 ], [ -75.228680363530202, 39.979176792188603 ], [ -75.228474544034896, 39.978969135996998 ], [ -75.228227959479796, 39.978785783523499 ], [ -75.227975379393996, 39.978605782813098 ], [ -75.226302370250295, 39.977960247856103 ], [ -75.226452993913398, 39.977726250967102 ], [ -75.226613346901999, 39.977459364199198 ], [ -75.227134809040393, 39.977389301711298 ], [ -75.230172897818306, 39.9788037692621 ], [ -75.230799272996293, 39.9791012853076 ], [ -75.232100443209305, 39.979703238779997 ], [ -75.232424253481199, 39.979806571688499 ], [ -75.232841324268094, 39.979972845798599 ], [ -75.233962783991402, 39.980383261965898 ], [ -75.234049534605404, 39.980411110806898 ], [ -75.234624423459607, 39.980553284544001 ], [ -75.235323048399707, 39.980705952279699 ], [ -75.235690938632303, 39.980812750046702 ], [ -75.2361655825962, 39.980979350521203 ], [ -75.236133402755996, 39.980794457968798 ], [ -75.239381517740895, 39.980433426748 ], [ -75.239305397385607, 39.980025059277501 ], [ -75.239260643972599, 39.979763682377097 ], [ -75.239191013353306, 39.979424282756803 ], [ -75.239127638620602, 39.979079033772798 ], [ -75.239052235013702, 39.9786628611607 ], [ -75.239008387261407, 39.978432315005001 ], [ -75.238893864832093, 39.977827509254801 ], [ -75.238847249026605, 39.977566504742597 ], [ -75.238794740188297, 39.977289795835603 ], [ -75.238692664341201, 39.976736220660101 ], [ -75.238572493803701, 39.976110593097502 ], [ -75.238279884740393, 39.974562383877803 ], [ -75.237985163871798, 39.972966632120603 ], [ -75.2377445233126, 39.971687926789201 ], [ -75.2374579548502, 39.970150605268003 ], [ -75.237295242082595, 39.969269225972397 ], [ -75.237243072440194, 39.9689866300589 ], [ -75.237105082259902, 39.968942155202598 ], [ -75.236711846237796, 39.9688320024094 ], [ -75.236540720538301, 39.968781054628998 ], [ -75.236204826400694, 39.968686207005597 ], [ -75.236010058516698, 39.968632115853403 ], [ -75.235354497314503, 39.968455503350903 ], [ -75.235524701365705, 39.967614573035803 ], [ -75.2358447412755, 39.966094702251198 ], [ -75.236005699199595, 39.9653348998322 ], [ -75.236165600519897, 39.964574350676401 ], [ -75.236823925434294, 39.964657347082003 ], [ -75.237480715014001, 39.964737478617899 ], [ -75.238138823017493, 39.964819927474601 ], [ -75.238847154841096, 39.964904617857002 ], [ -75.239477814951499, 39.964983764202003 ], [ -75.240112542544793, 39.965064187143803 ], [ -75.240756999705496, 39.965143596741797 ], [ -75.241102590781196, 39.965187319963199 ], [ -75.241347623535901, 39.965218027884703 ], [ -75.242090005207402, 39.965312934395399 ], [ -75.242764055413303, 39.9653935336163 ], [ -75.243080194577303, 39.965435311555098 ], [ -75.243384801726606, 39.965472002789198 ], [ -75.243563763806407, 39.965493450216201 ], [ -75.244064986265798, 39.965553162613197 ], [ -75.245054294777503, 39.965677085352297 ], [ -75.245521834540995, 39.965732019502099 ], [ -75.246110802516299, 39.965806360938302 ], [ -75.246427604077695, 39.9642856718418 ], [ -75.246865222869204, 39.964337688271002 ], [ -75.247005538057294, 39.964324080918999 ], [ -75.247112626796294, 39.964303688614699 ], [ -75.247211231713294, 39.964299777637599 ], [ -75.2473111338915, 39.964314079735402 ], [ -75.247402330186006, 39.964350920078701 ], [ -75.247449172838898, 39.964399990839702 ], [ -75.247465213563103, 39.964461390098798 ], [ -75.247467085775497, 39.964517495989199 ], [ -75.247170957438499, 39.965936764158002 ], [ -75.248159590708397, 39.966060414558697 ], [ -75.2487551331687, 39.9661351299562 ], [ -75.249294312882796, 39.966202040133098 ], [ -75.250135010334404, 39.966308148490498 ], [ -75.250220268858698, 39.966301065517001 ], [ -75.250400332259105, 39.966316235437198 ], [ -75.250604272315201, 39.966335138044798 ], [ -75.250937230285899, 39.966375596246102 ], [ -75.251122181114297, 39.966407145117898 ], [ -75.250988338434993, 39.967124365826699 ], [ -75.250921510361806, 39.967436755036701 ], [ -75.250830398777197, 39.967803779364601 ], [ -75.250803233912606, 39.967946522698099 ], [ -75.250483540895601, 39.969469234858401 ], [ -75.250944765934094, 39.969521560730499 ], [ -75.251471264283197, 39.969587544093599 ], [ -75.252567859092807, 39.969725081893202 ], [ -75.2534441404501, 39.969831779119602 ], [ -75.253372961615398, 39.970177558410299 ], [ -75.253126886354806, 39.971347921105902 ], [ -75.253106263821493, 39.971395340125298 ], [ -75.253149675065899, 39.971644794740698 ], [ -75.253252185903804, 39.972136983455599 ], [ -75.253302111078398, 39.9724418240395 ], [ -75.254227280952605, 39.972591520222799 ], [ -75.2549037907756, 39.972700028410898 ], [ -75.255010326110195, 39.973282430444698 ], [ -75.255198715097293, 39.974269773223597 ], [ -75.255328043171104, 39.974955301998101 ], [ -75.255434312172198, 39.975532137723398 ], [ -75.255493766733096, 39.975863207473303 ], [ -75.255664770775098, 39.976764881618003 ], [ -75.255927022536298, 39.978129732181401 ], [ -75.2554599151254, 39.978306661826501 ], [ -75.255026118138701, 39.978477767353503 ], [ -75.254821165158504, 39.978558075466601 ], [ -75.254473580456903, 39.978712488589998 ], [ -75.254255398994999, 39.978844560944097 ], [ -75.253932155676694, 39.979076271417 ], [ -75.253718808394495, 39.979287006038497 ], [ -75.253499067679897, 39.979542721145997 ], [ -75.253293316703207, 39.9798862920467 ], [ -75.253107396086605, 39.980189764754698 ], [ -75.252860470619098, 39.980499529463899 ], [ -75.252546453685895, 39.980779158044598 ], [ -75.252212337317602, 39.981021600488901 ], [ -75.251777093046698, 39.981253732799097 ], [ -75.251444550800201, 39.981417609510103 ], [ -75.251066457886196, 39.981610194695399 ], [ -75.249750715578003, 39.9822722122098 ], [ -75.248348647111499, 39.982977635278303 ], [ -75.247097219446601, 39.983604666727103 ], [ -75.245757418861103, 39.984282853999296 ], [ -75.245840095475501, 39.984519704973302 ], [ -75.246700163028706, 39.9860638347524 ], [ -75.246442345140295, 39.9861832769991 ], [ -75.245481300485594, 39.986628500810298 ], [ -75.245179831686301, 39.986103597769599 ], [ -75.245105588735001, 39.9859997761248 ], [ -75.244990677750195, 39.985899961001103 ], [ -75.244820156258996, 39.985804262354698 ], [ -75.244672837141493, 39.985728817808301 ], [ -75.244492935393893, 39.9856762369987 ], [ -75.244241262401502, 39.985640333444302 ], [ -75.243887076536097, 39.985593519563999 ], [ -75.243420149117199, 39.9855547517354 ], [ -75.242884276166293, 39.985498016681198 ], [ -75.241262959879506, 39.985324572890498 ], [ -75.240155677492893, 39.9852229427323 ], [ -75.239658847285597, 39.985168191356998 ], [ -75.238232811824204, 39.985042154061901 ], [ -75.237775984355494, 39.984987113956002 ], [ -75.237393170211803, 39.984863180636303 ], [ -75.2372433813035, 39.984849379507999 ], [ -75.237161750122993, 39.984774090017801 ], [ -75.236864057271404, 39.984663844122203 ], [ -75.236442020277195, 39.9845399629843 ], [ -75.234735540420004, 39.983909041617899 ], [ -75.234188355394494, 39.983711895669899 ], [ -75.233853097465996, 39.983586555436602 ], [ -75.233198693552794, 39.983341584351301 ], [ -75.231334330271295, 39.982650303153598 ] ] ] } },
{ "type": "Feature", "properties": { "objectid": 2, "score": 15.7, "Shape__Area": 4365053.640625, "Shape__Length": 9489.7422693813332 }, "geometry": { "type": "Polygon", "coordinates": [ [ [ -75.236590152114204, 39.9625285842803 ], [ -75.236642681974303, 39.962294651095299 ], [ -75.236679159608499, 39.962102626503402 ], [ -75.236810834338797, 39.9614800979422 ], [ -75.236973350264705, 39.960707466094902 ], [ -75.237129681212807, 39.959963978164403 ], [ -75.237291643331005, 39.959201443007103 ], [ -75.237289735108405, 39.959157305695399 ], [ -75.237450339849204, 39.958442552772702 ], [ -75.236820347951706, 39.958366213295598 ], [ -75.236226395239996, 39.958290312337098 ], [ -75.235506455128203, 39.9582012250427 ], [ -75.235747941541703, 39.9570584531631 ], [ -75.235856024471204, 39.956546140121702 ], [ -75.236000335337394, 39.955840653672396 ], [ -75.236117081992404, 39.9552926940502 ], [ -75.236218714333205, 39.9547803457504 ], [ -75.236332406373805, 39.954245556349001 ], [ -75.236427700999101, 39.953786589855 ], [ -75.236546366813201, 39.953257866817097 ], [ -75.236648337258799, 39.952725514589197 ], [ -75.236747061480003, 39.952263786644799 ], [ -75.236862844301498, 39.951705602545701 ], [ -75.236977912230401, 39.9511577369951 ], [ -75.237061523578802, 39.950710211844097 ], [ -75.237171811689194, 39.9502114835621 ], [ -75.237337403660703, 39.949456137135201 ], [ -75.237483824302998, 39.948695898082597 ], [ -75.237588567688903, 39.948166237655897 ], [ -75.237694989266899, 39.9476995276301 ], [ -75.237806975461694, 39.947173825255298 ], [ -75.237983025836201, 39.9463410053038 ], [ -75.238731285124004, 39.946195192510501 ], [ -75.239342213330005, 39.946084577393997 ], [ -75.240054954692397, 39.945926642217898 ], [ -75.240269387576006, 39.9458751842241 ], [ -75.239699272674002, 39.94537297702 ], [ -75.239188793002697, 39.944946710418598 ], [ -75.238878740900404, 39.944689529608503 ], [ -75.238893238020594, 39.944683645496298 ], [ -75.239194227649804, 39.944558648636303 ], [ -75.239494694794899, 39.944432744082398 ], [ -75.239796422505407, 39.944308011422898 ], [ -75.240097322698702, 39.944182110246103 ], [ -75.240395123688202, 39.944052489628803 ], [ -75.240687551472703, 39.943916598796697 ], [ -75.240972212617706, 39.9437717320031 ], [ -75.241248415230402, 39.9436170405491 ], [ -75.241519240548499, 39.943456061716802 ], [ -75.241788065808805, 39.943292684421102 ], [ -75.242058272340202, 39.943130798863599 ], [ -75.242333350134501, 39.942974408141801 ], [ -75.242616599323298, 39.942826968424498 ], [ -75.242902533802607, 39.942682409593097 ], [ -75.243184339947007, 39.942533303306 ], [ -75.243417204394206, 39.942405952805601 ], [ -75.243436489910707, 39.942421664930897 ], [ -75.243533122895499, 39.942451992262299 ], [ -75.243846466290094, 39.942487054580802 ], [ -75.244071640597895, 39.942510784398799 ], [ -75.244411934041906, 39.942560542642603 ], [ -75.244661007954605, 39.9425989010047 ], [ -75.245015071823204, 39.942606634091497 ], [ -75.2452282105656, 39.942625396521102 ], [ -75.245411692329299, 39.9426199984851 ], [ -75.2455644793571, 39.942618631500501 ], [ -75.245741858122102, 39.942613099856402 ], [ -75.245888712807798, 39.942606900493601 ], [ -75.246053362842204, 39.9426151972268 ], [ -75.246193594009, 39.942622961738003 ], [ -75.246351273322901, 39.942654619056803 ], [ -75.246472671683193, 39.942676078892703 ], [ -75.246569133046194, 39.942711102835403 ], [ -75.246664556227103, 39.942774318759398 ], [ -75.246746730320197, 39.942865461753698 ], [ -75.2468249887973, 39.942980031528897 ], [ -75.246874045152396, 39.943140991375202 ], [ -75.246966873141702, 39.943274689916699 ], [ -75.247023764934198, 39.943388793268703 ], [ -75.247030123336401, 39.943419140544997 ], [ -75.247044549724194, 39.943488000889602 ], [ -75.247053817092706, 39.943568147309499 ], [ -75.247110363107694, 39.943691649493502 ], [ -75.247212113830301, 39.943914891193103 ], [ -75.247305980690101, 39.944020396669302 ], [ -75.247380669481998, 39.944148996626701 ], [ -75.247423969881893, 39.944300424173903 ], [ -75.247511387076102, 39.944415193239401 ], [ -75.247635432847602, 39.944530762377902 ], [ -75.247758960908001, 39.944660427522798 ], [ -75.247900456751694, 39.944799889311099 ], [ -75.248093670868002, 39.944945181062103 ], [ -75.248169919311394, 39.945031491438897 ], [ -75.248215470873603, 39.945121834491502 ], [ -75.2482352186355, 39.945249234811499 ], [ -75.248322639756296, 39.945364004164503 ], [ -75.248416337149493, 39.945474207197798 ], [ -75.248565498007807, 39.945571511887302 ], [ -75.248707862160302, 39.945687479253898 ], [ -75.248897510186694, 39.945846799583002 ], [ -75.249081053301694, 39.946005987353402 ], [ -75.249246109986203, 39.946169474027997 ], [ -75.249429655049298, 39.946328660366603 ], [ -75.249495252628193, 39.946372414418498 ], [ -75.249555090552207, 39.946406636633299 ], [ -75.2496154485669, 39.946426763069098 ], [ -75.249711743989295, 39.946466483018099 ], [ -75.249812588263694, 39.9465486252126 ], [ -75.249919191481993, 39.946640298197003 ], [ -75.249968143778901, 39.946721308352103 ], [ -75.250037600671206, 39.946826279220197 ], [ -75.250117363885806, 39.946983203369598 ], [ -75.250154913412402, 39.9471250990089 ], [ -75.250205017819795, 39.947257863574698 ], [ -75.250230357232795, 39.947399493793597 ], [ -75.250272283220099, 39.9475885110514 ], [ -75.250309832009506, 39.9477304073108 ], [ -75.250341794959795, 39.947858073346097 ], [ -75.250367480811704, 39.947990305707002 ], [ -75.250418277637394, 39.948104275218 ], [ -75.250476217445296, 39.948190184081 ], [ -75.250559095698407, 39.948262528521497 ], [ -75.250725543978007, 39.948388423314903 ], [ -75.251065353674804, 39.9487014948647 ], [ -75.251194826588303, 39.948835987914798 ], [ -75.251319060641805, 39.948946853553601 ], [ -75.251443812059705, 39.949043622540302 ], [ -75.251508204394995, 39.949120266896799 ], [ -75.251559004010204, 39.949234235021997 ], [ -75.251569717438699, 39.949441382771703 ], [ -75.2515195527684, 39.94964250129 ], [ -75.251414439816998, 39.949842422963101 ], [ -75.251311745470304, 39.9499765618176 ], [ -75.251244819058897, 39.950134992150403 ], [ -75.251196897911498, 39.950275025369798 ], [ -75.2511547370909, 39.950424590468202 ], [ -75.251151914993102, 39.950584416970997 ], [ -75.2511419219461, 39.950690007274297 ], [ -75.251175616056798, 39.95077068514 ], [ -75.251269354749098, 39.950963182187998 ], [ -75.251351200477202, 39.951063719726797 ], [ -75.251427459953703, 39.951150027049401 ], [ -75.251493063504199, 39.951193779076597 ], [ -75.251543921452793, 39.951223102134698 ], [ -75.251587292390198, 39.951289883019598 ], [ -75.251610965448705, 39.951393855798301 ], [ -75.251611312045696, 39.951509076674 ], [ -75.251628101482794, 39.951634061015703 ], [ -75.251648031665098, 39.951756762106797 ], [ -75.251650508654294, 39.951855571008501 ], [ -75.251646534971101, 39.9519636439042 ], [ -75.251615691658998, 39.952054672368 ], [ -75.251579088838298, 39.952136170731897 ], [ -75.251513801193397, 39.9522499621376 ], [ -75.251412543617505, 39.952386483211299 ], [ -75.251284300723995, 39.952550631804201 ], [ -75.251188140199204, 39.952673155942598 ], [ -75.251154415788605, 39.952759419127602 ], [ -75.251153840043699, 39.9528581615563 ], [ -75.251180910436105, 39.952952802888603 ], [ -75.251208241241997, 39.953040396172199 ], [ -75.251184712883699, 39.953098666079903 ], [ -75.251151506443094, 39.953170832948899 ], [ -75.251103209646502, 39.9532379686826 ], [ -75.251050333187493, 39.953305003934702 ], [ -75.250924593595599, 39.953401019816802 ], [ -75.250792402027699, 39.953506299316402 ], [ -75.250650620778998, 39.953623126052499 ], [ -75.250490261929798, 39.9537466026243 ], [ -75.250354325244402, 39.953870610247598 ], [ -75.250139043183793, 39.954075185177402 ], [ -75.250050366657604, 39.9541602507812 ], [ -75.250006129057695, 39.9542415823298 ], [ -75.249956705454395, 39.9543392592239 ], [ -75.249890781641099, 39.954387199622801 ], [ -75.2498399481657, 39.954440171979698 ], [ -75.249800894060499, 39.954505157168299 ], [ -75.249770652299603, 39.954579739063803 ], [ -75.249749741791604, 39.954649822780702 ], [ -75.249762584727904, 39.9547159390034 ], [ -75.249769754785603, 39.954770174576197 ], [ -75.249752070426695, 39.954835625483298 ], [ -75.249697691814205, 39.954984923885497 ], [ -75.249615289324595, 39.955190041387397 ], [ -75.249597864086695, 39.955248444031497 ], [ -75.249559326904802, 39.955299332810199 ], [ -75.249495936182299, 39.955361435826397 ], [ -75.249424596152906, 39.955390447904101 ], [ -75.249359535372307, 39.9554148945668 ], [ -75.249282781767306, 39.955424977649599 ], [ -75.249236470403105, 39.955438075752497 ], [ -75.249201505908204, 39.955474934512601 ], [ -75.249166107872497, 39.955523539948402 ], [ -75.249145715559195, 39.955579526381001 ], [ -75.249124198788905, 39.9556660551672 ], [ -75.249137357282706, 39.955765097040199 ], [ -75.249176638875795, 39.955860005068502 ], [ -75.249219405156495, 39.955943232026499 ], [ -75.249264273630303, 39.956052370468299 ], [ -75.249276597527896, 39.956132583218697 ], [ -75.249236504237302, 39.956225760987998 ], [ -75.249116343405504, 39.956336003393403 ], [ -75.249047449944996, 39.956381527854298 ], [ -75.248990422521999, 39.9564367156229 ], [ -75.248959660314398, 39.956525394482902 ], [ -75.248928033174195, 39.956637567632903 ], [ -75.2489496582442, 39.956755603255701 ], [ -75.249007888367004, 39.956916760752698 ], [ -75.249067131070404, 39.9569674301788 ], [ -75.249196503977103, 39.957021978027903 ], [ -75.249316718511807, 39.957076326978701 ], [ -75.249403351255097, 39.957129944016103 ], [ -75.249510736897307, 39.9572055036504 ], [ -75.249513717819696, 39.957207601268102 ], [ -75.249534393518502, 39.9572221496678 ], [ -75.2496404090125, 39.957330268978801 ], [ -75.249780179452401, 39.957434420691598 ], [ -75.250039099634293, 39.957663435910703 ], [ -75.250180713424996, 39.957800545955699 ], [ -75.250244939803395, 39.957881888427302 ], [ -75.250361958279299, 39.958023165443699 ], [ -75.2504650093815, 39.958128866996397 ], [ -75.250561694846397, 39.958241484360101 ], [ -75.25066814457, 39.958337855275801 ], [ -75.250737873682596, 39.958435777627699 ], [ -75.250795216598107, 39.958538132355102 ], [ -75.250841615846696, 39.9586473025483 ], [ -75.250878019941794, 39.958737444976997 ], [ -75.250884241818696, 39.958817524576702 ], [ -75.250894580474693, 39.9589517738372 ], [ -75.250885450238798, 39.959033869615197 ], [ -75.250852154374499, 39.959108386157197 ], [ -75.2507553502044, 39.959165059819 ], [ -75.250608660121102, 39.959248862191203 ], [ -75.2504560371693, 39.959327832709903 ], [ -75.250294254541899, 39.959406603463002 ], [ -75.250083363679906, 39.959491356961102 ], [ -75.249827942923503, 39.959582194467401 ], [ -75.249654378903898, 39.959648950594797 ], [ -75.249555038259501, 39.959691460396598 ], [ -75.249445502084299, 39.959761963291598 ], [ -75.249320094419701, 39.9598485794045 ], [ -75.249303685087199, 39.959861595205098 ], [ -75.249216229874506, 39.959930961846503 ], [ -75.249125097535099, 39.959999514831097 ], [ -75.248975436852405, 39.960080898794999 ], [ -75.248838853189, 39.9601390553835 ], [ -75.248692679032004, 39.960208757808601 ], [ -75.248549555518395, 39.960278528500197 ], [ -75.248461648630695, 39.960342447304299 ], [ -75.248386440422195, 39.960434860263199 ], [ -75.2483372706577, 39.960525488235298 ], [ -75.248284528112094, 39.960630147126601 ], [ -75.2482012543298, 39.960734139189299 ], [ -75.248060863179106, 39.960895669162497 ], [ -75.247977329159994, 39.9610067092962 ], [ -75.247925191374307, 39.961094921790703 ], [ -75.247894166089594, 39.961190648588797 ], [ -75.247874542630498, 39.961350107859303 ], [ -75.247874308168704, 39.961439452255 ], [ -75.247868918328393, 39.961502820466698 ], [ -75.247843134458194, 39.961622173842002 ], [ -75.247825012686505, 39.961699371121099 ], [ -75.247810032116604, 39.961774286133199 ], [ -75.247776818081206, 39.9618464520155 ], [ -75.247743777026798, 39.9619139194171 ], [ -75.247710562631099, 39.961986085099397 ], [ -75.247704568253297, 39.962065898507298 ], [ -75.247729506102104, 39.962176953587303 ], [ -75.247764066955298, 39.962234138141604 ], [ -75.247779530363204, 39.962312067874798 ], [ -75.247755673318906, 39.962462031192103 ], [ -75.247693929000306, 39.9628110280348 ], [ -75.247690063115002, 39.962826688526803 ], [ -75.247650654839006, 39.962822837631897 ], [ -75.246755825657502, 39.9627144387917 ], [ -75.246686249500399, 39.963047512318298 ], [ -75.246427604077695, 39.9642856718418 ], [ -75.246110802516299, 39.965806360938302 ], [ -75.245521834540995, 39.965732019502099 ], [ -75.245054294777503, 39.965677085352297 ], [ -75.244064986265798, 39.965553162613197 ], [ -75.243563763806407, 39.965493450216201 ], [ -75.243384801726606, 39.965472002789198 ], [ -75.243080194577303, 39.965435311555098 ], [ -75.242764055413303, 39.9653935336163 ], [ -75.242090005207402, 39.965312934395399 ], [ -75.241347623535901, 39.965218027884703 ], [ -75.241102590781196, 39.965187319963199 ], [ -75.240756999705496, 39.965143596741797 ], [ -75.240112542544793, 39.965064187143803 ], [ -75.239477814951499, 39.964983764202003 ], [ -75.238847154841096, 39.964904617857002 ], [ -75.238138823017493, 39.964819927474601 ], [ -75.237480715014001, 39.964737478617899 ], [ -75.236823925434294, 39.964657347082003 ], [ -75.236165600519897, 39.964574350676401 ], [ -75.236314900974904, 39.963813502324697 ], [ -75.236483638211993, 39.963056203412897 ], [ -75.236590152114204, 39.9625285842803 ] ] ] } },
{ "type": "Feature", "properties": { "objectid": 3, "score": 15.7, "Shape__Area": 7409197.56640625, "Shape__Length": 12598.703998143357 }, "geometry": { "type": "Polygon", "coordinates": [ [ [ -75.226205316568795, 39.981617239517902 ], [ -75.225165500228798, 39.981346001206902 ], [ -75.224068730958194, 39.981517553835097 ], [ -75.223792639387696, 39.981529195044097 ], [ -75.223677038770802, 39.981518431516299 ], [ -75.223548206211106, 39.981483892957797 ], [ -75.223160075156599, 39.981390375803699 ], [ -75.222491526768493, 39.981145875979799 ], [ -75.221455298768106, 39.980758583467399 ], [ -75.219254483475098, 39.979944355833702 ], [ -75.216817805115099, 39.979035608533103 ], [ -75.214383089216298, 39.978137864377103 ], [ -75.213472607672301, 39.9778001757998 ], [ -75.213306903317701, 39.977226465858003 ], [ -75.213124515920001, 39.976554755197398 ], [ -75.213012138021796, 39.976147377053501 ], [ -75.212617524403797, 39.974731007023202 ], [ -75.212423555851103, 39.973992984497897 ], [ -75.212214779360096, 39.973251708692999 ], [ -75.212173131521496, 39.973146510118198 ], [ -75.212150038884005, 39.9730207269468 ], [ -75.212057560404304, 39.9725170146069 ], [ -75.211864166284599, 39.971512597241002 ], [ -75.2118172422052, 39.971264169441604 ], [ -75.211726075028807, 39.970731252855501 ], [ -75.211634340248693, 39.970229079244497 ], [ -75.211579231946899, 39.969946510492001 ], [ -75.2115183923421, 39.969663829496596 ], [ -75.211337657666704, 39.968735144203897 ], [ -75.210104614662995, 39.9679709884932 ], [ -75.209761002576201, 39.967759538142303 ], [ -75.209543609727803, 39.967626135778701 ], [ -75.208465434929906, 39.966958925157499 ], [ -75.2075626045185, 39.966390135207 ], [ -75.207536116560803, 39.966166763490399 ], [ -75.207501245933599, 39.965905882139701 ], [ -75.207421162493304, 39.965489327911001 ], [ -75.207301568820199, 39.964787438720997 ], [ -75.207102675843998, 39.963670427733703 ], [ -75.206890789592606, 39.962494317922697 ], [ -75.206793213532507, 39.9618981712444 ], [ -75.206683705351494, 39.9612444560697 ], [ -75.206470247723502, 39.960019672274697 ], [ -75.206272591217896, 39.958832319035302 ], [ -75.206173469121893, 39.958237598536698 ], [ -75.206077668667405, 39.9576682229997 ], [ -75.206058279677606, 39.957573390440103 ], [ -75.206197044180499, 39.956892405513003 ], [ -75.206266378314396, 39.956565444038901 ], [ -75.206278556080704, 39.956508021044897 ], [ -75.206345440268507, 39.956146687711701 ], [ -75.206131340394705, 39.956119653232697 ], [ -75.206152900421301, 39.9559433219192 ], [ -75.2062769247826, 39.955356915585902 ], [ -75.206435702670206, 39.954598054458202 ], [ -75.206674996435694, 39.953456613482402 ], [ -75.206932510131693, 39.952229935842098 ], [ -75.206992727632993, 39.951910329695501 ], [ -75.207045529091303, 39.9516797530625 ], [ -75.207148156398901, 39.951170677772303 ], [ -75.208065647248802, 39.951282724243498 ], [ -75.209328162165207, 39.951445846404901 ], [ -75.210771296210595, 39.951623330333902 ], [ -75.212396511104998, 39.951820480820899 ], [ -75.214375557817803, 39.9520629614833 ], [ -75.216351888263901, 39.9523118188539 ], [ -75.218350528752097, 39.952562205304801 ], [ -75.219352675915701, 39.952693482267001 ], [ -75.220297020971898, 39.952802059042497 ], [ -75.221287182789993, 39.952931801305503 ], [ -75.222281831529102, 39.953049063974603 ], [ -75.224246134777303, 39.9532942466194 ], [ -75.226225919855395, 39.953537185999103 ], [ -75.226115522520502, 39.954058374976803 ], [ -75.226004978781305, 39.954600987189302 ], [ -75.225875702171805, 39.955226642157797 ], [ -75.225748076413296, 39.955823270753001 ], [ -75.2256367315468, 39.956381209276202 ], [ -75.225517163175198, 39.956962502419401 ], [ -75.225354586566098, 39.957723806657398 ], [ -75.225189187956204, 39.958485939554002 ], [ -75.225088550918301, 39.959008737283902 ], [ -75.225044522547194, 39.959229848997701 ], [ -75.224998495784007, 39.959444553155798 ], [ -75.224869856645896, 39.960014820784401 ], [ -75.224707670912196, 39.960817318260801 ], [ -75.224543922299702, 39.961576901911002 ], [ -75.224221803006898, 39.963095741899302 ], [ -75.224593038260096, 39.9649051029484 ], [ -75.224643041951694, 39.965193028361902 ], [ -75.224743785341005, 39.965774282854902 ], [ -75.224815182285695, 39.966215275462503 ], [ -75.224889829649001, 39.966652047300997 ], [ -75.224965752681001, 39.967119924291097 ], [ -75.225048668571105, 39.967594384554197 ], [ -75.225142821690795, 39.9681547822968 ], [ -75.225216191222998, 39.968597758660003 ], [ -75.225375466152002, 39.9695268746609 ], [ -75.2256187109639, 39.970488280303101 ], [ -75.225836708994194, 39.9713737345729 ], [ -75.225844163751006, 39.971439822886801 ], [ -75.225989557425393, 39.972231421025 ], [ -75.226005074128807, 39.972316198370997 ], [ -75.226133369177703, 39.972973252695503 ], [ -75.2262565700441, 39.973648495581202 ], [ -75.226376607172796, 39.974252236948097 ], [ -75.226469569484195, 39.974798102646297 ], [ -75.226480069439603, 39.974850339971198 ], [ -75.226657174840199, 39.975758938629198 ], [ -75.226716971575499, 39.976143496278603 ], [ -75.226750685807701, 39.976314836105303 ], [ -75.226834086368001, 39.9770955269871 ], [ -75.226768055766399, 39.977220384168703 ], [ -75.226613346901999, 39.977459364199198 ], [ -75.226452993913398, 39.977726250967102 ], [ -75.226302370250295, 39.977960247856103 ], [ -75.227975379393996, 39.978605782813098 ], [ -75.228227959479796, 39.978785783523499 ], [ -75.228474544034896, 39.978969135996998 ], [ -75.228680363530202, 39.979176792188603 ], [ -75.228841756026895, 39.979412419418502 ], [ -75.228949454342896, 39.9796602581754 ], [ -75.228969478743196, 39.979925321649603 ], [ -75.228947376829893, 39.980188516416099 ], [ -75.228895080872306, 39.980449704382799 ], [ -75.228801171263797, 39.980701596353299 ], [ -75.228794447335403, 39.980714659078799 ], [ -75.228153531500496, 39.980472741361801 ], [ -75.228026031942804, 39.980739822331401 ], [ -75.2273671972345, 39.982238369595599 ], [ -75.227225113603595, 39.982533714257798 ], [ -75.227060007172696, 39.982700884191097 ], [ -75.226918865265503, 39.9825451028304 ], [ -75.226579549943395, 39.982105470406502 ], [ -75.226205316568795, 39.981617239517902 ] ] ] } },
{ "type": "Feature", "properties": { "objectid": 4, "score": 12.7, "Shape__Area": 38858942.61328125, "Shape__Length": 39463.52515119459 }, "geometry": { "type": "Polygon", "coordinates": [ [ [ -75.239703949115807, 39.9293523368625 ], [ -75.239783918900997, 39.929114313754297 ], [ -75.239876595589905, 39.928833315644198 ], [ -75.239396339944506, 39.928734642917 ], [ -75.238732019699, 39.928594179520097 ], [ -75.238314121728493, 39.928869317359997 ], [ -75.238310580677506, 39.928926124102901 ], [ -75.237728450076901, 39.929329065614901 ], [ -75.236999382072398, 39.929184454422597 ], [ -75.236289767826904, 39.929054019704701 ], [ -75.235933268554703, 39.928989310543201 ], [ -75.235591498148295, 39.928914707542198 ], [ -75.235440810925695, 39.928916186061599 ], [ -75.235307683880606, 39.928921280262102 ], [ -75.235100658781107, 39.928886367694197 ], [ -75.234414570976696, 39.928753609901399 ], [ -75.234128482957203, 39.928698250176801 ], [ -75.232976754001101, 39.928475377536301 ], [ -75.234340512692199, 39.927535336849701 ], [ -75.233102587567302, 39.926461200155501 ], [ -75.232488752583706, 39.925953320923099 ], [ -75.231879464059901, 39.925443221702899 ], [ -75.233124652509304, 39.924567070823201 ], [ -75.232962377458904, 39.924421071296102 ], [ -75.232733083785305, 39.924228623624202 ], [ -75.232440032535294, 39.923979533565202 ], [ -75.232180493287103, 39.923758924840797 ], [ -75.233409012996901, 39.922894236684002 ], [ -75.232973963857603, 39.922519647197198 ], [ -75.232694198989293, 39.9222871970371 ], [ -75.232496761060901, 39.922117819786997 ], [ -75.232254945273198, 39.921920404300103 ], [ -75.232066402657296, 39.921762564049303 ], [ -75.231851193671204, 39.921571713717498 ], [ -75.231566913093303, 39.921340987783097 ], [ -75.232224711189701, 39.920874608490998 ], [ -75.232890051597096, 39.920404050107798 ], [ -75.232622117772706, 39.920174164901503 ], [ -75.231494629861601, 39.919232482701901 ], [ -75.230097457565094, 39.918055244479397 ], [ -75.230614203092102, 39.917691385283 ], [ -75.231094469479899, 39.917352976398803 ], [ -75.231611153113604, 39.916984081165502 ], [ -75.231348434949894, 39.916759329475603 ], [ -75.231143347003893, 39.916586903345099 ], [ -75.230932142337807, 39.916418662960503 ], [ -75.2306977507657, 39.916231951098403 ], [ -75.230485720568794, 39.916048690963798 ], [ -75.230199982191294, 39.915816368411299 ], [ -75.232733414899897, 39.913314530328798 ], [ -75.239792305634495, 39.907839269140197 ], [ -75.237771833403698, 39.906117889921397 ], [ -75.235165794298993, 39.906462277851404 ], [ -75.234982773482301, 39.906622086248603 ], [ -75.234734621353297, 39.906881036525597 ], [ -75.234346115779701, 39.907316158860603 ], [ -75.234051956506207, 39.907651147821703 ], [ -75.232946765949507, 39.9088820247595 ], [ -75.232632078812003, 39.909212205053301 ], [ -75.232323940493103, 39.909519127731997 ], [ -75.231967130336699, 39.909883238274197 ], [ -75.2316310756257, 39.910158176840099 ], [ -75.231181558045805, 39.910511285553497 ], [ -75.230346284389995, 39.911108610635303 ], [ -75.229178260555798, 39.9119068653483 ], [ -75.228394898917202, 39.912476611687097 ], [ -75.227722235227304, 39.912945810464301 ], [ -75.227212995060697, 39.913382778049602 ], [ -75.227078062040803, 39.913520573586297 ], [ -75.226569715337007, 39.914147912142703 ], [ -75.226276776888298, 39.914601856625403 ], [ -75.226061204714895, 39.914967819076701 ], [ -75.225908790492099, 39.915366069504898 ], [ -75.225840128364197, 39.915654606492097 ], [ -75.225815496720898, 39.916103089464798 ], [ -75.225576786314306, 39.916166027891798 ], [ -75.225401632946699, 39.9162351342097 ], [ -75.225269371475093, 39.916333849109797 ], [ -75.225067512227398, 39.916602092106899 ], [ -75.224212371276394, 39.9178413863321 ], [ -75.223802180434404, 39.918458615238997 ], [ -75.223385270998904, 39.919058695623903 ], [ -75.222774547914398, 39.919927670634102 ], [ -75.221875946949396, 39.919560141170798 ], [ -75.216406893053602, 39.917323047358998 ], [ -75.216042320776495, 39.917144701485398 ], [ -75.215825748964406, 39.9169656125245 ], [ -75.208703491494205, 39.918307807445601 ], [ -75.208329131449602, 39.918399483909702 ], [ -75.2074540792878, 39.918704848243003 ], [ -75.207037485329707, 39.918834795799903 ], [ -75.2063488159652, 39.918989635047097 ], [ -75.201919396238495, 39.919804143845802 ], [ -75.201869970536805, 39.919731947011101 ], [ -75.201796122319706, 39.919608342236202 ], [ -75.2017546979245, 39.9194734456009 ], [ -75.201744505254993, 39.919330427749202 ], [ -75.201755342523498, 39.919187540165197 ], [ -75.201778346092695, 39.919050385806898 ], [ -75.201812066522194, 39.918913962452699 ], [ -75.201855102970697, 39.918778048964697 ], [ -75.201905783772204, 39.918643170268602 ], [ -75.201962436486795, 39.918509854085798 ], [ -75.202023395466995, 39.918378593489599 ], [ -75.202087447571898, 39.918248624899803 ], [ -75.202138613446195, 39.9181493575296 ], [ -75.202154082918597, 39.918119343610996 ], [ -75.202222832704393, 39.917990620211498 ], [ -75.202293226669298, 39.917862327718701 ], [ -75.202653459094293, 39.9172228746001 ], [ -75.202723876910596, 39.917094493296403 ], [ -75.202792657088693, 39.916965651285501 ], [ -75.202919598418006, 39.916720852537601 ], [ -75.202993859876202, 39.916577644011497 ], [ -75.203192627948695, 39.916188878603698 ], [ -75.203282945998197, 39.916010327004997 ], [ -75.203282994049403, 39.916010232458198 ], [ -75.203914732925995, 39.914761316985398 ], [ -75.204664419384002, 39.913409793128402 ], [ -75.204725314240605, 39.913300009656403 ], [ -75.204857162833306, 39.9130623080259 ], [ -75.205544748621193, 39.912079666554497 ], [ -75.205951825128494, 39.9116020382138 ], [ -75.2062933102616, 39.9112735604891 ], [ -75.206672444894394, 39.910989724794803 ], [ -75.206961650066106, 39.910840543866598 ], [ -75.207471096492796, 39.910690177779202 ], [ -75.208020416379497, 39.910595484612998 ], [ -75.208737070844506, 39.910504470921197 ], [ -75.209462688142295, 39.910465231263203 ], [ -75.210366516561606, 39.910491289705 ], [ -75.211969547157395, 39.910737244411003 ], [ -75.212431739132896, 39.910747990832 ], [ -75.212508960090702, 39.910749785610101 ], [ -75.213252893072905, 39.910713187101003 ], [ -75.213793468992293, 39.910633797918102 ], [ -75.214284181517698, 39.910491705575197 ], [ -75.214587659115594, 39.910340316039402 ], [ -75.214992710069296, 39.910031161758198 ], [ -75.215277236406294, 39.909668148368503 ], [ -75.215291250465597, 39.909628858297602 ], [ -75.215462970912398, 39.909147412199502 ], [ -75.215556444348096, 39.908445908939399 ], [ -75.215619464664996, 39.907040039120403 ], [ -75.215619543329396, 39.906921510567699 ], [ -75.215620118467399, 39.906062554132603 ], [ -75.215557720351896, 39.905228722812801 ], [ -75.215407813899304, 39.904260495900502 ], [ -75.215194357193099, 39.903295436931401 ], [ -75.214899012281293, 39.902347528940098 ], [ -75.214449397269703, 39.901289000246102 ], [ -75.213894460116293, 39.900253538479198 ], [ -75.2132403363169, 39.8992628740464 ], [ -75.212620510682598, 39.898577880250301 ], [ -75.211718577698804, 39.8977781563257 ], [ -75.211667004605104, 39.897732428133601 ], [ -75.211031281103303, 39.897237415334203 ], [ -75.210211084419498, 39.896687563259903 ], [ -75.209066148384593, 39.896004349970298 ], [ -75.208021506625499, 39.895451869029102 ], [ -75.207240606513594, 39.895105018296903 ], [ -75.206414038274502, 39.894816880684502 ], [ -75.205730278007906, 39.894645924730902 ], [ -75.204867967795593, 39.894430319545002 ], [ -75.200460330327104, 39.893630884088701 ], [ -75.199434583975702, 39.893365556816001 ], [ -75.198418321046006, 39.893034737081798 ], [ -75.198361772193905, 39.893009719425002 ], [ -75.197633024872104, 39.892687318489401 ], [ -75.197388286965804, 39.892534020973201 ], [ -75.1970831133563, 39.8923428661668 ], [ -75.1965923696646, 39.891928734373302 ], [ -75.196069457303594, 39.891342990247502 ], [ -75.195665954238294, 39.890722155455002 ], [ -75.195314388251305, 39.889934651367902 ], [ -75.194989231476299, 39.888838019679703 ], [ -75.194966842414004, 39.888727246206301 ], [ -75.194766961719395, 39.887738278251398 ], [ -75.194699731219799, 39.886816916772602 ], [ -75.194513091870604, 39.8842590028434 ], [ -75.194166344346996, 39.877697914004301 ], [ -75.194231028102394, 39.877669447847097 ], [ -75.195429002427304, 39.8771075774374 ], [ -75.197009026990997, 39.876267870228503 ], [ -75.198186922437998, 39.875689617391998 ], [ -75.199430260239197, 39.875017362312498 ], [ -75.2006505636014, 39.874408214658899 ], [ -75.202104307086401, 39.873629260182099 ], [ -75.202990341188496, 39.8731240077785 ], [ -75.205097771968198, 39.871977762783601 ], [ -75.205793952677297, 39.871579626903099 ], [ -75.206658711173503, 39.871089782178402 ], [ -75.207314212059998, 39.8706748254601 ], [ -75.207947889116994, 39.870291196364498 ], [ -75.211976617187801, 39.8674718625401 ], [ -75.216039928673098, 39.871124361093102 ], [ -75.215791001108002, 39.875050286293202 ], [ -75.215729052042704, 39.876027241088501 ], [ -75.215724691722997, 39.876096445118797 ], [ -75.215724060767599, 39.8761133808121 ], [ -75.215902162503298, 39.876068829607803 ], [ -75.216049605114804, 39.876033941724899 ], [ -75.216205915185995, 39.876000236456299 ], [ -75.2163506256814, 39.875966918661398 ], [ -75.216373099626693, 39.875961664522102 ], [ -75.216702487477605, 39.875885958440001 ], [ -75.216847673751204, 39.875852475840901 ], [ -75.217015656952995, 39.875816324520102 ], [ -75.217518388134096, 39.875754752648803 ], [ -75.217703280409296, 39.875729090460702 ], [ -75.217861711017207, 39.875710191775703 ], [ -75.218036150429597, 39.875692117826603 ], [ -75.218321202105301, 39.875687515798603 ], [ -75.218332164178904, 39.875687671519898 ], [ -75.2187964416906, 39.875681572363703 ], [ -75.218826972974398, 39.875681177288797 ], [ -75.218887504705293, 39.875682900890098 ], [ -75.218923305173504, 39.875678670383699 ], [ -75.219242877381603, 39.875600894267002 ], [ -75.219446191570796, 39.875553152537002 ], [ -75.219623689997505, 39.875511763751 ], [ -75.219649943841901, 39.875500671960602 ], [ -75.219706650298406, 39.8754854466303 ], [ -75.219737057394298, 39.8754825123508 ], [ -75.219773358144195, 39.875488849675101 ], [ -75.220867174719601, 39.875579581218702 ], [ -75.221042799798994, 39.875595092950803 ], [ -75.221232726865694, 39.875611330965199 ], [ -75.221282635203707, 39.875615618367398 ], [ -75.222085669519402, 39.875683667731899 ], [ -75.222700980909593, 39.875739407338401 ], [ -75.222872355026794, 39.875760016731199 ], [ -75.223069279941498, 39.875783322001197 ], [ -75.223155371729604, 39.875793590909801 ], [ -75.223767726130802, 39.8758671858442 ], [ -75.224655925063303, 39.876032427585898 ], [ -75.224859459924204, 39.876069391195998 ], [ -75.225030377442195, 39.8761027193259 ], [ -75.225954491461394, 39.876275982869601 ], [ -75.226846632937495, 39.876411871148697 ], [ -75.226891962710994, 39.876413665814297 ], [ -75.227120932332497, 39.876445105511699 ], [ -75.228473462127297, 39.876640446222297 ], [ -75.228727347712393, 39.876676672915302 ], [ -75.228908572110797, 39.8767018589621 ], [ -75.229988122126301, 39.876856226429801 ], [ -75.230478584773095, 39.876898111313203 ], [ -75.230646545658104, 39.876910600643498 ], [ -75.230849062146902, 39.876928353427601 ], [ -75.230999150917199, 39.876942208160102 ], [ -75.231058001519102, 39.876947829406497 ], [ -75.231872137876493, 39.8770192261549 ], [ -75.231930848256596, 39.877025674508801 ], [ -75.232312271127, 39.877065654305603 ], [ -75.232551159824695, 39.877091078920699 ], [ -75.232659618729002, 39.877102444532198 ], [ -75.232816679876905, 39.8771204819651 ], [ -75.232993473931799, 39.877137528971097 ], [ -75.233272836347993, 39.877164037408498 ], [ -75.233958333939995, 39.877186684426199 ], [ -75.234020745493694, 39.877188585571297 ], [ -75.234124053420402, 39.8771902526993 ], [ -75.2343048361125, 39.877145217517203 ], [ -75.234483699354797, 39.8771038285836 ], [ -75.234655286010195, 39.877062791283997 ], [ -75.234686900584194, 39.877054992373601 ], [ -75.2350273449469, 39.876973778889003 ], [ -75.235540760646799, 39.876760924249602 ], [ -75.235798544562101, 39.8765884482141 ], [ -75.235930129355907, 39.876497483931999 ], [ -75.236052660740398, 39.876413061258901 ], [ -75.236372444243798, 39.876196702478602 ], [ -75.236642947153001, 39.875745796873701 ], [ -75.236716312356194, 39.875623470537597 ], [ -75.236775814078797, 39.875484244541802 ], [ -75.236935089983902, 39.8751260313419 ], [ -75.237501980843703, 39.875089629630601 ], [ -75.237593345776304, 39.874991187340903 ], [ -75.237538464232401, 39.874921001092403 ], [ -75.237503125902805, 39.874876482905599 ], [ -75.237462684044402, 39.874813418457897 ], [ -75.238112802584396, 39.874602224674298 ], [ -75.238248000540906, 39.874455879932 ], [ -75.238328212981799, 39.874371616669499 ], [ -75.238379462243699, 39.874310947101101 ], [ -75.238691635286699, 39.873968334670003 ], [ -75.238995512113505, 39.873845613976599 ], [ -75.239174094766696, 39.873618055361902 ], [ -75.2392630710806, 39.873499687101898 ], [ -75.239350313666307, 39.873381232985203 ], [ -75.239406447472206, 39.873308914714698 ], [ -75.240101563682401, 39.873039253028701 ], [ -75.240107107266894, 39.872867864766398 ], [ -75.2401038285319, 39.872740201259496 ], [ -75.240102187317405, 39.872638672632597 ], [ -75.240104231886306, 39.872606645758701 ], [ -75.240473683252702, 39.872390951484803 ], [ -75.240899942537098, 39.872409234182697 ], [ -75.240940013251006, 39.8724144274059 ], [ -75.241091176590601, 39.8724471730253 ], [ -75.241218455558496, 39.872475190457102 ], [ -75.241373074464505, 39.8725108871296 ], [ -75.241421716225602, 39.872520876414001 ], [ -75.241557882678904, 39.872549517769798 ], [ -75.241748687864202, 39.8725946719183 ], [ -75.242220932028403, 39.872786229184101 ], [ -75.242292031858, 39.872817682064102 ], [ -75.242570001847298, 39.872964321193599 ], [ -75.242697124160699, 39.8730307987408 ], [ -75.242732324647505, 39.873048634668898 ], [ -75.246736909847399, 39.875077567226903 ], [ -75.246778575441795, 39.875112378337498 ], [ -75.246826870749103, 39.875152730934602 ], [ -75.247400965872501, 39.8756323769692 ], [ -75.248432961152702, 39.876494564767398 ], [ -75.250118018329502, 39.876253217699002 ], [ -75.250351103377696, 39.876219831031101 ], [ -75.251729874705205, 39.876022329739001 ], [ -75.251771869791895, 39.876016313925597 ], [ -75.252259070933505, 39.875946520486302 ], [ -75.253438055381494, 39.8760182143169 ], [ -75.253980806854599, 39.8760512150496 ], [ -75.256130158607903, 39.876181873737998 ], [ -75.257422991575098, 39.876260446043197 ], [ -75.258579977517599, 39.8763307487677 ], [ -75.258591100568097, 39.876331424905899 ], [ -75.259522879314702, 39.876388034855502 ], [ -75.2612516666711, 39.876493046800697 ], [ -75.262531781633001, 39.876570787784701 ], [ -75.262541104998604, 39.8765873314427 ], [ -75.264833856189199, 39.880655402074296 ], [ -75.265005252863503, 39.880990880549398 ], [ -75.265114213417704, 39.881664963712502 ], [ -75.2645468540058, 39.882121714183398 ], [ -75.264299754554003, 39.882250237048602 ], [ -75.263083579622105, 39.882363837834099 ], [ -75.262264689990005, 39.882579892198898 ], [ -75.261947408914594, 39.882896937552999 ], [ -75.261887358784406, 39.883076759423503 ], [ -75.261966640466397, 39.883248231434102 ], [ -75.2624343668694, 39.883642340391503 ], [ -75.264136143761107, 39.8841418204888 ], [ -75.264445905323797, 39.884322964945198 ], [ -75.264640035800497, 39.884741815110097 ], [ -75.264229170404903, 39.8850102805267 ], [ -75.263155022500399, 39.8853086883448 ], [ -75.262731331390299, 39.885562108199601 ], [ -75.262618769268798, 39.885813052069203 ], [ -75.262684660651004, 39.886034009604202 ], [ -75.262805561479595, 39.886091128990302 ], [ -75.2636856178664, 39.886153338741003 ], [ -75.263983280421598, 39.886104952878497 ], [ -75.264285463765802, 39.886201057628398 ], [ -75.264800280995203, 39.886453471700598 ], [ -75.264853326000306, 39.886545128962801 ], [ -75.264935896472196, 39.886681834084598 ], [ -75.265039521295904, 39.886841480874601 ], [ -75.265107099682197, 39.886989103489199 ], [ -75.265137195120204, 39.887164019505903 ], [ -75.265130833371899, 39.887338146123298 ], [ -75.265097719180005, 39.887545421150499 ], [ -75.264980342944995, 39.887762111695501 ], [ -75.264879396624195, 39.887928565985497 ], [ -75.264727613809796, 39.888088296741699 ], [ -75.2645985265071, 39.888226032680599 ], [ -75.264448385522499, 39.888340826666401 ], [ -75.264263016981303, 39.888421127973501 ], [ -75.263998261855804, 39.888477221281697 ], [ -75.263727652293596, 39.8884938370839 ], [ -75.263378273009295, 39.888469392643003 ], [ -75.262978674991103, 39.8884213721607 ], [ -75.262681570545098, 39.888364331461801 ], [ -75.262474940787101, 39.888427303821999 ], [ -75.262295013056203, 39.888558313422699 ], [ -75.262201761299096, 39.888713689303501 ], [ -75.262135620201093, 39.888925868042001 ], [ -75.262097824747499, 39.889161147836496 ], [ -75.262082725274794, 39.889374434529103 ], [ -75.262089652189303, 39.889683763530201 ], [ -75.262103103305193, 39.889914533780598 ], [ -75.262125078849493, 39.890111761466301 ], [ -75.262111416434195, 39.890285729613097 ], [ -75.262104224764599, 39.890482323286903 ], [ -75.262037671795895, 39.890705736483604 ], [ -75.261884019621107, 39.891315137019802 ], [ -75.261856801653394, 39.8914607036672 ], [ -75.261792095122999, 39.891633563504101 ], [ -75.261735297877706, 39.891789730515498 ], [ -75.261607225114005, 39.891899378001099 ], [ -75.261506728827101, 39.891953410531798 ], [ -75.261315288286198, 39.891999847215402 ], [ -75.261100327804698, 39.892090743697302 ], [ -75.260731823300304, 39.892189547698102 ], [ -75.260143530990305, 39.892311684470499 ], [ -75.259930830470694, 39.892340792175197 ], [ -75.259747502249695, 39.892364916392303 ], [ -75.259543121629903, 39.892366096915403 ], [ -75.259351678593603, 39.892412530144398 ], [ -75.2591093975348, 39.892452236259203 ], [ -75.258960266905305, 39.8925389381765 ], [ -75.2587799086578, 39.892681175830198 ], [ -75.258570588439994, 39.892817162222997 ], [ -75.258388995035205, 39.892993100965299 ], [ -75.258214485820105, 39.893174814724802 ], [ -75.258024775418903, 39.893373061387003 ], [ -75.257831210616303, 39.893576846280702 ], [ -75.257671900673301, 39.893742025935197 ], [ -75.257435552420901, 39.894017958223998 ], [ -75.256912420104896, 39.894551860618598 ], [ -75.256744989937701, 39.894739347564702 ], [ -75.256667536942899, 39.894861334345897 ], [ -75.256664447836201, 39.894945589106101 ], [ -75.256711993409397, 39.895042187689597 ], [ -75.256793734327502, 39.895201366916702 ], [ -75.256970068763096, 39.895368223767903 ], [ -75.257126792944206, 39.895472818218501 ], [ -75.257276431141307, 39.895571637769997 ], [ -75.257391606564696, 39.895714678055 ], [ -75.257364583108199, 39.895854626659101 ], [ -75.257278808344793, 39.896004540316298 ], [ -75.257149073218599, 39.896159118957598 ], [ -75.256937060698803, 39.896368122635302 ], [ -75.256764187594399, 39.896504898075797 ], [ -75.256452223770907, 39.896852263073299 ], [ -75.256238559081794, 39.897106201584599 ], [ -75.256092792985399, 39.897299780351602 ], [ -75.255984106691301, 39.897477301912602 ], [ -75.255806901055493, 39.897732032972499 ], [ -75.255619992381398, 39.897952823035602 ], [ -75.255509036177699, 39.898192130618703 ], [ -75.255332446463996, 39.8984300097123 ], [ -75.255227670315804, 39.898500808801501 ], [ -75.255158533114496, 39.898594868427502 ], [ -75.255097719692799, 39.898661001913297 ], [ -75.255094216318994, 39.898756490216897 ], [ -75.2550991343861, 39.8987773984366 ], [ -75.255119471676693, 39.898863847726702 ], [ -75.255168871344395, 39.8989098940229 ], [ -75.255236440298006, 39.899057522447499 ], [ -75.255341709696296, 39.899172242588399 ], [ -75.255489292960206, 39.899327233465698 ], [ -75.2556220846987, 39.899487523543598 ], [ -75.255667843997102, 39.8995265175311 ], [ -75.255519884136604, 39.899678365487198 ], [ -75.255522260699905, 39.899681372405098 ], [ -75.253714372613302, 39.901667774639499 ], [ -75.251291105061995, 39.904412698101098 ], [ -75.253492101071302, 39.905597368035501 ], [ -75.252478302365404, 39.906637368576497 ], [ -75.252396135482201, 39.906640842967803 ], [ -75.2521542125953, 39.9066693006327 ], [ -75.251992723964193, 39.906693889201399 ], [ -75.251757062093006, 39.906750589766403 ], [ -75.251630389535293, 39.906820908754497 ], [ -75.2514994505419, 39.906907998304298 ], [ -75.251304864817797, 39.907038671827401 ], [ -75.251058604598498, 39.907185083206301 ], [ -75.250872136602197, 39.9072934478354 ], [ -75.250715874676203, 39.907374363211702 ], [ -75.250446699649601, 39.907548381254003 ], [ -75.250319403628694, 39.907635548947901 ], [ -75.250272544678396, 39.907718848277803 ], [ -75.250225066028605, 39.907818999874102 ], [ -75.250206555527996, 39.907925403347697 ], [ -75.250186599339401, 39.908071126241701 ], [ -75.250200219070507, 39.908296281050703 ], [ -75.250194230126795, 39.908459173070298 ], [ -75.250168012868301, 39.908576652124303 ], [ -75.250118468279595, 39.908732972222701 ], [ -75.250046835270297, 39.908894432102798 ], [ -75.250004583462101, 39.909050911366499 ], [ -75.2499348086818, 39.909161819065297 ], [ -75.249893795929196, 39.909284596710698 ], [ -75.249919873157907, 39.9093694873429 ], [ -75.249993512064805, 39.909448933510198 ], [ -75.250036295894404, 39.909478833249402 ], [ -75.250151550780799, 39.909520697235401 ], [ -75.250281806006498, 39.909551644894002 ], [ -75.250471446151593, 39.909555779661702 ], [ -75.250652551350299, 39.909593456645197 ], [ -75.250883682072399, 39.9096603311542 ], [ -75.251107106773901, 39.909738279792599 ], [ -75.251228624188002, 39.909808386656998 ], [ -75.251298672589002, 39.909888613143799 ], [ -75.251286631075303, 39.910017644656399 ], [ -75.251238120174406, 39.910145880602002 ], [ -75.251123551011105, 39.910283919107897 ], [ -75.251002100566296, 39.910410565997601 ], [ -75.2508723234575, 39.9105651376899 ], [ -75.250721696130299, 39.910691147231603 ], [ -75.250615450896902, 39.910801260298904 ], [ -75.250538176236802, 39.910917626339902 ], [ -75.250401102450994, 39.911072038464702 ], [ -75.250194736542298, 39.911224939419199 ], [ -75.249928435229904, 39.911320318593503 ], [ -75.2497504872413, 39.911395138689201 ], [ -75.249520241533602, 39.911502546521199 ], [ -75.249334999990694, 39.911577206216201 ], [ -75.249163931043199, 39.911663418051702 ], [ -75.248984742709993, 39.911771938556797 ], [ -75.248856818153598, 39.911875955170501 ], [ -75.248764537145803, 39.912003236015003 ], [ -75.248722280683594, 39.9121597148064 ], [ -75.248687111253801, 39.912321969494897 ], [ -75.248599436656505, 39.912522429253599 ], [ -75.248559245897994, 39.912622738408899 ], [ -75.248511141324599, 39.912739739459198 ], [ -75.248433859720606, 39.912856104055003 ], [ -75.248379287547706, 39.912950477899898 ], [ -75.248296158324905, 39.913027364731199 ], [ -75.2482134420855, 39.9130930172335 ], [ -75.248056957198003, 39.913179545767697 ], [ -75.247833583310793, 39.913298342943101 ], [ -75.247603536231694, 39.913400130350297 ], [ -75.247402249609806, 39.913513786625302 ], [ -75.247202411992504, 39.913588125320601 ], [ -75.247146930308801, 39.913653779476398 ], [ -75.247118453543806, 39.913687478413003 ], [ -75.247070966081694, 39.913787628697499 ], [ -75.247066209928406, 39.913916818117102 ], [ -75.2471196005107, 39.914052899254401 ], [ -75.247224672688901, 39.914173242733099 ], [ -75.247335879108704, 39.914307709701099 ], [ -75.247413884200895, 39.914427726325599 ], [ -75.247488224573502, 39.914542101894902 ], [ -75.247496820303198, 39.914558645093898 ], [ -75.247554644776599, 39.914591376275702 ], [ -75.247634382205305, 39.914645564254201 ], [ -75.247708424901006, 39.914731096786198 ], [ -75.247717793577806, 39.9148466859859 ], [ -75.247656708493295, 39.914964234255997 ], [ -75.247556800158804, 39.915087928586203 ], [ -75.247488264974294, 39.915222797068999 ], [ -75.247349745383303, 39.915408585575904 ], [ -75.247190204789604, 39.915641118946198 ], [ -75.247139027967293, 39.915736155721 ], [ -75.247059535203604, 39.915860295321401 ], [ -75.246990788222107, 39.915939214376102 ], [ -75.246922169715802, 39.916014639652701 ], [ -75.246844220120195, 39.916096854442102 ], [ -75.246784611762095, 39.916174224975997 ], [ -75.2467548808836, 39.916241757628299 ], [ -75.246766088461797, 39.916338157138298 ], [ -75.246788937090898, 39.916457537463302 ], [ -75.246837062690204, 39.916568728265197 ], [ -75.246879300511793, 39.916716504931401 ], [ -75.246941938333904, 39.916879490666098 ], [ -75.246941975647303, 39.916879586917702 ], [ -75.246963738031695, 39.916936006551502 ], [ -75.247003124826605, 39.916976201899502 ], [ -75.247041957667193, 39.917000651039601 ], [ -75.247105326790205, 39.917037000166303 ], [ -75.247157416092506, 39.917071354055302 ], [ -75.247190288232602, 39.917103539637601 ], [ -75.247203522365496, 39.917144913008102 ], [ -75.247212027036397, 39.9171914276058 ], [ -75.247195053183802, 39.917220777195602 ], [ -75.247174048825102, 39.9172456249729 ], [ -75.247241221360298, 39.917411681759901 ], [ -75.2473066655254, 39.917624727313097 ], [ -75.247349256705306, 39.9177949507759 ], [ -75.247359952623199, 39.918002097978601 ], [ -75.247349967371903, 39.9184392217538 ], [ -75.247334697396099, 39.918688126314102 ], [ -75.247335955823601, 39.9188198266108 ], [ -75.247392592820304, 39.919023274465701 ], [ -75.247499198727695, 39.919279541311496 ], [ -75.247586064948706, 39.919408407721299 ], [ -75.247624458764903, 39.919526810827499 ], [ -75.247625025927803, 39.919677305895902 ], [ -75.247598070099002, 39.919911847813999 ], [ -75.2475829243823, 39.919991461480699 ], [ -75.247529607883294, 39.920112565141302 ], [ -75.247489187472198, 39.920215140363197 ], [ -75.2474785868623, 39.920337176447802 ], [ -75.247467814129195, 39.920463911903497 ], [ -75.247462970732499, 39.920595479016598 ], [ -75.247470332939002, 39.920727312517698 ], [ -75.247470144840094, 39.920981248499601 ], [ -75.247462582732695, 39.9213525887372 ], [ -75.247487386694701, 39.9215083162509 ], [ -75.247518294160301, 39.921664175906798 ], [ -75.247516156077296, 39.921688244221301 ], [ -75.247507867489503, 39.921781513366803 ], [ -75.247473375315593, 39.921888920232 ], [ -75.247393915767205, 39.922056479834303 ], [ -75.247291775611004, 39.922176517826998 ], [ -75.247165395361407, 39.922291324572598 ], [ -75.247070394554797, 39.922383302783899 ], [ -75.246937739402497, 39.922502674400803 ], [ -75.246643578390206, 39.922778409396699 ], [ -75.246523127490903, 39.922898047179203 ], [ -75.246364327916297, 39.9230638739228 ], [ -75.246268458688604, 39.923179345742803 ], [ -75.246190206198506, 39.923314012216998 ], [ -75.2461606031532, 39.923454443369401 ], [ -75.246142339555902, 39.923618636013003 ], [ -75.246135589499403, 39.923801890296197 ], [ -75.246131435623795, 39.923914661527398 ], [ -75.246097113262394, 39.924017369503503 ], [ -75.246074477550096, 39.924134440294999 ], [ -75.2460337064051, 39.924246411942299 ], [ -75.245992588672493, 39.924367782445302 ], [ -75.245946579125601, 39.924456126488003 ], [ -75.2458683244963, 39.9245907936184 ], [ -75.245796864730195, 39.924706797448302 ], [ -75.245728110170802, 39.924832266402397 ], [ -75.2456819056207, 39.924891768991998 ], [ -75.245638341005005, 39.924947871164903 ], [ -75.245555020303101, 39.925054211142204 ], [ -75.245440666213199, 39.925173980894201 ], [ -75.245266535654807, 39.925424118832602 ], [ -75.245200485077007, 39.925559051249103 ], [ -75.245129196072398, 39.925670356010301 ], [ -75.245051977600198, 39.925776829832301 ], [ -75.244994278825104, 39.925850810556803 ], [ -75.244870140029604, 39.925904529582397 ], [ -75.244764137202395, 39.925963348002199 ], [ -75.244627965996997, 39.926012101825002 ], [ -75.244521962603301, 39.926070918962303 ], [ -75.244403233022894, 39.9261435668083 ], [ -75.244337871716397, 39.926259703771002 ], [ -75.244303546602495, 39.926362411231899 ], [ -75.244332609658301, 39.926485313660898 ], [ -75.244414588881, 39.9265811570206 ], [ -75.244509467572001, 39.9266584719132 ], [ -75.244578894394294, 39.926763446273398 ], [ -75.244599496175496, 39.926867353863798 ], [ -75.2445819216004, 39.927012750461103 ], [ -75.244581616105094, 39.927186739983703 ], [ -75.244553565676995, 39.927284881478201 ], [ -75.244499891876302, 39.927415381715598 ], [ -75.244428253353107, 39.9275360840304 ], [ -75.2443440617471, 39.927665917406699 ], [ -75.244271730940397, 39.927805415280602 ], [ -75.2442011300259, 39.927897924511903 ], [ -75.244123387689399, 39.928018493282501 ], [ -75.244057159069797, 39.9281581243822 ], [ -75.244003414940195, 39.928373269431397 ], [ -75.243987051616301, 39.928485773849999 ], [ -75.243968607956006, 39.928654664774697 ], [ -75.243968820607407, 39.928814557832503 ], [ -75.243973444484993, 39.929186164709002 ], [ -75.243968807499101, 39.929477624739398 ], [ -75.243969855036795, 39.9296100809159 ], [ -75.243926617550699, 39.929602248939197 ], [ -75.243406880451104, 39.929506864126999 ], [ -75.243256405280704, 39.929479247321197 ], [ -75.242703696595697, 39.929377635361703 ], [ -75.242611999677194, 39.929360777615798 ], [ -75.2422572863927, 39.9292966415967 ], [ -75.242168628107095, 39.929560363609497 ], [ -75.242095395132594, 39.929783552781601 ], [ -75.241999692599094, 39.930045276224099 ], [ -75.240738403343997, 39.929796617355898 ], [ -75.239627235102901, 39.929579439922598 ], [ -75.239703949115807, 39.9293523368625 ] ] ] } },
{ "type": "Feature", "properties": { "objectid": 5, "score": 16.0, "Shape__Area": 7278446.90234375, "Shape__Length": 12058.401883031967 }, "geometry": { "type": "Polygon", "coordinates": [ [ [ -75.204364092138206, 39.9744266026632 ], [ -75.203722515771702, 39.9741913916166 ], [ -75.203155922957905, 39.974254458117997 ], [ -75.201738797801099, 39.974403946329801 ], [ -75.199507678955996, 39.974655963836902 ], [ -75.198996126097597, 39.974710604190697 ], [ -75.198812182466497, 39.974731367393602 ], [ -75.198400282878396, 39.9747778599505 ], [ -75.198269992390607, 39.974791479977199 ], [ -75.195757903847294, 39.975072999149603 ], [ -75.195414019039603, 39.975111531787903 ], [ -75.194900422962206, 39.975171190345797 ], [ -75.194663137087204, 39.975195993938101 ], [ -75.194612398978194, 39.975201297318797 ], [ -75.194405951512906, 39.975222876933302 ], [ -75.194352051931205, 39.9752285107053 ], [ -75.194234055612696, 39.975240843968997 ], [ -75.193169454205801, 39.975352114756198 ], [ -75.193070758446893, 39.9753624297364 ], [ -75.192987989441207, 39.975199289010597 ], [ -75.192913982728399, 39.975038616593302 ], [ -75.192781479965006, 39.974740220011199 ], [ -75.1927707553386, 39.974716068293198 ], [ -75.192617827477207, 39.974359874430597 ], [ -75.192388430538202, 39.973807307102703 ], [ -75.1919395867763, 39.972699181090903 ], [ -75.191738862191201, 39.972211117558103 ], [ -75.191706705138699, 39.9721133782229 ], [ -75.191686878113401, 39.972053111987002 ], [ -75.191626791349094, 39.971851832470698 ], [ -75.191461273577403, 39.971241884418703 ], [ -75.191383357130505, 39.970972600954397 ], [ -75.191295273611601, 39.970707529923502 ], [ -75.1912457681847, 39.970577257452199 ], [ -75.191205706591802, 39.970480768155802 ], [ -75.191147850662304, 39.970353954895103 ], [ -75.191100768385397, 39.970260375156698 ], [ -75.191032540546402, 39.970137859029997 ], [ -75.190976405073101, 39.970047860431698 ], [ -75.190913414214805, 39.9699597948524 ], [ -75.190843786858494, 39.969873704072 ], [ -75.1907681196016, 39.969789596639004 ], [ -75.190658873759602, 39.9696805518589 ], [ -75.190571447756696, 39.969601102462001 ], [ -75.190448699695594, 39.969498298499701 ], [ -75.190364768560002, 39.969432894508799 ], [ -75.1903527792266, 39.969423551948402 ], [ -75.190220879331704, 39.969327047991101 ], [ -75.190085703795702, 39.969234170229797 ], [ -75.189914291767195, 39.969123201687303 ], [ -75.189742096831594, 39.969018261966603 ], [ -75.189635055278103, 39.968960016392302 ], [ -75.1894486719887, 39.968870860808302 ], [ -75.189254420061999, 39.968789464251103 ], [ -75.1892417746175, 39.968784644570697 ], [ -75.189054729206703, 39.968713356617798 ], [ -75.188527506401599, 39.968522503982797 ], [ -75.188328348000496, 39.968444984142799 ], [ -75.188017610058793, 39.9683121574013 ], [ -75.187507114467095, 39.968099030012297 ], [ -75.187351699765301, 39.968031504555903 ], [ -75.187198671149204, 39.9679616400553 ], [ -75.186975609373405, 39.967850681778302 ], [ -75.186867833158104, 39.9677916864742 ], [ -75.186763075034705, 39.967729890577402 ], [ -75.186661685353499, 39.967664980981503 ], [ -75.186529108388299, 39.967575663701901 ], [ -75.186236276627099, 39.967367960854197 ], [ -75.186115599834693, 39.967277479846203 ], [ -75.186045317900096, 39.967224783345003 ], [ -75.185857822085296, 39.967078262907897 ], [ -75.185807291192205, 39.967037203503899 ], [ -75.185673832018196, 39.9669287595989 ], [ -75.185463665938897, 39.966751052365602 ], [ -75.185263101842395, 39.966574489134601 ], [ -75.185258403061596, 39.966570352999497 ], [ -75.185058112171106, 39.9663872351706 ], [ -75.184835386869395, 39.966175732855703 ], [ -75.184729365077303, 39.966067515559303 ], [ -75.184631784115894, 39.965954512284398 ], [ -75.184519125251796, 39.965807959589803 ], [ -75.184413602865703, 39.9656573336432 ], [ -75.184226281195606, 39.965375822033202 ], [ -75.184210185668206, 39.965351633141601 ], [ -75.1841054015146, 39.965200445656997 ], [ -75.183878713420398, 39.964895573762398 ], [ -75.183543094810204, 39.964444193397 ], [ -75.183470730456804, 39.964350353478899 ], [ -75.183348401464499, 39.964196696132497 ], [ -75.183252888747305, 39.964081830287597 ], [ -75.183029088251402, 39.963827857209203 ], [ -75.182719892585396, 39.963494627291901 ], [ -75.182087706595695, 39.962835074910103 ], [ -75.181827897003998, 39.962558466293103 ], [ -75.181550555812606, 39.962249976038102 ], [ -75.181284121912796, 39.961935750875803 ], [ -75.181021166007497, 39.961618575582797 ], [ -75.180809270748298, 39.961357049793499 ], [ -75.180601685499099, 39.961093562271898 ], [ -75.180421823123993, 39.960857596564601 ], [ -75.180247288981505, 39.960619882238497 ], [ -75.180078986934305, 39.960380325846998 ], [ -75.179916596432506, 39.960136936231102 ], [ -75.179903775781696, 39.960114642689 ], [ -75.179852907651494, 39.960026185233403 ], [ -75.179822646923, 39.9599735640669 ], [ -75.179773417403496, 39.959855322363403 ], [ -75.179730852617396, 39.959722312984503 ], [ -75.179704095037295, 39.959621021835602 ], [ -75.179630991075399, 39.959316286539902 ], [ -75.179471638190094, 39.958747197071602 ], [ -75.179410275813296, 39.958512070003202 ], [ -75.179371958115297, 39.958343847738902 ], [ -75.179340184554704, 39.9581754042215 ], [ -75.179316672344399, 39.958006746825902 ], [ -75.179305093704301, 39.957871590704201 ], [ -75.179301700376698, 39.957701562160103 ], [ -75.179305206300498, 39.957599094717303 ], [ -75.179312460728994, 39.957496455535001 ], [ -75.179336881472395, 39.957291204349801 ], [ -75.179372296937601, 39.957086894312802 ], [ -75.179423953619704, 39.956851170498098 ], [ -75.179459958972998, 39.956718153618603 ], [ -75.179526178412601, 39.956520377683702 ], [ -75.179612411064895, 39.956298466925702 ], [ -75.179669152982996, 39.956159156887097 ], [ -75.179735917057599, 39.9559952396407 ], [ -75.179785719342803, 39.955866234932202 ], [ -75.179832415937199, 39.955734491849398 ], [ -75.179873932971404, 39.955601752317598 ], [ -75.179896360571107, 39.955521647630803 ], [ -75.179901880873601, 39.955501930178798 ], [ -75.179916747014502, 39.9554488305509 ], [ -75.179923794763198, 39.955421420974297 ], [ -75.180015343339306, 39.955065335977999 ], [ -75.180073622479199, 39.9548655908904 ], [ -75.180106871097095, 39.954766727955402 ], [ -75.180143827324898, 39.954668767999898 ], [ -75.180226268508804, 39.954481675373998 ], [ -75.180312692618998, 39.9544922482646 ], [ -75.181006990284203, 39.954577187947898 ], [ -75.181095312160807, 39.954587993092503 ], [ -75.181095438980407, 39.954588009466001 ], [ -75.181164160249494, 39.954596415711698 ], [ -75.181221273190701, 39.954603402479101 ], [ -75.182188740598306, 39.954706154734502 ], [ -75.183336831833202, 39.9548280786615 ], [ -75.185165448808903, 39.955063882115397 ], [ -75.185360546656099, 39.955089039125603 ], [ -75.187066528679196, 39.955304923157797 ], [ -75.187230480810598, 39.955324668779497 ], [ -75.187480672037196, 39.955354801185003 ], [ -75.187962119572504, 39.955412781561499 ], [ -75.188268752477896, 39.955451048181999 ], [ -75.189491321988299, 39.955602272117702 ], [ -75.191466937907194, 39.955852158071799 ], [ -75.191736093009297, 39.955893000525002 ], [ -75.194155526797999, 39.9561890664232 ], [ -75.196123108794197, 39.956438283468998 ], [ -75.198010210367201, 39.956663752785197 ], [ -75.199624934106296, 39.956869819239401 ], [ -75.201956438860094, 39.957158458321402 ], [ -75.203407031190494, 39.957338717412902 ], [ -75.204147804710004, 39.957431419334497 ], [ -75.205039060063001, 39.957540742762603 ], [ -75.206077668667405, 39.9576682229997 ], [ -75.206173469121893, 39.958237598536698 ], [ -75.206272591217896, 39.958832319035302 ], [ -75.206470247723502, 39.960019672274697 ], [ -75.206683705351494, 39.9612444560697 ], [ -75.206793213532507, 39.9618981712444 ], [ -75.206890789592606, 39.962494317922697 ], [ -75.207102675843998, 39.963670427733703 ], [ -75.207301568820199, 39.964787438720997 ], [ -75.207421162493304, 39.965489327911001 ], [ -75.207501245933599, 39.965905882139701 ], [ -75.207536116560803, 39.966166763490399 ], [ -75.2075626045185, 39.966390135207 ], [ -75.208465434929906, 39.966958925157499 ], [ -75.209543609727803, 39.967626135778701 ], [ -75.209761002576201, 39.967759538142303 ], [ -75.210104614662995, 39.9679709884932 ], [ -75.211337657666704, 39.968735144203897 ], [ -75.2115183923421, 39.969663829496596 ], [ -75.211579231946899, 39.969946510492001 ], [ -75.211634340248693, 39.970229079244497 ], [ -75.211726075028807, 39.970731252855501 ], [ -75.2118172422052, 39.971264169441604 ], [ -75.211864166284599, 39.971512597241002 ], [ -75.212057560404304, 39.9725170146069 ], [ -75.212150038884005, 39.9730207269468 ], [ -75.212173131521496, 39.973146510118198 ], [ -75.212214779360096, 39.973251708692999 ], [ -75.212423555851103, 39.973992984497897 ], [ -75.212617524403797, 39.974731007023202 ], [ -75.213012138021796, 39.976147377053501 ], [ -75.213124515920001, 39.976554755197398 ], [ -75.213306903317701, 39.977226465858003 ], [ -75.213472607672301, 39.9778001757998 ], [ -75.211291970734095, 39.976992341554499 ], [ -75.210360678034505, 39.976645396048703 ], [ -75.209323537631306, 39.976259587909098 ], [ -75.2086016181036, 39.9759909325698 ], [ -75.207894403351702, 39.9757266826376 ], [ -75.206909628220899, 39.975362930770601 ], [ -75.206628607544502, 39.975256765078697 ], [ -75.204364092138206, 39.9744266026632 ] ] ] } },
{ "type": "Feature", "properties": { "objectid": 6, "score": 17.7, "Shape__Area": 8396260.515625, "Shape__Length": 19806.580851487204 }, "geometry": { "type": "Polygon", "coordinates": [ [ [ -75.216373528963999, 39.934174698834497 ], [ -75.215571408195203, 39.9334987454409 ], [ -75.215857077678393, 39.9330760445282 ], [ -75.216076325163897, 39.932751621585702 ], [ -75.213759694715606, 39.933328603421501 ], [ -75.213528471876899, 39.933269974611797 ], [ -75.212662482648895, 39.9329730356216 ], [ -75.212553518359698, 39.932935672113302 ], [ -75.212507600991003, 39.932895035471901 ], [ -75.212452281726002, 39.9328499271761 ], [ -75.212431132688593, 39.932818931518099 ], [ -75.2124124603437, 39.932787991536301 ], [ -75.2124016445606, 39.932745776166698 ], [ -75.212375059162596, 39.932661236159902 ], [ -75.212363048799801, 39.932584651942399 ], [ -75.2123606575894, 39.9325159119253 ], [ -75.212357358309305, 39.932480836880003 ], [ -75.212745962339397, 39.932285939194699 ], [ -75.212818573605901, 39.932199779021097 ], [ -75.212954968456003, 39.931987705507197 ], [ -75.213074138612797, 39.9316880420646 ], [ -75.213128104655894, 39.931433288273503 ], [ -75.213157638185905, 39.931238166359897 ], [ -75.213169475269794, 39.931048770857899 ], [ -75.213205635531594, 39.9308464533012 ], [ -75.213276680274106, 39.930732718996197 ], [ -75.213496477264101, 39.930420957769996 ], [ -75.213809647136202, 39.929950681907798 ], [ -75.214034289279098, 39.929612279837599 ], [ -75.211176963073896, 39.9284182809957 ], [ -75.2111840981553, 39.928407793657399 ], [ -75.211267013771106, 39.928283446605199 ], [ -75.211348363064104, 39.9281585718158 ], [ -75.211427927268403, 39.928033140545899 ], [ -75.211505486967695, 39.927907123159699 ], [ -75.211580823634094, 39.927780490744603 ], [ -75.211653719438303, 39.927653214052199 ], [ -75.211723955666599, 39.927525263112003 ], [ -75.211791314232201, 39.927396609549497 ], [ -75.211855542162795, 39.927267199435903 ], [ -75.211915775200595, 39.9271364571891 ], [ -75.211971873216697, 39.9270042782994 ], [ -75.212024072903702, 39.9268708356866 ], [ -75.212072610744499, 39.926736301738103 ], [ -75.212117723155501, 39.926600850596301 ], [ -75.212159647328306, 39.926464653959599 ], [ -75.212198617676407, 39.926327884518798 ], [ -75.212234871525197, 39.926190716434903 ], [ -75.212268646980903, 39.9260533212491 ], [ -75.212300178407204, 39.925915872880097 ], [ -75.212329702988399, 39.925778543023704 ], [ -75.212357520555997, 39.925641268363599 ], [ -75.212383854777102, 39.925503182253202 ], [ -75.2124082800282, 39.925364354894 ], [ -75.212430316292298, 39.925224974450003 ], [ -75.212449483594, 39.925085234183101 ], [ -75.212465301885402, 39.924945323311398 ], [ -75.212477291460701, 39.924805434223998 ], [ -75.212484973850493, 39.9246657568765 ], [ -75.212487866464102, 39.924526481660102 ], [ -75.212485491855603, 39.924387801891598 ], [ -75.212477369123803, 39.924249905713403 ], [ -75.212462484110702, 39.924112681570101 ], [ -75.212438540315304, 39.923975121795998 ], [ -75.212405925378903, 39.923837551332099 ], [ -75.212365326126601, 39.923700456408397 ], [ -75.212317428751206, 39.923564321658098 ], [ -75.212262923276299, 39.923429632853797 ], [ -75.212202495892797, 39.923296874277497 ], [ -75.212136834327396, 39.923166531651603 ], [ -75.212066609917301, 39.923039083131101 ], [ -75.211990366034499, 39.922913923837598 ], [ -75.211907289562504, 39.922790461374497 ], [ -75.211818123025395, 39.922668771393802 ], [ -75.211723603128505, 39.922548926256397 ], [ -75.211624470329895, 39.922431001571603 ], [ -75.211521463837499, 39.922315069583703 ], [ -75.211415324083703, 39.922201206257697 ], [ -75.211306787494493, 39.922089484659899 ], [ -75.211196410261905, 39.921979901631197 ], [ -75.211081490962599, 39.9218715965849 ], [ -75.210960839910996, 39.921765497017503 ], [ -75.210834357548606, 39.921663138085599 ], [ -75.210701947177895, 39.9215660574691 ], [ -75.210563512133007, 39.921475791616999 ], [ -75.210418954344902, 39.921393877473498 ], [ -75.210268072596094, 39.921320689851299 ], [ -75.210110938357005, 39.921253117408803 ], [ -75.2099485285258, 39.921190704043397 ], [ -75.209781871181093, 39.9211332672201 ], [ -75.209611992474393, 39.921080627003398 ], [ -75.209439920686094, 39.921032601401599 ], [ -75.209266680692707, 39.920989007826101 ], [ -75.209093300724902, 39.920949665526699 ], [ -75.208919385161593, 39.9209141347702 ], [ -75.208742817263698, 39.920882133825202 ], [ -75.208564128435896, 39.920854254469297 ], [ -75.208383934556394, 39.920831112326198 ], [ -75.208202850231999, 39.920813320183001 ], [ -75.208021491370999, 39.920801492441697 ], [ -75.207840472975505, 39.920796243136699 ], [ -75.207660410777606, 39.920798184916599 ], [ -75.207480993014599, 39.920805734121998 ], [ -75.207301577952506, 39.920816779873 ], [ -75.207122160628799, 39.920830849966002 ], [ -75.206942740419194, 39.920847472293602 ], [ -75.206763314658701, 39.920866174527099 ], [ -75.206583879142897, 39.9208864828976 ], [ -75.205866004849895, 39.920974340898198 ], [ -75.2056864898329, 39.920995598386703 ], [ -75.205506950311204, 39.921015628943401 ], [ -75.205327384383097, 39.921033959200997 ], [ -75.205147790816397, 39.9210501163342 ], [ -75.204968165138197, 39.921063628851797 ], [ -75.204788506360899, 39.921074023758102 ], [ -75.204607129584502, 39.921080607708603 ], [ -75.2044233455495, 39.921082165295303 ], [ -75.204239036556402, 39.9210774606887 ], [ -75.204056083778497, 39.9210652580459 ], [ -75.203876370615802, 39.921044323342997 ], [ -75.203701779663405, 39.921013419913102 ], [ -75.203533337797495, 39.9209714008921 ], [ -75.203366541166801, 39.920918489852603 ], [ -75.203202118594902, 39.920855725742598 ], [ -75.203042138023903, 39.920784126465399 ], [ -75.202888672606704, 39.920704710402902 ], [ -75.202743789087407, 39.9206184958054 ], [ -75.202609559510805, 39.920526498941001 ], [ -75.202484795413895, 39.9204283628357 ], [ -75.202365603363802, 39.920323090921102 ], [ -75.202252430309898, 39.920211877249599 ], [ -75.202145778042393, 39.920095938360198 ], [ -75.202046150115606, 39.919976492062602 ], [ -75.201954046891103, 39.919854755744801 ], [ -75.201919396238495, 39.919804143845802 ], [ -75.2063488159652, 39.918989635047097 ], [ -75.207037485329707, 39.918834795799903 ], [ -75.2074540792878, 39.918704848243003 ], [ -75.208329131449602, 39.918399483909702 ], [ -75.208703491494205, 39.918307807445601 ], [ -75.215825748964406, 39.9169656125245 ], [ -75.216042320776495, 39.917144701485398 ], [ -75.216406893053602, 39.917323047358998 ], [ -75.221875946949396, 39.919560141170798 ], [ -75.222774547914398, 39.919927670634102 ], [ -75.223385270998904, 39.919058695623903 ], [ -75.223802180434404, 39.918458615238997 ], [ -75.224212371276394, 39.9178413863321 ], [ -75.225067512227398, 39.916602092106899 ], [ -75.225269371475093, 39.916333849109797 ], [ -75.225401632946699, 39.9162351342097 ], [ -75.225576786314306, 39.916166027891798 ], [ -75.225815496720898, 39.916103089464798 ], [ -75.225840128364197, 39.915654606492097 ], [ -75.225908790492099, 39.915366069504898 ], [ -75.226061204714895, 39.914967819076701 ], [ -75.226276776888298, 39.914601856625403 ], [ -75.226569715337007, 39.914147912142703 ], [ -75.227078062040803, 39.913520573586297 ], [ -75.227212995060697, 39.913382778049602 ], [ -75.227722235227304, 39.912945810464301 ], [ -75.228394898917202, 39.912476611687097 ], [ -75.229178260555798, 39.9119068653483 ], [ -75.230346284389995, 39.911108610635303 ], [ -75.231181558045805, 39.910511285553497 ], [ -75.2316310756257, 39.910158176840099 ], [ -75.231967130336699, 39.909883238274197 ], [ -75.232323940493103, 39.909519127731997 ], [ -75.232632078812003, 39.909212205053301 ], [ -75.232946765949507, 39.9088820247595 ], [ -75.234051956506207, 39.907651147821703 ], [ -75.234346115779701, 39.907316158860603 ], [ -75.234734621353297, 39.906881036525597 ], [ -75.234982773482301, 39.906622086248603 ], [ -75.235165794298993, 39.906462277851404 ], [ -75.237771833403698, 39.906117889921397 ], [ -75.239792305634495, 39.907839269140197 ], [ -75.232733414899897, 39.913314530328798 ], [ -75.230199982191294, 39.915816368411299 ], [ -75.230485720568794, 39.916048690963798 ], [ -75.2306977507657, 39.916231951098403 ], [ -75.230932142337807, 39.916418662960503 ], [ -75.231143347003893, 39.916586903345099 ], [ -75.231348434949894, 39.916759329475603 ], [ -75.231611153113604, 39.916984081165502 ], [ -75.231094469479899, 39.917352976398803 ], [ -75.230614203092102, 39.917691385283 ], [ -75.230097457565094, 39.918055244479397 ], [ -75.231494629861601, 39.919232482701901 ], [ -75.232622117772706, 39.920174164901503 ], [ -75.232890051597096, 39.920404050107798 ], [ -75.232224711189701, 39.920874608490998 ], [ -75.231566913093303, 39.921340987783097 ], [ -75.231851193671204, 39.921571713717498 ], [ -75.232066402657296, 39.921762564049303 ], [ -75.232254945273198, 39.921920404300103 ], [ -75.232496761060901, 39.922117819786997 ], [ -75.232694198989293, 39.9222871970371 ], [ -75.232973963857603, 39.922519647197198 ], [ -75.233409012996901, 39.922894236684002 ], [ -75.232180493287103, 39.923758924840797 ], [ -75.232440032535294, 39.923979533565202 ], [ -75.232733083785305, 39.924228623624202 ], [ -75.232962377458904, 39.924421071296102 ], [ -75.233124652509304, 39.924567070823201 ], [ -75.231879464059901, 39.925443221702899 ], [ -75.232488752583706, 39.925953320923099 ], [ -75.233102587567302, 39.926461200155501 ], [ -75.234340512692199, 39.927535336849701 ], [ -75.232976754001101, 39.928475377536301 ], [ -75.234128482957203, 39.928698250176801 ], [ -75.234414570976696, 39.928753609901399 ], [ -75.235100658781107, 39.928886367694197 ], [ -75.235307683880606, 39.928921280262102 ], [ -75.235440810925695, 39.928916186061599 ], [ -75.235591498148295, 39.928914707542198 ], [ -75.235933268554703, 39.928989310543201 ], [ -75.236289767826904, 39.929054019704701 ], [ -75.236999382072398, 39.929184454422597 ], [ -75.237728450076901, 39.929329065614901 ], [ -75.238310580677506, 39.928926124102901 ], [ -75.238314121728493, 39.928869317359997 ], [ -75.238732019699, 39.928594179520097 ], [ -75.239396339944506, 39.928734642917 ], [ -75.239876595589905, 39.928833315644198 ], [ -75.239783918900997, 39.929114313754297 ], [ -75.239703949115807, 39.9293523368625 ], [ -75.239627235102901, 39.929579439922598 ], [ -75.240738403343997, 39.929796617355898 ], [ -75.241999692599094, 39.930045276224099 ], [ -75.242095395132594, 39.929783552781601 ], [ -75.242168628107095, 39.929560363609497 ], [ -75.2422572863927, 39.9292966415967 ], [ -75.242611999677194, 39.929360777615798 ], [ -75.242703696595697, 39.929377635361703 ], [ -75.243256405280704, 39.929479247321197 ], [ -75.243406880451104, 39.929506864126999 ], [ -75.243926617550699, 39.929602248939197 ], [ -75.243969855036795, 39.9296100809159 ], [ -75.243969886343706, 39.929614024399697 ], [ -75.243984211901605, 39.929722497199002 ], [ -75.2440117839582, 39.929803044005801 ], [ -75.244101082335405, 39.929866128683102 ], [ -75.244191073975699, 39.929910419245502 ], [ -75.244280373774899, 39.9299735045105 ], [ -75.244356945920003, 39.9300504187256 ], [ -75.244407547205498, 39.930169089428702 ], [ -75.244430334522093, 39.930296557098501 ], [ -75.244383453951997, 39.9304083956862 ], [ -75.244276404115098, 39.930495406391699 ], [ -75.244133079942003, 39.930572218993902 ], [ -75.243952613998999, 39.930662327429602 ], [ -75.2438153932669, 39.930739273025601 ], [ -75.243695961737799, 39.9308307148845 ], [ -75.243637738504503, 39.930918792105601 ], [ -75.243607086110202, 39.931087415296297 ], [ -75.243560030378006, 39.931203952013803 ], [ -75.243518210919603, 39.931344116541297 ], [ -75.243476911395305, 39.931470183723903 ], [ -75.243436304812704, 39.931577456846199 ], [ -75.243420111683903, 39.931685262681 ], [ -75.243404438595206, 39.931778972062702 ], [ -75.243402359153606, 39.931835357534297 ], [ -75.243344827861506, 39.931904638979802 ], [ -75.243281365473806, 39.931969088327001 ], [ -75.243187732290906, 39.932023473464596 ], [ -75.243106479010294, 39.932073426189298 ], [ -75.243051306009804, 39.932161568948302 ], [ -75.242936934153306, 39.932281337039299 ], [ -75.242846285160795, 39.932420433020098 ], [ -75.242724075747702, 39.932587055293702 ], [ -75.242626454629502, 39.932749511725802 ], [ -75.242531258778996, 39.932846185662797 ], [ -75.242454894686702, 39.932929162404598 ], [ -75.2423527282956, 39.933049197008003 ], [ -75.242288051474503, 39.9331465371964 ], [ -75.242241684194298, 39.933244277545299 ], [ -75.242171249373996, 39.933332087078703 ], [ -75.242126790090396, 39.933378141301397 ], [ -75.242014495268606, 39.933441521267198 ], [ -75.241890860637596, 39.933481141671798 ], [ -75.241718916126601, 39.933505596838998 ], [ -75.241559526019898, 39.933520920602703 ], [ -75.241399615738203, 39.933550341649898 ], [ -75.2411907018638, 39.933583392759502 ], [ -75.240975683185496, 39.933616308880701 ], [ -75.240761533011195, 39.933625731434603 ], [ -75.240518251591595, 39.933596895978603 ], [ -75.240245839667494, 39.933529800575897 ], [ -75.2401629416144, 39.933501681950901 ], [ -75.239925833293995, 39.933565994510602 ], [ -75.239528971942903, 39.933575666408203 ], [ -75.239202753323895, 39.933465022324597 ], [ -75.238940878444097, 39.933282918136896 ], [ -75.238741030342396, 39.933132581053499 ], [ -75.238499470486005, 39.933042147406901 ], [ -75.238255353198099, 39.933016405342499 ], [ -75.238208302605301, 39.933011443825698 ], [ -75.238002618644501, 39.9330191021972 ], [ -75.237778675472001, 39.933093259115502 ], [ -75.236837394987205, 39.9337659534972 ], [ -75.236649033103205, 39.933906588587 ], [ -75.235920445333406, 39.934450561723501 ], [ -75.235607086728095, 39.934563059551998 ], [ -75.235375692959707, 39.934624885170699 ], [ -75.235161434133005, 39.934650596658599 ], [ -75.234885375039894, 39.934638460419499 ], [ -75.234533135389896, 39.934602170724098 ], [ -75.2342982853704, 39.934491785914297 ], [ -75.2341428837791, 39.934421478028597 ], [ -75.233863898588098, 39.934354174523797 ], [ -75.233696669515496, 39.934332862243799 ], [ -75.233579273829207, 39.934337506101102 ], [ -75.233417867349999, 39.934359570660597 ], [ -75.233286792026604, 39.934385232616997 ], [ -75.233168596054, 39.934411514878398 ], [ -75.233051235599504, 39.934451200498401 ], [ -75.232726411862799, 39.934646667586001 ], [ -75.231098633463105, 39.935782282232097 ], [ -75.229728539015397, 39.936752154459001 ], [ -75.229230313542402, 39.937100521907198 ], [ -75.228845068602197, 39.937367539485898 ], [ -75.228360658738097, 39.937709643297701 ], [ -75.227833575769793, 39.938086508852201 ], [ -75.227385697803797, 39.938401998333902 ], [ -75.226856978922498, 39.938776163000099 ], [ -75.226385938806303, 39.939105256966101 ], [ -75.225953417257998, 39.939407313515296 ], [ -75.225482927068001, 39.939734253865801 ], [ -75.224116490451706, 39.9407004569861 ], [ -75.223618356858495, 39.941055138249197 ], [ -75.223428517396798, 39.941184695564097 ], [ -75.223241053660203, 39.9413208811552 ], [ -75.222756114932494, 39.941663994355402 ], [ -75.221548608235594, 39.9406616614393 ], [ -75.220281316634001, 39.939581208870301 ], [ -75.219779889739101, 39.939159694784998 ], [ -75.219373586530196, 39.938819011349104 ], [ -75.218876841258506, 39.938402767404199 ], [ -75.220245011676397, 39.937447786025501 ], [ -75.219615821141701, 39.936910120508301 ], [ -75.218986196582307, 39.936378561183901 ], [ -75.217812889234295, 39.9353667330045 ], [ -75.217207014732594, 39.934856750431202 ], [ -75.217061604622401, 39.934742715053403 ], [ -75.216753988210399, 39.9345014703188 ], [ -75.216373528963999, 39.934174698834497 ] ] ] } },
{ "type": "Feature", "properties": { "objectid": 7, "score": 17.6, "Shape__Area": 10242394.984375, "Shape__Length": 17230.682227420159 }, "geometry": { "type": "Polygon", "coordinates": [ [ [ -75.182282894337206, 39.950743561593697 ], [ -75.1823543030021, 39.950615288287899 ], [ -75.182431144368294, 39.950489685447899 ], [ -75.182479368294295, 39.950419499335801 ], [ -75.182515055052306, 39.950367559357403 ], [ -75.182607676247997, 39.950249715869703 ], [ -75.182688537595297, 39.950158306192598 ], [ -75.182708467553994, 39.950135775526498 ], [ -75.182814270800705, 39.950024046572501 ], [ -75.182924534004499, 39.949914335606401 ], [ -75.1830387472327, 39.949806472666701 ], [ -75.183276997656407, 39.949595613443698 ], [ -75.183400019100105, 39.949492277513698 ], [ -75.183612421889805, 39.949320084743299 ], [ -75.184288722274104, 39.948792361025902 ], [ -75.184919204224599, 39.948315089032697 ], [ -75.184933835172501, 39.948304013982401 ], [ -75.185326030055194, 39.948014707599903 ], [ -75.1857218823789, 39.947728312713103 ], [ -75.186121238996293, 39.947444942215597 ], [ -75.186395201038096, 39.947253716111703 ], [ -75.186518983726899, 39.947168961207304 ], [ -75.186875219046897, 39.946925041035001 ], [ -75.189467063771303, 39.945254007650398 ], [ -75.189531738863593, 39.945214508682902 ], [ -75.189590759416603, 39.945176918783503 ], [ -75.189657016522801, 39.945132870663002 ], [ -75.189721965530595, 39.945087683371298 ], [ -75.189785572906104, 39.945041380241697 ], [ -75.189847807188798, 39.944993984126199 ], [ -75.189923621069298, 39.944933239107598 ], [ -75.189997180395494, 39.944870873114702 ], [ -75.190068423706904, 39.944806935575301 ], [ -75.190137297449894, 39.944741478202801 ], [ -75.190210255465004, 39.944667779242202 ], [ -75.1902802085487, 39.944592374375901 ], [ -75.190347089130697, 39.944515335921203 ], [ -75.190410833682193, 39.9444367380434 ], [ -75.1916399308612, 39.943245203684803 ], [ -75.191640270057206, 39.9432448976914 ], [ -75.1919888949854, 39.942930502245098 ], [ -75.192047119609001, 39.9428822768622 ], [ -75.192112933135903, 39.9428277675948 ], [ -75.1922431315664, 39.942731598855502 ], [ -75.192381549652296, 39.942644685560502 ], [ -75.192529537414501, 39.942567524428902 ], [ -75.192685665874194, 39.942496833727098 ], [ -75.192848237180996, 39.9424325079002 ], [ -75.193015574573593, 39.942374560862802 ], [ -75.193185997804406, 39.942323008393501 ], [ -75.193357829149605, 39.942277866161099 ], [ -75.193530052794202, 39.942239363911099 ], [ -75.193582453072906, 39.942230360321297 ], [ -75.193786926678101, 39.942199133974299 ], [ -75.193886315659796, 39.942186874272203 ], [ -75.193973299839897, 39.942179886317597 ], [ -75.194068312537794, 39.942172253936903 ], [ -75.194250746437802, 39.942164687054401 ], [ -75.194432014318494, 39.942163655087299 ], [ -75.194611551821495, 39.942169047391197 ], [ -75.194791513838695, 39.942181490059198 ], [ -75.194971517409797, 39.942200232315798 ], [ -75.195150955829703, 39.9422244190987 ], [ -75.195329218855605, 39.9422531980833 ], [ -75.195505700224999, 39.942285714049397 ], [ -75.195680102150106, 39.942321330619002 ], [ -75.195853641598603, 39.942360719243098 ], [ -75.196026141683902, 39.942404000073999 ], [ -75.196197161539402, 39.942451135705099 ], [ -75.196366260088396, 39.942502088200499 ], [ -75.196532995233696, 39.942556822416599 ], [ -75.196696925586096, 39.942615302524501 ], [ -75.196754253619901, 39.942637979410499 ], [ -75.196898121588205, 39.942694886344803 ], [ -75.197016590554298, 39.942744611747798 ], [ -75.197173523145494, 39.942814053897798 ], [ -75.197640298269604, 39.943029212572696 ], [ -75.197796653674501, 39.943099786962399 ], [ -75.197954444713602, 39.943168076713398 ], [ -75.198114302424401, 39.943233056757798 ], [ -75.198276619667595, 39.943294200809298 ], [ -75.198603953491599, 39.943414867792399 ], [ -75.198768657041697, 39.943474426287999 ], [ -75.198934092776696, 39.943532949244698 ], [ -75.199100289536901, 39.9435900453527 ], [ -75.199267277905406, 39.943645325450298 ], [ -75.199435087151599, 39.943698398764397 ], [ -75.199603746514697, 39.943748875224301 ], [ -75.1997732872304, 39.943796366209703 ], [ -75.199943738119799, 39.943840480410103 ], [ -75.200115151755298, 39.943880808060499 ], [ -75.200290120850696, 39.943914583887903 ], [ -75.200469314498704, 39.943940186762603 ], [ -75.200651204567905, 39.943957792385497 ], [ -75.200834261380507, 39.943967575026001 ], [ -75.201016955199293, 39.943969710544202 ], [ -75.201197759280703, 39.943964374172999 ], [ -75.201376004364704, 39.943951795008601 ], [ -75.201554430610798, 39.943932544180299 ], [ -75.201732884673802, 39.943907177729798 ], [ -75.201910765879802, 39.9438762335013 ], [ -75.202087470810596, 39.943840249633297 ], [ -75.2022624013361, 39.943799763506298 ], [ -75.202434955134606, 39.943755314872 ], [ -75.202604531849403, 39.943707440013597 ], [ -75.202773408217794, 39.943657219466203 ], [ -75.202943537948798, 39.943604939695298 ], [ -75.203113297602997, 39.9435498176626 ], [ -75.203281059912499, 39.9434910688488 ], [ -75.203445200762303, 39.943427909868298 ], [ -75.203604093599694, 39.943359555357297 ], [ -75.203756112022702, 39.943285222072603 ], [ -75.203899631255695, 39.943204126111802 ], [ -75.204034628838301, 39.9431155806612 ], [ -75.2041662839667, 39.943019856430801 ], [ -75.204293769430294, 39.942917682058102 ], [ -75.204415503979007, 39.942809781751798 ], [ -75.204529901073798, 39.942696881190798 ], [ -75.2046353768622, 39.9425797019002 ], [ -75.204665796479802, 39.9425410310755 ], [ -75.204730347567093, 39.942458969980002 ], [ -75.204813228831298, 39.942335409234502 ], [ -75.204882485797995, 39.942209726991301 ], [ -75.204940946495299, 39.942081265931698 ], [ -75.204991558373194, 39.941949679135703 ], [ -75.205035100786105, 39.941815418035503 ], [ -75.205072356110904, 39.941678932545599 ], [ -75.205104103662194, 39.941540674971499 ], [ -75.205131124888894, 39.941401095379398 ], [ -75.205154200921498, 39.941260646112198 ], [ -75.205173518629294, 39.941123977913499 ], [ -75.205174112520595, 39.941119777042701 ], [ -75.205191640570504, 39.940978940682299 ], [ -75.205222669214606, 39.940699166281597 ], [ -75.205236427481694, 39.940560750169404 ], [ -75.2052446218716, 39.9404221260695 ], [ -75.205247741405202, 39.940283205351697 ], [ -75.205246800200598, 39.940144041449699 ], [ -75.205242808958701, 39.940004687370198 ], [ -75.205216597196895, 39.939446420091897 ], [ -75.205212541559305, 39.939306904284301 ], [ -75.205211510671205, 39.9391675156986 ], [ -75.205215274974506, 39.938888903297297 ], [ -75.205217261814198, 39.938684802281202 ], [ -75.205220706220203, 39.938331021889397 ], [ -75.205225329501801, 39.938052071573701 ], [ -75.205233438231005, 39.937773344649898 ], [ -75.205239318666997, 39.937634116791401 ], [ -75.205246693979504, 39.937495009454302 ], [ -75.205255769097604, 39.937356043531402 ], [ -75.205266754437602, 39.937217239685197 ], [ -75.205279856059605, 39.937078619009299 ], [ -75.205311847095203, 39.936801244540298 ], [ -75.205329458680097, 39.936661640008403 ], [ -75.205348777065893, 39.936521720064597 ], [ -75.205358707964194, 39.936457738394402 ], [ -75.205370489776797, 39.936381830745198 ], [ -75.205395285772696, 39.9362423161839 ], [ -75.205423850064506, 39.936103522184197 ], [ -75.205456872482003, 39.935965793776496 ], [ -75.205495038763701, 39.935829475372003 ], [ -75.2055390380592, 39.935694911632098 ], [ -75.205589556496307, 39.935562448555203 ], [ -75.205623138740407, 39.935486813628998 ], [ -75.205647285251203, 39.935432431370899 ], [ -75.205713566376403, 39.935304968934503 ], [ -75.205788329008996, 39.935179769654198 ], [ -75.205870381851, 39.935056544148999 ], [ -75.205958529884498, 39.934935005065803 ], [ -75.206051585733206, 39.934814862411599 ], [ -75.206148354414296, 39.934695828312101 ], [ -75.206247645769295, 39.9345776143007 ], [ -75.206548740160898, 39.934225004180597 ], [ -75.206839232276593, 39.933871671723203 ], [ -75.207035068769201, 39.933637498693002 ], [ -75.207332529577499, 39.933287998469702 ], [ -75.208031272035996, 39.932474683649097 ], [ -75.208228867680305, 39.932241321799196 ], [ -75.208424232553298, 39.932006891137803 ], [ -75.208438399285498, 39.931989629183803 ], [ -75.208520852691194, 39.9318891673149 ], [ -75.208808144019301, 39.931534688988798 ], [ -75.209285245805603, 39.930942721317997 ], [ -75.209663137852601, 39.930467294558902 ], [ -75.209942893219406, 39.930109114797901 ], [ -75.210218470196395, 39.9297491768965 ], [ -75.210399407107502, 39.9295080732185 ], [ -75.2104889380348, 39.929387139332903 ], [ -75.210665948563403, 39.929144447328902 ], [ -75.2109281374603, 39.9287779664716 ], [ -75.211099833784601, 39.9285316432711 ], [ -75.211176963073896, 39.9284182809957 ], [ -75.214034289279098, 39.929612279837599 ], [ -75.213809647136202, 39.929950681907798 ], [ -75.213496477264101, 39.930420957769996 ], [ -75.213276680274106, 39.930732718996197 ], [ -75.213205635531594, 39.9308464533012 ], [ -75.213169475269794, 39.931048770857899 ], [ -75.213157638185905, 39.931238166359897 ], [ -75.213128104655894, 39.931433288273503 ], [ -75.213074138612797, 39.9316880420646 ], [ -75.212954968456003, 39.931987705507197 ], [ -75.212818573605901, 39.932199779021097 ], [ -75.212745962339397, 39.932285939194699 ], [ -75.212357358309305, 39.932480836880003 ], [ -75.2123606575894, 39.9325159119253 ], [ -75.212363048799801, 39.932584651942399 ], [ -75.212375059162596, 39.932661236159902 ], [ -75.2124016445606, 39.932745776166698 ], [ -75.2124124603437, 39.932787991536301 ], [ -75.212431132688593, 39.932818931518099 ], [ -75.212452281726002, 39.9328499271761 ], [ -75.212507600991003, 39.932895035471901 ], [ -75.212553518359698, 39.932935672113302 ], [ -75.212662482648895, 39.9329730356216 ], [ -75.213528471876899, 39.933269974611797 ], [ -75.213759694715606, 39.933328603421501 ], [ -75.216076325163897, 39.932751621585702 ], [ -75.215857077678393, 39.9330760445282 ], [ -75.215571408195203, 39.9334987454409 ], [ -75.216373528963999, 39.934174698834497 ], [ -75.216753988210399, 39.9345014703188 ], [ -75.217061604622401, 39.934742715053403 ], [ -75.217207014732594, 39.934856750431202 ], [ -75.217812889234295, 39.9353667330045 ], [ -75.218986196582307, 39.936378561183901 ], [ -75.219615821141701, 39.936910120508301 ], [ -75.220245011676397, 39.937447786025501 ], [ -75.218876841258506, 39.938402767404199 ], [ -75.219373586530196, 39.938819011349104 ], [ -75.219779889739101, 39.939159694784998 ], [ -75.220281316634001, 39.939581208870301 ], [ -75.221548608235594, 39.9406616614393 ], [ -75.222756114932494, 39.941663994355402 ], [ -75.224131871498599, 39.942845457709701 ], [ -75.224588601729593, 39.943216312453998 ], [ -75.224981791671297, 39.943543569018502 ], [ -75.225420134419494, 39.943916188559498 ], [ -75.225933720691103, 39.9443543276168 ], [ -75.226326280025106, 39.944677981307102 ], [ -75.226808556278002, 39.945092287123302 ], [ -75.227310576773903, 39.945518107021499 ], [ -75.227439127188006, 39.945607557887598 ], [ -75.227571087855196, 39.945671277312897 ], [ -75.227806812771405, 39.945706869344903 ], [ -75.227964628646603, 39.945695247757598 ], [ -75.228147205000099, 39.945690026644797 ], [ -75.228300469381594, 39.945711249465099 ], [ -75.228436301426996, 39.945752683688298 ], [ -75.228564648789899, 39.945827594863097 ], [ -75.228688284244001, 39.945922271953798 ], [ -75.228344769040902, 39.9461763369913 ], [ -75.228204779299801, 39.946279873703403 ], [ -75.226835854013103, 39.947257224372798 ], [ -75.2274220154695, 39.947779799887101 ], [ -75.227327163541901, 39.948288300364403 ], [ -75.227275183729105, 39.948498992770098 ], [ -75.227173047793002, 39.9489675836587 ], [ -75.227031792035405, 39.949711791467102 ], [ -75.226871364476096, 39.950469873776299 ], [ -75.226749524817606, 39.951029702233498 ], [ -75.226701441866595, 39.951250825214402 ], [ -75.226659796749701, 39.951477202117701 ], [ -75.226542130910502, 39.952009912850897 ], [ -75.226438884377202, 39.9525416091412 ], [ -75.2263401240956, 39.953018162042198 ], [ -75.226225919855395, 39.953537185999103 ], [ -75.224246134777303, 39.9532942466194 ], [ -75.222281831529102, 39.953049063974603 ], [ -75.221287182789993, 39.952931801305503 ], [ -75.220297020971898, 39.952802059042497 ], [ -75.219352675915701, 39.952693482267001 ], [ -75.218350528752097, 39.952562205304801 ], [ -75.216351888263901, 39.9523118188539 ], [ -75.214375557817803, 39.9520629614833 ], [ -75.212396511104998, 39.951820480820899 ], [ -75.210771296210595, 39.951623330333902 ], [ -75.209328162165207, 39.951445846404901 ], [ -75.208065647248802, 39.951282724243498 ], [ -75.207148156398901, 39.951170677772303 ], [ -75.207045529091303, 39.9516797530625 ], [ -75.206992727632993, 39.951910329695501 ], [ -75.206932510131693, 39.952229935842098 ], [ -75.206674996435694, 39.953456613482402 ], [ -75.206435702670206, 39.954598054458202 ], [ -75.2062769247826, 39.955356915585902 ], [ -75.206152900421301, 39.9559433219192 ], [ -75.206131340394705, 39.956119653232697 ], [ -75.206345440268507, 39.956146687711701 ], [ -75.206278556080704, 39.956508021044897 ], [ -75.206266378314396, 39.956565444038901 ], [ -75.206197044180499, 39.956892405513003 ], [ -75.206058279677606, 39.957573390440103 ], [ -75.206077668667405, 39.9576682229997 ], [ -75.205039060063001, 39.957540742762603 ], [ -75.204147804710004, 39.957431419334497 ], [ -75.203407031190494, 39.957338717412902 ], [ -75.201956438860094, 39.957158458321402 ], [ -75.199624934106296, 39.956869819239401 ], [ -75.198010210367201, 39.956663752785197 ], [ -75.196123108794197, 39.956438283468998 ], [ -75.194155526797999, 39.9561890664232 ], [ -75.191736093009297, 39.955893000525002 ], [ -75.191466937907194, 39.955852158071799 ], [ -75.189491321988299, 39.955602272117702 ], [ -75.188268752477896, 39.955451048181999 ], [ -75.187962119572504, 39.955412781561499 ], [ -75.187480672037196, 39.955354801185003 ], [ -75.187230480810598, 39.955324668779497 ], [ -75.187066528679196, 39.955304923157797 ], [ -75.185360546656099, 39.955089039125603 ], [ -75.185165448808903, 39.955063882115397 ], [ -75.183336831833202, 39.9548280786615 ], [ -75.182188740598306, 39.954706154734502 ], [ -75.181221273190701, 39.954603402479101 ], [ -75.181164160249494, 39.954596415711698 ], [ -75.181095438980407, 39.954588009466001 ], [ -75.181095312160807, 39.954587993092503 ], [ -75.181006990284203, 39.954577187947898 ], [ -75.180312692618998, 39.9544922482646 ], [ -75.180226268508804, 39.954481675373998 ], [ -75.180339080210103, 39.954252811787498 ], [ -75.180457153423205, 39.954032007432801 ], [ -75.180580686394293, 39.953812564208697 ], [ -75.180887277622503, 39.953281433357098 ], [ -75.180986116950507, 39.953104624020199 ], [ -75.181040192360797, 39.9530078905034 ], [ -75.181867111509206, 39.951543845790397 ], [ -75.181911051662496, 39.951466049617402 ], [ -75.182018828020702, 39.9512672585385 ], [ -75.182215280562303, 39.950873700280297 ], [ -75.182282894337206, 39.950743561593697 ] ] ] } },
{ "type": "Feature", "properties": { "objectid": 8, "score": 24.0, "Shape__Area": 8112894.77734375, "Shape__Length": 13099.250853787984 }, "geometry": { "type": "Polygon", "coordinates": [ [ [ -75.147519021941207, 39.956230710155701 ], [ -75.147459043869205, 39.956221351183999 ], [ -75.147371092409202, 39.956225391820901 ], [ -75.146825901733607, 39.956155398153697 ], [ -75.146026192487497, 39.956057326279499 ], [ -75.145237249459797, 39.955956668694803 ], [ -75.144449112237098, 39.955864266413201 ], [ -75.144019895393697, 39.955810352597098 ], [ -75.143386852588407, 39.955730834045397 ], [ -75.142979557889603, 39.955676257519897 ], [ -75.1425229578673, 39.955620394011198 ], [ -75.141912836207794, 39.955547359126001 ], [ -75.141875502280399, 39.9555348710388 ], [ -75.141841635460395, 39.955523986171499 ], [ -75.133683190602, 39.954522833255602 ], [ -75.1338238491781, 39.954271180710897 ], [ -75.134484662286894, 39.952951243014297 ], [ -75.134540405585398, 39.952839895773899 ], [ -75.134879549940095, 39.952084045739099 ], [ -75.135320864235993, 39.950821468042797 ], [ -75.135742735860802, 39.949526630646403 ], [ -75.136038851163704, 39.9482766509581 ], [ -75.136172674155702, 39.947484302685098 ], [ -75.136289511484094, 39.946596119104697 ], [ -75.136318244711106, 39.945849099804001 ], [ -75.136229193059407, 39.9449403178861 ], [ -75.136143028255802, 39.944429287000602 ], [ -75.1360272516946, 39.943742619151102 ], [ -75.135764732947493, 39.941970852311201 ], [ -75.135698175913802, 39.941014858597001 ], [ -75.135715575422395, 39.939488090536202 ], [ -75.135948978918805, 39.933957440061199 ], [ -75.135931055482004, 39.9328116590683 ], [ -75.135919066954798, 39.932556071291998 ], [ -75.1358742861877, 39.931601359589102 ], [ -75.135724544839107, 39.930659376888499 ], [ -75.135458273375306, 39.929523840501702 ], [ -75.135179782997795, 39.928706183910499 ], [ -75.134426166077006, 39.926811856365703 ], [ -75.134009307349899, 39.925831962202999 ], [ -75.133460304423494, 39.924626931973002 ], [ -75.146358773426897, 39.9263451603723 ], [ -75.146712140837906, 39.926393497594901 ], [ -75.146933372267895, 39.926423758405598 ], [ -75.147264419667493, 39.926451857669498 ], [ -75.149168947682298, 39.926705951080301 ], [ -75.151162369647693, 39.926971309673398 ], [ -75.1518884862748, 39.927071772022799 ], [ -75.152408877752407, 39.927138637205999 ], [ -75.152955316713502, 39.927211096738503 ], [ -75.153430251950397, 39.927277407769502 ], [ -75.153984686653601, 39.927345415002797 ], [ -75.155548439721898, 39.927559300122198 ], [ -75.155465252596201, 39.9279659735137 ], [ -75.155370775559206, 39.928346302415299 ], [ -75.155276989378706, 39.928772341141801 ], [ -75.155175965934106, 39.929202878897698 ], [ -75.155094710291706, 39.929560475742903 ], [ -75.154999678507593, 39.9299936061512 ], [ -75.154910998485406, 39.930441197277098 ], [ -75.154828426536895, 39.930791468766898 ], [ -75.154737846131496, 39.931217171611998 ], [ -75.154646459260903, 39.9316343864392 ], [ -75.154559269349406, 39.932010876584101 ], [ -75.154457468990898, 39.932429240648098 ], [ -75.154375625186603, 39.932836574720902 ], [ -75.154286840659296, 39.9332191202597 ], [ -75.154196692638493, 39.933658519168802 ], [ -75.153864506873305, 39.935135150444701 ], [ -75.153792022223101, 39.935452615777201 ], [ -75.153776777142696, 39.935525109936599 ], [ -75.153701891912505, 39.9359046280033 ], [ -75.153591695389906, 39.936386068436803 ], [ -75.153433327339201, 39.9370688275989 ], [ -75.153289163169006, 39.937745069569701 ], [ -75.153217495260293, 39.9381175945487 ], [ -75.153167918407604, 39.938277880785698 ], [ -75.153081542043495, 39.938439656492697 ], [ -75.153113803749306, 39.938524378322697 ], [ -75.153067213788802, 39.938772222962903 ], [ -75.152959846203601, 39.939203140883002 ], [ -75.152852485412694, 39.939718162016 ], [ -75.152773975841299, 39.940049009189003 ], [ -75.152548193182199, 39.941157191280901 ], [ -75.1524378369364, 39.941590591156903 ], [ -75.152336057238003, 39.942024326511799 ], [ -75.152263726077607, 39.942374205200103 ], [ -75.152120742795404, 39.943033866174602 ], [ -75.152029485596401, 39.943464369908298 ], [ -75.152025507445202, 39.943483150720901 ], [ -75.151979662018405, 39.943682765895304 ], [ -75.151921983171903, 39.9439338956008 ], [ -75.151843205478698, 39.944296862248002 ], [ -75.151809985433403, 39.944462639801102 ], [ -75.151725040020693, 39.944866433442499 ], [ -75.151699321302004, 39.944977912459301 ], [ -75.151618919266298, 39.945350844415699 ], [ -75.151556670273905, 39.9456250201874 ], [ -75.151548956110702, 39.945658995006802 ], [ -75.151445773579994, 39.946113460519797 ], [ -75.151253119908404, 39.947017801862501 ], [ -75.151106683408202, 39.947720957949301 ], [ -75.150939405161296, 39.948473288031799 ], [ -75.150769901440995, 39.949232990037302 ], [ -75.150671834489003, 39.949426634234698 ], [ -75.150598187141597, 39.949751208703702 ], [ -75.150378136945903, 39.950743372386803 ], [ -75.149928086005701, 39.952766822897402 ], [ -75.149512607840705, 39.954653397830498 ], [ -75.149497728426496, 39.954762356906699 ], [ -75.149436074136702, 39.955034675034597 ], [ -75.149350046642098, 39.955245031385303 ], [ -75.149133624774393, 39.956200499763703 ], [ -75.1490820686479, 39.956570436097302 ], [ -75.149040705584497, 39.956867237041401 ], [ -75.149008991574803, 39.957041743060003 ], [ -75.148273034973499, 39.956952408482501 ], [ -75.148411432341405, 39.956339096406403 ], [ -75.147622414028802, 39.956246843955597 ], [ -75.147519021941207, 39.956230710155701 ] ] ] } },
{ "type": "Feature", "properties": { "objectid": 9, "score": 21.5, "Shape__Area": 5660120.91796875, "Shape__Length": 12856.505670714889 }, "geometry": { "type": "Polygon", "coordinates": [ [ [ -75.177679130206897, 39.9418675479169 ], [ -75.177764249247502, 39.941470618324701 ], [ -75.177875769903906, 39.940979148168999 ], [ -75.177975284305703, 39.940492529191602 ], [ -75.178061021974699, 39.940142566729499 ], [ -75.178073691554701, 39.940089282948598 ], [ -75.178253742151497, 39.939277119360099 ], [ -75.1783645899758, 39.938753441624698 ], [ -75.178466649961607, 39.938287741400202 ], [ -75.178526863301897, 39.938008437721301 ], [ -75.178617704672206, 39.937600393154902 ], [ -75.178702432480705, 39.937191278877997 ], [ -75.178716272584097, 39.9371332567164 ], [ -75.178788699842599, 39.936741438140103 ], [ -75.178876057645496, 39.936357913839899 ], [ -75.178905563111101, 39.936206049207399 ], [ -75.178952041932007, 39.936010880509798 ], [ -75.179038038245395, 39.935621869050998 ], [ -75.179133201972505, 39.935212269454198 ], [ -75.179240551085201, 39.934824821347497 ], [ -75.179305947483499, 39.9344041747297 ], [ -75.179385586852305, 39.933982946384099 ], [ -75.179465852814701, 39.933617999276599 ], [ -75.179556499404399, 39.933187446943897 ], [ -75.180659977621602, 39.933323090795902 ], [ -75.181164996186695, 39.933394796205803 ], [ -75.182808277656704, 39.933611705995801 ], [ -75.184451782922395, 39.933822941337702 ], [ -75.185007785117506, 39.933886328405102 ], [ -75.185528902245693, 39.933943063461001 ], [ -75.186247717892101, 39.934037346119702 ], [ -75.1862887318931, 39.9340427355949 ], [ -75.186917736132997, 39.934125392448998 ], [ -75.187345964528603, 39.934178670115998 ], [ -75.187852289140807, 39.934241366633998 ], [ -75.188384425708506, 39.934316390999697 ], [ -75.188882086994994, 39.934381579812502 ], [ -75.189418730703395, 39.934438431278799 ], [ -75.189957993625299, 39.934519665721702 ], [ -75.190447370109595, 39.934587621693296 ], [ -75.190991332975102, 39.934659939882799 ], [ -75.191531711478802, 39.934726306288603 ], [ -75.192009616033701, 39.934787915959703 ], [ -75.192557384297203, 39.934860525077703 ], [ -75.193093806053696, 39.9349234350804 ], [ -75.193606437302904, 39.9349887487083 ], [ -75.194135013737196, 39.935057561509502 ], [ -75.194655918979393, 39.9351203318936 ], [ -75.195180562254606, 39.935192412231402 ], [ -75.1957050173407, 39.935254831542103 ], [ -75.196233086523193, 39.935329917835702 ], [ -75.1967620146863, 39.935389497356702 ], [ -75.197269594105606, 39.935463025216201 ], [ -75.1986408358826, 39.935642585732801 ], [ -75.199263301746498, 39.935723669083899 ], [ -75.205358707964194, 39.936457738394402 ], [ -75.205348777065893, 39.936521720064597 ], [ -75.205329458680097, 39.936661640008403 ], [ -75.205311847095203, 39.936801244540298 ], [ -75.205279856059605, 39.937078619009299 ], [ -75.205266754437602, 39.937217239685197 ], [ -75.205255769097604, 39.937356043531402 ], [ -75.205246693979504, 39.937495009454302 ], [ -75.205239318666997, 39.937634116791401 ], [ -75.205233438231005, 39.937773344649898 ], [ -75.205225329501801, 39.938052071573701 ], [ -75.205220706220203, 39.938331021889397 ], [ -75.205217261814198, 39.938684802281202 ], [ -75.205215274974506, 39.938888903297297 ], [ -75.205211510671205, 39.9391675156986 ], [ -75.205212541559305, 39.939306904284301 ], [ -75.205216597196895, 39.939446420091897 ], [ -75.205242808958701, 39.940004687370198 ], [ -75.205246800200598, 39.940144041449699 ], [ -75.205247741405202, 39.940283205351697 ], [ -75.2052446218716, 39.9404221260695 ], [ -75.205236427481694, 39.940560750169404 ], [ -75.205222669214606, 39.940699166281597 ], [ -75.205191640570504, 39.940978940682299 ], [ -75.205174112520595, 39.941119777042701 ], [ -75.205173518629294, 39.941123977913499 ], [ -75.205154200921498, 39.941260646112198 ], [ -75.205131124888894, 39.941401095379398 ], [ -75.205104103662194, 39.941540674971499 ], [ -75.205072356110904, 39.941678932545599 ], [ -75.205035100786105, 39.941815418035503 ], [ -75.204991558373194, 39.941949679135703 ], [ -75.204940946495299, 39.942081265931698 ], [ -75.204882485797995, 39.942209726991301 ], [ -75.204813228831298, 39.942335409234502 ], [ -75.204730347567093, 39.942458969980002 ], [ -75.204665796479802, 39.9425410310755 ], [ -75.2046353768622, 39.9425797019002 ], [ -75.204529901073798, 39.942696881190798 ], [ -75.204415503979007, 39.942809781751798 ], [ -75.204293769430294, 39.942917682058102 ], [ -75.2041662839667, 39.943019856430801 ], [ -75.204034628838301, 39.9431155806612 ], [ -75.203899631255695, 39.943204126111802 ], [ -75.203756112022702, 39.943285222072603 ], [ -75.203604093599694, 39.943359555357297 ], [ -75.203445200762303, 39.943427909868298 ], [ -75.203281059912499, 39.9434910688488 ], [ -75.203113297602997, 39.9435498176626 ], [ -75.202943537948798, 39.943604939695298 ], [ -75.202773408217794, 39.943657219466203 ], [ -75.202604531849403, 39.943707440013597 ], [ -75.202434955134606, 39.943755314872 ], [ -75.2022624013361, 39.943799763506298 ], [ -75.202087470810596, 39.943840249633297 ], [ -75.201910765879802, 39.9438762335013 ], [ -75.201732884673802, 39.943907177729798 ], [ -75.201554430610798, 39.943932544180299 ], [ -75.201376004364704, 39.943951795008601 ], [ -75.201197759280703, 39.943964374172999 ], [ -75.201016955199293, 39.943969710544202 ], [ -75.200834261380507, 39.943967575026001 ], [ -75.200651204567905, 39.943957792385497 ], [ -75.200469314498704, 39.943940186762603 ], [ -75.200290120850696, 39.943914583887903 ], [ -75.200115151755298, 39.943880808060499 ], [ -75.199943738119799, 39.943840480410103 ], [ -75.1997732872304, 39.943796366209703 ], [ -75.199603746514697, 39.943748875224301 ], [ -75.199435087151599, 39.943698398764397 ], [ -75.199267277905406, 39.943645325450298 ], [ -75.199100289536901, 39.9435900453527 ], [ -75.198934092776696, 39.943532949244698 ], [ -75.198768657041697, 39.943474426287999 ], [ -75.198603953491599, 39.943414867792399 ], [ -75.198276619667595, 39.943294200809298 ], [ -75.198114302424401, 39.943233056757798 ], [ -75.197954444713602, 39.943168076713398 ], [ -75.197796653674501, 39.943099786962399 ], [ -75.197640298269604, 39.943029212572696 ], [ -75.197173523145494, 39.942814053897798 ], [ -75.197016590554298, 39.942744611747798 ], [ -75.196898121588205, 39.942694886344803 ], [ -75.196754253619901, 39.942637979410499 ], [ -75.196696925586096, 39.942615302524501 ], [ -75.196532995233696, 39.942556822416599 ], [ -75.196366260088396, 39.942502088200499 ], [ -75.196197161539402, 39.942451135705099 ], [ -75.196026141683902, 39.942404000073999 ], [ -75.195853641598603, 39.942360719243098 ], [ -75.195680102150106, 39.942321330619002 ], [ -75.195505700224999, 39.942285714049397 ], [ -75.195329218855605, 39.9422531980833 ], [ -75.195150955829703, 39.9422244190987 ], [ -75.194971517409797, 39.942200232315798 ], [ -75.194791513838695, 39.942181490059198 ], [ -75.194611551821495, 39.942169047391197 ], [ -75.194432014318494, 39.942163655087299 ], [ -75.194250746437802, 39.942164687054401 ], [ -75.194068312537794, 39.942172253936903 ], [ -75.193973299839897, 39.942179886317597 ], [ -75.193886315659796, 39.942186874272203 ], [ -75.193786926678101, 39.942199133974299 ], [ -75.193582453072906, 39.942230360321297 ], [ -75.193530052794202, 39.942239363911099 ], [ -75.193357829149605, 39.942277866161099 ], [ -75.193185997804406, 39.942323008393501 ], [ -75.193015574573593, 39.942374560862802 ], [ -75.192848237180996, 39.9424325079002 ], [ -75.192685665874194, 39.942496833727098 ], [ -75.192529537414501, 39.942567524428902 ], [ -75.192381549652296, 39.942644685560502 ], [ -75.1922431315664, 39.942731598855502 ], [ -75.192112933135903, 39.9428277675948 ], [ -75.192047119609001, 39.9428822768622 ], [ -75.1919888949854, 39.942930502245098 ], [ -75.191640270057206, 39.9432448976914 ], [ -75.1916399308612, 39.943245203684803 ], [ -75.190410833682193, 39.9444367380434 ], [ -75.190347089130697, 39.944515335921203 ], [ -75.1902802085487, 39.944592374375901 ], [ -75.190210255465004, 39.944667779242202 ], [ -75.190137297449894, 39.944741478202801 ], [ -75.190068423706904, 39.944806935575301 ], [ -75.189997180395494, 39.944870873114702 ], [ -75.189923621069298, 39.944933239107598 ], [ -75.189847807188798, 39.944993984126199 ], [ -75.189785572906104, 39.945041380241697 ], [ -75.189721965530595, 39.945087683371298 ], [ -75.189657016522801, 39.945132870663002 ], [ -75.189590759416603, 39.945176918783503 ], [ -75.189531738863593, 39.945214508682902 ], [ -75.189467063771303, 39.945254007650398 ], [ -75.186875219046897, 39.946925041035001 ], [ -75.186518983726899, 39.947168961207304 ], [ -75.186395201038096, 39.947253716111703 ], [ -75.186121238996293, 39.947444942215597 ], [ -75.1857218823789, 39.947728312713103 ], [ -75.185326030055194, 39.948014707599903 ], [ -75.184933835172501, 39.948304013982401 ], [ -75.184919204224599, 39.948315089032697 ], [ -75.184288722274104, 39.948792361025902 ], [ -75.183612421889805, 39.949320084743299 ], [ -75.183400019100105, 39.949492277513698 ], [ -75.183276997656407, 39.949595613443698 ], [ -75.1830387472327, 39.949806472666701 ], [ -75.182924534004499, 39.949914335606401 ], [ -75.182814270800705, 39.950024046572501 ], [ -75.182708467553994, 39.950135775526498 ], [ -75.182688537595297, 39.950158306192598 ], [ -75.182607676247997, 39.950249715869703 ], [ -75.182515055052306, 39.950367559357403 ], [ -75.182479368294295, 39.950419499335801 ], [ -75.182431144368294, 39.950489685447899 ], [ -75.1823543030021, 39.950615288287899 ], [ -75.182282894337206, 39.950743561593697 ], [ -75.182215280562303, 39.950873700280297 ], [ -75.182018828020702, 39.9512672585385 ], [ -75.181911051662496, 39.951466049617402 ], [ -75.181867111509206, 39.951543845790397 ], [ -75.181040192360797, 39.9530078905034 ], [ -75.180986116950507, 39.953104624020199 ], [ -75.180887277622503, 39.953281433357098 ], [ -75.180580686394293, 39.953812564208697 ], [ -75.180457153423205, 39.954032007432801 ], [ -75.180339080210103, 39.954252811787498 ], [ -75.180226268508804, 39.954481675373998 ], [ -75.180143827324898, 39.954668767999898 ], [ -75.180106871097095, 39.954766727955402 ], [ -75.180073622479199, 39.9548655908904 ], [ -75.180015343339306, 39.955065335977999 ], [ -75.179923794763198, 39.955421420974297 ], [ -75.179916747014502, 39.9554488305509 ], [ -75.179901880873601, 39.955501930178798 ], [ -75.179896360571107, 39.955521647630803 ], [ -75.179873932971404, 39.955601752317598 ], [ -75.179832415937199, 39.955734491849398 ], [ -75.179785719342803, 39.955866234932202 ], [ -75.179735917057599, 39.9559952396407 ], [ -75.179669152982996, 39.956159156887097 ], [ -75.179612411064895, 39.956298466925702 ], [ -75.179526178412601, 39.956520377683702 ], [ -75.179459958972998, 39.956718153618603 ], [ -75.179423953619704, 39.956851170498098 ], [ -75.179372296937601, 39.957086894312802 ], [ -75.179336881472395, 39.957291204349801 ], [ -75.179312460728994, 39.957496455535001 ], [ -75.179305206300498, 39.957599094717303 ], [ -75.179301700376698, 39.957701562160103 ], [ -75.179305093704301, 39.957871590704201 ], [ -75.179316672344399, 39.958006746825902 ], [ -75.179340184554704, 39.9581754042215 ], [ -75.179371958115297, 39.958343847738902 ], [ -75.179410275813296, 39.958512070003202 ], [ -75.179471638190094, 39.958747197071602 ], [ -75.179630991075399, 39.959316286539902 ], [ -75.179704095037295, 39.959621021835602 ], [ -75.179730852617396, 39.959722312984503 ], [ -75.179773417403496, 39.959855322363403 ], [ -75.179822646923, 39.9599735640669 ], [ -75.179726870037797, 39.959965619468299 ], [ -75.179281299028901, 39.959944931400599 ], [ -75.179177336507905, 39.959932230287002 ], [ -75.179081384076596, 39.959920507767599 ], [ -75.178204828370397, 39.959813413269899 ], [ -75.178192554832506, 39.959811913601499 ], [ -75.175487368304005, 39.959457542948101 ], [ -75.175485573740403, 39.959457314259801 ], [ -75.174298385157698, 39.959306199358799 ], [ -75.173897273759707, 39.959254620663003 ], [ -75.173890775022301, 39.959253862908099 ], [ -75.173949772844196, 39.959012544793403 ], [ -75.174093831805905, 39.958358692926602 ], [ -75.174243021455396, 39.957666681136303 ], [ -75.174442297881299, 39.9567708895854 ], [ -75.174530758203304, 39.956379558980103 ], [ -75.174633673324706, 39.955854053157097 ], [ -75.174738155583697, 39.955417360059002 ], [ -75.174754354329394, 39.955312065648599 ], [ -75.174790955819901, 39.955148278397097 ], [ -75.174850874128794, 39.954880144796903 ], [ -75.174871364220806, 39.954788455481101 ], [ -75.174871538117401, 39.9547876997378 ], [ -75.174964713549798, 39.954382727976601 ], [ -75.175089400011601, 39.953809605516199 ], [ -75.175193052923305, 39.9533136871121 ], [ -75.175219038406695, 39.953197935962798 ], [ -75.175294975438803, 39.952859042140602 ], [ -75.175409882923304, 39.952300353998602 ], [ -75.175571802707907, 39.951537287050499 ], [ -75.175645747188199, 39.951195271444597 ], [ -75.175739989768402, 39.950778625294198 ], [ -75.175861893091593, 39.950209060850497 ], [ -75.175882972658599, 39.9501105692583 ], [ -75.175912504468897, 39.949973981635097 ], [ -75.175986631422106, 39.949643094520098 ], [ -75.176055468004094, 39.949326778032599 ], [ -75.176116916358893, 39.949025158057999 ], [ -75.176242439785298, 39.948423922846899 ], [ -75.176340307694204, 39.947998056502598 ], [ -75.176367840448407, 39.947906477203603 ], [ -75.176421801754998, 39.947666064244402 ], [ -75.176455118466805, 39.947517606763903 ], [ -75.176492104829904, 39.947307331844797 ], [ -75.176566579112801, 39.947007244479103 ], [ -75.176649618108698, 39.946603359038797 ], [ -75.176693296066702, 39.946375771645499 ], [ -75.176750452905296, 39.946099134740102 ], [ -75.176819802681095, 39.945822838132301 ], [ -75.176861697559801, 39.945616156687699 ], [ -75.176926275285993, 39.945375431931701 ], [ -75.176988035891398, 39.945089419509998 ], [ -75.177087451737407, 39.944634384815203 ], [ -75.177171363038497, 39.9442190197569 ], [ -75.177274714991597, 39.943726956025898 ], [ -75.177377344490694, 39.943240304456801 ], [ -75.177466423831106, 39.942878618665198 ], [ -75.177505673417997, 39.94268648677 ], [ -75.177551786132398, 39.942492062526703 ], [ -75.177601087223493, 39.942237669952199 ], [ -75.177666420603501, 39.941936627438999 ], [ -75.177679130206897, 39.9418675479169 ] ] ] } },
{ "type": "Feature", "properties": { "objectid": 10, "score": 21.4, "Shape__Area": 3750758.84375, "Shape__Length": 10243.328799211684 }, "geometry": { "type": "Polygon", "coordinates": [ [ [ -75.155541541586302, 39.956932882845898 ], [ -75.154453453409005, 39.956786544393601 ], [ -75.154251113318793, 39.956786222814898 ], [ -75.153786139131498, 39.956794663993698 ], [ -75.153348162967305, 39.956833512002802 ], [ -75.152896055972306, 39.956893091825698 ], [ -75.152531895768107, 39.956915264691403 ], [ -75.152322946697396, 39.956925674451803 ], [ -75.152158052729803, 39.9569338890498 ], [ -75.151816692353805, 39.956931576313998 ], [ -75.151493847159202, 39.9569053013455 ], [ -75.151229243599204, 39.956871977910197 ], [ -75.151225680950404, 39.9568712115503 ], [ -75.1505922977354, 39.956735064703103 ], [ -75.150291365696404, 39.956678617428103 ], [ -75.149778947240804, 39.956587601115402 ], [ -75.149463141814806, 39.956498557037101 ], [ -75.149277624826098, 39.956375245581299 ], [ -75.149133624774393, 39.956200499763703 ], [ -75.149350046642098, 39.955245031385303 ], [ -75.149436074136702, 39.955034675034597 ], [ -75.149497728426496, 39.954762356906699 ], [ -75.149512607840705, 39.954653397830498 ], [ -75.149928086005701, 39.952766822897402 ], [ -75.150378136945903, 39.950743372386803 ], [ -75.150598187141597, 39.949751208703702 ], [ -75.150671834489003, 39.949426634234698 ], [ -75.150769901440995, 39.949232990037302 ], [ -75.150939405161296, 39.948473288031799 ], [ -75.151106683408202, 39.947720957949301 ], [ -75.151253119908404, 39.947017801862501 ], [ -75.151445773579994, 39.946113460519797 ], [ -75.151548956110702, 39.945658995006802 ], [ -75.151556670273905, 39.9456250201874 ], [ -75.151618919266298, 39.945350844415699 ], [ -75.151699321302004, 39.944977912459301 ], [ -75.151725040020693, 39.944866433442499 ], [ -75.151809985433403, 39.944462639801102 ], [ -75.151843205478698, 39.944296862248002 ], [ -75.151921983171903, 39.9439338956008 ], [ -75.151979662018405, 39.943682765895304 ], [ -75.152025507445202, 39.943483150720901 ], [ -75.152029485596401, 39.943464369908298 ], [ -75.152120742795404, 39.943033866174602 ], [ -75.152263726077607, 39.942374205200103 ], [ -75.152336057238003, 39.942024326511799 ], [ -75.1524378369364, 39.941590591156903 ], [ -75.152548193182199, 39.941157191280901 ], [ -75.152773975841299, 39.940049009189003 ], [ -75.152852485412694, 39.939718162016 ], [ -75.152959846203601, 39.939203140883002 ], [ -75.153067213788802, 39.938772222962903 ], [ -75.153113803749306, 39.938524378322697 ], [ -75.153081542043495, 39.938439656492697 ], [ -75.153167918407604, 39.938277880785698 ], [ -75.153217495260293, 39.9381175945487 ], [ -75.153289163169006, 39.937745069569701 ], [ -75.153433327339201, 39.9370688275989 ], [ -75.153591695389906, 39.936386068436803 ], [ -75.153701891912505, 39.9359046280033 ], [ -75.153776777142696, 39.935525109936599 ], [ -75.153792022223101, 39.935452615777201 ], [ -75.153864506873305, 39.935135150444701 ], [ -75.154196692638493, 39.933658519168802 ], [ -75.154286840659296, 39.9332191202597 ], [ -75.154375625186603, 39.932836574720902 ], [ -75.154457468990898, 39.932429240648098 ], [ -75.154559269349406, 39.932010876584101 ], [ -75.154646459260903, 39.9316343864392 ], [ -75.154737846131496, 39.931217171611998 ], [ -75.154828426536895, 39.930791468766898 ], [ -75.154910998485406, 39.930441197277098 ], [ -75.154999678507593, 39.9299936061512 ], [ -75.155094710291706, 39.929560475742903 ], [ -75.155175965934106, 39.929202878897698 ], [ -75.155276989378706, 39.928772341141801 ], [ -75.155370775559206, 39.928346302415299 ], [ -75.155465252596201, 39.9279659735137 ], [ -75.155548439721898, 39.927559300122198 ], [ -75.157118616122702, 39.927761596559201 ], [ -75.158668867208505, 39.927964344493297 ], [ -75.160235200074496, 39.928168013947499 ], [ -75.161800570231506, 39.928375672968798 ], [ -75.163379483500407, 39.928586610025199 ], [ -75.163269491158104, 39.929004782276898 ], [ -75.163191401795999, 39.929373762182003 ], [ -75.163092942017499, 39.929801867781499 ], [ -75.163005472886297, 39.930237658342399 ], [ -75.162360267460897, 39.933035990799397 ], [ -75.162303310210305, 39.933093092356103 ], [ -75.162229277629294, 39.933453635293702 ], [ -75.162150851984606, 39.933815147711599 ], [ -75.162065021226198, 39.934191852620103 ], [ -75.162007027168599, 39.934434137514302 ], [ -75.161921543829095, 39.934811822335497 ], [ -75.161801295603595, 39.935326965730397 ], [ -75.161679958263505, 39.935858973933499 ], [ -75.161400996439497, 39.937166760553701 ], [ -75.1612305405407, 39.937998274298501 ], [ -75.161216733221195, 39.938044367757399 ], [ -75.161131376467196, 39.9383822013219 ], [ -75.161026387374307, 39.938868009837002 ], [ -75.160922090480099, 39.939376161343702 ], [ -75.160836131066205, 39.939749358503697 ], [ -75.160761369690206, 39.940142178625997 ], [ -75.160535772073402, 39.941155295858799 ], [ -75.160330328280807, 39.942121877928798 ], [ -75.160392366730207, 39.942175981019503 ], [ -75.160307321346195, 39.942560903703402 ], [ -75.1602074336529, 39.943006389291298 ], [ -75.160120680153298, 39.943409269578098 ], [ -75.160104221496894, 39.943508788314801 ], [ -75.159987313340295, 39.944018330215897 ], [ -75.159869858311396, 39.9445532629857 ], [ -75.159789199497894, 39.9449193830038 ], [ -75.159687954793199, 39.945398909599 ], [ -75.159635292169199, 39.945667886884699 ], [ -75.159612528778794, 39.9457649413553 ], [ -75.159483479718403, 39.946334634692199 ], [ -75.159342558189195, 39.946956957456003 ], [ -75.159213695929694, 39.947553622224497 ], [ -75.159113179528802, 39.948028295909602 ], [ -75.159072373468206, 39.948211165603901 ], [ -75.1589681847626, 39.948690355814101 ], [ -75.158800252060601, 39.949452778270903 ], [ -75.158635830496806, 39.950212115597701 ], [ -75.158535627201999, 39.950663053132502 ], [ -75.158446631579295, 39.951063546333501 ], [ -75.158309154122094, 39.951722868876701 ], [ -75.158080103041598, 39.952764210235699 ], [ -75.157964464392705, 39.953266267569497 ], [ -75.157866070041194, 39.953757535543701 ], [ -75.157742647064097, 39.954349443033003 ], [ -75.157667180341207, 39.9546808441754 ], [ -75.157574302793705, 39.955082585333798 ], [ -75.157471868546494, 39.955580297731998 ], [ -75.157407274567106, 39.955870186852302 ], [ -75.157373586010095, 39.956015125439897 ], [ -75.157343089626707, 39.956157685663499 ], [ -75.157334280240903, 39.956198865766297 ], [ -75.157334726645303, 39.956208863632703 ], [ -75.157202484293606, 39.956823441081603 ], [ -75.157173625152495, 39.956943847744498 ], [ -75.157176084280593, 39.956997680719702 ], [ -75.157142871711699, 39.957148378548197 ], [ -75.157125288339799, 39.957145862838097 ], [ -75.155541541586302, 39.956932882845898 ] ] ] } },
{ "type": "Feature", "properties": { "objectid": 11, "score": 21.2, "Shape__Area": 3894907.546875, "Shape__Length": 10254.15030762698 }, "geometry": { "type": "Polygon", "coordinates": [ [ [ -75.171631720308, 39.930903987841702 ], [ -75.171900533043001, 39.929683771473698 ], [ -75.172432855865395, 39.9297527700949 ], [ -75.1729104707955, 39.929820749302998 ], [ -75.173465583911295, 39.929899271702503 ], [ -75.175035409558504, 39.930096823771201 ], [ -75.175606764814503, 39.930163749232896 ], [ -75.176072803104304, 39.930228308044803 ], [ -75.176609329972905, 39.930294446741598 ], [ -75.178174481587405, 39.930500655209997 ], [ -75.180093533998104, 39.930748117362299 ], [ -75.180004326309103, 39.931179114748304 ], [ -75.179919432577904, 39.931534741064901 ], [ -75.179830309047503, 39.931963051779597 ], [ -75.179742304570695, 39.932401297549198 ], [ -75.179556499404399, 39.933187446943897 ], [ -75.179465852814701, 39.933617999276599 ], [ -75.179385586852305, 39.933982946384099 ], [ -75.179305947483499, 39.9344041747297 ], [ -75.179240551085201, 39.934824821347497 ], [ -75.179133201972505, 39.935212269454198 ], [ -75.179038038245395, 39.935621869050998 ], [ -75.178952041932007, 39.936010880509798 ], [ -75.178905563111101, 39.936206049207399 ], [ -75.178876057645496, 39.936357913839899 ], [ -75.178788699842599, 39.936741438140103 ], [ -75.178716272584097, 39.9371332567164 ], [ -75.178702432480705, 39.937191278877997 ], [ -75.178617704672206, 39.937600393154902 ], [ -75.178526863301897, 39.938008437721301 ], [ -75.178466649961607, 39.938287741400202 ], [ -75.1783645899758, 39.938753441624698 ], [ -75.178253742151497, 39.939277119360099 ], [ -75.178073691554701, 39.940089282948598 ], [ -75.178061021974699, 39.940142566729499 ], [ -75.177975284305703, 39.940492529191602 ], [ -75.177875769903906, 39.940979148168999 ], [ -75.177764249247502, 39.941470618324701 ], [ -75.177679130206897, 39.9418675479169 ], [ -75.177666420603501, 39.941936627438999 ], [ -75.177601087223493, 39.942237669952199 ], [ -75.177551786132398, 39.942492062526703 ], [ -75.177505673417997, 39.94268648677 ], [ -75.177466423831106, 39.942878618665198 ], [ -75.177377344490694, 39.943240304456801 ], [ -75.177274714991597, 39.943726956025898 ], [ -75.177171363038497, 39.9442190197569 ], [ -75.177087451737407, 39.944634384815203 ], [ -75.176988035891398, 39.945089419509998 ], [ -75.176926275285993, 39.945375431931701 ], [ -75.176861697559801, 39.945616156687699 ], [ -75.176819802681095, 39.945822838132301 ], [ -75.176750452905296, 39.946099134740102 ], [ -75.176693296066702, 39.946375771645499 ], [ -75.176649618108698, 39.946603359038797 ], [ -75.176566579112801, 39.947007244479103 ], [ -75.176492104829904, 39.947307331844797 ], [ -75.176455118466805, 39.947517606763903 ], [ -75.176421801754998, 39.947666064244402 ], [ -75.176367840448407, 39.947906477203603 ], [ -75.176340307694204, 39.947998056502598 ], [ -75.176242439785298, 39.948423922846899 ], [ -75.176116916358893, 39.949025158057999 ], [ -75.176055468004094, 39.949326778032599 ], [ -75.175986631422106, 39.949643094520098 ], [ -75.175912504468897, 39.949973981635097 ], [ -75.175882972658599, 39.9501105692583 ], [ -75.175861893091593, 39.950209060850497 ], [ -75.175739989768402, 39.950778625294198 ], [ -75.175645747188199, 39.951195271444597 ], [ -75.175571802707907, 39.951537287050499 ], [ -75.175409882923304, 39.952300353998602 ], [ -75.175294975438803, 39.952859042140602 ], [ -75.175219038406695, 39.953197935962798 ], [ -75.175193052923305, 39.9533136871121 ], [ -75.175089400011601, 39.953809605516199 ], [ -75.174964713549798, 39.954382727976601 ], [ -75.174871538117401, 39.9547876997378 ], [ -75.174871364220806, 39.954788455481101 ], [ -75.174850874128794, 39.954880144796903 ], [ -75.174790955819901, 39.955148278397097 ], [ -75.174754354329394, 39.955312065648599 ], [ -75.174738155583697, 39.955417360059002 ], [ -75.174633673324706, 39.955854053157097 ], [ -75.174530758203304, 39.956379558980103 ], [ -75.174442297881299, 39.9567708895854 ], [ -75.174243021455396, 39.957666681136303 ], [ -75.174093831805905, 39.958358692926602 ], [ -75.173949772844196, 39.959012544793403 ], [ -75.173890775022301, 39.959253862908099 ], [ -75.172680069027393, 39.959112694496802 ], [ -75.172669794674405, 39.9591114959333 ], [ -75.172193808973304, 39.959038914036697 ], [ -75.172004135848994, 39.9590162732515 ], [ -75.171994892790295, 39.959015169863903 ], [ -75.171984816430196, 39.959013966723603 ], [ -75.171916459374401, 39.959005806496798 ], [ -75.170404318638205, 39.958825287904098 ], [ -75.170402291645999, 39.958825045824398 ], [ -75.169611636786101, 39.958730649310198 ], [ -75.168829730825607, 39.958636297375698 ], [ -75.167236616087905, 39.958440183329898 ], [ -75.1672246801147, 39.958438713629199 ], [ -75.167121282413206, 39.958417176128897 ], [ -75.1656597815103, 39.958239180694299 ], [ -75.165677623193503, 39.958086711766299 ], [ -75.165687217930696, 39.958041996823901 ], [ -75.165883649441597, 39.957126486286597 ], [ -75.165998749312905, 39.956648121224397 ], [ -75.166183420855504, 39.955743244875897 ], [ -75.166249240195398, 39.955424266708697 ], [ -75.166368077013601, 39.954825099781203 ], [ -75.166494586461695, 39.9542817775232 ], [ -75.166619391158093, 39.953807222820203 ], [ -75.166859266484593, 39.952788185158099 ], [ -75.167070256878603, 39.951845409171099 ], [ -75.167197462818606, 39.951272907409198 ], [ -75.167298826042099, 39.950778656159699 ], [ -75.167356066165098, 39.950518925230703 ], [ -75.167432238560394, 39.950165399472198 ], [ -75.167519466136696, 39.949753723297697 ], [ -75.167636067449706, 39.949244147185198 ], [ -75.167692415974898, 39.948983538341501 ], [ -75.167772862276607, 39.948614127366199 ], [ -75.167871342704501, 39.9481590159102 ], [ -75.168033453889905, 39.947395354019001 ], [ -75.168199224493407, 39.946625466369703 ], [ -75.168342676358506, 39.945969787195502 ], [ -75.168423973707306, 39.945600832881198 ], [ -75.168442105929799, 39.945526006241899 ], [ -75.168475504040401, 39.945370075042398 ], [ -75.168515088077299, 39.945173888632503 ], [ -75.168538873413496, 39.945065057756899 ], [ -75.1686346922708, 39.9446394347218 ], [ -75.168698113446197, 39.944378313462202 ], [ -75.168764273163802, 39.944059697691998 ], [ -75.168863053075697, 39.943627571832998 ], [ -75.168959956693897, 39.943194053127797 ], [ -75.169168257459006, 39.942226782815801 ], [ -75.169275390799299, 39.9417375780424 ], [ -75.1693884334763, 39.941220952118798 ], [ -75.169467617626395, 39.940845261600501 ], [ -75.169551774846795, 39.940441636932903 ], [ -75.169660835519295, 39.939953441089102 ], [ -75.169758534399094, 39.939475856826398 ], [ -75.169908262939103, 39.938811508240398 ], [ -75.169967393196302, 39.938502663068199 ], [ -75.170013784511994, 39.938321250290599 ], [ -75.170027421082693, 39.938272093962802 ], [ -75.170131267684795, 39.937794372880397 ], [ -75.170251138601898, 39.937278608109501 ], [ -75.170354927742096, 39.936763309725301 ], [ -75.170457440688594, 39.936241625749602 ], [ -75.170568414730297, 39.935785775488 ], [ -75.170643025049998, 39.935386676758903 ], [ -75.170731932705294, 39.935033989197599 ], [ -75.170831932335105, 39.934572185969003 ], [ -75.171093536085607, 39.933358357193697 ], [ -75.171358678644495, 39.932134911960901 ], [ -75.171631720308, 39.930903987841702 ] ] ] } },
{ "type": "Feature", "properties": { "objectid": 12, "score": 13.8, "Shape__Area": 5453036.984375, "Shape__Length": 14189.820746130976 }, "geometry": { "type": "Polygon", "coordinates": [ [ [ -75.139495387627406, 40.033565053325098 ], [ -75.139466666632103, 40.033525894405699 ], [ -75.139412475138997, 40.033534660470004 ], [ -75.139073280919305, 40.033570779365803 ], [ -75.138731346116103, 40.033584994121398 ], [ -75.138388918502798, 40.033583192777797 ], [ -75.138046621918505, 40.033575734832198 ], [ -75.137704373580704, 40.033567048192999 ], [ -75.137362409226995, 40.033553278786101 ], [ -75.137021322960507, 40.033529943369203 ], [ -75.136681806259602, 40.033495655431501 ], [ -75.136342964765504, 40.033457629274899 ], [ -75.136004628136405, 40.033417035661898 ], [ -75.135666694549002, 40.033374506612603 ], [ -75.135329042751394, 40.033330667728201 ], [ -75.134991544498405, 40.033286141812702 ], [ -75.134792355156307, 40.033259824199398 ], [ -75.135364150813302, 40.032377150722603 ], [ -75.1341661360334, 40.032226495554198 ], [ -75.134496414221701, 40.0306760004515 ], [ -75.134201062084799, 40.0306456704919 ], [ -75.133808222848401, 40.030593125473501 ], [ -75.134148582134003, 40.0290524558961 ], [ -75.135062556469606, 40.029159498121103 ], [ -75.135805648109994, 40.029263353255402 ], [ -75.136140567145603, 40.027750628151203 ], [ -75.136405382356998, 40.026564256539501 ], [ -75.136458063385007, 40.026256463414001 ], [ -75.135811386460801, 40.026173288231 ], [ -75.136144379624298, 40.024681985373199 ], [ -75.136783587123105, 40.024768281274099 ], [ -75.137428145372496, 40.0248530114877 ], [ -75.138081204082994, 40.024936990519699 ], [ -75.138559697435596, 40.025002016899798 ], [ -75.139029458343202, 40.025053446307197 ], [ -75.139842533462698, 40.025155357179599 ], [ -75.140640715593094, 40.025271755365402 ], [ -75.141422993286497, 40.025366948930497 ], [ -75.142208320070196, 40.025468635112098 ], [ -75.143002935568305, 40.025570672622997 ], [ -75.143784746503997, 40.025671060604402 ], [ -75.144582832084197, 40.0257788036403 ], [ -75.145362420636403, 40.025882494831301 ], [ -75.146689761325703, 40.026060245154703 ], [ -75.147558185667094, 40.026147696595899 ], [ -75.147221396469007, 40.027653223808699 ], [ -75.146915295008597, 40.029153247708003 ], [ -75.146852776728096, 40.029490885133796 ], [ -75.146829625948897, 40.029612045818702 ], [ -75.146708041132896, 40.030136199446503 ], [ -75.146684879922205, 40.030236047964202 ], [ -75.146578011412004, 40.030646612072601 ], [ -75.146521627190694, 40.030874774969199 ], [ -75.146229797687099, 40.032194889298601 ], [ -75.1459003598967, 40.0337371192782 ], [ -75.145556007945899, 40.035271185862598 ], [ -75.145191243820506, 40.036985892802399 ], [ -75.144915198486501, 40.038302963799701 ], [ -75.144751910852605, 40.039082022628399 ], [ -75.144574691504403, 40.039845949943903 ], [ -75.144445924325794, 40.040523617558001 ], [ -75.144286792802305, 40.041176977960902 ], [ -75.144226954709197, 40.041390767805403 ], [ -75.144196088760197, 40.041483746651799 ], [ -75.144077920267506, 40.0420030850104 ], [ -75.143871512709694, 40.042910197744597 ], [ -75.143549677405204, 40.0444351170852 ], [ -75.143265291412206, 40.045724878040502 ], [ -75.143105165877898, 40.0464816155473 ], [ -75.142899997738795, 40.047503029638499 ], [ -75.142550335494604, 40.049049744367501 ], [ -75.14221691649, 40.050572396842803 ], [ -75.141874605125096, 40.052086433745004 ], [ -75.141625714349004, 40.053233132391902 ], [ -75.141563177370799, 40.053609064095397 ], [ -75.141445027336999, 40.054217319646199 ], [ -75.141214459729198, 40.055148317653199 ], [ -75.140872373200594, 40.056703586320097 ], [ -75.140720323293394, 40.057359038158801 ], [ -75.140545913336595, 40.058218608130503 ], [ -75.1402058784861, 40.059738763935698 ], [ -75.139875125635299, 40.061260177716797 ], [ -75.139721662513793, 40.061949223429401 ], [ -75.139554160324707, 40.062813157833403 ], [ -75.1394173534039, 40.063394590772297 ], [ -75.1368393279255, 40.061981454921302 ], [ -75.136765770847504, 40.0619360627405 ], [ -75.135183787418001, 40.060959800318997 ], [ -75.134119142896907, 40.060302765500602 ], [ -75.133371299458005, 40.059841228376598 ], [ -75.133071576637604, 40.059656248463298 ], [ -75.130111832553794, 40.057878001950399 ], [ -75.130170738530396, 40.057781153510298 ], [ -75.131675348829503, 40.055307285793099 ], [ -75.133355128155799, 40.052545169159799 ], [ -75.133469571720099, 40.0523569760905 ], [ -75.1336996393335, 40.051985733740601 ], [ -75.133845973451798, 40.051747694919399 ], [ -75.133986429424795, 40.051507729984202 ], [ -75.134118668457404, 40.051264795443103 ], [ -75.134241608690004, 40.0510188884844 ], [ -75.134352061213406, 40.050769951469597 ], [ -75.134441906135805, 40.050515779675301 ], [ -75.134517009358802, 40.050258842253399 ], [ -75.134584674752404, 40.050000542544403 ], [ -75.134640304742703, 40.0497407837995 ], [ -75.134675286153794, 40.049479250426302 ], [ -75.1346922357137, 40.049216064758198 ], [ -75.134707137090302, 40.0489530272054 ], [ -75.134707648571293, 40.048940273951899 ], [ -75.134717692359402, 40.048689892464502 ], [ -75.134720837523403, 40.048426680947998 ], [ -75.134722230065407, 40.048163464680997 ], [ -75.134723419847901, 40.047900245552299 ], [ -75.134724428090095, 40.047637024923702 ], [ -75.134725274471904, 40.047373802540299 ], [ -75.134725978001498, 40.047110577779897 ], [ -75.134726560810904, 40.046847352025502 ], [ -75.134727041443696, 40.0465841248202 ], [ -75.134727441574299, 40.046320897536503 ], [ -75.134727668897398, 40.046143844722899 ], [ -75.134727780492099, 40.046057668152599 ], [ -75.134728077337201, 40.045794438510299 ], [ -75.134728354260403, 40.0455312094658 ], [ -75.1347286287087, 40.045267979306701 ], [ -75.134728923289202, 40.045004748899601 ], [ -75.134729257631605, 40.044741519218498 ], [ -75.134729650498798, 40.044478289987602 ], [ -75.134730124281901, 40.044215061716699 ], [ -75.134730696607605, 40.043951833928297 ], [ -75.134731389409495, 40.043688607121801 ], [ -75.134731464516804, 40.043425350781298 ], [ -75.134728744841198, 40.043161975968196 ], [ -75.134725289121604, 40.042898563652898 ], [ -75.134723592837005, 40.042635213010897 ], [ -75.134726155580495, 40.042372022258299 ], [ -75.134735473391601, 40.042109091815199 ], [ -75.134753523130797, 40.041846475478998 ], [ -75.134779181598205, 40.041584085454502 ], [ -75.134810677835603, 40.041321903212904 ], [ -75.134846288137794, 40.041059919035298 ], [ -75.134884291884404, 40.040798120989102 ], [ -75.134922965846798, 40.0405365002472 ], [ -75.134964107670299, 40.040275234128799 ], [ -75.135010571780001, 40.040014444036899 ], [ -75.135059546904202, 40.039753877721303 ], [ -75.135108169205495, 40.039493277344697 ], [ -75.135152606490095, 40.039232182518397 ], [ -75.135193909283203, 40.038970647744399 ], [ -75.135243637658206, 40.038710369722899 ], [ -75.135311525355505, 40.038452226155002 ], [ -75.135401622968502, 40.038197946290097 ], [ -75.135521410948499, 40.037952010629802 ], [ -75.135662283607203, 40.037711622247301 ], [ -75.135795080188302, 40.037468786402499 ], [ -75.135918976544701, 40.0372229953878 ], [ -75.135960683034099, 40.037148310118901 ], [ -75.1360539035134, 40.036981377304301 ], [ -75.136213486322902, 40.036748785345402 ], [ -75.136389210125799, 40.0365224027205 ], [ -75.136482426353098, 40.036407215277599 ], [ -75.136570135827498, 40.036298832333102 ], [ -75.136756777065699, 40.0360779352159 ], [ -75.136952501137301, 40.035861990103697 ], [ -75.137156972928395, 40.035650731832803 ], [ -75.137368956521797, 40.035443690371899 ], [ -75.137590149968204, 40.035242919442503 ], [ -75.137820903168702, 40.0350479715446 ], [ -75.138063250642006, 40.034861509669703 ], [ -75.138319797431095, 40.034687777229699 ], [ -75.138585970567206, 40.034522349688402 ], [ -75.138858143915499, 40.0343621579513 ], [ -75.139133529407701, 40.034205177592803 ], [ -75.139409865506806, 40.0340497185339 ], [ -75.139687705526697, 40.033895906711003 ], [ -75.139722114914306, 40.033877107720201 ], [ -75.139495387627406, 40.033565053325098 ] ] ] } },
{ "type": "Feature", "properties": { "objectid": 13, "score": 15.5, "Shape__Area": 4975637.37890625, "Shape__Length": 10226.874721640936 }, "geometry": { "type": "Polygon", "coordinates": [ [ [ -75.122113071965899, 40.0339839608205 ], [ -75.124169859997295, 40.0325842528732 ], [ -75.124229083023707, 40.032562144155101 ], [ -75.124231469487896, 40.032561268742 ], [ -75.124538551902603, 40.032448610316301 ], [ -75.124861752766805, 40.032365268579298 ], [ -75.125199405432596, 40.0323147174377 ], [ -75.125539807481999, 40.0322903192559 ], [ -75.125882656705599, 40.032285441627103 ], [ -75.126225535721304, 40.032291134525003 ], [ -75.126567590558196, 40.032303313870202 ], [ -75.126909304652401, 40.032322832272499 ], [ -75.127249982138295, 40.0323490971561 ], [ -75.127589543301099, 40.0323826888417 ], [ -75.127928379137003, 40.032421378949799 ], [ -75.128266822591698, 40.032461830452597 ], [ -75.128430875573898, 40.032481458445297 ], [ -75.128605172672707, 40.032502311334497 ], [ -75.128943495714296, 40.032542927514299 ], [ -75.129281796581097, 40.032583665569497 ], [ -75.129620076246994, 40.032624512164297 ], [ -75.129958337527, 40.0326654536535 ], [ -75.1302965829599, 40.032706477615598 ], [ -75.130634815387097, 40.032747569703098 ], [ -75.130973036930698, 40.032788716430296 ], [ -75.131292489136797, 40.032827621178498 ], [ -75.131311251250494, 40.0328299059288 ], [ -75.131649459151603, 40.032871123277097 ], [ -75.131987665469296, 40.032912355754597 ], [ -75.132325870913405, 40.032953590898103 ], [ -75.1326640783644, 40.032994813306097 ], [ -75.133002291931106, 40.033036011295799 ], [ -75.133340513263093, 40.033077171722503 ], [ -75.133978589901204, 40.033154668007697 ], [ -75.134316453732495, 40.033197520374998 ], [ -75.134654061904399, 40.033241552328398 ], [ -75.134792355156307, 40.033259824199398 ], [ -75.134991544498405, 40.033286141812702 ], [ -75.135329042751394, 40.033330667728201 ], [ -75.135666694549002, 40.033374506612603 ], [ -75.136004628136405, 40.033417035661898 ], [ -75.136342964765504, 40.033457629274899 ], [ -75.136681806259602, 40.033495655431501 ], [ -75.137021322960507, 40.033529943369203 ], [ -75.137362409226995, 40.033553278786101 ], [ -75.137704373580704, 40.033567048192999 ], [ -75.138046621918505, 40.033575734832198 ], [ -75.138388918502798, 40.033583192777797 ], [ -75.138731346116103, 40.033584994121398 ], [ -75.139073280919305, 40.033570779365803 ], [ -75.139412475138997, 40.033534660470004 ], [ -75.139466666632103, 40.033525894405699 ], [ -75.139495387627406, 40.033565053325098 ], [ -75.139722114914306, 40.033877107720201 ], [ -75.139687705526697, 40.033895906711003 ], [ -75.139409865506806, 40.0340497185339 ], [ -75.139133529407701, 40.034205177592803 ], [ -75.138858143915499, 40.0343621579513 ], [ -75.138585970567206, 40.034522349688402 ], [ -75.138319797431095, 40.034687777229699 ], [ -75.138063250642006, 40.034861509669703 ], [ -75.137820903168702, 40.0350479715446 ], [ -75.137590149968204, 40.035242919442503 ], [ -75.137368956521797, 40.035443690371899 ], [ -75.137156972928395, 40.035650731832803 ], [ -75.136952501137301, 40.035861990103697 ], [ -75.136756777065699, 40.0360779352159 ], [ -75.136570135827498, 40.036298832333102 ], [ -75.136482426353098, 40.036407215277599 ], [ -75.136389210125799, 40.0365224027205 ], [ -75.136213486322902, 40.036748785345402 ], [ -75.1360539035134, 40.036981377304301 ], [ -75.135960683034099, 40.037148310118901 ], [ -75.135918976544701, 40.0372229953878 ], [ -75.135795080188302, 40.037468786402499 ], [ -75.135662283607203, 40.037711622247301 ], [ -75.135521410948499, 40.037952010629802 ], [ -75.135401622968502, 40.038197946290097 ], [ -75.135311525355505, 40.038452226155002 ], [ -75.135243637658206, 40.038710369722899 ], [ -75.135193909283203, 40.038970647744399 ], [ -75.135152606490095, 40.039232182518397 ], [ -75.135108169205495, 40.039493277344697 ], [ -75.135059546904202, 40.039753877721303 ], [ -75.135010571780001, 40.040014444036899 ], [ -75.134964107670299, 40.040275234128799 ], [ -75.134922965846798, 40.0405365002472 ], [ -75.134884291884404, 40.040798120989102 ], [ -75.134846288137794, 40.041059919035298 ], [ -75.134810677835603, 40.041321903212904 ], [ -75.134779181598205, 40.041584085454502 ], [ -75.134753523130797, 40.041846475478998 ], [ -75.134735473391601, 40.042109091815199 ], [ -75.134726155580495, 40.042372022258299 ], [ -75.134723592837005, 40.042635213010897 ], [ -75.134725289121604, 40.042898563652898 ], [ -75.134728744841198, 40.043161975968196 ], [ -75.134731464516804, 40.043425350781298 ], [ -75.134731389409495, 40.043688607121801 ], [ -75.134730696607605, 40.043951833928297 ], [ -75.134730124281901, 40.044215061716699 ], [ -75.134729650498798, 40.044478289987602 ], [ -75.134729257631605, 40.044741519218498 ], [ -75.134728923289202, 40.045004748899601 ], [ -75.1347286287087, 40.045267979306701 ], [ -75.134728354260403, 40.0455312094658 ], [ -75.134728077337201, 40.045794438510299 ], [ -75.134727780492099, 40.046057668152599 ], [ -75.134727668897398, 40.046143844722899 ], [ -75.134727441574299, 40.046320897536503 ], [ -75.134727041443696, 40.0465841248202 ], [ -75.134726560810904, 40.046847352025502 ], [ -75.134725978001498, 40.047110577779897 ], [ -75.134725274471904, 40.047373802540299 ], [ -75.134724428090095, 40.047637024923702 ], [ -75.134723419847901, 40.047900245552299 ], [ -75.134722230065407, 40.048163464680997 ], [ -75.134720837523403, 40.048426680947998 ], [ -75.134717692359402, 40.048689892464502 ], [ -75.134707648571293, 40.048940273951899 ], [ -75.134707137090302, 40.0489530272054 ], [ -75.1346922357137, 40.049216064758198 ], [ -75.134675286153794, 40.049479250426302 ], [ -75.134640304742703, 40.0497407837995 ], [ -75.134584674752404, 40.050000542544403 ], [ -75.134517009358802, 40.050258842253399 ], [ -75.134441906135805, 40.050515779675301 ], [ -75.134352061213406, 40.050769951469597 ], [ -75.134241608690004, 40.0510188884844 ], [ -75.134118668457404, 40.051264795443103 ], [ -75.133986429424795, 40.051507729984202 ], [ -75.133845973451798, 40.051747694919399 ], [ -75.1336996393335, 40.051985733740601 ], [ -75.133469571720099, 40.0523569760905 ], [ -75.133355128155799, 40.052545169159799 ], [ -75.131675348829503, 40.055307285793099 ], [ -75.130170738530396, 40.057781153510298 ], [ -75.130111832553794, 40.057878001950399 ], [ -75.128975927954698, 40.0571954934545 ], [ -75.128463408146601, 40.056887536469198 ], [ -75.126958129933101, 40.055983035751296 ], [ -75.126302923005497, 40.055589317552197 ], [ -75.125355738172701, 40.055020132036901 ], [ -75.124844482373803, 40.054727275553198 ], [ -75.124552957397697, 40.054560282048001 ], [ -75.123327736338396, 40.053858426421897 ], [ -75.122124213631395, 40.053168973153298 ], [ -75.122269269478195, 40.0526133362563 ], [ -75.122273648274401, 40.052594003107103 ], [ -75.122518351464294, 40.051135007333798 ], [ -75.122778785222096, 40.0496223876236 ], [ -75.123037655920697, 40.048195233768098 ], [ -75.123119879112807, 40.047822733230099 ], [ -75.123158843804902, 40.047589409890698 ], [ -75.123210541490494, 40.047248788126701 ], [ -75.123261259166597, 40.046977448861199 ], [ -75.123341166824204, 40.046573536984901 ], [ -75.123434289747195, 40.0460492979918 ], [ -75.119249810333599, 40.045530731052203 ], [ -75.119456355874604, 40.044489693229501 ], [ -75.119579089296593, 40.043935164724601 ], [ -75.119688411663404, 40.043444425237098 ], [ -75.119785275114097, 40.042935906100901 ], [ -75.1199042422014, 40.042420190268203 ], [ -75.120007842516003, 40.041937939595201 ], [ -75.120106609485504, 40.041426441902502 ], [ -75.120235746068005, 40.0408995514655 ], [ -75.120333372129906, 40.040408996146098 ], [ -75.120436748263401, 40.039896015193101 ], [ -75.120769749838601, 40.0383676508674 ], [ -75.121074899517893, 40.0368242578731 ], [ -75.121281691334204, 40.035920401968802 ], [ -75.121424497990901, 40.035290136894801 ], [ -75.121446188936204, 40.035174088189102 ], [ -75.121707483633799, 40.034580026598 ], [ -75.121851369864501, 40.0342792353877 ], [ -75.121915766003994, 40.034175243720398 ], [ -75.122113071965899, 40.0339839608205 ] ] ] } },
{ "type": "Feature", "properties": { "objectid": 14, "score": 14.1, "Shape__Area": 6902067.09375, "Shape__Length": 16964.42795031107 }, "geometry": { "type": "Polygon", "coordinates": [ [ [ -75.106311395152204, 40.034312044868301 ], [ -75.105937924701806, 40.034109858235198 ], [ -75.104728580432294, 40.035330194845599 ], [ -75.103203690050705, 40.036783087133003 ], [ -75.102332712746502, 40.037629886005298 ], [ -75.102125387309002, 40.037811307534099 ], [ -75.101883573937002, 40.038032874006099 ], [ -75.101575512265697, 40.038302552984398 ], [ -75.099388546223196, 40.036770789938601 ], [ -75.098418563058104, 40.0361107673451 ], [ -75.100549927138502, 40.033993762253097 ], [ -75.101150834006802, 40.033344018396299 ], [ -75.1023820572197, 40.032127978476503 ], [ -75.103905374481101, 40.030598255036999 ], [ -75.103229840896105, 40.030057774872297 ], [ -75.103071456537506, 40.0299044946672 ], [ -75.103598275133507, 40.029939508207796 ], [ -75.103966218675893, 40.029907714640203 ], [ -75.104308883443196, 40.029855104898303 ], [ -75.104604699373994, 40.029789528628697 ], [ -75.104616016232995, 40.029786093290397 ], [ -75.105134833049306, 40.0296285739119 ], [ -75.106134820207402, 40.029299987983897 ], [ -75.107254796601097, 40.0289501405518 ], [ -75.110041774274407, 40.028056792640498 ], [ -75.111379905018197, 40.027628822985697 ], [ -75.111900982899797, 40.027508464563603 ], [ -75.112393514957503, 40.0274139148665 ], [ -75.112885228701799, 40.027340205962901 ], [ -75.113609600064507, 40.027231617045899 ], [ -75.117235719493806, 40.026680033867898 ], [ -75.1183378046548, 40.026531705208598 ], [ -75.119760812617997, 40.026336521822799 ], [ -75.119818967569202, 40.026343478096202 ], [ -75.121989090591399, 40.025999150275602 ], [ -75.123454906315501, 40.025794015040802 ], [ -75.124550547273003, 40.025644368129299 ], [ -75.125414660192305, 40.025514480908797 ], [ -75.126677313894405, 40.025329288430299 ], [ -75.127934848722404, 40.025132977393902 ], [ -75.128883347928095, 40.0249322034798 ], [ -75.130568459596205, 40.024591439159103 ], [ -75.131460576144093, 40.024380202074397 ], [ -75.132245247346802, 40.024136569685702 ], [ -75.133255282879105, 40.023906459721601 ], [ -75.133262880391996, 40.023904859554399 ], [ -75.133286648440105, 40.023793773449199 ], [ -75.133302889571198, 40.023717870040102 ], [ -75.133334722770897, 40.023538479013602 ], [ -75.134452796381098, 40.023304992724498 ], [ -75.135153254565694, 40.023133055432801 ], [ -75.135685107877805, 40.022961963414502 ], [ -75.136119436259193, 40.022809853030303 ], [ -75.1363182723873, 40.022727112050198 ], [ -75.136705749475595, 40.022555588230396 ], [ -75.136802506987095, 40.022672893984797 ], [ -75.137007413257194, 40.022931240602702 ], [ -75.137057150600697, 40.023069418635401 ], [ -75.136952484707706, 40.023107188496098 ], [ -75.136428857374398, 40.023329838833497 ], [ -75.136144379624298, 40.024681985373199 ], [ -75.135811386460801, 40.026173288231 ], [ -75.136458063385007, 40.026256463414001 ], [ -75.136405382356998, 40.026564256539501 ], [ -75.136140567145603, 40.027750628151203 ], [ -75.135805648109994, 40.029263353255402 ], [ -75.135062556469606, 40.029159498121103 ], [ -75.134148582134003, 40.0290524558961 ], [ -75.133808222848401, 40.030593125473501 ], [ -75.134201062084799, 40.0306456704919 ], [ -75.134496414221701, 40.0306760004515 ], [ -75.1341661360334, 40.032226495554198 ], [ -75.135364150813302, 40.032377150722603 ], [ -75.134792355156307, 40.033259824199398 ], [ -75.134654061904399, 40.033241552328398 ], [ -75.134316453732495, 40.033197520374998 ], [ -75.133978589901204, 40.033154668007697 ], [ -75.133340513263093, 40.033077171722503 ], [ -75.133002291931106, 40.033036011295799 ], [ -75.1326640783644, 40.032994813306097 ], [ -75.132325870913405, 40.032953590898103 ], [ -75.131987665469296, 40.032912355754597 ], [ -75.131649459151603, 40.032871123277097 ], [ -75.131311251250494, 40.0328299059288 ], [ -75.131292489136797, 40.032827621178498 ], [ -75.130973036930698, 40.032788716430296 ], [ -75.130634815387097, 40.032747569703098 ], [ -75.1302965829599, 40.032706477615598 ], [ -75.129958337527, 40.0326654536535 ], [ -75.129620076246994, 40.032624512164297 ], [ -75.129281796581097, 40.032583665569497 ], [ -75.128943495714296, 40.032542927514299 ], [ -75.128605172672707, 40.032502311334497 ], [ -75.128430875573898, 40.032481458445297 ], [ -75.128266822591698, 40.032461830452597 ], [ -75.127928379137003, 40.032421378949799 ], [ -75.127589543301099, 40.0323826888417 ], [ -75.127249982138295, 40.0323490971561 ], [ -75.126909304652401, 40.032322832272499 ], [ -75.126567590558196, 40.032303313870202 ], [ -75.126225535721304, 40.032291134525003 ], [ -75.125882656705599, 40.032285441627103 ], [ -75.125539807481999, 40.0322903192559 ], [ -75.125199405432596, 40.0323147174377 ], [ -75.124861752766805, 40.032365268579298 ], [ -75.124538551902603, 40.032448610316301 ], [ -75.124231469487896, 40.032561268742 ], [ -75.124229083023707, 40.032562144155101 ], [ -75.124169859997295, 40.0325842528732 ], [ -75.122113071965899, 40.0339839608205 ], [ -75.121915766003994, 40.034175243720398 ], [ -75.121851369864501, 40.0342792353877 ], [ -75.121707483633799, 40.034580026598 ], [ -75.121446188936204, 40.035174088189102 ], [ -75.121424497990901, 40.035290136894801 ], [ -75.121281691334204, 40.035920401968802 ], [ -75.121074899517893, 40.0368242578731 ], [ -75.120769749838601, 40.0383676508674 ], [ -75.120436748263401, 40.039896015193101 ], [ -75.120333372129906, 40.040408996146098 ], [ -75.120235746068005, 40.0408995514655 ], [ -75.120106609485504, 40.041426441902502 ], [ -75.120007842516003, 40.041937939595201 ], [ -75.1199042422014, 40.042420190268203 ], [ -75.119785275114097, 40.042935906100901 ], [ -75.119688411663404, 40.043444425237098 ], [ -75.119579089296593, 40.043935164724601 ], [ -75.119456355874604, 40.044489693229501 ], [ -75.119249810333599, 40.045530731052203 ], [ -75.123434289747195, 40.0460492979918 ], [ -75.123341166824204, 40.046573536984901 ], [ -75.123261259166597, 40.046977448861199 ], [ -75.123210541490494, 40.047248788126701 ], [ -75.123158843804902, 40.047589409890698 ], [ -75.123119879112807, 40.047822733230099 ], [ -75.123037655920697, 40.048195233768098 ], [ -75.122778785222096, 40.0496223876236 ], [ -75.122518351464294, 40.051135007333798 ], [ -75.122273648274401, 40.052594003107103 ], [ -75.122269269478195, 40.0526133362563 ], [ -75.122124213631395, 40.053168973153298 ], [ -75.120808475330094, 40.0524224112933 ], [ -75.119992121708705, 40.051958986250703 ], [ -75.119544436387798, 40.051704840232397 ], [ -75.118566996285097, 40.051149946053698 ], [ -75.117062149956695, 40.050295610319999 ], [ -75.115074874621598, 40.049143492279903 ], [ -75.114509255101495, 40.048815562091903 ], [ -75.112928499198802, 40.047898960023602 ], [ -75.112366202374602, 40.0475729033448 ], [ -75.112058314467006, 40.047394363206003 ], [ -75.1110653345592, 40.046822701640203 ], [ -75.109433840821296, 40.045883404000897 ], [ -75.109442657971698, 40.045865246512101 ], [ -75.109556045607206, 40.045616932295999 ], [ -75.109662998110096, 40.045366877103604 ], [ -75.109767291582301, 40.045116078562302 ], [ -75.109873028102101, 40.044865660069497 ], [ -75.109984109490597, 40.044616688730798 ], [ -75.110099370639304, 40.044368837898801 ], [ -75.110216915456903, 40.044121595396 ], [ -75.110335969992306, 40.043874762391603 ], [ -75.110455761064699, 40.043628138141997 ], [ -75.110575298924999, 40.043381433968698 ], [ -75.110690355029703, 40.043132953418301 ], [ -75.110803457904694, 40.042883645908397 ], [ -75.110919796763298, 40.042635538080198 ], [ -75.111044561374001, 40.0423906583258 ], [ -75.111156588519293, 40.042196678725396 ], [ -75.111182948066698, 40.0421510353409 ], [ -75.111343956326706, 40.041919380830102 ], [ -75.111527020247095, 40.041695929182197 ], [ -75.1117238757124, 40.041479182254498 ], [ -75.111861705676603, 40.0413367460716 ], [ -75.111799402007094, 40.041279785716 ], [ -75.110774372549102, 40.040308446070199 ], [ -75.110328316870095, 40.039690771303299 ], [ -75.110013244979896, 40.039158432315901 ], [ -75.109658801064199, 40.038527244435301 ], [ -75.109168402551305, 40.037603986325699 ], [ -75.109128206778706, 40.037525490560697 ], [ -75.108981879771306, 40.037239742262202 ], [ -75.1088607819472, 40.037003258306797 ], [ -75.108735509890494, 40.036732906675802 ], [ -75.108685110596198, 40.036434420219699 ], [ -75.108592547036594, 40.035759355076401 ], [ -75.108573425914798, 40.0355047365194 ], [ -75.108257445229498, 40.035398282684 ], [ -75.107689391078907, 40.035079399333597 ], [ -75.107587819659699, 40.035022839536197 ], [ -75.106311395152204, 40.034312044868301 ] ] ] } },
{ "type": "Feature", "properties": { "objectid": 15, "score": 12.6, "Shape__Area": 4936653.53515625, "Shape__Length": 10740.481346830431 }, "geometry": { "type": "Polygon", "coordinates": [ [ [ -75.136802506987095, 40.022672893984797 ], [ -75.136705749475595, 40.022555588230396 ], [ -75.1363182723873, 40.022727112050198 ], [ -75.136119436259193, 40.022809853030303 ], [ -75.136368665896399, 40.021672905734199 ], [ -75.136569641301193, 40.0207096635474 ], [ -75.136626880030605, 40.020480689078397 ], [ -75.136742202887206, 40.0199675340657 ], [ -75.136986451331396, 40.018798762704499 ], [ -75.136803609971594, 40.018438929381396 ], [ -75.136579184228907, 40.018004977208101 ], [ -75.1368141234924, 40.016908357167303 ], [ -75.137165862716103, 40.015308739139797 ], [ -75.137505486191102, 40.013719724288002 ], [ -75.137828852345294, 40.012242936101202 ], [ -75.138161118328497, 40.010737424990602 ], [ -75.138486714035906, 40.009243546983399 ], [ -75.138580339090595, 40.008798858510303 ], [ -75.138831192839405, 40.007657330088598 ], [ -75.139654864938194, 40.007764269796198 ], [ -75.140315473577999, 40.007839135546597 ], [ -75.140475030981605, 40.007887619696199 ], [ -75.140835670597696, 40.006287813943899 ], [ -75.140994484894406, 40.005536865190201 ], [ -75.141163315656797, 40.004793760120997 ], [ -75.141251420237495, 40.004390006929903 ], [ -75.141265905817093, 40.004298058866297 ], [ -75.141363245658098, 40.003857972630001 ], [ -75.141404327886306, 40.003695832031497 ], [ -75.141480404585195, 40.003334761538497 ], [ -75.141411586403805, 40.003266861842299 ], [ -75.141483242660598, 40.003165229302603 ], [ -75.142930896996603, 40.002624125780798 ], [ -75.142925515596701, 40.002616500715497 ], [ -75.142755031870493, 40.002388165480802 ], [ -75.142579727154697, 40.0021621453118 ], [ -75.142418437381394, 40.001959423510201 ], [ -75.142719331640194, 40.001852725566003 ], [ -75.143029927912593, 40.001742121286703 ], [ -75.143340241023296, 40.001631061033798 ], [ -75.1436502206612, 40.001519468088603 ], [ -75.143800490490193, 40.0014650089377 ], [ -75.1439598205978, 40.001407266529 ], [ -75.144268993851, 40.001294382173803 ], [ -75.144577687864498, 40.001180731224601 ], [ -75.144885866491904, 40.001066254862799 ], [ -75.145193576163393, 40.000951029373503 ], [ -75.145500873168402, 40.000835142162103 ], [ -75.145807812608396, 40.000718681837 ], [ -75.146114449760603, 40.000601738415902 ], [ -75.146420838413107, 40.000484399069897 ], [ -75.146727036424707, 40.000366752116399 ], [ -75.147033097511596, 40.000248886657303 ], [ -75.147339076774799, 40.000130891473297 ], [ -75.147645030982304, 40.000012853625101 ], [ -75.147720346402295, 39.999983811738304 ], [ -75.147951015183807, 39.9998948632972 ], [ -75.1482570831473, 39.999777008359601 ], [ -75.148563292759206, 39.999659376599503 ], [ -75.148869696588093, 39.999542057440401 ], [ -75.149176352253804, 39.9994251397166 ], [ -75.149483314946494, 39.999308710097502 ], [ -75.149790638561498, 39.9991928592653 ], [ -75.150023193586193, 39.999105815417501 ], [ -75.150098378526494, 39.999077673717899 ], [ -75.150406560292893, 39.998963193223403 ], [ -75.150714970687403, 39.9988490763633 ], [ -75.151023549120495, 39.998735228433098 ], [ -75.151332284158201, 39.998621631771996 ], [ -75.1516411665026, 39.998508266658398 ], [ -75.151950181253994, 39.998395116407799 ], [ -75.152259319818796, 39.998282160787497 ], [ -75.152568569983103, 39.998169384580201 ], [ -75.1528779206146, 39.998056768199099 ], [ -75.153187358726498, 39.9979442927185 ], [ -75.153496874011694, 39.997831940855498 ], [ -75.153784062227004, 39.997727814808599 ], [ -75.153611215522403, 39.998524671929403 ], [ -75.153567950082206, 39.998732992691899 ], [ -75.153518534858904, 39.998951756026003 ], [ -75.153432206820895, 39.999330977217802 ], [ -75.153377413547403, 39.999543791936603 ], [ -75.153273554497503, 40.000014037570999 ], [ -75.152928293155696, 40.001602016297902 ], [ -75.1525525195851, 40.003190912138898 ], [ -75.152237940667703, 40.004699034314903 ], [ -75.151923332705707, 40.006176599008697 ], [ -75.151605276990907, 40.0076746371018 ], [ -75.151455656248302, 40.008312743618198 ], [ -75.151371422549204, 40.008736639434801 ], [ -75.151248688469593, 40.0092883069035 ], [ -75.151093326264998, 40.009943683377301 ], [ -75.150885615946393, 40.010846462246299 ], [ -75.150575571727202, 40.012379618452599 ], [ -75.150396908291498, 40.013175222259498 ], [ -75.150247432014893, 40.013771153155098 ], [ -75.150205385169897, 40.013996085653503 ], [ -75.1500982711771, 40.014577303250903 ], [ -75.150072739314993, 40.014689750794801 ], [ -75.150041397520397, 40.014827779099903 ], [ -75.1499339942212, 40.015334787440203 ], [ -75.149841567360895, 40.015681231088401 ], [ -75.149772184880106, 40.016030882560599 ], [ -75.149728962071507, 40.0162240868205 ], [ -75.149588638695406, 40.016941698818698 ], [ -75.149349276915302, 40.017966917257397 ], [ -75.1492326638908, 40.0185118648442 ], [ -75.148995781669896, 40.0195818797662 ], [ -75.148956406742101, 40.019751438267797 ], [ -75.148956066370104, 40.019753042488702 ], [ -75.148938735418994, 40.019834656965202 ], [ -75.148938000403106, 40.019838118332203 ], [ -75.148861837799302, 40.020161958148499 ], [ -75.148740535634801, 40.020720261426199 ], [ -75.148694010338701, 40.020962392508601 ], [ -75.148569336738404, 40.021485204601902 ], [ -75.148248074772297, 40.022968752233297 ], [ -75.147896825973305, 40.024562913619498 ], [ -75.147558185667094, 40.026147696595899 ], [ -75.146689761325703, 40.026060245154703 ], [ -75.145362420636403, 40.025882494831301 ], [ -75.144582832084197, 40.0257788036403 ], [ -75.143784746503997, 40.025671060604402 ], [ -75.143002935568305, 40.025570672622997 ], [ -75.142208320070196, 40.025468635112098 ], [ -75.141422993286497, 40.025366948930497 ], [ -75.140640715593094, 40.025271755365402 ], [ -75.139842533462698, 40.025155357179599 ], [ -75.139029458343202, 40.025053446307197 ], [ -75.138559697435596, 40.025002016899798 ], [ -75.138081204082994, 40.024936990519699 ], [ -75.137428145372496, 40.0248530114877 ], [ -75.136783587123105, 40.024768281274099 ], [ -75.136144379624298, 40.024681985373199 ], [ -75.136428857374398, 40.023329838833497 ], [ -75.136952484707706, 40.023107188496098 ], [ -75.137057150600697, 40.023069418635401 ], [ -75.137007413257194, 40.022931240602702 ], [ -75.136802506987095, 40.022672893984797 ] ] ] } },
{ "type": "Feature", "properties": { "objectid": 16, "score": 13.6, "Shape__Area": 7979583.2890625, "Shape__Length": 14069.074646846269 }, "geometry": { "type": "Polygon", "coordinates": [ [ [ -75.102538457756097, 40.029846620331199 ], [ -75.112168225197493, 40.020057683188803 ], [ -75.112992177132, 40.0191609798201 ], [ -75.114134248978999, 40.017751020400098 ], [ -75.117716486892505, 40.012807461577196 ], [ -75.119251996481296, 40.009857193822697 ], [ -75.120529030163596, 40.0068520871557 ], [ -75.121404787927105, 40.004533023305498 ], [ -75.121431299384795, 40.004536702009801 ], [ -75.1217684259273, 40.0045831944445 ], [ -75.122105743825799, 40.004628544970501 ], [ -75.1224433929318, 40.0046718856929 ], [ -75.122781512213507, 40.004712347465301 ], [ -75.123120241877004, 40.0047490641564 ], [ -75.123459697262106, 40.004781333405198 ], [ -75.123799634490396, 40.004810837679898 ], [ -75.123951088961803, 40.004823102450501 ], [ -75.124139920419296, 40.004838394580901 ], [ -75.124480512199597, 40.004864201213302 ], [ -75.124821365493503, 40.004888457812903 ], [ -75.125162436519005, 40.004911362167199 ], [ -75.125503680073393, 40.004933113438298 ], [ -75.125845054417198, 40.004953909989098 ], [ -75.126186513268294, 40.004973949551299 ], [ -75.126528015968802, 40.0049934322711 ], [ -75.126869515317495, 40.005012556211803 ], [ -75.127210969375895, 40.005031519381703 ], [ -75.127552350806198, 40.005050425913097 ], [ -75.127865118073501, 40.005066720902597 ], [ -75.127893843322994, 40.005068217677298 ], [ -75.128235485223598, 40.005084630494302 ], [ -75.128577252848302, 40.005099767524499 ], [ -75.128919118333698, 40.005113734293303 ], [ -75.129261054592007, 40.005126634059003 ], [ -75.129603036149305, 40.005138569765698 ], [ -75.129945035826793, 40.0051496471308 ], [ -75.1302870284172, 40.005159968226202 ], [ -75.130629108822106, 40.005168500664098 ], [ -75.1309714439586, 40.005172860132099 ], [ -75.131313855668793, 40.005173320449899 ], [ -75.1316561498803, 40.005170265984503 ], [ -75.131940320901194, 40.0051654334898 ], [ -75.131998442814904, 40.005164445159302 ], [ -75.132341065626505, 40.005155507844201 ], [ -75.132682965998796, 40.005139955700102 ], [ -75.133023014683502, 40.005114019376201 ], [ -75.133360648905693, 40.005070734386202 ], [ -75.133695340196695, 40.005013048946402 ], [ -75.134026626175995, 40.004946972850497 ], [ -75.134354268549799, 40.004869587925597 ], [ -75.134675741910698, 40.004779474321403 ], [ -75.134991320510494, 40.004677690644201 ], [ -75.135302671534504, 40.004567708658598 ], [ -75.1356108601843, 40.0044530422932 ], [ -75.135917518358397, 40.004336165361003 ], [ -75.136223260128304, 40.004217808975802 ], [ -75.136528441532207, 40.004098544049398 ], [ -75.136833416983507, 40.003978942331301 ], [ -75.137138543872396, 40.003859575634799 ], [ -75.137444174163306, 40.003741014415503 ], [ -75.137671046377704, 40.0036542728066 ], [ -75.137750666625294, 40.003623830686003 ], [ -75.138058375266695, 40.003508595643403 ], [ -75.138367456943996, 40.0033955634864 ], [ -75.1386770916275, 40.003283415243502 ], [ -75.138987100263805, 40.003171868426598 ], [ -75.139297438198199, 40.003060848195801 ], [ -75.139608057645901, 40.002950277883102 ], [ -75.139878214514894, 40.0028545094573 ], [ -75.139918911182804, 40.002840083289698 ], [ -75.140229951256998, 40.002730187578202 ], [ -75.140541130469302, 40.002620515848299 ], [ -75.140852402601993, 40.002510992172802 ], [ -75.141163718910803, 40.002401540919102 ], [ -75.141475034290394, 40.002292086889298 ], [ -75.1417863002563, 40.002182553578699 ], [ -75.142097470331294, 40.002072865759501 ], [ -75.142408495732695, 40.001962948679001 ], [ -75.142418437381394, 40.001959423510201 ], [ -75.142579727154697, 40.0021621453118 ], [ -75.142755031870493, 40.002388165480802 ], [ -75.142925515596701, 40.002616500715497 ], [ -75.142930896996603, 40.002624125780798 ], [ -75.141483242660598, 40.003165229302603 ], [ -75.141411586403805, 40.003266861842299 ], [ -75.141480404585195, 40.003334761538497 ], [ -75.141404327886306, 40.003695832031497 ], [ -75.141363245658098, 40.003857972630001 ], [ -75.141265905817093, 40.004298058866297 ], [ -75.141251420237495, 40.004390006929903 ], [ -75.141163315656797, 40.004793760120997 ], [ -75.140994484894406, 40.005536865190201 ], [ -75.140835670597696, 40.006287813943899 ], [ -75.140475030981605, 40.007887619696199 ], [ -75.140315473577999, 40.007839135546597 ], [ -75.139654864938194, 40.007764269796198 ], [ -75.138831192839405, 40.007657330088598 ], [ -75.138580339090595, 40.008798858510303 ], [ -75.138486714035906, 40.009243546983399 ], [ -75.138161118328497, 40.010737424990602 ], [ -75.137828852345294, 40.012242936101202 ], [ -75.137505486191102, 40.013719724288002 ], [ -75.137165862716103, 40.015308739139797 ], [ -75.1368141234924, 40.016908357167303 ], [ -75.136579184228907, 40.018004977208101 ], [ -75.136803609971594, 40.018438929381396 ], [ -75.136986451331396, 40.018798762704499 ], [ -75.136742202887206, 40.0199675340657 ], [ -75.136626880030605, 40.020480689078397 ], [ -75.136569641301193, 40.0207096635474 ], [ -75.136368665896399, 40.021672905734199 ], [ -75.136119436259193, 40.022809853030303 ], [ -75.135685107877805, 40.022961963414502 ], [ -75.135153254565694, 40.023133055432801 ], [ -75.134452796381098, 40.023304992724498 ], [ -75.133334722770897, 40.023538479013602 ], [ -75.133302889571198, 40.023717870040102 ], [ -75.133286648440105, 40.023793773449199 ], [ -75.133262880391996, 40.023904859554399 ], [ -75.133255282879105, 40.023906459721601 ], [ -75.132245247346802, 40.024136569685702 ], [ -75.131460576144093, 40.024380202074397 ], [ -75.130568459596205, 40.024591439159103 ], [ -75.128883347928095, 40.0249322034798 ], [ -75.127934848722404, 40.025132977393902 ], [ -75.126677313894405, 40.025329288430299 ], [ -75.125414660192305, 40.025514480908797 ], [ -75.124550547273003, 40.025644368129299 ], [ -75.123454906315501, 40.025794015040802 ], [ -75.121989090591399, 40.025999150275602 ], [ -75.119818967569202, 40.026343478096202 ], [ -75.119760812617997, 40.026336521822799 ], [ -75.1183378046548, 40.026531705208598 ], [ -75.117235719493806, 40.026680033867898 ], [ -75.113609600064507, 40.027231617045899 ], [ -75.112885228701799, 40.027340205962901 ], [ -75.112393514957503, 40.0274139148665 ], [ -75.111900982899797, 40.027508464563603 ], [ -75.111379905018197, 40.027628822985697 ], [ -75.110041774274407, 40.028056792640498 ], [ -75.107254796601097, 40.0289501405518 ], [ -75.106134820207402, 40.029299987983897 ], [ -75.105134833049306, 40.0296285739119 ], [ -75.104616016232995, 40.029786093290397 ], [ -75.104604699373994, 40.029789528628697 ], [ -75.104308883443196, 40.029855104898303 ], [ -75.103966218675893, 40.029907714640203 ], [ -75.103598275133507, 40.029939508207796 ], [ -75.103071456537506, 40.0299044946672 ], [ -75.102538457756097, 40.029846620331199 ] ] ] } },
{ "type": "Feature", "properties": { "objectid": 17, "score": 16.4, "Shape__Area": 7933174.82421875, "Shape__Length": 12097.787703014414 }, "geometry": { "type": "Polygon", "coordinates": [ [ [ -75.052829289007605, 40.046026475668597 ], [ -75.054436579737796, 40.044537996152698 ], [ -75.054649700099702, 40.044654428777903 ], [ -75.055725206013406, 40.045265600755599 ], [ -75.056145853007393, 40.0455083127545 ], [ -75.056385772697695, 40.045649003190903 ], [ -75.056716471600495, 40.045843947867603 ], [ -75.057050435372105, 40.046039385185601 ], [ -75.057372466519993, 40.046216677833101 ], [ -75.057727770919399, 40.046419639693298 ], [ -75.058067916848202, 40.046640459954801 ], [ -75.058370216805699, 40.046814502927397 ], [ -75.059938996775003, 40.047760404513802 ], [ -75.061377023093101, 40.048594681043703 ], [ -75.062385934697801, 40.049157317047801 ], [ -75.063440409832396, 40.049760467866903 ], [ -75.063519700058507, 40.049773987218899 ], [ -75.063579306066998, 40.049802044722803 ], [ -75.063832592334805, 40.049940071320201 ], [ -75.064188377131501, 40.050138877984502 ], [ -75.064563048834799, 40.050347969634302 ], [ -75.064845249372198, 40.050503214912403 ], [ -75.065133861244306, 40.050673630496803 ], [ -75.065405360575099, 40.050818126100403 ], [ -75.065757561115007, 40.051017340292702 ], [ -75.066048583668504, 40.051190410997201 ], [ -75.0677260820909, 40.052154676279002 ], [ -75.068505204314903, 40.0525998820235 ], [ -75.069135291623198, 40.052958499633299 ], [ -75.069724086676402, 40.053294013650799 ], [ -75.071473094884496, 40.054303698477703 ], [ -75.073258164734597, 40.055339140106199 ], [ -75.0740975402597, 40.055828357985703 ], [ -75.075034339419105, 40.056368199494401 ], [ -75.076735990813802, 40.057359764463101 ], [ -75.077780664277498, 40.0579346389016 ], [ -75.078078176511198, 40.058113187246299 ], [ -75.078762329628702, 40.058509282759999 ], [ -75.079613540108497, 40.059003004570798 ], [ -75.079649423127407, 40.059024483188999 ], [ -75.080508985349098, 40.059536662682298 ], [ -75.081404746749399, 40.060041055866201 ], [ -75.082279506222704, 40.060556129587802 ], [ -75.083099853508102, 40.061027847779101 ], [ -75.083527347487703, 40.061279759419101 ], [ -75.083836021543206, 40.0614819213827 ], [ -75.083650059081705, 40.061658148540801 ], [ -75.0835868760838, 40.061763884074097 ], [ -75.083481318038906, 40.061991004222101 ], [ -75.083516776113697, 40.063734314412201 ], [ -75.083517418552702, 40.063765906290001 ], [ -75.083522257213204, 40.064242629161498 ], [ -75.083520520284097, 40.065543952832698 ], [ -75.083350674173403, 40.065619833210398 ], [ -75.083259000161704, 40.0656916608459 ], [ -75.083097396974793, 40.065847197324203 ], [ -75.082693542764005, 40.066250251435001 ], [ -75.082138165167507, 40.066773239227999 ], [ -75.081589397548399, 40.067331053432397 ], [ -75.080967424051806, 40.067983614642401 ], [ -75.080274201555596, 40.068610074124301 ], [ -75.079663666608496, 40.069212694092798 ], [ -75.079039841141096, 40.069812281072203 ], [ -75.078420867796794, 40.070422356612298 ], [ -75.077844973374695, 40.071003234441399 ], [ -75.077204658031803, 40.0716368340101 ], [ -75.076583633499098, 40.072236112366298 ], [ -75.0759019554947, 40.072893854679897 ], [ -75.074031886719993, 40.0719921283318 ], [ -75.073163254369305, 40.071575432122501 ], [ -75.072300597768404, 40.0711502579883 ], [ -75.071419036192694, 40.0707212286596 ], [ -75.070414118608198, 40.070229718530499 ], [ -75.068916747660595, 40.069511163278499 ], [ -75.067841163232302, 40.068968412711499 ], [ -75.067837789727307, 40.068966710221403 ], [ -75.0673582760123, 40.0687364446446 ], [ -75.065848526686906, 40.067840191615801 ], [ -75.064059933524902, 40.066778346986098 ], [ -75.063042556551594, 40.066152880577299 ], [ -75.062559380239804, 40.065846706456803 ], [ -75.062183222575399, 40.065612791284103 ], [ -75.061338343318496, 40.065065880200997 ], [ -75.059626596017694, 40.063983473009301 ], [ -75.057699897502005, 40.062796902874098 ], [ -75.056148066497499, 40.061841488033998 ], [ -75.054186314763697, 40.060727070294398 ], [ -75.052410021341402, 40.059748687762898 ], [ -75.052024918491995, 40.059544784038998 ], [ -75.050584449012106, 40.058778660008898 ], [ -75.048566868629095, 40.057677530686703 ], [ -75.0485541252921, 40.057659675182499 ], [ -75.048148095634204, 40.057447530211597 ], [ -75.047807213080304, 40.057256781503199 ], [ -75.047405229467003, 40.057040679748397 ], [ -75.047393300557999, 40.057039712581798 ], [ -75.047006060639305, 40.0568272089861 ], [ -75.046858692130499, 40.056747027231701 ], [ -75.048206759772697, 40.055377526052702 ], [ -75.049285420780706, 40.054282453741102 ], [ -75.0493303681789, 40.054235962930001 ], [ -75.049620387916207, 40.0539555154919 ], [ -75.050042948520996, 40.053539974968899 ], [ -75.050463586320802, 40.053088287574298 ], [ -75.050644397116002, 40.052844989414602 ], [ -75.050885200240103, 40.052443225147101 ], [ -75.051054781526105, 40.052060416571699 ], [ -75.051203002301705, 40.051455345694599 ], [ -75.051359473279007, 40.049559829455902 ], [ -75.051411003638407, 40.0489254509585 ], [ -75.051453659299, 40.048359157094801 ], [ -75.051572387908394, 40.047820437194297 ], [ -75.0517264982673, 40.0473900884705 ], [ -75.051981049542903, 40.046946827662303 ], [ -75.052288458752898, 40.046550785497899 ], [ -75.052829289007605, 40.046026475668597 ] ] ] } },
{ "type": "Feature", "properties": { "objectid": 18, "score": 17.4, "Shape__Area": 19255639.3046875, "Shape__Length": 22044.291401717335 }, "geometry": { "type": "Polygon", "coordinates": [ [ [ -74.998536419903999, 40.128206043259702 ], [ -74.997886789168902, 40.127826045278503 ], [ -74.997803632763393, 40.127911853764999 ], [ -74.9975739309848, 40.128127703988099 ], [ -74.997451385653306, 40.128259287633597 ], [ -74.994197017456301, 40.131518252599903 ], [ -74.993848535541105, 40.131862760570201 ], [ -74.993674905310499, 40.131742472654899 ], [ -74.993509580807498, 40.131623870376899 ], [ -74.993432789948002, 40.131559630488397 ], [ -74.993357062166993, 40.131469295229302 ], [ -74.993212512521097, 40.131327971093597 ], [ -74.993102668448103, 40.131193284065503 ], [ -74.992998491701499, 40.131058732596799 ], [ -74.9929232958971, 40.130955349900702 ], [ -74.992842609128502, 40.130824263892201 ], [ -74.992781992510103, 40.130734290462897 ], [ -74.992752832708902, 40.130614597150498 ], [ -74.992745629742302, 40.1305128443136 ], [ -74.992773485437397, 40.130432247173701 ], [ -74.992815329161601, 40.130309903038999 ], [ -74.992865671989705, 40.130234199013401 ], [ -74.992942456933207, 40.130205565740802 ], [ -74.993048695306001, 40.130196503198299 ], [ -74.993105528913205, 40.130100639092902 ], [ -74.993114262658693, 40.130025388218101 ], [ -74.993102278246397, 40.129901753873199 ], [ -74.9931355624947, 40.129803873736797 ], [ -74.993187971647501, 40.129770302138603 ], [ -74.993279866638105, 40.129742030840902 ], [ -74.993390705888103, 40.129712762005198 ], [ -74.993482776460098, 40.1296801419359 ], [ -74.993526096392799, 40.129637645295198 ], [ -74.993504313607204, 40.129522482161597 ], [ -74.993451132934098, 40.129435589638 ], [ -74.9934188403261, 40.129183767470899 ], [ -74.993423969946903, 40.129011204629698 ], [ -74.993508005974107, 40.128781035172501 ], [ -74.993661929355795, 40.128761505596501 ], [ -74.993693442605206, 40.128683899152598 ], [ -74.993784802978396, 40.128622237654099 ], [ -74.993813717963704, 40.128515545766902 ], [ -74.993796718413293, 40.128468701303099 ], [ -74.993661856649993, 40.128391461439399 ], [ -74.993688762979403, 40.128217968092301 ], [ -74.993669991099495, 40.128121742584199 ], [ -74.993753790001406, 40.127920590443999 ], [ -74.993895547376098, 40.127758556527901 ], [ -74.994006322863299, 40.127684300107703 ], [ -74.994101753378601, 40.127615481458598 ], [ -74.994238435882195, 40.127508469483097 ], [ -74.994409106296999, 40.127286180019603 ], [ -74.994474490576195, 40.127119412986602 ], [ -74.9945281902381, 40.126961074071403 ], [ -74.9945458223727, 40.126690131946297 ], [ -74.994482429310594, 40.126528986495003 ], [ -74.994428127894594, 40.126423202954697 ], [ -74.994351985400996, 40.126226924967298 ], [ -74.994277619943702, 40.126149682853999 ], [ -74.994154979517802, 40.126097405572999 ], [ -74.993926049779901, 40.126055640175302 ], [ -74.993482827267002, 40.126007288260801 ], [ -74.993148846232003, 40.1259455902591 ], [ -74.992877897256406, 40.125914425580497 ], [ -74.992637637970404, 40.125918823068197 ], [ -74.9923654507149, 40.125941319940502 ], [ -74.992045696945596, 40.125994600301702 ], [ -74.9917038683963, 40.126079276573201 ], [ -74.991455523903298, 40.126142974692698 ], [ -74.991068015327301, 40.126212040940601 ], [ -74.990783727123301, 40.126276327059401 ], [ -74.990621901361493, 40.126304369952699 ], [ -74.990397050784907, 40.126258969523199 ], [ -74.990295652748699, 40.126238495286799 ], [ -74.990082953206496, 40.126239195795399 ], [ -74.989742539778504, 40.1262426352394 ], [ -74.9895610617708, 40.126242633305097 ], [ -74.989339569455396, 40.1262039404766 ], [ -74.989157560687005, 40.126170548078797 ], [ -74.989060479246703, 40.126117427140798 ], [ -74.989043602649602, 40.126021246191399 ], [ -74.989013919910903, 40.125914599374703 ], [ -74.988978690532804, 40.125804917731799 ], [ -74.988992975004194, 40.125732702665701 ], [ -74.989068461280297, 40.125643092994203 ], [ -74.989074010096999, 40.125576472736 ], [ -74.989015231975202, 40.125487992895998 ], [ -74.988940223681396, 40.125426694860899 ], [ -74.988799177797702, 40.125315923439999 ], [ -74.988714729874701, 40.125161525153402 ], [ -74.988696260054695, 40.125104486799501 ], [ -74.988501934821102, 40.124700754363502 ], [ -74.988484411850706, 40.124574082857897 ], [ -74.988391532693001, 40.124278720536303 ], [ -74.988363385369098, 40.124180817259102 ], [ -74.9882749261143, 40.124078564140397 ], [ -74.988209066648295, 40.124024740638497 ], [ -74.988059228762495, 40.123967449602297 ], [ -74.987840694583397, 40.123949140873798 ], [ -74.987708266635707, 40.123905327607503 ], [ -74.987544385634706, 40.1237983599041 ], [ -74.9873869394564, 40.123672680859599 ], [ -74.987316420626101, 40.123594075728299 ], [ -74.987196565693097, 40.123520089837299 ], [ -74.9870467283816, 40.123486015958001 ], [ -74.986845908592699, 40.1233346248803 ], [ -74.986671177051605, 40.123169348688599 ], [ -74.986548727925594, 40.123066276516397 ], [ -74.986492782841793, 40.123047518164903 ], [ -74.9864262736358, 40.123056078501001 ], [ -74.986245032871295, 40.1231431447831 ], [ -74.986038117159396, 40.123257166472399 ], [ -74.985921320566305, 40.123339977462201 ], [ -74.985676042723199, 40.1234908066155 ], [ -74.985529320389105, 40.1236120788571 ], [ -74.985134488842604, 40.123837673685699 ], [ -74.9850001629556, 40.123909903734898 ], [ -74.984866608322903, 40.123940069012498 ], [ -74.984700125022897, 40.123943322159398 ], [ -74.984554183208502, 40.123906435458103 ], [ -74.984456340891299, 40.123848939326599 ], [ -74.984387890811604, 40.1237660288839 ], [ -74.984359632309406, 40.123671023990397 ], [ -74.984307646974202, 40.123601569545102 ], [ -74.984214465767195, 40.123568854651197 ], [ -74.984080264749196, 40.123568529376698 ], [ -74.983976748732402, 40.123603768918699 ], [ -74.983678483916094, 40.123616910952798 ], [ -74.983545224926303, 40.123639826256799 ], [ -74.983439825459499, 40.123628583813698 ], [ -74.983138690094805, 40.123457358757101 ], [ -74.982907365584197, 40.123335700579503 ], [ -74.982820797365605, 40.123279924927701 ], [ -74.982683071598402, 40.123157616082999 ], [ -74.982612683414999, 40.123029672308299 ], [ -74.982586730114804, 40.122924564813999 ], [ -74.982586215568404, 40.122798301416303 ], [ -74.982603513611195, 40.122745025032202 ], [ -74.982739270749803, 40.122545130545298 ], [ -74.982757989278198, 40.1224570603245 ], [ -74.982724128017296, 40.122360469477201 ], [ -74.9826352114343, 40.122223372740898 ], [ -74.982507125570606, 40.1219576316212 ], [ -74.982448648770003, 40.121908336393297 ], [ -74.982327493205005, 40.121912675964801 ], [ -74.982259627377502, 40.121908140242802 ], [ -74.982192123568595, 40.1218484698745 ], [ -74.982194965460394, 40.121778882259797 ], [ -74.982253163674599, 40.1216961163828 ], [ -74.982380005435601, 40.121529384051499 ], [ -74.982389874794094, 40.1214265892675 ], [ -74.982413672760003, 40.121306716574203 ], [ -74.982456229917105, 40.121236634109302 ], [ -74.982601762143702, 40.121190797675197 ], [ -74.982771310374403, 40.121158599080601 ], [ -74.982932423357596, 40.121101527011596 ], [ -74.9830039578233, 40.121016179147198 ], [ -74.983069239517206, 40.120898755333499 ], [ -74.983082528132101, 40.120804749695601 ], [ -74.983079419483204, 40.120649401665901 ], [ -74.983035005770702, 40.120464037206801 ], [ -74.9829845631388, 40.120356888811401 ], [ -74.982923020789997, 40.120290106029501 ], [ -74.982789365382999, 40.1202302948358 ], [ -74.982715900877693, 40.120177736681804 ], [ -74.9826748952636, 40.120117252509601 ], [ -74.982619785528598, 40.120054978247602 ], [ -74.982516285888593, 40.119997343076498 ], [ -74.982372656094697, 40.1199503514366 ], [ -74.982165823031096, 40.119923606274497 ], [ -74.981982709704894, 40.119917747186598 ], [ -74.981834883443796, 40.119927249595698 ], [ -74.981698972428902, 40.119968963607199 ], [ -74.981588728781503, 40.120030160931698 ], [ -74.981508877346897, 40.120087735073199 ], [ -74.981359804336293, 40.120150899554403 ], [ -74.981205482169599, 40.1201805604451 ], [ -74.981053937627905, 40.120188520805698 ], [ -74.980871119828393, 40.120175411694298 ], [ -74.980726779973196, 40.120145814722001 ], [ -74.980413612250899, 40.120084579966601 ], [ -74.980292707633893, 40.120013464496303 ], [ -74.980105979481394, 40.119858284329197 ], [ -74.981212618463402, 40.119109491992297 ], [ -74.982206798484299, 40.118401002522702 ], [ -74.983243942598605, 40.117638268103498 ], [ -74.983616680635706, 40.117308270399498 ], [ -74.984705688264498, 40.116489169938198 ], [ -74.987924346934804, 40.114253217114303 ], [ -74.989681458643702, 40.113070062640297 ], [ -74.990062016786595, 40.112793038105799 ], [ -74.990866354263602, 40.112231191284401 ], [ -74.996798831710194, 40.108126832852101 ], [ -74.996832633589307, 40.108103445115397 ], [ -74.996943105823803, 40.1080275197045 ], [ -74.996959718724398, 40.108016285595497 ], [ -74.999047401172604, 40.1066044539036 ], [ -74.999053298596806, 40.106600387027498 ], [ -75.001648064087107, 40.104810600172002 ], [ -75.002242763482002, 40.104404090274599 ], [ -75.003135702888798, 40.103793701510902 ], [ -75.005282135014198, 40.102300294637303 ], [ -75.006241155724993, 40.101644794647399 ], [ -75.008498659401695, 40.100088505491598 ], [ -75.009488281726405, 40.0994159993637 ], [ -75.011700021505305, 40.097897830363699 ], [ -75.012155740309296, 40.097577780456 ], [ -75.012758716609596, 40.097145873727897 ], [ -75.013347366657797, 40.096678991080601 ], [ -75.013902994702704, 40.096223473689498 ], [ -75.014728307300103, 40.095394537111801 ], [ -75.014950282154402, 40.0951810242588 ], [ -75.015255961045796, 40.094859234563998 ], [ -75.015369646414101, 40.094743572642003 ], [ -75.015530614352699, 40.0948694491141 ], [ -75.015618377128305, 40.094931395653198 ], [ -75.018235020902793, 40.097114169988103 ], [ -75.018877824761901, 40.0976469121821 ], [ -75.019728746283306, 40.098355983188704 ], [ -75.021851094340406, 40.1001102898204 ], [ -75.021860603513403, 40.100118149206402 ], [ -75.022089087916598, 40.1002212616851 ], [ -75.022294545684602, 40.100286055086798 ], [ -75.022791806629698, 40.100424344164402 ], [ -75.023928778687406, 40.100711979953097 ], [ -75.0240666162438, 40.100746849110003 ], [ -75.025658168094495, 40.1011514001774 ], [ -75.026969978960906, 40.101515354006303 ], [ -75.027637860977507, 40.101774988015997 ], [ -75.027914749936997, 40.1019582398715 ], [ -75.028886329620804, 40.1025523485227 ], [ -75.028398685366597, 40.103562094648403 ], [ -75.027714559814996, 40.105088967094801 ], [ -75.027050876508895, 40.106657353252899 ], [ -75.026307529193105, 40.1083339042818 ], [ -75.025588071337907, 40.109321475281199 ], [ -75.0251442560334, 40.109964814064497 ], [ -75.024765908969499, 40.1105616291172 ], [ -75.024308643692393, 40.111191092722798 ], [ -75.023044566164302, 40.113007190893804 ], [ -75.024702379478398, 40.113973692977503 ], [ -75.026250953698593, 40.114892233342701 ], [ -75.026921773248006, 40.115282165119801 ], [ -75.0272331940931, 40.115431221857499 ], [ -75.0277354458849, 40.115607465979501 ], [ -75.0280639140029, 40.1157095414164 ], [ -75.029233612390698, 40.115979439649202 ], [ -75.030061828880704, 40.116308012548501 ], [ -75.030441583469695, 40.116550615275699 ], [ -75.030174445113303, 40.116812935214597 ], [ -75.031710725089198, 40.118688562590101 ], [ -75.030482971518197, 40.120763420827203 ], [ -75.030311689831706, 40.121232169113597 ], [ -75.030567885470902, 40.121306699549301 ], [ -75.030845110587705, 40.121324195557797 ], [ -75.031072936452006, 40.1213295823229 ], [ -75.031409984172896, 40.121320718117403 ], [ -75.031626758123906, 40.122026026702102 ], [ -75.0321458968575, 40.121940325875499 ], [ -75.032649415576898, 40.121795580969199 ], [ -75.033740511060998, 40.121386037427399 ], [ -75.034875270020507, 40.120983787795801 ], [ -75.036497906995294, 40.120400055035802 ], [ -75.037672512194007, 40.120152664618701 ], [ -75.037910446726997, 40.120176647780298 ], [ -75.031655423949303, 40.124512852323598 ], [ -75.025788718780603, 40.128579046565001 ], [ -75.025357117674005, 40.1288984901269 ], [ -75.024894625191195, 40.129225840376698 ], [ -75.020574017897403, 40.132283704844397 ], [ -75.017952533017507, 40.134857423305398 ], [ -75.014967423941499, 40.137934840108798 ], [ -75.014562405754305, 40.137688766305899 ], [ -75.013870162182897, 40.137267470819403 ], [ -75.012235677972299, 40.136266395070301 ], [ -75.011461067752506, 40.135791950224203 ], [ -75.0106239327786, 40.1352791955604 ], [ -75.010429489665398, 40.135160095363403 ], [ -75.009464935918004, 40.134579241572602 ], [ -75.009095551596005, 40.134364291748 ], [ -75.008337700632197, 40.133923282124599 ], [ -75.006903518988295, 40.133088668518504 ], [ -75.005960345530298, 40.132540019062901 ], [ -75.003271745394898, 40.1309759524434 ], [ -75.000953452955898, 40.129619386703098 ], [ -74.999741846940495, 40.128915141971198 ], [ -74.998536419903999, 40.128206043259702 ] ] ] } },
{ "type": "Feature", "properties": { "objectid": 19, "score": 15.7, "Shape__Area": 9322436.15625, "Shape__Length": 18708.74863679105 }, "geometry": { "type": "MultiPolygon", "coordinates": [ [ [ [ -75.048457434274297, 40.078476429653698 ], [ -75.048185412650795, 40.078444790246401 ], [ -75.047781130443497, 40.078447956553603 ], [ -75.047433269624307, 40.078484129989398 ], [ -75.047072206811393, 40.078437621738402 ], [ -75.046720394670302, 40.078365987138703 ], [ -75.046313173092798, 40.078236022306697 ], [ -75.045955898459994, 40.078094559793897 ], [ -75.045616619560903, 40.077915503637598 ], [ -75.045351001390898, 40.077750852113297 ], [ -75.045183509892198, 40.077607517189101 ], [ -75.045056715064206, 40.077477812167103 ], [ -75.044963639589696, 40.077329892244002 ], [ -75.044895284602603, 40.077182554116597 ], [ -75.044829454834002, 40.076971915351599 ], [ -75.044744368332303, 40.076830519414798 ], [ -75.044625598515097, 40.076733511887397 ], [ -75.044584615876403, 40.076700037287402 ], [ -75.044377190895602, 40.076524080967602 ], [ -75.044202726991301, 40.076348900308602 ], [ -75.043984127611694, 40.076039623351903 ], [ -75.043818411319606, 40.075851975560496 ], [ -75.043506111826403, 40.075410602184597 ], [ -75.043448276728498, 40.075206486191803 ], [ -75.0434730499327, 40.075020466866398 ], [ -75.043483605803999, 40.074941204276101 ], [ -75.043582328803694, 40.074740775227603 ], [ -75.043813488829699, 40.074321704331602 ], [ -75.043880512966297, 40.074088848733403 ], [ -75.043890363235107, 40.073841974303697 ], [ -75.043675214035403, 40.073653163306403 ], [ -75.043382624114599, 40.073544895244197 ], [ -75.042998387961703, 40.073459812564799 ], [ -75.042731781792497, 40.0733204741272 ], [ -75.042343098566505, 40.073140243413199 ], [ -75.041855920419593, 40.072948185990199 ], [ -75.041613785393096, 40.072815758576503 ], [ -75.041389900445296, 40.072639408602399 ], [ -75.041322821957095, 40.072460418041302 ], [ -75.041363112387401, 40.072277622100202 ], [ -75.041476040935606, 40.072134554281398 ], [ -75.041814470336504, 40.0719207688891 ], [ -75.042086476700703, 40.071718089454997 ], [ -75.042490159392898, 40.071315757934499 ], [ -75.042763423512497, 40.071081425878802 ], [ -75.042854156315201, 40.070874473978797 ], [ -75.043026873894803, 40.070473035516102 ], [ -75.043577498963003, 40.069488077422697 ], [ -75.0437636569049, 40.069162986764397 ], [ -75.043861454224697, 40.068778791378101 ], [ -75.043889139976301, 40.068291566777702 ], [ -75.043864770859201, 40.068075567326801 ], [ -75.043784307645893, 40.067405219317003 ], [ -75.043680832048807, 40.067104988156203 ], [ -75.043510182847001, 40.066834854910702 ], [ -75.043321036166901, 40.066614973982503 ], [ -75.043120114911403, 40.066483519164599 ], [ -75.042893215343994, 40.066383132876403 ], [ -75.042524740349606, 40.066317427391397 ], [ -75.042148784094607, 40.066232534889402 ], [ -75.041814529137795, 40.0661359525715 ], [ -75.041471922218506, 40.066026760391402 ], [ -75.041342236724205, 40.065985426821896 ], [ -75.041331754934504, 40.065981605274402 ], [ -75.042452631028894, 40.063481551507998 ], [ -75.042912914256604, 40.062416726636499 ], [ -75.044203255367506, 40.0594861198066 ], [ -75.044240186400302, 40.059412445731901 ], [ -75.044277188907401, 40.059365137048601 ], [ -75.044704347016307, 40.058818993478901 ], [ -75.044817751031403, 40.058673998931503 ], [ -75.0449671828449, 40.058512694588899 ], [ -75.045956240054196, 40.057605279062997 ], [ -75.046480873929596, 40.057140560907897 ], [ -75.046858692130499, 40.056747027231701 ], [ -75.047006060639305, 40.0568272089861 ], [ -75.047393300557999, 40.057039712581798 ], [ -75.047405229467003, 40.057040679748397 ], [ -75.047807213080304, 40.057256781503199 ], [ -75.048148095634204, 40.057447530211597 ], [ -75.0485541252921, 40.057659675182499 ], [ -75.048566868629095, 40.057677530686703 ], [ -75.050584449012106, 40.058778660008898 ], [ -75.052024918491995, 40.059544784038998 ], [ -75.052410021341402, 40.059748687762898 ], [ -75.054186314763697, 40.060727070294398 ], [ -75.056148066497499, 40.061841488033998 ], [ -75.057699897502005, 40.062796902874098 ], [ -75.059626596017694, 40.063983473009301 ], [ -75.061338343318496, 40.065065880200997 ], [ -75.062183222575399, 40.065612791284103 ], [ -75.062559380239804, 40.065846706456803 ], [ -75.063042556551594, 40.066152880577299 ], [ -75.064059933524902, 40.066778346986098 ], [ -75.065848526686906, 40.067840191615801 ], [ -75.0673582760123, 40.0687364446446 ], [ -75.067837789727307, 40.068966710221403 ], [ -75.067841163232302, 40.068968412711499 ], [ -75.067796654557796, 40.068987517560501 ], [ -75.067498133978305, 40.069116704596901 ], [ -75.067200271096496, 40.0692468117972 ], [ -75.066903105118698, 40.069377859944197 ], [ -75.066606675251094, 40.069509869820699 ], [ -75.066311016945505, 40.069642864583102 ], [ -75.066015505916099, 40.0697761603301 ], [ -75.065719787492498, 40.069909400053298 ], [ -75.065425020834994, 40.070043863181603 ], [ -75.065132381545496, 40.070180846941597 ], [ -75.064843047208299, 40.070321650199901 ], [ -75.064557885852395, 40.070467248217597 ], [ -75.0642754437783, 40.070616114952003 ], [ -75.063995135027, 40.070767528731501 ], [ -75.063716709699904, 40.070921109519098 ], [ -75.063439920749104, 40.071076480505504 ], [ -75.063164519385893, 40.071233262729102 ], [ -75.062890258341994, 40.0713910793705 ], [ -75.062617083065007, 40.071549898226799 ], [ -75.062345467592806, 40.071710435400703 ], [ -75.062075668366006, 40.071872841559497 ], [ -75.061807932002097, 40.072037238140901 ], [ -75.0615424972097, 40.072203744114802 ], [ -75.061279609618296, 40.072372477033397 ], [ -75.061018693321003, 40.0725430395592 ], [ -75.060759161773007, 40.072715031464497 ], [ -75.060501450341505, 40.072888707090598 ], [ -75.060245998203897, 40.0730643228056 ], [ -75.059993243250702, 40.073242132841699 ], [ -75.059743619924006, 40.073422391881799 ], [ -75.059497455730494, 40.073605299201702 ], [ -75.059254224761403, 40.073790541066302 ], [ -75.059013320209999, 40.073977651383203 ], [ -75.058774184266397, 40.074166180494402 ], [ -75.058536252977206, 40.074355677889599 ], [ -75.058298967168398, 40.0745456936938 ], [ -75.0580617642795, 40.074735776892801 ], [ -75.0578240847004, 40.074925477064497 ], [ -75.057585366022195, 40.075114345122799 ], [ -75.0555267200521, 40.076679421957898 ], [ -75.055377950714202, 40.0767925191088 ], [ -75.055347098033096, 40.076724798531899 ], [ -75.0551748690349, 40.076492663220797 ], [ -75.054986412264896, 40.076253810946099 ], [ -75.054798477471607, 40.076100344576702 ], [ -75.054786699030799, 40.076090726218197 ], [ -75.054561511143007, 40.075946052167502 ], [ -75.054315566323993, 40.075908603450998 ], [ -75.054149003881193, 40.075949048475699 ], [ -75.0539971599963, 40.076034190718801 ], [ -75.053967909845795, 40.076147553520897 ], [ -75.053931361800593, 40.076444488833999 ], [ -75.053870029751707, 40.076949932148302 ], [ -75.053779322428795, 40.077156892667396 ], [ -75.053624833015803, 40.077308501021001 ], [ -75.053463485465898, 40.077425099580402 ], [ -75.053254710936699, 40.077489896568601 ], [ -75.052914594654993, 40.077538939685503 ], [ -75.052633165748603, 40.0775640144075 ], [ -75.052344757703807, 40.077557244866298 ], [ -75.052130006220395, 40.077564876158597 ], [ -75.051987906415604, 40.077612228564597 ], [ -75.051867254191393, 40.077742452592801 ], [ -75.051687659873096, 40.077902972382297 ], [ -75.051508316541302, 40.078057162728904 ], [ -75.051229836658706, 40.078215359923703 ], [ -75.050968087439102, 40.078367614319603 ], [ -75.050650167300105, 40.078480531696798 ], [ -75.050391690164602, 40.0785504925135 ], [ -75.050158944801794, 40.078595713433401 ], [ -75.049960923998199, 40.078597397484998 ], [ -75.049738936589307, 40.078579510568801 ], [ -75.049410076803696, 40.078552774912701 ], [ -75.048834007804103, 40.078520228097503 ], [ -75.048634194326098, 40.078496988096497 ], [ -75.048457434274297, 40.078476429653698 ] ] ], [ [ [ -75.073016276978606, 40.0787903505611 ], [ -75.071010399740501, 40.077691385665702 ], [ -75.071635586368899, 40.0770897615322 ], [ -75.072244863014106, 40.076467962385898 ], [ -75.072865163680902, 40.075863940416298 ], [ -75.073480661867407, 40.075269287921103 ], [ -75.074725655043395, 40.074058107831803 ], [ -75.075278311276307, 40.073496278727603 ], [ -75.0759019554947, 40.072893854679897 ], [ -75.076583633499098, 40.072236112366298 ], [ -75.077204658031803, 40.0716368340101 ], [ -75.077844973374695, 40.071003234441399 ], [ -75.078420867796794, 40.070422356612298 ], [ -75.079039841141096, 40.069812281072203 ], [ -75.079663666608496, 40.069212694092798 ], [ -75.080274201555596, 40.068610074124301 ], [ -75.080967424051806, 40.067983614642401 ], [ -75.081589397548399, 40.067331053432397 ], [ -75.082138165167507, 40.066773239227999 ], [ -75.082693542764005, 40.066250251435001 ], [ -75.083097396974793, 40.065847197324203 ], [ -75.083259000161704, 40.0656916608459 ], [ -75.083350674173403, 40.065619833210398 ], [ -75.083520520284097, 40.065543952832698 ], [ -75.083522257213204, 40.064242629161498 ], [ -75.083517418552702, 40.063765906290001 ], [ -75.083516776113697, 40.063734314412201 ], [ -75.083481318038906, 40.061991004222101 ], [ -75.0835868760838, 40.061763884074097 ], [ -75.083650059081705, 40.061658148540801 ], [ -75.083836021543206, 40.0614819213827 ], [ -75.084782037572197, 40.062053409845703 ], [ -75.085732619040101, 40.062598738998702 ], [ -75.085742620677493, 40.062604476297402 ], [ -75.086570535423405, 40.063099146460601 ], [ -75.086991952829393, 40.063330345641802 ], [ -75.087067088007004, 40.0633715650117 ], [ -75.087466289227294, 40.063593396559 ], [ -75.087898771655802, 40.063845047126897 ], [ -75.088766844240197, 40.064350145375798 ], [ -75.089447930880596, 40.064745601225702 ], [ -75.090372342126798, 40.065284287049401 ], [ -75.091960362102895, 40.066208211057003 ], [ -75.093246250217106, 40.066956318568103 ], [ -75.096740029875406, 40.0689887820607 ], [ -75.094044358531903, 40.0716413818813 ], [ -75.093855262574607, 40.071827857205299 ], [ -75.093822309494001, 40.071860353578401 ], [ -75.089962428990205, 40.0756692565066 ], [ -75.089521706916301, 40.0761041222232 ], [ -75.0891925093498, 40.076416871728 ], [ -75.087940065704103, 40.077606705116999 ], [ -75.086949449863198, 40.078668588437203 ], [ -75.086878551362503, 40.0786151099365 ], [ -75.083417459779795, 40.081962544162003 ], [ -75.0824596298242, 40.082893223471203 ], [ -75.081683850158797, 40.083646989313003 ], [ -75.078846758692293, 40.082057386897802 ], [ -75.077870589410793, 40.081510412499 ], [ -75.077124709608199, 40.0810892521068 ], [ -75.076261202516505, 40.0806148326566 ], [ -75.075170222939406, 40.080000172974998 ], [ -75.074637458032896, 40.079700005786997 ], [ -75.0737069871209, 40.079191452954298 ], [ -75.073016276978606, 40.0787903505611 ] ] ] ] } },
{ "type": "Feature", "properties": { "objectid": 20, "score": 16.8, "Shape__Area": 12900054.28125, "Shape__Length": 15959.700257708075 }, "geometry": { "type": "Polygon", "coordinates": [ [ [ -75.031626758123906, 40.122026026702102 ], [ -75.031409984172896, 40.121320718117403 ], [ -75.031072936452006, 40.1213295823229 ], [ -75.030845110587705, 40.121324195557797 ], [ -75.030567885470902, 40.121306699549301 ], [ -75.030311689831706, 40.121232169113597 ], [ -75.030482971518197, 40.120763420827203 ], [ -75.031710725089198, 40.118688562590101 ], [ -75.030174445113303, 40.116812935214597 ], [ -75.030441583469695, 40.116550615275699 ], [ -75.030061828880704, 40.116308012548501 ], [ -75.029233612390698, 40.115979439649202 ], [ -75.0280639140029, 40.1157095414164 ], [ -75.0277354458849, 40.115607465979501 ], [ -75.0272331940931, 40.115431221857499 ], [ -75.026921773248006, 40.115282165119801 ], [ -75.026250953698593, 40.114892233342701 ], [ -75.024702379478398, 40.113973692977503 ], [ -75.023044566164302, 40.113007190893804 ], [ -75.024308643692393, 40.111191092722798 ], [ -75.024765908969499, 40.1105616291172 ], [ -75.0251442560334, 40.109964814064497 ], [ -75.025588071337907, 40.109321475281199 ], [ -75.026307529193105, 40.1083339042818 ], [ -75.027050876508895, 40.106657353252899 ], [ -75.027714559814996, 40.105088967094801 ], [ -75.028398685366597, 40.103562094648403 ], [ -75.028886329620804, 40.1025523485227 ], [ -75.029866220338604, 40.100410585350801 ], [ -75.0301471476442, 40.0997663313616 ], [ -75.0304805821537, 40.098098021424299 ], [ -75.030575530235694, 40.097164288545002 ], [ -75.030623373866106, 40.096782394218501 ], [ -75.030727248449907, 40.095544178993798 ], [ -75.030727660494904, 40.095540017008901 ], [ -75.030794927855496, 40.094860805954902 ], [ -75.030840639763198, 40.094550273075797 ], [ -75.030901840439597, 40.094358724435097 ], [ -75.030933482404194, 40.0942255306622 ], [ -75.030930306595394, 40.0940605838883 ], [ -75.031045857440404, 40.093903913813499 ], [ -75.031107669271506, 40.093821903232602 ], [ -75.031302738951993, 40.093501250911103 ], [ -75.032707279829395, 40.091033265689198 ], [ -75.033549863901001, 40.089591612246103 ], [ -75.033960587199303, 40.088978031436099 ], [ -75.034634181423201, 40.088268490239201 ], [ -75.035472710822205, 40.087393781212498 ], [ -75.035818473926795, 40.087008453225103 ], [ -75.036271760612294, 40.086583481329299 ], [ -75.036760491825405, 40.086202148698597 ], [ -75.037233033987803, 40.085729231468797 ], [ -75.037500696114506, 40.085468764855698 ], [ -75.037850779938097, 40.085729861665598 ], [ -75.038183126184705, 40.085896839584699 ], [ -75.038644303480396, 40.086139190247302 ], [ -75.039151948853402, 40.086397101332103 ], [ -75.039614289362802, 40.086610540840297 ], [ -75.040336607049795, 40.086916910096299 ], [ -75.041069133040693, 40.087177511381299 ], [ -75.0414913573467, 40.087347212080097 ], [ -75.041672176301802, 40.087419886799502 ], [ -75.042245262820103, 40.0876153052508 ], [ -75.042610270834899, 40.0877562177429 ], [ -75.043718583537895, 40.088205189045198 ], [ -75.044141096269996, 40.088388233898698 ], [ -75.044338155412305, 40.088491966290597 ], [ -75.045686995036704, 40.089030572414202 ], [ -75.0458169273397, 40.0892406756779 ], [ -75.046027429973194, 40.089520208281698 ], [ -75.046343476884502, 40.090021888563598 ], [ -75.047055627855997, 40.091089215168601 ], [ -75.047509849631993, 40.0917655442463 ], [ -75.047550156329905, 40.091844354858203 ], [ -75.047569409546, 40.091929190475703 ], [ -75.048125567811894, 40.092414672207703 ], [ -75.048690491996595, 40.092923355217202 ], [ -75.050754633460201, 40.0947891811498 ], [ -75.051488512790897, 40.0941002764933 ], [ -75.052102582202707, 40.093519467953001 ], [ -75.052626931284493, 40.093023509067301 ], [ -75.052651000437805, 40.093002082875998 ], [ -75.052677667773906, 40.093018086833901 ], [ -75.052780142152102, 40.093085878468798 ], [ -75.052848763450299, 40.093123387994602 ], [ -75.052944165170004, 40.093180116201601 ], [ -75.052993232367797, 40.093205627083996 ], [ -75.053044825322004, 40.093230556701201 ], [ -75.053084165337907, 40.093248787826703 ], [ -75.0531276747747, 40.093267116757303 ], [ -75.053155595226599, 40.093278669999599 ], [ -75.053175380002202, 40.093284903604903 ], [ -75.053200269051999, 40.093288692486503 ], [ -75.053262583067394, 40.093295924702197 ], [ -75.053368764174493, 40.093312518822302 ], [ -75.0534812846074, 40.093337594404098 ], [ -75.053561511805896, 40.0933561438071 ], [ -75.053626550446694, 40.093378824085299 ], [ -75.053679887925796, 40.093401871417697 ], [ -75.053728350428997, 40.093421598529098 ], [ -75.053789798504496, 40.093450605487398 ], [ -75.053852710909894, 40.093484774638902 ], [ -75.053912365150694, 40.093516944425303 ], [ -75.054058273856, 40.093604985507 ], [ -75.054209237421603, 40.0936918625288 ], [ -75.054426349890207, 40.093815548529903 ], [ -75.056152185447203, 40.094577907447501 ], [ -75.062250149472902, 40.0946603302732 ], [ -75.062395956709807, 40.094762058350398 ], [ -75.062557724297804, 40.0948571131593 ], [ -75.062823181097102, 40.095013266611602 ], [ -75.062934396260104, 40.095067905006701 ], [ -75.063310864146203, 40.094917094784698 ], [ -75.063525601016707, 40.094853658664498 ], [ -75.063782356584795, 40.094800983792098 ], [ -75.064012052302601, 40.094765188754501 ], [ -75.064238029945102, 40.094762734177401 ], [ -75.064931782578, 40.094728600444398 ], [ -75.064997814985304, 40.095052350528498 ], [ -75.065064299940602, 40.0952471568513 ], [ -75.065240557175301, 40.0957854960795 ], [ -75.065292851633899, 40.095965908303398 ], [ -75.065347222942506, 40.096177046694699 ], [ -75.065456600212897, 40.096601782772098 ], [ -75.0655375247362, 40.096915865957698 ], [ -75.065558952295802, 40.097166880055703 ], [ -75.065547899223702, 40.097446040921 ], [ -75.065491668273907, 40.097877701190498 ], [ -75.065412358046402, 40.098270689584297 ], [ -75.065238269356797, 40.098650591695197 ], [ -75.065117038725106, 40.098869284907302 ], [ -75.064935369444399, 40.0991015931722 ], [ -75.064244737978399, 40.099815787400097 ], [ -75.063746777718094, 40.100330726773102 ], [ -75.063566857508405, 40.100523382821201 ], [ -75.062822100802904, 40.101291218378599 ], [ -75.061418763789703, 40.102737980861498 ], [ -75.060317383091203, 40.103876775214196 ], [ -75.059554711823793, 40.104665325783799 ], [ -75.059229762787396, 40.105001293063403 ], [ -75.0584259175846, 40.105831981500799 ], [ -75.058293025399394, 40.105924905315497 ], [ -75.055341376679294, 40.107990525577101 ], [ -75.055329341335394, 40.107998947570699 ], [ -75.054274698150707, 40.10873695595 ], [ -75.054268282425198, 40.108741444943199 ], [ -75.052975053490897, 40.109646374246601 ], [ -75.048564008622407, 40.112724657766698 ], [ -75.048544068241299, 40.112738572637298 ], [ -75.044275129706193, 40.115717255736897 ], [ -75.039045324860396, 40.119365816145098 ], [ -75.038339429343395, 40.119879228492699 ], [ -75.037910446726997, 40.120176647780298 ], [ -75.037672512194007, 40.120152664618701 ], [ -75.036497906995294, 40.120400055035802 ], [ -75.034875270020507, 40.120983787795801 ], [ -75.033740511060998, 40.121386037427399 ], [ -75.032649415576898, 40.121795580969199 ], [ -75.0321458968575, 40.121940325875499 ], [ -75.031626758123906, 40.122026026702102 ] ] ] } },
{ "type": "Feature", "properties": { "objectid": 21, "score": 17.5, "Shape__Area": 16591480.046875, "Shape__Length": 25834.679129805492 }, "geometry": { "type": "Polygon", "coordinates": [ [ [ -75.022874460759596, 40.086992838117602 ], [ -75.0250644693769, 40.084716333696598 ], [ -75.026315413282205, 40.083426490696198 ], [ -75.026835774256398, 40.082889929811898 ], [ -75.028777215695797, 40.080873874146299 ], [ -75.030410951696396, 40.079186355453999 ], [ -75.032828596544206, 40.076673629637298 ], [ -75.0333942406874, 40.076102132990101 ], [ -75.034952546367506, 40.074467613979401 ], [ -75.036047054418603, 40.073336524108797 ], [ -75.036192162459898, 40.073206264753402 ], [ -75.037363302129194, 40.071960539279303 ], [ -75.038135684335003, 40.071173205680601 ], [ -75.038992542580203, 40.070290499135403 ], [ -75.039191400204203, 40.0700423350374 ], [ -75.039575812046806, 40.069573787719001 ], [ -75.039907287286098, 40.069057165796103 ], [ -75.040110062891102, 40.068710760065102 ], [ -75.040578542637405, 40.067661494885002 ], [ -75.041207937926998, 40.066257759567598 ], [ -75.041331754934504, 40.065981605274402 ], [ -75.041342236724205, 40.065985426821896 ], [ -75.041471922218506, 40.066026760391402 ], [ -75.041814529137795, 40.0661359525715 ], [ -75.042148784094607, 40.066232534889402 ], [ -75.042524740349606, 40.066317427391397 ], [ -75.042893215343994, 40.066383132876403 ], [ -75.043120114911403, 40.066483519164599 ], [ -75.043321036166901, 40.066614973982503 ], [ -75.043510182847001, 40.066834854910702 ], [ -75.043680832048807, 40.067104988156203 ], [ -75.043784307645893, 40.067405219317003 ], [ -75.043864770859201, 40.068075567326801 ], [ -75.043889139976301, 40.068291566777702 ], [ -75.043861454224697, 40.068778791378101 ], [ -75.0437636569049, 40.069162986764397 ], [ -75.043577498963003, 40.069488077422697 ], [ -75.043026873894803, 40.070473035516102 ], [ -75.042854156315201, 40.070874473978797 ], [ -75.042763423512497, 40.071081425878802 ], [ -75.042490159392898, 40.071315757934499 ], [ -75.042086476700703, 40.071718089454997 ], [ -75.041814470336504, 40.0719207688891 ], [ -75.041476040935606, 40.072134554281398 ], [ -75.041363112387401, 40.072277622100202 ], [ -75.041322821957095, 40.072460418041302 ], [ -75.041389900445296, 40.072639408602399 ], [ -75.041613785393096, 40.072815758576503 ], [ -75.041855920419593, 40.072948185990199 ], [ -75.042343098566505, 40.073140243413199 ], [ -75.042731781792497, 40.0733204741272 ], [ -75.042998387961703, 40.073459812564799 ], [ -75.043382624114599, 40.073544895244197 ], [ -75.043675214035403, 40.073653163306403 ], [ -75.043890363235107, 40.073841974303697 ], [ -75.043880512966297, 40.074088848733403 ], [ -75.043813488829699, 40.074321704331602 ], [ -75.043582328803694, 40.074740775227603 ], [ -75.043483605803999, 40.074941204276101 ], [ -75.0434730499327, 40.075020466866398 ], [ -75.043448276728498, 40.075206486191803 ], [ -75.043506111826403, 40.075410602184597 ], [ -75.043818411319606, 40.075851975560496 ], [ -75.043984127611694, 40.076039623351903 ], [ -75.044202726991301, 40.076348900308602 ], [ -75.044377190895602, 40.076524080967602 ], [ -75.044584615876403, 40.076700037287402 ], [ -75.044625598515097, 40.076733511887397 ], [ -75.044744368332303, 40.076830519414798 ], [ -75.044829454834002, 40.076971915351599 ], [ -75.044895284602603, 40.077182554116597 ], [ -75.044963639589696, 40.077329892244002 ], [ -75.045056715064206, 40.077477812167103 ], [ -75.045183509892198, 40.077607517189101 ], [ -75.045351001390898, 40.077750852113297 ], [ -75.045616619560903, 40.077915503637598 ], [ -75.045955898459994, 40.078094559793897 ], [ -75.046313173092798, 40.078236022306697 ], [ -75.046720394670302, 40.078365987138703 ], [ -75.047072206811393, 40.078437621738402 ], [ -75.047433269624307, 40.078484129989398 ], [ -75.047781130443497, 40.078447956553603 ], [ -75.048185412650795, 40.078444790246401 ], [ -75.048457434274297, 40.078476429653698 ], [ -75.048634194326098, 40.078496988096497 ], [ -75.048834007804103, 40.078520228097503 ], [ -75.049410076803696, 40.078552774912701 ], [ -75.049738936589307, 40.078579510568801 ], [ -75.049960923998199, 40.078597397484998 ], [ -75.050158944801794, 40.078595713433401 ], [ -75.050391690164602, 40.0785504925135 ], [ -75.050650167300105, 40.078480531696798 ], [ -75.050968087439102, 40.078367614319603 ], [ -75.051229836658706, 40.078215359923703 ], [ -75.051508316541302, 40.078057162728904 ], [ -75.051687659873096, 40.077902972382297 ], [ -75.051867254191393, 40.077742452592801 ], [ -75.051987906415604, 40.077612228564597 ], [ -75.052130006220395, 40.077564876158597 ], [ -75.052344757703807, 40.077557244866298 ], [ -75.052633165748603, 40.0775640144075 ], [ -75.052914594654993, 40.077538939685503 ], [ -75.053254710936699, 40.077489896568601 ], [ -75.053463485465898, 40.077425099580402 ], [ -75.053624833015803, 40.077308501021001 ], [ -75.053779322428795, 40.077156892667396 ], [ -75.053870029751707, 40.076949932148302 ], [ -75.053931361800593, 40.076444488833999 ], [ -75.053967909845795, 40.076147553520897 ], [ -75.0539971599963, 40.076034190718801 ], [ -75.054149003881193, 40.075949048475699 ], [ -75.054315566323993, 40.075908603450998 ], [ -75.054561511143007, 40.075946052167502 ], [ -75.054786699030799, 40.076090726218197 ], [ -75.054798477471607, 40.076100344576702 ], [ -75.054986412264896, 40.076253810946099 ], [ -75.0551748690349, 40.076492663220797 ], [ -75.055347098033096, 40.076724798531899 ], [ -75.055377950714202, 40.0767925191088 ], [ -75.0555267200521, 40.076679421957898 ], [ -75.057585366022195, 40.075114345122799 ], [ -75.0578240847004, 40.074925477064497 ], [ -75.0580617642795, 40.074735776892801 ], [ -75.058298967168398, 40.0745456936938 ], [ -75.058536252977206, 40.074355677889599 ], [ -75.058774184266397, 40.074166180494402 ], [ -75.059013320209999, 40.073977651383203 ], [ -75.059254224761403, 40.073790541066302 ], [ -75.059497455730494, 40.073605299201702 ], [ -75.059743619924006, 40.073422391881799 ], [ -75.059993243250702, 40.073242132841699 ], [ -75.060245998203897, 40.0730643228056 ], [ -75.060501450341505, 40.072888707090598 ], [ -75.060759161773007, 40.072715031464497 ], [ -75.061018693321003, 40.0725430395592 ], [ -75.061279609618296, 40.072372477033397 ], [ -75.0615424972097, 40.072203744114802 ], [ -75.061807932002097, 40.072037238140901 ], [ -75.062075668366006, 40.071872841559497 ], [ -75.062345467592806, 40.071710435400703 ], [ -75.062617083065007, 40.071549898226799 ], [ -75.062890258341994, 40.0713910793705 ], [ -75.063164519385893, 40.071233262729102 ], [ -75.063439920749104, 40.071076480505504 ], [ -75.063716709699904, 40.070921109519098 ], [ -75.063995135027, 40.070767528731501 ], [ -75.0642754437783, 40.070616114952003 ], [ -75.064557885852395, 40.070467248217597 ], [ -75.064843047208299, 40.070321650199901 ], [ -75.065132381545496, 40.070180846941597 ], [ -75.065425020834994, 40.070043863181603 ], [ -75.065719787492498, 40.069909400053298 ], [ -75.066015505916099, 40.0697761603301 ], [ -75.066311016945505, 40.069642864583102 ], [ -75.066606675251094, 40.069509869820699 ], [ -75.066903105118698, 40.069377859944197 ], [ -75.067200271096496, 40.0692468117972 ], [ -75.067498133978305, 40.069116704596901 ], [ -75.067796654557796, 40.068987517560501 ], [ -75.067841163232302, 40.068968412711499 ], [ -75.068916747660595, 40.069511163278499 ], [ -75.070414118608198, 40.070229718530499 ], [ -75.071419036192694, 40.0707212286596 ], [ -75.072300597768404, 40.0711502579883 ], [ -75.073163254369305, 40.071575432122501 ], [ -75.074031886719993, 40.0719921283318 ], [ -75.0759019554947, 40.072893854679897 ], [ -75.075278311276307, 40.073496278727603 ], [ -75.074725655043395, 40.074058107831803 ], [ -75.073480661867407, 40.075269287921103 ], [ -75.072865163680902, 40.075863940416298 ], [ -75.072244863014106, 40.076467962385898 ], [ -75.071635586368899, 40.0770897615322 ], [ -75.071010399740501, 40.077691385665702 ], [ -75.073016276978606, 40.0787903505611 ], [ -75.0737069871209, 40.079191452954298 ], [ -75.074637458032896, 40.079700005786997 ], [ -75.075170222939406, 40.080000172974998 ], [ -75.076261202516505, 40.0806148326566 ], [ -75.077124709608199, 40.0810892521068 ], [ -75.077870589410793, 40.081510412499 ], [ -75.078846758692293, 40.082057386897802 ], [ -75.081683850158797, 40.083646989313003 ], [ -75.081190903484099, 40.084125935011002 ], [ -75.077804133060695, 40.085778699763203 ], [ -75.076286788839298, 40.087349936810199 ], [ -75.076212768034097, 40.0874265863891 ], [ -75.071235374901093, 40.092580099185597 ], [ -75.070710565237704, 40.093123420874399 ], [ -75.069457859914294, 40.0944202678332 ], [ -75.067176343180407, 40.096782016802301 ], [ -75.065672024337104, 40.098339122335197 ], [ -75.065671565401502, 40.098339597266403 ], [ -75.065545035504798, 40.0982858302485 ], [ -75.065412358046402, 40.098270689584297 ], [ -75.065491668273907, 40.097877701190498 ], [ -75.065547899223702, 40.097446040921 ], [ -75.065558952295802, 40.097166880055703 ], [ -75.0655375247362, 40.096915865957698 ], [ -75.065456600212897, 40.096601782772098 ], [ -75.065347222942506, 40.096177046694699 ], [ -75.065292851633899, 40.095965908303398 ], [ -75.065240557175301, 40.0957854960795 ], [ -75.065064299940602, 40.0952471568513 ], [ -75.064997814985304, 40.095052350528498 ], [ -75.064931782578, 40.094728600444398 ], [ -75.064238029945102, 40.094762734177401 ], [ -75.064012052302601, 40.094765188754501 ], [ -75.063782356584795, 40.094800983792098 ], [ -75.063525601016707, 40.094853658664498 ], [ -75.063310864146203, 40.094917094784698 ], [ -75.062934396260104, 40.095067905006701 ], [ -75.062823181097102, 40.095013266611602 ], [ -75.062557724297804, 40.0948571131593 ], [ -75.062395956709807, 40.094762058350398 ], [ -75.062250149472902, 40.0946603302732 ], [ -75.056152185447203, 40.094577907447501 ], [ -75.054426349890207, 40.093815548529903 ], [ -75.054209237421603, 40.0936918625288 ], [ -75.054058273856, 40.093604985507 ], [ -75.053912365150694, 40.093516944425303 ], [ -75.053852710909894, 40.093484774638902 ], [ -75.053789798504496, 40.093450605487398 ], [ -75.053728350428997, 40.093421598529098 ], [ -75.053679887925796, 40.093401871417697 ], [ -75.053626550446694, 40.093378824085299 ], [ -75.053561511805896, 40.0933561438071 ], [ -75.0534812846074, 40.093337594404098 ], [ -75.053368764174493, 40.093312518822302 ], [ -75.053262583067394, 40.093295924702197 ], [ -75.053200269051999, 40.093288692486503 ], [ -75.053175380002202, 40.093284903604903 ], [ -75.053155595226599, 40.093278669999599 ], [ -75.0531276747747, 40.093267116757303 ], [ -75.053084165337907, 40.093248787826703 ], [ -75.053044825322004, 40.093230556701201 ], [ -75.052993232367797, 40.093205627083996 ], [ -75.052944165170004, 40.093180116201601 ], [ -75.052848763450299, 40.093123387994602 ], [ -75.052780142152102, 40.093085878468798 ], [ -75.052677667773906, 40.093018086833901 ], [ -75.052651000437805, 40.093002082875998 ], [ -75.052626931284493, 40.093023509067301 ], [ -75.052102582202707, 40.093519467953001 ], [ -75.051488512790897, 40.0941002764933 ], [ -75.050754633460201, 40.0947891811498 ], [ -75.048690491996595, 40.092923355217202 ], [ -75.048125567811894, 40.092414672207703 ], [ -75.047569409546, 40.091929190475703 ], [ -75.047550156329905, 40.091844354858203 ], [ -75.047509849631993, 40.0917655442463 ], [ -75.047055627855997, 40.091089215168601 ], [ -75.046343476884502, 40.090021888563598 ], [ -75.046027429973194, 40.089520208281698 ], [ -75.0458169273397, 40.0892406756779 ], [ -75.045686995036704, 40.089030572414202 ], [ -75.044338155412305, 40.088491966290597 ], [ -75.044141096269996, 40.088388233898698 ], [ -75.043718583537895, 40.088205189045198 ], [ -75.042610270834899, 40.0877562177429 ], [ -75.042245262820103, 40.0876153052508 ], [ -75.041672176301802, 40.087419886799502 ], [ -75.0414913573467, 40.087347212080097 ], [ -75.041069133040693, 40.087177511381299 ], [ -75.040336607049795, 40.086916910096299 ], [ -75.039614289362802, 40.086610540840297 ], [ -75.039151948853402, 40.086397101332103 ], [ -75.038644303480396, 40.086139190247302 ], [ -75.038183126184705, 40.085896839584699 ], [ -75.037850779938097, 40.085729861665598 ], [ -75.037500696114506, 40.085468764855698 ], [ -75.037233033987803, 40.085729231468797 ], [ -75.036760491825405, 40.086202148698597 ], [ -75.036271760612294, 40.086583481329299 ], [ -75.035818473926795, 40.087008453225103 ], [ -75.035472710822205, 40.087393781212498 ], [ -75.034634181423201, 40.088268490239201 ], [ -75.033960587199303, 40.088978031436099 ], [ -75.033549863901001, 40.089591612246103 ], [ -75.032707279829395, 40.091033265689198 ], [ -75.031302738951993, 40.093501250911103 ], [ -75.031107669271506, 40.093821903232602 ], [ -75.031045857440404, 40.093903913813499 ], [ -75.030930306595394, 40.0940605838883 ], [ -75.030933482404194, 40.0942255306622 ], [ -75.030901840439597, 40.094358724435097 ], [ -75.030840639763198, 40.094550273075797 ], [ -75.030794927855496, 40.094860805954902 ], [ -75.030727660494904, 40.095540017008901 ], [ -75.030727248449907, 40.095544178993798 ], [ -75.030623373866106, 40.096782394218501 ], [ -75.030575530235694, 40.097164288545002 ], [ -75.0304805821537, 40.098098021424299 ], [ -75.0301471476442, 40.0997663313616 ], [ -75.029866220338604, 40.100410585350801 ], [ -75.028886329620804, 40.1025523485227 ], [ -75.027914749936997, 40.1019582398715 ], [ -75.027637860977507, 40.101774988015997 ], [ -75.026969978960906, 40.101515354006303 ], [ -75.025658168094495, 40.1011514001774 ], [ -75.0240666162438, 40.100746849110003 ], [ -75.023928778687406, 40.100711979953097 ], [ -75.022791806629698, 40.100424344164402 ], [ -75.022294545684602, 40.100286055086798 ], [ -75.022089087916598, 40.1002212616851 ], [ -75.021860603513403, 40.100118149206402 ], [ -75.021851094340406, 40.1001102898204 ], [ -75.019728746283306, 40.098355983188704 ], [ -75.018877824761901, 40.0976469121821 ], [ -75.018235020902793, 40.097114169988103 ], [ -75.015618377128305, 40.094931395653198 ], [ -75.015530614352699, 40.0948694491141 ], [ -75.015369646414101, 40.094743572642003 ], [ -75.018869364249298, 40.091128879234297 ], [ -75.019747003089805, 40.090216434437799 ], [ -75.020949094229707, 40.088985473918498 ], [ -75.021083704276407, 40.088826159051202 ], [ -75.022874460759596, 40.086992838117602 ] ] ] } },
{ "type": "Feature", "properties": { "objectid": 22, "score": 18.7, "Shape__Area": 9625582.92578125, "Shape__Length": 15507.622578251412 }, "geometry": { "type": "Polygon", "coordinates": [ [ [ -75.023773195777196, 40.0170767921256 ], [ -75.024757413805602, 40.016932977013703 ], [ -75.029215609457793, 40.022589512924199 ], [ -75.029648555796598, 40.0231387745456 ], [ -75.030140722676506, 40.023755287894801 ], [ -75.031328530884196, 40.025289571253403 ], [ -75.031635809980202, 40.025685947161499 ], [ -75.031710801806298, 40.025754682430801 ], [ -75.032080702976998, 40.026206889108998 ], [ -75.032754451676198, 40.027059944295303 ], [ -75.033110296067804, 40.027510480242697 ], [ -75.033527432099504, 40.028040421431598 ], [ -75.033942005797201, 40.028571047187903 ], [ -75.034357455449694, 40.029105433099602 ], [ -75.034749980939594, 40.029600303991401 ], [ -75.035101174771398, 40.030051550314397 ], [ -75.035172244124993, 40.030125538207997 ], [ -75.035628138701398, 40.030688524886997 ], [ -75.035739401685603, 40.0308334524792 ], [ -75.036057662918907, 40.031215601156099 ], [ -75.036480662359395, 40.031741889941401 ], [ -75.036908093983499, 40.032261120110903 ], [ -75.037332855436304, 40.032791572908799 ], [ -75.037756675320793, 40.033317234132198 ], [ -75.038197720533105, 40.033837577084903 ], [ -75.0386184794108, 40.034364662012798 ], [ -75.039053397891095, 40.034886118027899 ], [ -75.039476523658294, 40.035413289619797 ], [ -75.040025431064805, 40.036088621047497 ], [ -75.040342938254597, 40.036467463512103 ], [ -75.040755249724, 40.036802819271898 ], [ -75.041022668356504, 40.036895707160802 ], [ -75.042538215219295, 40.037731929428602 ], [ -75.044195484873001, 40.0386699074662 ], [ -75.045281455591805, 40.039288824926103 ], [ -75.045808608947993, 40.039588497306298 ], [ -75.047426089064402, 40.040506402027098 ], [ -75.049029855134194, 40.041422060002802 ], [ -75.050645980653499, 40.042342947841497 ], [ -75.051428050867997, 40.042797193433799 ], [ -75.052155694561307, 40.043219978160302 ], [ -75.052229965142004, 40.043280545546303 ], [ -75.053115770923398, 40.043773583528001 ], [ -75.054064728382301, 40.0443348425122 ], [ -75.054288833457804, 40.044457277790102 ], [ -75.054436579737796, 40.044537996152698 ], [ -75.052829289007605, 40.046026475668597 ], [ -75.052288458752898, 40.046550785497899 ], [ -75.051981049542903, 40.046946827662303 ], [ -75.0517264982673, 40.0473900884705 ], [ -75.051572387908394, 40.047820437194297 ], [ -75.051453659299, 40.048359157094801 ], [ -75.051411003638407, 40.0489254509585 ], [ -75.051359473279007, 40.049559829455902 ], [ -75.051203002301705, 40.051455345694599 ], [ -75.051054781526105, 40.052060416571699 ], [ -75.050885200240103, 40.052443225147101 ], [ -75.050644397116002, 40.052844989414602 ], [ -75.050463586320802, 40.053088287574298 ], [ -75.050042948520996, 40.053539974968899 ], [ -75.049620387916207, 40.0539555154919 ], [ -75.0493303681789, 40.054235962930001 ], [ -75.049285420780706, 40.054282453741102 ], [ -75.048206759772697, 40.055377526052702 ], [ -75.046858692130499, 40.056747027231701 ], [ -75.0466814422917, 40.056653234001203 ], [ -75.046539087916003, 40.056576711033401 ], [ -75.046395361288106, 40.056497028996603 ], [ -75.045270559777194, 40.055884606284799 ], [ -75.044498581400504, 40.055465010924003 ], [ -75.0436423458099, 40.055004786706903 ], [ -75.042833706827096, 40.054572359995802 ], [ -75.041985086431694, 40.054104326056297 ], [ -75.041563846222004, 40.053877707825698 ], [ -75.0411290233437, 40.053641616418602 ], [ -75.040670201024398, 40.053392005684302 ], [ -75.040249581396907, 40.053167589260603 ], [ -75.0391903837413, 40.052582400306399 ], [ -75.039129551407896, 40.052549733473903 ], [ -75.0388654867523, 40.052407931645298 ], [ -75.036039388201402, 40.050890252343102 ], [ -75.033049559873504, 40.049264748231103 ], [ -75.032739356232398, 40.049096088285502 ], [ -75.032139602188593, 40.048769992419203 ], [ -75.031988664831403, 40.048660311285801 ], [ -75.031861074057105, 40.048542339519699 ], [ -75.031741354000104, 40.048371497983702 ], [ -75.031672475590895, 40.048223966801899 ], [ -75.031637097393897, 40.048106760265 ], [ -75.031626505098103, 40.0479354959473 ], [ -75.031614207421299, 40.0478633053919 ], [ -75.031783165157904, 40.047150407897398 ], [ -75.031811437944498, 40.047004554795002 ], [ -75.031846693011801, 40.046824391589297 ], [ -75.031854627065698, 40.046626343883197 ], [ -75.031839807778297, 40.046436376512098 ], [ -75.031778366157297, 40.046150497633299 ], [ -75.031670383842695, 40.045906612296399 ], [ -75.0316088531914, 40.045762943776303 ], [ -75.031543354337799, 40.045690383398899 ], [ -75.030991117988705, 40.044977484140396 ], [ -75.030538633640802, 40.044381344200602 ], [ -75.030164105020503, 40.0439049239558 ], [ -75.029799973455098, 40.043412099029197 ], [ -75.029417068845405, 40.042911802608302 ], [ -75.028943533723805, 40.042295299529897 ], [ -75.028328459945897, 40.0414577997443 ], [ -75.028258771766204, 40.041372930560001 ], [ -75.028193583486996, 40.041281771478197 ], [ -75.027899369926999, 40.0407893558165 ], [ -75.027847946340202, 40.040687253162702 ], [ -75.027583644860599, 40.040056034934999 ], [ -75.027310227871894, 40.039409829841198 ], [ -75.027034250057199, 40.038753514761297 ], [ -75.026617464787904, 40.037856562559703 ], [ -75.0261551073839, 40.036889057223704 ], [ -75.026132326100395, 40.0368302340461 ], [ -75.025865569736098, 40.036265083183402 ], [ -75.025804313833703, 40.0362148722295 ], [ -75.025510877359196, 40.0357814202616 ], [ -75.025185838077306, 40.035289400553502 ], [ -75.024858112220599, 40.034791130314602 ], [ -75.024063020953506, 40.0336092390639 ], [ -75.023897936905101, 40.033455908370797 ], [ -75.023744562646499, 40.033297700366397 ], [ -75.023383690534502, 40.0329254514442 ], [ -75.021763956158793, 40.031254589169002 ], [ -75.012310787719997, 40.021500915519702 ], [ -75.012596261265202, 40.021281184652999 ], [ -75.013678727982906, 40.020607006674098 ], [ -75.0148658097077, 40.019903494473503 ], [ -75.014876225937797, 40.019898468549002 ], [ -75.016279612844201, 40.019221276790297 ], [ -75.018257905824697, 40.018393387697799 ], [ -75.019370742233505, 40.017990326664403 ], [ -75.0204164384769, 40.017712927967096 ], [ -75.022502698023303, 40.017285247356803 ], [ -75.023773195777196, 40.0170767921256 ] ] ] } },
{ "type": "Feature", "properties": { "objectid": 23, "score": 20.8, "Shape__Area": 29814023.5078125, "Shape__Length": 28609.688879796769 }, "geometry": { "type": "Polygon", "coordinates": [ [ [ -74.975672961043699, 40.120198138157797 ], [ -74.975567864717704, 40.120179640253603 ], [ -74.975391354198507, 40.120197148592801 ], [ -74.975227707954701, 40.120223675064402 ], [ -74.975102189347893, 40.120219194574297 ], [ -74.974973672472402, 40.120172558268102 ], [ -74.974807220317899, 40.120082922814703 ], [ -74.974689390750299, 40.1200060707814 ], [ -74.974613582116007, 40.119918622615003 ], [ -74.974537648801999, 40.119857292376402 ], [ -74.974428253139493, 40.119805313071801 ], [ -74.974288870071405, 40.119793241804899 ], [ -74.974077075204903, 40.119795384732399 ], [ -74.973609401341903, 40.119814568293499 ], [ -74.973367868373501, 40.119804383486603 ], [ -74.9731124102655, 40.119788057159703 ], [ -74.9729927892013, 40.119801130998297 ], [ -74.972869214239694, 40.119818462082797 ], [ -74.972772610339703, 40.119823385496701 ], [ -74.972673536365605, 40.119796323240301 ], [ -74.972572349374701, 40.119728576982403 ], [ -74.972548525988302, 40.1196641509394 ], [ -74.972507424148304, 40.119560125512002 ], [ -74.972430132377099, 40.119508918970197 ], [ -74.972240608787104, 40.119428880888599 ], [ -74.972057471305803, 40.119308364219798 ], [ -74.971934694836307, 40.119213974798498 ], [ -74.971860124654796, 40.1191425178598 ], [ -74.971786505445095, 40.1190478651991 ], [ -74.971711487012499, 40.118895131889502 ], [ -74.971604466490803, 40.1188083790448 ], [ -74.971495966268193, 40.118734650499903 ], [ -74.971297910562399, 40.118586200213301 ], [ -74.971208485736597, 40.118462141810099 ], [ -74.971142956605107, 40.118354623150402 ], [ -74.971021465993104, 40.118113697651701 ], [ -74.970915597545996, 40.1179297439487 ], [ -74.970844128176097, 40.117759681678102 ], [ -74.970752104255894, 40.117652973953703 ], [ -74.9706152961611, 40.117532123704301 ], [ -74.970452826118603, 40.1173917873571 ], [ -74.9703483202196, 40.1171977082033 ], [ -74.970269457151304, 40.1170927690263 ], [ -74.970180141429395, 40.117012247477099 ], [ -74.970083614547804, 40.116969281187203 ], [ -74.969987788466298, 40.116955354997401 ], [ -74.9699175055908, 40.116963814464803 ], [ -74.969867339280498, 40.1169887219244 ], [ -74.9698149879151, 40.117020833530297 ], [ -74.969739217936507, 40.117024806307498 ], [ -74.969647286288193, 40.117008071794103 ], [ -74.969593596493596, 40.116980652381898 ], [ -74.969480670543504, 40.116922777337898 ], [ -74.969326560157697, 40.116855200004899 ], [ -74.969204007546097, 40.116824664472801 ], [ -74.969087691743297, 40.116849423412198 ], [ -74.968918147792095, 40.116881601848398 ], [ -74.968686928518395, 40.116942763420099 ], [ -74.968441240974897, 40.1170340477696 ], [ -74.968321311419601, 40.117100803022403 ], [ -74.968218019848095, 40.117176666738402 ], [ -74.968126301825706, 40.1172237878027 ], [ -74.9680362277157, 40.117299971126101 ], [ -74.967891911843694, 40.117408218527302 ], [ -74.967733721811697, 40.117532093499499 ], [ -74.967565274030406, 40.1176295988218 ], [ -74.967517573654106, 40.117686491656002 ], [ -74.967485193991493, 40.117807605787497 ], [ -74.967463156350107, 40.117883984343699 ], [ -74.967355149440095, 40.117936514371799 ], [ -74.967123942290897, 40.117951235665103 ], [ -74.966951374589001, 40.118010910016402 ], [ -74.966722751988499, 40.118054716512297 ], [ -74.966534320599806, 40.1180864343726 ], [ -74.966385483764199, 40.118120561952701 ], [ -74.966080885999304, 40.118242341374199 ], [ -74.965921236689994, 40.118309583273998 ], [ -74.965774407203995, 40.118340856477403 ], [ -74.965593688527605, 40.118414843217103 ], [ -74.9654319121816, 40.118487837541103 ], [ -74.965334220316805, 40.118565286106403 ], [ -74.965261910016295, 40.118623032587998 ], [ -74.965149357063794, 40.118671097651998 ], [ -74.964994632986304, 40.118664448086598 ], [ -74.964837085397406, 40.118634511046402 ], [ -74.9647346566436, 40.118597202064102 ], [ -74.964628988845504, 40.118546754162502 ], [ -74.964535484135197, 40.118476284465999 ], [ -74.964489366441796, 40.118402609538897 ], [ -74.9645090797205, 40.118244910220497 ], [ -74.964489237551007, 40.118129787228099 ], [ -74.964418481434507, 40.117988762211901 ], [ -74.964334276932306, 40.1178299963562 ], [ -74.964282074472905, 40.117628471371397 ], [ -74.964207220866498, 40.1174031787112 ], [ -74.964146985971496, 40.117332903659502 ], [ -74.964117035944398, 40.117297960803697 ], [ -74.963998807358195, 40.117231245540097 ], [ -74.963830906441601, 40.117131400743901 ], [ -74.963736272202297, 40.117088474717299 ], [ -74.963576372873106, 40.117046870557097 ], [ -74.963443616478699, 40.117011727647203 ], [ -74.963379016702504, 40.116973883248598 ], [ -74.963295254417702, 40.116896392061101 ], [ -74.963221192545106, 40.116766894747499 ], [ -74.9631755520913, 40.1166827277506 ], [ -74.963151550601594, 40.116506900206303 ], [ -74.963142226409502, 40.1163659105314 ], [ -74.963156455445699, 40.116203725569797 ], [ -74.963134073081505, 40.116104503980701 ], [ -74.963115468283107, 40.116005373939899 ], [ -74.963112156007497, 40.115879041882799 ], [ -74.9631475951699, 40.115798635800999 ], [ -74.963250094036994, 40.115650198432903 ], [ -74.963317591741898, 40.115525583354803 ], [ -74.963330768893897, 40.115480916626801 ], [ -74.963395929913503, 40.115298197902199 ], [ -74.963414373539706, 40.115217379873798 ], [ -74.963349734443796, 40.115134548384297 ], [ -74.963261265170203, 40.115033724310798 ], [ -74.963237452280893, 40.114969296317902 ], [ -74.963146187892605, 40.114775530915203 ], [ -74.963090891730602, 40.114649390460798 ], [ -74.963112396756401, 40.114586060803397 ], [ -74.963249519140305, 40.114468937141197 ], [ -74.963457744371198, 40.114208420415402 ], [ -74.963670430519102, 40.114000252951698 ], [ -74.964001642035697, 40.1136904741753 ], [ -74.964091973437405, 40.113562057853201 ], [ -74.964139215098399, 40.113470328111902 ], [ -74.964157070962301, 40.1133807887717 ], [ -74.964138166367405, 40.1132889070633 ], [ -74.964035589875905, 40.113047961166501 ], [ -74.964022682509906, 40.113017643591903 ], [ -74.963920164024401, 40.1126378564934 ], [ -74.963879175403704, 40.112439505227499 ], [ -74.963884227950004, 40.112201636550402 ], [ -74.963880704949702, 40.112011448534801 ], [ -74.963850412658502, 40.111920742356602 ], [ -74.963784811305601, 40.111746464186602 ], [ -74.963777296272596, 40.111653407714002 ], [ -74.963796571577106, 40.111552293276901 ], [ -74.963852419085697, 40.111481087838499 ], [ -74.963935892278002, 40.111381528988197 ], [ -74.964046531187904, 40.111218777618298 ], [ -74.964105595635502, 40.111069287224602 ], [ -74.964121452844793, 40.1109593829487 ], [ -74.964121489809401, 40.110866509483799 ], [ -74.964040832533797, 40.110713634696801 ], [ -74.963903175718599, 40.110568084767202 ], [ -74.9638393756141, 40.110464957246499 ], [ -74.963841062323596, 40.110377927636399 ], [ -74.963813154334005, 40.110229233084901 ], [ -74.963746889403893, 40.110094120065703 ], [ -74.963710595002695, 40.109965537888101 ], [ -74.963710513354002, 40.109875563737901 ], [ -74.9637719236853, 40.109760958802603 ], [ -74.963891524492098, 40.1096100332758 ], [ -74.963978533206998, 40.109516364880797 ], [ -74.964075319827501, 40.109460663820599 ], [ -74.964235110007394, 40.109435512008503 ], [ -74.964409848769805, 40.109506498890902 ], [ -74.964509338919896, 40.109476984255203 ], [ -74.964602826803997, 40.109409592606298 ], [ -74.964680153860201, 40.1093214939295 ], [ -74.964738500432304, 40.109189400177399 ], [ -74.964765208014995, 40.109091368041597 ], [ -74.964810319747698, 40.109005391088502 ], [ -74.964877491496495, 40.108934460416002 ], [ -74.964936158889103, 40.108886541544599 ], [ -74.965059496030605, 40.108828580622401 ], [ -74.965118163203101, 40.108780661657697 ], [ -74.965206240052794, 40.108660897167297 ], [ -74.9653872420986, 40.108395364153097 ], [ -74.965516633878593, 40.108235967928401 ], [ -74.965576040408905, 40.108160064070198 ], [ -74.965592429453906, 40.108139124628302 ], [ -74.965609201194098, 40.108098897787301 ], [ -74.965562136602998, 40.108048418876301 ], [ -74.965504102134702, 40.107988966416997 ], [ -74.9654323912888, 40.107894355324603 ], [ -74.965368947777193, 40.107782530290002 ], [ -74.965295844559293, 40.107629838232903 ], [ -74.9652124846166, 40.107450777641503 ], [ -74.965123682342295, 40.107312216944401 ], [ -74.965057399335706, 40.107223541825299 ], [ -74.964979056302496, 40.107198425220098 ], [ -74.964726538408101, 40.107180699613302 ], [ -74.964421753831203, 40.107147194502701 ], [ -74.964195787657204, 40.107127207758502 ], [ -74.963958494486803, 40.107106946088003 ], [ -74.963710706513396, 40.1070661130669 ], [ -74.963517334094803, 40.106988868561203 ], [ -74.963336600090798, 40.106880004330897 ], [ -74.963250028919703, 40.106779226813501 ], [ -74.963201217287505, 40.106679364662298 ], [ -74.963219977507507, 40.106648972048298 ], [ -74.963270058323602, 40.106567841463601 ], [ -74.963374035857697, 40.106521022524603 ], [ -74.963397195905799, 40.106512820989003 ], [ -74.963466090561894, 40.106488425397998 ], [ -74.963596261392198, 40.106448045875503 ], [ -74.963659298334306, 40.106385721824402 ], [ -74.963670902421796, 40.106287323874902 ], [ -74.963606767549905, 40.106146457488599 ], [ -74.963628746108895, 40.106071529883401 ], [ -74.963693094708802, 40.105977312598696 ], [ -74.963786577399802, 40.105909922447204 ], [ -74.963907802410105, 40.105811278800601 ], [ -74.9639637642385, 40.105737173782103 ], [ -74.963963801416298, 40.105644300283501 ], [ -74.963927948422196, 40.105596993643204 ], [ -74.963797697620507, 40.105547400419901 ], [ -74.963592761960896, 40.105475679771097 ], [ -74.963399632352605, 40.105392636234299 ], [ -74.963184561768898, 40.105291646378497 ], [ -74.962964882591294, 40.105210859859604 ], [ -74.962693632091998, 40.105143335434903 ], [ -74.962556188774599, 40.105084859399597 ], [ -74.962499469771302, 40.1049935121532 ], [ -74.962429317389507, 40.104861206095102 ], [ -74.962433371084003, 40.104762625152503 ], [ -74.962467989870902, 40.1046560774356 ], [ -74.962540127710099, 40.1045562448654 ], [ -74.962539332508996, 40.104483667665001 ], [ -74.962378441184001, 40.104352063884903 ], [ -74.9620921501498, 40.104144861103698 ], [ -74.961993084991306, 40.104026365364902 ], [ -74.961767329558, 40.1038177273306 ], [ -74.961565026162205, 40.1036822155843 ], [ -74.961402825526093, 40.103582504505297 ], [ -74.961228701550496, 40.103497015900103 ], [ -74.961157465512898, 40.103453223103202 ], [ -74.961110738468307, 40.1034244977347 ], [ -74.961020159652506, 40.103329425886102 ], [ -74.960989995260704, 40.103235819602602 ], [ -74.960995243807005, 40.103108244099602 ], [ -74.961024894129395, 40.103030600654797 ], [ -74.9610897829576, 40.102785476306202 ], [ -74.961199242877001, 40.102605284818701 ], [ -74.961202742839802, 40.102428326809999 ], [ -74.961235137070204, 40.1022839958163 ], [ -74.961290662624904, 40.102128617245398 ], [ -74.961294956355999, 40.102024237333197 ], [ -74.961269380854603, 40.101956862694202 ], [ -74.961178208542194, 40.101876288291102 ], [ -74.961101780399204, 40.101804778658803 ], [ -74.961061720808303, 40.101676104002401 ], [ -74.961125791991904, 40.1014048384828 ], [ -74.961226604816304, 40.101296996262697 ], [ -74.961394803667304, 40.101158861742498 ], [ -74.961477909973894, 40.101068003093097 ], [ -74.961643404143004, 40.100903681480901 ], [ -74.961701511118207, 40.1007773880158 ], [ -74.961744276461502, 40.100656527209203 ], [ -74.961768401769305, 40.1005294095227 ], [ -74.961800792716602, 40.100385079025799 ], [ -74.961847134968195, 40.100177234159197 ], [ -74.961854249455797, 40.1000961417582 ], [ -74.961890197706595, 40.099911264427298 ], [ -74.961932723685095, 40.099796202537 ], [ -74.961977594347601, 40.099716025633903 ], [ -74.962013959932094, 40.0996588605055 ], [ -74.9620203585296, 40.099595164716099 ], [ -74.961986060130897, 40.099510165395998 ], [ -74.961918140226501, 40.099415642781302 ], [ -74.961816000186204, 40.099326095639597 ], [ -74.961739217649907, 40.099263284761101 ], [ -74.961673641611696, 40.0992036471525 ], [ -74.961686637777603, 40.0991633303341 ], [ -74.961730792864401, 40.099100549450199 ], [ -74.961786036264797, 40.099043842970303 ], [ -74.962071091200897, 40.0987750343727 ], [ -74.962094261383598, 40.098671112227699 ], [ -74.962062427412604, 40.098618098783099 ], [ -74.961908385340607, 40.098504074198701 ], [ -74.961724260042701, 40.098386417343299 ], [ -74.961606900202995, 40.098299402320002 ], [ -74.961579200142495, 40.098237781830903 ], [ -74.961596925821496, 40.098174359925402 ], [ -74.961660315760199, 40.098103339526098 ], [ -74.9617750325245, 40.098024856850103 ], [ -74.9618127078528, 40.097935798513802 ], [ -74.9618082569921, 40.097860229145702 ], [ -74.961788824437704, 40.0977813950689 ], [ -74.961723488467001, 40.097715959547898 ], [ -74.961619563683797, 40.097669903299199 ], [ -74.961414654095293, 40.097598179609001 ], [ -74.961190987855304, 40.097523097066002 ], [ -74.961060277242396, 40.097485098520004 ], [ -74.960924479424904, 40.097478901456597 ], [ -74.960791264138507, 40.0975017897415 ], [ -74.960679746589705, 40.097548424007599 ], [ -74.960569184159496, 40.097571862396997 ], [ -74.960463351595806, 40.097572196684297 ], [ -74.960078294161207, 40.097469976706499 ], [ -74.959734292194099, 40.097380362209599 ], [ -74.959626951926396, 40.097325515091001 ], [ -74.959476215096004, 40.097223175810399 ], [ -74.959375708901703, 40.0971859086929 ], [ -74.958784147345995, 40.096913238185699 ], [ -74.958758728522398, 40.096904091342502 ], [ -74.958516016215299, 40.096816755128401 ], [ -74.9582523765676, 40.096702966147099 ], [ -74.958168288315207, 40.096634170685299 ], [ -74.958111104508802, 40.0965544181376 ], [ -74.958080111588501, 40.096481107156897 ], [ -74.957996619431398, 40.096397814068098 ], [ -74.957653075793601, 40.096113747050502 ], [ -74.957354888010698, 40.0959671917539 ], [ -74.957209319845106, 40.095923022086303 ], [ -74.957059021100306, 40.095901956449602 ], [ -74.956899737943303, 40.095915500345697 ], [ -74.956640622905496, 40.095967250620802 ], [ -74.9564625818943, 40.095977435879703 ], [ -74.956286691565296, 40.095935431423797 ], [ -74.956187146043604, 40.095874964908397 ], [ -74.956096704839297, 40.095776989670298 ], [ -74.956087887588694, 40.095715826644003 ], [ -74.956109273703404, 40.095655396827397 ], [ -74.956119453172704, 40.095591792238203 ], [ -74.955838118547902, 40.095265696746701 ], [ -74.955760078991503, 40.095141901445601 ], [ -74.955748562413206, 40.0950545513777 ], [ -74.955773962975897, 40.094988415464897 ], [ -74.955880868759706, 40.094732705407303 ], [ -74.956008776359496, 40.094471701123297 ], [ -74.956235175945395, 40.094021536279001 ], [ -74.956392590732307, 40.0937322258698 ], [ -74.956403533927997, 40.093558351776998 ], [ -74.956402673516905, 40.093395799523499 ], [ -74.956382458679101, 40.093244387004098 ], [ -74.9563744061237, 40.093072952765198 ], [ -74.956454735962794, 40.092865936579003 ], [ -74.956691712080399, 40.092479879150801 ], [ -74.9568239378046, 40.092297342832801 ], [ -74.956942568906499, 40.092169619975003 ], [ -74.957065451589003, 40.092030391782302 ], [ -74.957117203104005, 40.091874922513199 ], [ -74.957198699842806, 40.091685348428499 ], [ -74.957286889044994, 40.091562690400103 ], [ -74.957442837140704, 40.091354608596703 ], [ -74.957473323445001, 40.0912566697546 ], [ -74.957643847337394, 40.091153425919998 ], [ -74.957815415987895, 40.090841237973201 ], [ -74.957960775030301, 40.090569047212298 ], [ -74.9579799347635, 40.090470833128798 ], [ -74.957964760354599, 40.0903804922376 ], [ -74.957909253788102, 40.090260147869301 ], [ -74.957824025277603, 40.090127472068602 ], [ -74.957793870253397, 40.090033864843001 ], [ -74.957790857141802, 40.089923502753301 ], [ -74.957828653743604, 40.0898315462086 ], [ -74.957891323496597, 40.089777923761297 ], [ -74.9579937489369, 40.089722365282803 ], [ -74.958067505025298, 40.089674816650401 ], [ -74.958113448024804, 40.089568546100999 ], [ -74.958117268305799, 40.089475764200301 ], [ -74.958109524550807, 40.089388505324202 ], [ -74.958122998725798, 40.089336590909099 ], [ -74.958155227386399, 40.089288033542402 ], [ -74.9582344292496, 40.089199984972403 ], [ -74.958251797526103, 40.089145262732501 ], [ -74.958230505447005, 40.089019944897899 ], [ -74.958182042956395, 40.088728533430398 ], [ -74.958010866387198, 40.088251294857699 ], [ -74.957869942508196, 40.087911200100599 ], [ -74.957714351930505, 40.087652014134001 ], [ -74.957609696026793, 40.087211218325599 ], [ -74.957610577712501, 40.087098048428601 ], [ -74.957638673875394, 40.087058098005102 ], [ -74.958017926166804, 40.086840928538003 ], [ -74.958027715536801, 40.0866031753771 ], [ -74.958034497002998, 40.086484344012803 ], [ -74.958026321690397, 40.086315809310797 ], [ -74.958049732573201, 40.086206089081898 ], [ -74.958082199898001, 40.086151733646702 ], [ -74.958203875398297, 40.086041497902897 ], [ -74.958225540344898, 40.085882395222498 ], [ -74.958216215935593, 40.085649981337802 ], [ -74.958252137304001, 40.0852822565287 ], [ -74.958298838186707, 40.085065715279498 ], [ -74.958341122220105, 40.084956453422798 ], [ -74.958627825435897, 40.084600625221803 ], [ -74.958679947522498, 40.084390019424198 ], [ -74.958630681323598, 40.084301752820402 ], [ -74.958549069713996, 40.084264943362903 ], [ -74.958422638422604, 40.084215434780504 ], [ -74.958366061801698, 40.0841211858748 ], [ -74.958373536870894, 40.084031394941398 ], [ -74.958383831608998, 40.0839648906029 ], [ -74.958423130769901, 40.0839281154079 ], [ -74.958592993502705, 40.083932241051997 ], [ -74.958722408118604, 40.083909262915803 ], [ -74.958903562718604, 40.083730814277303 ], [ -74.958965912175003, 40.083593016790701 ], [ -74.958984613823702, 40.083459963245303 ], [ -74.958944687279299, 40.083328388173904 ], [ -74.958907819602601, 40.083214301561902 ], [ -74.959018762294093, 40.0830892926517 ], [ -74.959135029192495, 40.082926683205898 ], [ -74.959154780567104, 40.082813971542002 ], [ -74.959132058267102, 40.082723446418001 ], [ -74.959039287580097, 40.082590589189898 ], [ -74.959000988163695, 40.082511295337298 ], [ -74.959052108899698, 40.082416759660099 ], [ -74.959103087548201, 40.082371560698199 ], [ -74.959250059762496, 40.0823809342155 ], [ -74.959279758296702, 40.082376769870699 ], [ -74.959666836202601, 40.0823224981783 ], [ -74.959744103438695, 40.082311664516403 ], [ -74.959859728267304, 40.0822564242346 ], [ -74.959954972390904, 40.082145545173603 ], [ -74.960011514516793, 40.082056945505201 ], [ -74.960050765394499, 40.081929766401203 ], [ -74.960073763080104, 40.0817934243859 ], [ -74.960078429031796, 40.081680011194798 ], [ -74.960079712665006, 40.0815431420626 ], [ -74.960061430756596, 40.081459222794898 ], [ -74.960040728594706, 40.081328498682502 ], [ -74.9600431988369, 40.081268455959801 ], [ -74.9601074242658, 40.081186539591002 ], [ -74.960181158573107, 40.081084819374702 ], [ -74.960627618520107, 40.080798483510399 ], [ -74.960815901346706, 40.080659474826597 ], [ -74.960883919152295, 40.080591006694597 ], [ -74.960986814075596, 40.080520044495799 ], [ -74.961076680964297, 40.080448767114 ], [ -74.9611223002629, 40.080396449338203 ], [ -74.961274037225095, 40.080194781979102 ], [ -74.961406551248103, 40.080037724217703 ], [ -74.961523980972999, 40.079930385582401 ], [ -74.961636105993705, 40.079846291954297 ], [ -74.961730040100605, 40.0797817906357 ], [ -74.961750007113395, 40.079768241736197 ], [ -74.961894570991504, 40.079670148353699 ], [ -74.961958085715594, 40.079627049989099 ], [ -74.962016045494096, 40.079591726344603 ], [ -74.962107555856704, 40.079480419878202 ], [ -74.962133244497295, 40.0793842110293 ], [ -74.962130821455901, 40.079337406192899 ], [ -74.962156898060101, 40.0791260106758 ], [ -74.962200505037501, 40.079016881466103 ], [ -74.962270439743705, 40.078901712144997 ], [ -74.962334111559699, 40.078833136925603 ], [ -74.962385924537301, 40.078784359624997 ], [ -74.962392893127699, 40.078777799472903 ], [ -74.962470140585694, 40.0786961975857 ], [ -74.962506936077304, 40.078647004826998 ], [ -74.962535458424995, 40.078587594168297 ], [ -74.962533583583394, 40.078527446048099 ], [ -74.962518682707397, 40.078466982155597 ], [ -74.962481794920095, 40.078412663519302 ], [ -74.962431514442301, 40.078261188011297 ], [ -74.962424315701597, 40.0781191050188 ], [ -74.962431673778099, 40.078045824428898 ], [ -74.962459647487293, 40.077999756901498 ], [ -74.962514085713593, 40.077944314228198 ], [ -74.962630001712697, 40.0778736673957 ], [ -74.963184389948097, 40.077392937369602 ], [ -74.963287457919606, 40.0772117896 ], [ -74.963395440558898, 40.077122584904998 ], [ -74.963506463300405, 40.077065175354697 ], [ -74.963637689677199, 40.077044984200697 ], [ -74.963780709511099, 40.077055129613001 ], [ -74.9643241736985, 40.077051609361497 ], [ -74.964800156553906, 40.077158456243602 ], [ -74.964913143041898, 40.077183817742799 ], [ -74.964918659019602, 40.077200796074202 ], [ -74.9649990336261, 40.077438095323402 ], [ -74.965159299097806, 40.0778753512325 ], [ -74.965320798572606, 40.078318887651598 ], [ -74.966148266119802, 40.080470561915497 ], [ -74.9661766897311, 40.080566119754501 ], [ -74.9663776496228, 40.0810430730211 ], [ -74.966467645077302, 40.081214661670302 ], [ -74.966610213266705, 40.081466579959397 ], [ -74.966706975398594, 40.081716692148397 ], [ -74.967021964383605, 40.082125082940003 ], [ -74.969015256186793, 40.084375195311502 ], [ -74.969327049744393, 40.084662834526597 ], [ -74.970594199222504, 40.085769463689203 ], [ -74.971946759456998, 40.086900437400999 ], [ -74.973766398447793, 40.084543176682701 ], [ -74.974857338846107, 40.085031145987003 ], [ -74.976192216769206, 40.0856444517892 ], [ -74.976350845955494, 40.085713433671103 ], [ -74.976579622351096, 40.085836816050801 ], [ -74.976782161800699, 40.085976402973998 ], [ -74.9769546866154, 40.086110223123299 ], [ -74.977214198844905, 40.086330492537897 ], [ -74.977827501569607, 40.086832452822698 ], [ -74.978414995485707, 40.087312557324097 ], [ -74.978718146827802, 40.087527725594597 ], [ -74.979005623403694, 40.087672877677598 ], [ -74.979306665616406, 40.087773283813 ], [ -74.979506109843797, 40.087823971080198 ], [ -74.980604471220403, 40.087923868576297 ], [ -74.981201194221995, 40.087967482449301 ], [ -74.981491181763602, 40.0880027421791 ], [ -74.981764021124903, 40.0880823551961 ], [ -74.981969149885401, 40.0881674056672 ], [ -74.982162375999593, 40.088275402158303 ], [ -74.982423182682098, 40.088078483498599 ], [ -74.982618874651905, 40.0879893247577 ], [ -74.982823282802002, 40.087943287961203 ], [ -74.983042392137193, 40.087937793348303 ], [ -74.983192839149496, 40.0879575476215 ], [ -74.983347524370402, 40.088017594100997 ], [ -74.983483892634496, 40.088098654732597 ], [ -74.983564554816297, 40.088175692852097 ], [ -74.9836409631815, 40.088271402347303 ], [ -74.983917889638505, 40.089015623556399 ], [ -74.983929112349401, 40.089082943745098 ], [ -74.983906323235004, 40.089127990203401 ], [ -74.983543595799702, 40.089386166468302 ], [ -74.984181796490205, 40.0899154727758 ], [ -74.984428976948394, 40.089746827906197 ], [ -74.984660548851295, 40.0895388771198 ], [ -74.984879154740099, 40.089312160256704 ], [ -74.985034967837606, 40.089110295164801 ], [ -74.985269978496603, 40.0887337157044 ], [ -74.985851340804302, 40.087690630272597 ], [ -74.986134098087305, 40.087276143501597 ], [ -74.986577726421302, 40.0866303089783 ], [ -74.986659153320204, 40.086523098918597 ], [ -74.986816802699096, 40.086315529431602 ], [ -74.987068587728004, 40.086058982014698 ], [ -74.987641055618596, 40.085582297162397 ], [ -74.988236159506101, 40.085106790735601 ], [ -74.988462148274493, 40.084926217408203 ], [ -74.988777489008797, 40.084713673302403 ], [ -74.989080896889007, 40.084547182518698 ], [ -74.989572655251806, 40.084323426239301 ], [ -74.990158457505302, 40.084061995335297 ], [ -74.990491998858602, 40.0839079528212 ], [ -74.991661344728698, 40.0832327289734 ], [ -74.994350747296394, 40.0816909941584 ], [ -74.995804896910897, 40.080854144960497 ], [ -74.997236394039504, 40.080032185311303 ], [ -74.997463685166906, 40.079860466710898 ], [ -74.997638048104804, 40.079708401975402 ], [ -74.9977892084801, 40.0795497720379 ], [ -74.998491532717793, 40.078710820841799 ], [ -75.000900081824398, 40.0758348954054 ], [ -75.001467930076501, 40.075157632883197 ], [ -75.001541039777194, 40.075066913601901 ], [ -75.001633375558299, 40.074951286452198 ], [ -75.001772997892104, 40.074750216076197 ], [ -75.001876759518197, 40.074584361031498 ], [ -75.001953888794702, 40.0744275852066 ], [ -75.002098224422696, 40.074058898241901 ], [ -75.002254560396693, 40.073371645386104 ], [ -75.002341587698197, 40.073089199802801 ], [ -75.002468247788798, 40.072761249371197 ], [ -75.002622761708594, 40.072492030776502 ], [ -75.002831540151504, 40.072189269986197 ], [ -75.003042917363899, 40.0719156029296 ], [ -75.003303372807196, 40.071643109675499 ], [ -75.003609133162499, 40.071371698667903 ], [ -75.003943917851402, 40.071130013674498 ], [ -75.004231518143897, 40.070933653389403 ], [ -75.004835272006005, 40.070582259155898 ], [ -75.007271778624499, 40.069170936771599 ], [ -75.013129416942206, 40.072080772866599 ], [ -75.014090448491302, 40.072651746950001 ], [ -75.015066788205701, 40.073187526433699 ], [ -75.016838205617503, 40.074179292073801 ], [ -75.017146505571503, 40.074351894242497 ], [ -75.021751109017202, 40.076964544019503 ], [ -75.023716338342197, 40.078003832393101 ], [ -75.025380190228105, 40.0789525113492 ], [ -75.028451474427001, 40.080687485780999 ], [ -75.028607656348896, 40.080779189977598 ], [ -75.028777215695797, 40.080873874146299 ], [ -75.026835774256398, 40.082889929811898 ], [ -75.026315413282205, 40.083426490696198 ], [ -75.0250644693769, 40.084716333696598 ], [ -75.022874460759596, 40.086992838117602 ], [ -75.021083704276407, 40.088826159051202 ], [ -75.020949094229707, 40.088985473918498 ], [ -75.019747003089805, 40.090216434437799 ], [ -75.018869364249298, 40.091128879234297 ], [ -75.015369646414101, 40.094743572642003 ], [ -75.015255961045796, 40.094859234563998 ], [ -75.014950282154402, 40.0951810242588 ], [ -75.014728307300103, 40.095394537111801 ], [ -75.013902994702704, 40.096223473689498 ], [ -75.013347366657797, 40.096678991080601 ], [ -75.012758716609596, 40.097145873727897 ], [ -75.012155740309296, 40.097577780456 ], [ -75.011700021505305, 40.097897830363699 ], [ -75.009488281726405, 40.0994159993637 ], [ -75.008498659401695, 40.100088505491598 ], [ -75.006241155724993, 40.101644794647399 ], [ -75.005282135014198, 40.102300294637303 ], [ -75.003135702888798, 40.103793701510902 ], [ -75.002242763482002, 40.104404090274599 ], [ -75.001648064087107, 40.104810600172002 ], [ -74.999053298596806, 40.106600387027498 ], [ -74.999047401172604, 40.1066044539036 ], [ -74.996959718724398, 40.108016285595497 ], [ -74.996943105823803, 40.1080275197045 ], [ -74.996832633589307, 40.108103445115397 ], [ -74.996798831710194, 40.108126832852101 ], [ -74.990866354263602, 40.112231191284401 ], [ -74.990062016786595, 40.112793038105799 ], [ -74.989681458643702, 40.113070062640297 ], [ -74.987924346934804, 40.114253217114303 ], [ -74.984705688264498, 40.116489169938198 ], [ -74.983616680635706, 40.117308270399498 ], [ -74.983243942598605, 40.117638268103498 ], [ -74.982206798484299, 40.118401002522702 ], [ -74.981212618463402, 40.119109491992297 ], [ -74.980105979481394, 40.119858284329197 ], [ -74.979967023774606, 40.1197428048254 ], [ -74.979852125658496, 40.119647318296003 ], [ -74.979763502137004, 40.119572625965901 ], [ -74.979713234616398, 40.119507563639203 ], [ -74.979601126789603, 40.119429403050397 ], [ -74.9794705402864, 40.119387075844301 ], [ -74.979284837367601, 40.119352127417301 ], [ -74.979133649836001, 40.119351386886599 ], [ -74.979009603276097, 40.119380323493999 ], [ -74.978892397571599, 40.119426837969201 ], [ -74.978800799209395, 40.119494285655101 ], [ -74.978689199532994, 40.119542386564198 ], [ -74.978604870374596, 40.119547610673102 ], [ -74.978479831592495, 40.119508318227403 ], [ -74.978368249111497, 40.119463545589603 ], [ -74.978244320633806, 40.119489580983704 ], [ -74.977976975561106, 40.119602131506497 ], [ -74.977738261115206, 40.1196616788977 ], [ -74.977647728667094, 40.119703031487497 ], [ -74.977588349309698, 40.119768352629599 ], [ -74.977549623914697, 40.119837075125197 ], [ -74.977521083571801, 40.120026487767397 ], [ -74.977384166402601, 40.120069624027103 ], [ -74.977248084614999, 40.120069245267601 ], [ -74.977143699809304, 40.120033351927603 ], [ -74.977042448468396, 40.119967059000601 ], [ -74.976930628003601, 40.1199280837888 ], [ -74.976796198096807, 40.1199335488852 ], [ -74.976613074803794, 40.119974118381499 ], [ -74.9764002019038, 40.120048797959498 ], [ -74.976138047049403, 40.120149860212003 ], [ -74.976067396014002, 40.1202134582377 ], [ -74.976030378567501, 40.120286574489903 ], [ -74.976067947895501, 40.120384708560202 ], [ -74.976031464634602, 40.120444776683797 ], [ -74.975932319399703, 40.120465603795502 ], [ -74.9758160700856, 40.1204424829997 ], [ -74.975732754178395, 40.120399840195198 ], [ -74.975733891762005, 40.120325858605597 ], [ -74.975725231619904, 40.120260348281697 ], [ -74.975672961043699, 40.120198138157797 ] ] ] } },
{ "type": "Feature", "properties": { "objectid": 24, "score": 19.2, "Shape__Area": 21662202.24609375, "Shape__Length": 22819.534846394901 }, "geometry": { "type": "Polygon", "coordinates": [ [ [ -74.9808305105268, 40.062406664970297 ], [ -74.980869598845601, 40.062300758243303 ], [ -74.980913301098994, 40.062188285764101 ], [ -74.980986982384906, 40.062086553119698 ], [ -74.981008978129594, 40.061973556598197 ], [ -74.981030700073504, 40.061867232173299 ], [ -74.981016603382002, 40.061786755798202 ], [ -74.981002913811295, 40.061696273117697 ], [ -74.980954767638096, 40.061598282018103 ], [ -74.980909957780298, 40.061418564978098 ], [ -74.980918655729099, 40.061311926853598 ], [ -74.980936037049503, 40.061205497830599 ], [ -74.980944598792206, 40.061102194716597 ], [ -74.980927387310501, 40.060991592622202 ], [ -74.980918584579399, 40.060887872059098 ], [ -74.980887395015799, 40.060800305874899 ], [ -74.980843999599202, 40.060692412035301 ], [ -74.980768988547894, 40.0606138067917 ], [ -74.980549238258703, 40.060461594272503 ], [ -74.980482570384098, 40.060391537607401 ], [ -74.980425879961899, 40.060290000927203 ], [ -74.980434034931903, 40.060196705196098 ], [ -74.980486281341101, 40.060087777491198 ], [ -74.980558055813503, 40.060032744636601 ], [ -74.980668219026498, 40.059995332225 ], [ -74.980816907651501, 40.0599722039141 ], [ -74.980935344480599, 40.059945006781398 ], [ -74.981089328717005, 40.059898633823899 ], [ -74.981209671172394, 40.059824736898697 ], [ -74.981312921757294, 40.059743749976597 ], [ -74.9814028759411, 40.059669120378402 ], [ -74.981526212844102, 40.059521837354097 ], [ -74.981612913964398, 40.059420417061503 ], [ -74.981991399265894, 40.058983780207697 ], [ -74.982105370979099, 40.058852965090502 ], [ -74.982187457979606, 40.058758111937102 ], [ -74.982298706993404, 40.058694012040398 ], [ -74.982476841307403, 40.058588115917097 ], [ -74.9826104757514, 40.058507859802702 ], [ -74.982756044708594, 40.058454603317202 ], [ -74.982959679080693, 40.058362677181798 ], [ -74.983329306828395, 40.058142856926104 ], [ -74.983515712965399, 40.058047175795899 ], [ -74.983686917723404, 40.058004551574903 ], [ -74.983841030565799, 40.057954838827101 ], [ -74.983998532609206, 40.057928580262299 ], [ -74.984112758896998, 40.057897939251802 ], [ -74.984209485589105, 40.057870217253701 ], [ -74.984288712341296, 40.057845412369502 ], [ -74.984373368650907, 40.057794026881801 ], [ -74.984540241863002, 40.057644449508999 ], [ -74.984915221768304, 40.057399710739098 ], [ -74.985067030233694, 40.057299855859199 ], [ -74.9851533833438, 40.057206772187797 ], [ -74.985187576659897, 40.0571141028963 ], [ -74.985182701497394, 40.057020494457603 ], [ -74.985168193030006, 40.056950025911597 ], [ -74.985122753059699, 40.056892169646403 ], [ -74.984951434763801, 40.056724435167901 ], [ -74.984821352412595, 40.056611118052601 ], [ -74.984694795201904, 40.0565179181879 ], [ -74.984590486664999, 40.056411898973799 ], [ -74.984495132080596, 40.056299416501602 ], [ -74.984411713134804, 40.0562139335713 ], [ -74.984339355606707, 40.056070284274803 ], [ -74.984296773917904, 40.055942377039102 ], [ -74.984285480436895, 40.055883477119202 ], [ -74.984271690393101, 40.055811551685302 ], [ -74.984264923116598, 40.055657795358599 ], [ -74.984261137320402, 40.055537499875904 ], [ -74.984251228913095, 40.055426275792598 ], [ -74.984249213975104, 40.055403652859503 ], [ -74.984253973716093, 40.055286902447001 ], [ -74.984245030676902, 40.055186517125399 ], [ -74.984212343259202, 40.055135645269601 ], [ -74.984179928109896, 40.055078101967901 ], [ -74.984065785365303, 40.055000226546802 ], [ -74.983957635396607, 40.054935011955401 ], [ -74.983921597018806, 40.054913279931803 ], [ -74.983798568027694, 40.054840198416201 ], [ -74.983737263933406, 40.054745230951603 ], [ -74.983681389258194, 40.054623681166099 ], [ -74.983621309740599, 40.054498691627103 ], [ -74.983477123029203, 40.054411744452203 ], [ -74.982792960326194, 40.053927806840299 ], [ -74.982540731534499, 40.053826569088301 ], [ -74.982324237180705, 40.053807997984499 ], [ -74.982207081950605, 40.053778078555297 ], [ -74.982122126447905, 40.053756382162497 ], [ -74.981828859340098, 40.0537025702276 ], [ -74.981592703615405, 40.053633438117302 ], [ -74.981394117199102, 40.053601941139597 ], [ -74.981207192099305, 40.053604113977698 ], [ -74.981011857999505, 40.053599406007798 ], [ -74.980832796985894, 40.053621802132199 ], [ -74.980645328533996, 40.0536373166074 ], [ -74.980492857198399, 40.053646997532198 ], [ -74.980288568013705, 40.053648750273801 ], [ -74.980089029988804, 40.0536406000315 ], [ -74.979838287389299, 40.053609511595099 ], [ -74.979659244986294, 40.053525058502601 ], [ -74.979511814002606, 40.0534113157576 ], [ -74.979382154632503, 40.053287985115396 ], [ -74.9792519519915, 40.053177995986402 ], [ -74.979143043676103, 40.0530785383677 ], [ -74.979008773106003, 40.052961773877897 ], [ -74.978866094350494, 40.052838127866998 ], [ -74.978705098856594, 40.052737412467501 ], [ -74.978556853567696, 40.052643683133702 ], [ -74.978404540091105, 40.052543177620002 ], [ -74.978274627958797, 40.0524542777015 ], [ -74.974785860993407, 40.0493241800569 ], [ -74.975762615078693, 40.048158017971403 ], [ -74.976215735919098, 40.047707605475303 ], [ -74.976641675086498, 40.0474156227911 ], [ -74.977189739411102, 40.047174313492697 ], [ -74.979200299428996, 40.046602385873499 ], [ -74.979893754083804, 40.046348662720398 ], [ -74.980593040835203, 40.045951895970198 ], [ -74.981168892354205, 40.045536241462898 ], [ -74.981746684112395, 40.0450729059339 ], [ -74.982350331848195, 40.044482919014001 ], [ -74.983134951219498, 40.043515480340503 ], [ -74.983829709853495, 40.042720867469797 ], [ -74.9844320241221, 40.042162656924297 ], [ -74.984944491909005, 40.041777275413402 ], [ -74.985561637214303, 40.041362595415698 ], [ -74.986282164188395, 40.0409503979159 ], [ -74.987025303314098, 40.0404910157689 ], [ -74.987708985595603, 40.039966564049998 ], [ -74.992557137095005, 40.0357718004635 ], [ -74.996146264843404, 40.032580681335901 ], [ -74.997731572058996, 40.031171042273598 ], [ -74.998411015109298, 40.030588645867397 ], [ -74.998760693778905, 40.030288906961601 ], [ -74.999760741753605, 40.029612880045697 ], [ -75.000862852700195, 40.028971104822197 ], [ -75.006231600159694, 40.0256791464966 ], [ -75.009693755952597, 40.023470975833597 ], [ -75.010631577674204, 40.022793373915597 ], [ -75.012310787719997, 40.021500915519702 ], [ -75.021763956158793, 40.031254589169002 ], [ -75.023383690534502, 40.0329254514442 ], [ -75.023744562646499, 40.033297700366397 ], [ -75.023897936905101, 40.033455908370797 ], [ -75.024063020953506, 40.0336092390639 ], [ -75.024858112220599, 40.034791130314602 ], [ -75.025185838077306, 40.035289400553502 ], [ -75.025510877359196, 40.0357814202616 ], [ -75.025804313833703, 40.0362148722295 ], [ -75.025865569736098, 40.036265083183402 ], [ -75.026132326100395, 40.0368302340461 ], [ -75.0261551073839, 40.036889057223704 ], [ -75.026617464787904, 40.037856562559703 ], [ -75.027034250057199, 40.038753514761297 ], [ -75.027310227871894, 40.039409829841198 ], [ -75.027583644860599, 40.040056034934999 ], [ -75.027847946340202, 40.040687253162702 ], [ -75.027899369926999, 40.0407893558165 ], [ -75.028193583486996, 40.041281771478197 ], [ -75.028258771766204, 40.041372930560001 ], [ -75.028328459945897, 40.0414577997443 ], [ -75.028943533723805, 40.042295299529897 ], [ -75.029417068845405, 40.042911802608302 ], [ -75.029799973455098, 40.043412099029197 ], [ -75.030164105020503, 40.0439049239558 ], [ -75.030538633640802, 40.044381344200602 ], [ -75.030991117988705, 40.044977484140396 ], [ -75.031543354337799, 40.045690383398899 ], [ -75.0316088531914, 40.045762943776303 ], [ -75.031670383842695, 40.045906612296399 ], [ -75.031778366157297, 40.046150497633299 ], [ -75.031839807778297, 40.046436376512098 ], [ -75.031854627065698, 40.046626343883197 ], [ -75.031846693011801, 40.046824391589297 ], [ -75.031811437944498, 40.047004554795002 ], [ -75.031783165157904, 40.047150407897398 ], [ -75.031614207421299, 40.0478633053919 ], [ -75.031626505098103, 40.0479354959473 ], [ -75.031637097393897, 40.048106760265 ], [ -75.031672475590895, 40.048223966801899 ], [ -75.031741354000104, 40.048371497983702 ], [ -75.031861074057105, 40.048542339519699 ], [ -75.031988664831403, 40.048660311285801 ], [ -75.032139602188593, 40.048769992419203 ], [ -75.032739356232398, 40.049096088285502 ], [ -75.033049559873504, 40.049264748231103 ], [ -75.032993843252896, 40.049344709071804 ], [ -75.032985542092703, 40.049373521215799 ], [ -75.032964205364905, 40.049460129539099 ], [ -75.032950840139094, 40.049526157168899 ], [ -75.032949413674004, 40.049606370278603 ], [ -75.032946316420805, 40.049683710975501 ], [ -75.032936687414505, 40.049745707261302 ], [ -75.032933906356504, 40.049770530428198 ], [ -75.032922034997597, 40.049799259004899 ], [ -75.032870941436897, 40.049825772360101 ], [ -75.032834416149797, 40.049867734598301 ], [ -75.032801857038606, 40.049922236957002 ], [ -75.0327471548365, 40.049994237483901 ], [ -75.032687601584399, 40.050075822088097 ], [ -75.032685706413105, 40.050078523675602 ], [ -75.032629108979407, 40.0501532266167 ], [ -75.032591688522004, 40.050195254089097 ], [ -75.0325447279305, 40.050230104322601 ], [ -75.0324533678683, 40.050280468151399 ], [ -75.032421519450097, 40.050294905540802 ], [ -75.032405229764706, 40.050300099497001 ], [ -75.032369804583098, 40.050292309023199 ], [ -75.032316692771104, 40.050279981288398 ], [ -75.032292757784404, 40.0502752955123 ], [ -75.032242262275801, 40.050242259345701 ], [ -75.032148860247602, 40.050181908362198 ], [ -75.032025893361507, 40.050286391066201 ], [ -75.0318244030681, 40.050376664987098 ], [ -75.031559808104404, 40.050395747809802 ], [ -75.0313887232045, 40.050370818300301 ], [ -75.0311618142225, 40.050337754291398 ], [ -75.030781106839697, 40.050282276756803 ], [ -75.030091999274802, 40.050196266600601 ], [ -75.029648223408401, 40.050160414556899 ], [ -75.029219905257506, 40.0501502709417 ], [ -75.028963546301298, 40.050169543022399 ], [ -75.0286582738498, 40.050174984150203 ], [ -75.028403947194604, 40.050143614320397 ], [ -75.028249477300903, 40.050089265616798 ], [ -75.028114276450694, 40.049965676928402 ], [ -75.028023053355398, 40.0497734325564 ], [ -75.027906866006603, 40.049586932739899 ], [ -75.027730989953, 40.049449707154999 ], [ -75.027503916088904, 40.049355620568299 ], [ -75.027018581320604, 40.049328276680797 ], [ -75.026345812192204, 40.049451721886797 ], [ -75.026316145280703, 40.049456887839298 ], [ -75.025897466999794, 40.049529796084698 ], [ -75.025489798375304, 40.049621506033503 ], [ -75.025021927705197, 40.049775146735698 ], [ -75.024609931391296, 40.049974464924702 ], [ -75.024007214078594, 40.050200935336697 ], [ -75.022874627622699, 40.050687278411303 ], [ -75.022588466525505, 40.050832551682298 ], [ -75.022233479138293, 40.051049054767802 ], [ -75.022027901197006, 40.051240591774899 ], [ -75.021823341589098, 40.051406809567098 ], [ -75.021608505964593, 40.051623471010998 ], [ -75.021486315348795, 40.051791643433098 ], [ -75.021348410723107, 40.051940434937997 ], [ -75.021070986397802, 40.052073239555099 ], [ -75.020820817961706, 40.052143329514102 ], [ -75.021177061920397, 40.055014722756702 ], [ -75.021299764669905, 40.055104606379402 ], [ -75.021858398377304, 40.055675540072698 ], [ -75.021975926556294, 40.055824668712901 ], [ -75.022048290067204, 40.0559450399574 ], [ -75.022092776229798, 40.056071022324097 ], [ -75.022125368103502, 40.056201522036801 ], [ -75.022131698359004, 40.056333635754598 ], [ -75.022124332363106, 40.0563828847379 ], [ -75.019050153262, 40.056400622014799 ], [ -75.016588259784299, 40.0564052199326 ], [ -75.014197853545795, 40.056409633813097 ], [ -75.012830482271795, 40.056414010704401 ], [ -75.012591880263599, 40.056413122259897 ], [ -75.012379264005403, 40.056449193005101 ], [ -75.0119629446978, 40.056521546633597 ], [ -75.011714120241294, 40.056570465722203 ], [ -75.011480058541693, 40.0566220210331 ], [ -75.011244355715604, 40.056676890657101 ], [ -75.010680767391904, 40.056873665931001 ], [ -75.010224438505901, 40.057064578873899 ], [ -75.009755903720801, 40.057286728739797 ], [ -75.009005998549796, 40.057634591408899 ], [ -75.008642320178794, 40.057782260009802 ], [ -75.008802970098003, 40.058410736141703 ], [ -75.008876401534906, 40.058657461251798 ], [ -75.009152908847398, 40.059828917283603 ], [ -75.008844037049201, 40.059892080908298 ], [ -75.008647206299102, 40.059951414037101 ], [ -75.008472924106997, 40.0600255134527 ], [ -75.008311511732799, 40.060124819767999 ], [ -75.008107832597105, 40.060292977269498 ], [ -75.006446748435195, 40.061584487727501 ], [ -75.005651439674295, 40.062213016688197 ], [ -75.004867758356298, 40.062821761436702 ], [ -75.004086811522797, 40.063428654456203 ], [ -75.003316258600805, 40.064037081294501 ], [ -75.002557373860697, 40.064621952821803 ], [ -75.000523322511796, 40.063462972806299 ], [ -75.0004274382392, 40.063418457217402 ], [ -75.000364057524394, 40.0634005213888 ], [ -75.0003058130537, 40.063395492552502 ], [ -75.0001653449809, 40.063407494080202 ], [ -75.000053937572702, 40.063444702446901 ], [ -74.999957207955603, 40.0634963366482 ], [ -74.999608047726895, 40.063874190985402 ], [ -74.999025458216593, 40.064489237573902 ], [ -74.998422534311203, 40.064146171069801 ], [ -74.995307211979096, 40.062373429298901 ], [ -74.994516409500903, 40.061923401918797 ], [ -74.994278703612096, 40.061790973225101 ], [ -74.993953963617699, 40.0616371367745 ], [ -74.993569477193404, 40.061502010126297 ], [ -74.993219470984101, 40.061405481326801 ], [ -74.992815754368493, 40.061340396389902 ], [ -74.992398840939103, 40.061277511579 ], [ -74.991947449207103, 40.061176026949802 ], [ -74.991711113315404, 40.061104883786598 ], [ -74.991495239556897, 40.061014086402601 ], [ -74.991305148074503, 40.060933980505602 ], [ -74.991102781205797, 40.060833435395999 ], [ -74.990857136677405, 40.060668898535198 ], [ -74.990644029408003, 40.0605101793386 ], [ -74.990512256434997, 40.060446580900397 ], [ -74.990434296291298, 40.060405298520401 ], [ -74.988390743992994, 40.061641265607399 ], [ -74.988800893653107, 40.062010740625603 ], [ -74.988933675762397, 40.0619734358988 ], [ -74.989068305762203, 40.061994019228599 ], [ -74.9891430206184, 40.062044389341501 ], [ -74.990172540390603, 40.063044090444897 ], [ -74.990245564943507, 40.063136054747702 ], [ -74.990278410472797, 40.063216644666902 ], [ -74.990291091365407, 40.063792908039503 ], [ -74.990254747350406, 40.063895868682998 ], [ -74.990181972, 40.063922133821002 ], [ -74.990091323997206, 40.063930364700397 ], [ -74.989874076698101, 40.063942495324603 ], [ -74.989705606662497, 40.063976613818802 ], [ -74.989477229390204, 40.064049267467396 ], [ -74.988815567933997, 40.064288446475203 ], [ -74.988609909081902, 40.064380519979203 ], [ -74.988438897404194, 40.0644770293856 ], [ -74.988235177950799, 40.064600509791198 ], [ -74.988194152824903, 40.064609932813198 ], [ -74.988134070182298, 40.064617839756899 ], [ -74.988024697068795, 40.0645572839192 ], [ -74.987657320308799, 40.064263942174698 ], [ -74.986905822832895, 40.063312541101503 ], [ -74.986863378244706, 40.063218722072001 ], [ -74.986906958950001, 40.063173783242803 ], [ -74.986944461002594, 40.063139988668297 ], [ -74.987457690982296, 40.062831368629098 ], [ -74.987043523654094, 40.062462691244498 ], [ -74.985612654963305, 40.0633263364236 ], [ -74.985579684999493, 40.063354565656503 ], [ -74.984952875944302, 40.0636698426229 ], [ -74.984174623482204, 40.0640846538113 ], [ -74.983735082059894, 40.064268715799997 ], [ -74.9832606815432, 40.064425466159101 ], [ -74.9828264017696, 40.0645578759652 ], [ -74.982357208729098, 40.064681862620198 ], [ -74.981064291871206, 40.064939652028499 ], [ -74.981054190971307, 40.064911298883402 ], [ -74.980968142529406, 40.0646771647299 ], [ -74.980927195914205, 40.064509227018199 ], [ -74.980908243559298, 40.064228294497802 ], [ -74.980914916096694, 40.064064844438803 ], [ -74.980938546437102, 40.0639118195271 ], [ -74.980982793172799, 40.063786003615 ], [ -74.981021420957603, 40.063584924837599 ], [ -74.9810408451971, 40.063428460075897 ], [ -74.981084820213894, 40.063309316282599 ], [ -74.981097859997206, 40.063202781735399 ], [ -74.981092990082104, 40.063109172101001 ], [ -74.981017448042095, 40.0629370630813 ], [ -74.980935114466902, 40.062824891574898 ], [ -74.980866214154403, 40.062703026589702 ], [ -74.980805111346598, 40.062603053501398 ], [ -74.980808924286904, 40.0625096532874 ], [ -74.9808305105268, 40.062406664970297 ] ] ] } },
{ "type": "Feature", "properties": { "objectid": 25, "score": 19.4, "Shape__Area": 10317678.12109375, "Shape__Length": 15231.796663372406 }, "geometry": { "type": "Polygon", "coordinates": [ [ [ -74.983192839149496, 40.0879575476215 ], [ -74.983042392137193, 40.087937793348303 ], [ -74.982823282802002, 40.087943287961203 ], [ -74.982618874651905, 40.0879893247577 ], [ -74.982423182682098, 40.088078483498599 ], [ -74.982162375999593, 40.088275402158303 ], [ -74.981969149885401, 40.0881674056672 ], [ -74.981764021124903, 40.0880823551961 ], [ -74.981491181763602, 40.0880027421791 ], [ -74.981201194221995, 40.087967482449301 ], [ -74.980604471220403, 40.087923868576297 ], [ -74.979506109843797, 40.087823971080198 ], [ -74.979306665616406, 40.087773283813 ], [ -74.979005623403694, 40.087672877677598 ], [ -74.978718146827802, 40.087527725594597 ], [ -74.978414995485707, 40.087312557324097 ], [ -74.977827501569607, 40.086832452822698 ], [ -74.977214198844905, 40.086330492537897 ], [ -74.9769546866154, 40.086110223123299 ], [ -74.976782161800699, 40.085976402973998 ], [ -74.976579622351096, 40.085836816050801 ], [ -74.976350845955494, 40.085713433671103 ], [ -74.976192216769206, 40.0856444517892 ], [ -74.974857338846107, 40.085031145987003 ], [ -74.973766398447793, 40.084543176682701 ], [ -74.971946759456998, 40.086900437400999 ], [ -74.970594199222504, 40.085769463689203 ], [ -74.969327049744393, 40.084662834526597 ], [ -74.969015256186793, 40.084375195311502 ], [ -74.967021964383605, 40.082125082940003 ], [ -74.966706975398594, 40.081716692148397 ], [ -74.966610213266705, 40.081466579959397 ], [ -74.966467645077302, 40.081214661670302 ], [ -74.9663776496228, 40.0810430730211 ], [ -74.9661766897311, 40.080566119754501 ], [ -74.966148266119802, 40.080470561915497 ], [ -74.965320798572606, 40.078318887651598 ], [ -74.965159299097806, 40.0778753512325 ], [ -74.9649990336261, 40.077438095323402 ], [ -74.964918659019602, 40.077200796074202 ], [ -74.964913143041898, 40.077183817742799 ], [ -74.964974509163994, 40.077197592968197 ], [ -74.965042631199495, 40.077204093276997 ], [ -74.965149767004704, 40.077214316373997 ], [ -74.965255933023499, 40.077224447142903 ], [ -74.965442102197201, 40.077242313899902 ], [ -74.965736827271996, 40.077262811327799 ], [ -74.966031962450401, 40.077273299838502 ], [ -74.966184146599801, 40.077271978229597 ], [ -74.966298962298197, 40.077228012731602 ], [ -74.966490060260099, 40.077125793095497 ], [ -74.966597696291501, 40.077044924631799 ], [ -74.966670868736401, 40.076956543714303 ], [ -74.9667510229459, 40.076698041546003 ], [ -74.966775509842705, 40.076525005806197 ], [ -74.966822217205802, 40.076446001063701 ], [ -74.966941920360895, 40.076388797461298 ], [ -74.967269364327393, 40.0763533195082 ], [ -74.967552838427395, 40.076330132607502 ], [ -74.967808891745506, 40.076339670388798 ], [ -74.968283421798802, 40.076321106970099 ], [ -74.968745746522401, 40.076282211625902 ], [ -74.968893859361302, 40.076274109230603 ], [ -74.969041631352297, 40.076274345919799 ], [ -74.969127517803301, 40.076299798031499 ], [ -74.969296965655104, 40.076407407189301 ], [ -74.969481629038199, 40.076461960443403 ], [ -74.969628579488898, 40.076482211946903 ], [ -74.969750298283699, 40.076481817381399 ], [ -74.969825346395993, 40.076453581211901 ], [ -74.969901624821802, 40.0763953250922 ], [ -74.970012504382595, 40.076341244435099 ], [ -74.970110766987204, 40.076276840220103 ], [ -74.970251905648098, 40.076226830658399 ], [ -74.970369144608995, 40.0762296664468 ], [ -74.970511890317894, 40.076246474710999 ], [ -74.970693851998803, 40.076260892751797 ], [ -74.970838921420494, 40.076220993687102 ], [ -74.970942072628901, 40.076143352386701 ], [ -74.971054864537194, 40.076042570202098 ], [ -74.971171997362703, 40.075941892880699 ], [ -74.971261984364602, 40.075867272348702 ], [ -74.971348996189406, 40.075759188694299 ], [ -74.971382671026802, 40.075679866943602 ], [ -74.971416141025102, 40.075605548565697 ], [ -74.971398256702798, 40.075511623613998 ], [ -74.971350114634305, 40.075413627691297 ], [ -74.971290449441, 40.0752786245721 ], [ -74.971233348934007, 40.075187090868702 ], [ -74.971237449102802, 40.075087019636598 ], [ -74.971250234385394, 40.074987158413698 ], [ -74.971281343334297, 40.074864367388798 ], [ -74.971320043728596, 40.074768471267703 ], [ -74.971367564592498, 40.074669450106697 ], [ -74.971452796980003, 40.074604730642001 ], [ -74.971593657873598, 40.074561390657003 ], [ -74.971623330964405, 40.074473623704201 ], [ -74.971617243418606, 40.074410035754397 ], [ -74.971576555808895, 40.074342271723403 ], [ -74.971488105150399, 40.074273353020097 ], [ -74.971271853731807, 40.074141241559801 ], [ -74.971080698185204, 40.074033110299901 ], [ -74.971028761834106, 40.073921666766303 ], [ -74.971031905472401, 40.073844945447298 ], [ -74.971043049543198, 40.073785112459703 ], [ -74.971106435452697, 40.073723204495003 ], [ -74.971200350941899, 40.073658695211897 ], [ -74.971539637967496, 40.073439846125801 ], [ -74.971733760560895, 40.073369411890901 ], [ -74.971874208792002, 40.073336078843099 ], [ -74.972014655556904, 40.073302744536797 ], [ -74.972130006327802, 40.073245430721201 ], [ -74.972220535206901, 40.073157465911002 ], [ -74.972272805933997, 40.073048541872701 ], [ -74.972298204464394, 40.072959002825499 ], [ -74.972332833125705, 40.072856330155801 ], [ -74.972414219459907, 40.072460955512 ], [ -74.972435276372394, 40.072371310444602 ], [ -74.972501868765406, 40.072231012109803 ], [ -74.972575438141902, 40.072132619945798 ], [ -74.972656050812603, 40.072074466916199 ], [ -74.972798135013605, 40.072001103408702 ], [ -74.972918234807594, 40.071933886449699 ], [ -74.973063703631794, 40.071883977283498 ], [ -74.973213513420106, 40.071834173889897 ], [ -74.973381920357198, 40.071754767923501 ], [ -74.973475558990799, 40.0716969282119 ], [ -74.973529982928795, 40.0716414802963 ], [ -74.973567176240095, 40.0715822765101 ], [ -74.973604095247097, 40.071529744094903 ], [ -74.973606689655696, 40.0714663658676 ], [ -74.973618105288494, 40.071399861590002 ], [ -74.973633041659596, 40.071353476579098 ], [ -74.973669961633902, 40.0713009441696 ], [ -74.973808178688799, 40.0712157991764 ], [ -74.973977129490095, 40.071123050038899 ], [ -74.974119345627798, 40.071046349687599 ], [ -74.974259923264597, 40.071009677635402 ], [ -74.974417595849999, 40.070980095987302 ], [ -74.974612049661502, 40.070901317615402 ], [ -74.9748018889007, 40.070829105134003 ], [ -74.974900002471003, 40.070768033038199 ], [ -74.974981568059306, 40.070686527572903 ], [ -74.975041560514299, 40.0706011627883 ], [ -74.975071705050794, 40.070501720476301 ], [ -74.975082447518702, 40.070467316555401 ], [ -74.975101714419395, 40.070405613369502 ], [ -74.975123584769804, 40.070295954931602 ], [ -74.975121836618797, 40.070232471132201 ], [ -74.975098061757805, 40.070069954654599 ], [ -74.975106361672005, 40.069973324348197 ], [ -74.975165944199105, 40.069897965745199 ], [ -74.975251030483705, 40.069836579680697 ], [ -74.975349005976895, 40.069778843086901 ], [ -74.975459598625505, 40.0697314284226 ], [ -74.975582259028997, 40.0697076778686 ], [ -74.975723925781395, 40.069644318034698 ], [ -74.975968589852499, 40.069506647333597 ], [ -74.976185019491197, 40.069421718957798 ], [ -74.976402266804797, 40.069316775738102 ], [ -74.976609467376903, 40.069244979476601 ], [ -74.976733626993394, 40.069184535422004 ], [ -74.976828691050301, 40.069091667662903 ], [ -74.976872813531003, 40.068969189458699 ], [ -74.9769120472168, 40.068859949790003 ], [ -74.977007337000302, 40.068655230282801 ], [ -74.977079281235206, 40.068490016228097 ], [ -74.977153521983297, 40.068374942567701 ], [ -74.977204962896707, 40.068286031044899 ], [ -74.977271064403197, 40.068157404379001 ], [ -74.977330233621004, 40.068092051947701 ], [ -74.977460437016404, 40.067990015322003 ], [ -74.977628693076795, 40.067913939353801 ], [ -74.977858685879099, 40.0678159787062 ], [ -74.978009847593, 40.067732810912098 ], [ -74.978161144081298, 40.067646307882001 ], [ -74.978372269722598, 40.067584620462497 ], [ -74.978617992009006, 40.067527106628297 ], [ -74.978882715599795, 40.067429981658996 ], [ -74.979093566236202, 40.067374964135702 ], [ -74.979183124167406, 40.067310343796201 ], [ -74.979413386515702, 40.067205709695301 ], [ -74.979557223058805, 40.067088973333199 ], [ -74.979606888931301, 40.067043424305403 ], [ -74.979713743784799, 40.066980890108098 ], [ -74.979781456571899, 40.066919081998797 ], [ -74.979805480558994, 40.066862898397702 ], [ -74.979838459969301, 40.0668002518196 ], [ -74.979845799117399, 40.066726970973498 ], [ -74.979910122893898, 40.066641707227497 ], [ -74.980049344251697, 40.066531537731201 ], [ -74.980165902656793, 40.0664441945788 ], [ -74.980268891911294, 40.066369880047503 ], [ -74.980379338246607, 40.066325795624898 ], [ -74.980515289452697, 40.0662956825336 ], [ -74.980677425394106, 40.066262861905997 ], [ -74.980753955453494, 40.066197926243603 ], [ -74.980858578081197, 40.066083582784799 ], [ -74.980923173465598, 40.065991647241702 ], [ -74.980971558153797, 40.065870940060101 ], [ -74.980965735004702, 40.065800680265497 ], [ -74.980947976423195, 40.065703421739101 ], [ -74.980922352161699, 40.065585939140199 ], [ -74.980946102395805, 40.0655364263758 ], [ -74.980981609999205, 40.065507961446102 ], [ -74.980931997473604, 40.065442489778199 ], [ -74.980769902919903, 40.0652116219823 ], [ -74.980693764996104, 40.065092645208502 ], [ -74.980672060533905, 40.065017854184397 ], [ -74.981064291871206, 40.064939652028499 ], [ -74.982357208729098, 40.064681862620198 ], [ -74.9828264017696, 40.0645578759652 ], [ -74.9832606815432, 40.064425466159101 ], [ -74.983735082059894, 40.064268715799997 ], [ -74.984174623482204, 40.0640846538113 ], [ -74.984952875944302, 40.0636698426229 ], [ -74.985579684999493, 40.063354565656503 ], [ -74.985612654963305, 40.0633263364236 ], [ -74.987043523654094, 40.062462691244498 ], [ -74.987457690982296, 40.062831368629098 ], [ -74.986944461002594, 40.063139988668297 ], [ -74.986906958950001, 40.063173783242803 ], [ -74.986863378244706, 40.063218722072001 ], [ -74.986905822832895, 40.063312541101503 ], [ -74.987657320308799, 40.064263942174698 ], [ -74.988024697068795, 40.0645572839192 ], [ -74.988134070182298, 40.064617839756899 ], [ -74.988194152824903, 40.064609932813198 ], [ -74.988235177950799, 40.064600509791198 ], [ -74.988438897404194, 40.0644770293856 ], [ -74.988609909081902, 40.064380519979203 ], [ -74.988815567933997, 40.064288446475203 ], [ -74.989477229390204, 40.064049267467396 ], [ -74.989705606662497, 40.063976613818802 ], [ -74.989874076698101, 40.063942495324603 ], [ -74.990091323997206, 40.063930364700397 ], [ -74.990181972, 40.063922133821002 ], [ -74.990254747350406, 40.063895868682998 ], [ -74.990291091365407, 40.063792908039503 ], [ -74.990278410472797, 40.063216644666902 ], [ -74.990245564943507, 40.063136054747702 ], [ -74.990172540390603, 40.063044090444897 ], [ -74.9891430206184, 40.062044389341501 ], [ -74.989068305762203, 40.061994019228599 ], [ -74.988933675762397, 40.0619734358988 ], [ -74.988800893653107, 40.062010740625603 ], [ -74.988390743992994, 40.061641265607399 ], [ -74.990434296291298, 40.060405298520401 ], [ -74.990512256434997, 40.060446580900397 ], [ -74.990644029408003, 40.0605101793386 ], [ -74.990857136677405, 40.060668898535198 ], [ -74.991102781205797, 40.060833435395999 ], [ -74.991305148074503, 40.060933980505602 ], [ -74.991495239556897, 40.061014086402601 ], [ -74.991711113315404, 40.061104883786598 ], [ -74.991947449207103, 40.061176026949802 ], [ -74.992398840939103, 40.061277511579 ], [ -74.992815754368493, 40.061340396389902 ], [ -74.993219470984101, 40.061405481326801 ], [ -74.993569477193404, 40.061502010126297 ], [ -74.993953963617699, 40.0616371367745 ], [ -74.994278703612096, 40.061790973225101 ], [ -74.994516409500903, 40.061923401918797 ], [ -74.995307211979096, 40.062373429298901 ], [ -74.998422534311203, 40.064146171069801 ], [ -74.999025458216593, 40.064489237573902 ], [ -75.000204927528102, 40.065160069051402 ], [ -75.002905378665204, 40.066691369993897 ], [ -75.007271778624499, 40.069170936771599 ], [ -75.004835272006005, 40.070582259155898 ], [ -75.004231518143897, 40.070933653389403 ], [ -75.003943917851402, 40.071130013674498 ], [ -75.003609133162499, 40.071371698667903 ], [ -75.003303372807196, 40.071643109675499 ], [ -75.003042917363899, 40.0719156029296 ], [ -75.002831540151504, 40.072189269986197 ], [ -75.002622761708594, 40.072492030776502 ], [ -75.002468247788798, 40.072761249371197 ], [ -75.002341587698197, 40.073089199802801 ], [ -75.002254560396693, 40.073371645386104 ], [ -75.002098224422696, 40.074058898241901 ], [ -75.001953888794702, 40.0744275852066 ], [ -75.001876759518197, 40.074584361031498 ], [ -75.001772997892104, 40.074750216076197 ], [ -75.001633375558299, 40.074951286452198 ], [ -75.001541039777194, 40.075066913601901 ], [ -75.001467930076501, 40.075157632883197 ], [ -75.000900081824398, 40.0758348954054 ], [ -74.998491532717793, 40.078710820841799 ], [ -74.9977892084801, 40.0795497720379 ], [ -74.997638048104804, 40.079708401975402 ], [ -74.997463685166906, 40.079860466710898 ], [ -74.997236394039504, 40.080032185311303 ], [ -74.995804896910897, 40.080854144960497 ], [ -74.994350747296394, 40.0816909941584 ], [ -74.991661344728698, 40.0832327289734 ], [ -74.990491998858602, 40.0839079528212 ], [ -74.990158457505302, 40.084061995335297 ], [ -74.989572655251806, 40.084323426239301 ], [ -74.989080896889007, 40.084547182518698 ], [ -74.988777489008797, 40.084713673302403 ], [ -74.988462148274493, 40.084926217408203 ], [ -74.988236159506101, 40.085106790735601 ], [ -74.987641055618596, 40.085582297162397 ], [ -74.987068587728004, 40.086058982014698 ], [ -74.986816802699096, 40.086315529431602 ], [ -74.986659153320204, 40.086523098918597 ], [ -74.986577726421302, 40.0866303089783 ], [ -74.986134098087305, 40.087276143501597 ], [ -74.985851340804302, 40.087690630272597 ], [ -74.985269978496603, 40.0887337157044 ], [ -74.985034967837606, 40.089110295164801 ], [ -74.984879154740099, 40.089312160256704 ], [ -74.984660548851295, 40.0895388771198 ], [ -74.984428976948394, 40.089746827906197 ], [ -74.984181796490205, 40.0899154727758 ], [ -74.983543595799702, 40.089386166468302 ], [ -74.983906323235004, 40.089127990203401 ], [ -74.983929112349401, 40.089082943745098 ], [ -74.983917889638505, 40.089015623556399 ], [ -74.9836409631815, 40.088271402347303 ], [ -74.983564554816297, 40.088175692852097 ], [ -74.983483892634496, 40.088098654732597 ], [ -74.983347524370402, 40.088017594100997 ], [ -74.983192839149496, 40.0879575476215 ] ] ] } },
{ "type": "Feature", "properties": { "objectid": 26, "score": 17.5, "Shape__Area": 12719494.25, "Shape__Length": 15783.544685525032 }, "geometry": { "type": "Polygon", "coordinates": [ [ [ -75.000204927528102, 40.065160069051402 ], [ -74.999025458216593, 40.064489237573902 ], [ -74.999608047726895, 40.063874190985402 ], [ -74.999957207955603, 40.0634963366482 ], [ -75.000053937572702, 40.063444702446901 ], [ -75.0001653449809, 40.063407494080202 ], [ -75.0003058130537, 40.063395492552502 ], [ -75.000364057524394, 40.0634005213888 ], [ -75.0004274382392, 40.063418457217402 ], [ -75.000523322511796, 40.063462972806299 ], [ -75.002557373860697, 40.064621952821803 ], [ -75.003316258600805, 40.064037081294501 ], [ -75.004086811522797, 40.063428654456203 ], [ -75.004867758356298, 40.062821761436702 ], [ -75.005651439674295, 40.062213016688197 ], [ -75.006446748435195, 40.061584487727501 ], [ -75.008107832597105, 40.060292977269498 ], [ -75.008311511732799, 40.060124819767999 ], [ -75.008472924106997, 40.0600255134527 ], [ -75.008647206299102, 40.059951414037101 ], [ -75.008844037049201, 40.059892080908298 ], [ -75.009152908847398, 40.059828917283603 ], [ -75.008876401534906, 40.058657461251798 ], [ -75.008802970098003, 40.058410736141703 ], [ -75.008642320178794, 40.057782260009802 ], [ -75.009005998549796, 40.057634591408899 ], [ -75.009755903720801, 40.057286728739797 ], [ -75.010224438505901, 40.057064578873899 ], [ -75.010680767391904, 40.056873665931001 ], [ -75.011244355715604, 40.056676890657101 ], [ -75.011480058541693, 40.0566220210331 ], [ -75.011714120241294, 40.056570465722203 ], [ -75.0119629446978, 40.056521546633597 ], [ -75.012379264005403, 40.056449193005101 ], [ -75.012591880263599, 40.056413122259897 ], [ -75.012830482271795, 40.056414010704401 ], [ -75.014197853545795, 40.056409633813097 ], [ -75.016588259784299, 40.0564052199326 ], [ -75.019050153262, 40.056400622014799 ], [ -75.022124332363106, 40.0563828847379 ], [ -75.022131698359004, 40.056333635754598 ], [ -75.022125368103502, 40.056201522036801 ], [ -75.022092776229798, 40.056071022324097 ], [ -75.022048290067204, 40.0559450399574 ], [ -75.021975926556294, 40.055824668712901 ], [ -75.021858398377304, 40.055675540072698 ], [ -75.021299764669905, 40.055104606379402 ], [ -75.021177061920397, 40.055014722756702 ], [ -75.020820817961706, 40.052143329514102 ], [ -75.021070986397802, 40.052073239555099 ], [ -75.021348410723107, 40.051940434937997 ], [ -75.021486315348795, 40.051791643433098 ], [ -75.021608505964593, 40.051623471010998 ], [ -75.021823341589098, 40.051406809567098 ], [ -75.022027901197006, 40.051240591774899 ], [ -75.022233479138293, 40.051049054767802 ], [ -75.022588466525505, 40.050832551682298 ], [ -75.022874627622699, 40.050687278411303 ], [ -75.024007214078594, 40.050200935336697 ], [ -75.024609931391296, 40.049974464924702 ], [ -75.025021927705197, 40.049775146735698 ], [ -75.025489798375304, 40.049621506033503 ], [ -75.025897466999794, 40.049529796084698 ], [ -75.026316145280703, 40.049456887839298 ], [ -75.026345812192204, 40.049451721886797 ], [ -75.027018581320604, 40.049328276680797 ], [ -75.027503916088904, 40.049355620568299 ], [ -75.027730989953, 40.049449707154999 ], [ -75.027906866006603, 40.049586932739899 ], [ -75.028023053355398, 40.0497734325564 ], [ -75.028114276450694, 40.049965676928402 ], [ -75.028249477300903, 40.050089265616798 ], [ -75.028403947194604, 40.050143614320397 ], [ -75.0286582738498, 40.050174984150203 ], [ -75.028963546301298, 40.050169543022399 ], [ -75.029219905257506, 40.0501502709417 ], [ -75.029648223408401, 40.050160414556899 ], [ -75.030091999274802, 40.050196266600601 ], [ -75.030781106839697, 40.050282276756803 ], [ -75.0311618142225, 40.050337754291398 ], [ -75.0313887232045, 40.050370818300301 ], [ -75.031559808104404, 40.050395747809802 ], [ -75.0318244030681, 40.050376664987098 ], [ -75.032025893361507, 40.050286391066201 ], [ -75.032148860247602, 40.050181908362198 ], [ -75.032242262275801, 40.050242259345701 ], [ -75.032292757784404, 40.0502752955123 ], [ -75.032316692771104, 40.050279981288398 ], [ -75.032369804583098, 40.050292309023199 ], [ -75.032405229764706, 40.050300099497001 ], [ -75.032421519450097, 40.050294905540802 ], [ -75.0324533678683, 40.050280468151399 ], [ -75.0325447279305, 40.050230104322601 ], [ -75.032591688522004, 40.050195254089097 ], [ -75.032629108979407, 40.0501532266167 ], [ -75.032685706413105, 40.050078523675602 ], [ -75.032687601584399, 40.050075822088097 ], [ -75.0327471548365, 40.049994237483901 ], [ -75.032801857038606, 40.049922236957002 ], [ -75.032834416149797, 40.049867734598301 ], [ -75.032870941436897, 40.049825772360101 ], [ -75.032922034997597, 40.049799259004899 ], [ -75.032933906356504, 40.049770530428198 ], [ -75.032936687414505, 40.049745707261302 ], [ -75.032946316420805, 40.049683710975501 ], [ -75.032949413674004, 40.049606370278603 ], [ -75.032950840139094, 40.049526157168899 ], [ -75.032964205364905, 40.049460129539099 ], [ -75.032985542092703, 40.049373521215799 ], [ -75.032993843252896, 40.049344709071804 ], [ -75.033049559873504, 40.049264748231103 ], [ -75.036039388201402, 40.050890252343102 ], [ -75.0388654867523, 40.052407931645298 ], [ -75.039129551407896, 40.052549733473903 ], [ -75.0391903837413, 40.052582400306399 ], [ -75.040249581396907, 40.053167589260603 ], [ -75.040670201024398, 40.053392005684302 ], [ -75.0411290233437, 40.053641616418602 ], [ -75.041563846222004, 40.053877707825698 ], [ -75.041985086431694, 40.054104326056297 ], [ -75.042833706827096, 40.054572359995802 ], [ -75.0436423458099, 40.055004786706903 ], [ -75.044498581400504, 40.055465010924003 ], [ -75.045270559777194, 40.055884606284799 ], [ -75.046395361288106, 40.056497028996603 ], [ -75.046539087916003, 40.056576711033401 ], [ -75.0466814422917, 40.056653234001203 ], [ -75.046858692130499, 40.056747027231701 ], [ -75.046480873929596, 40.057140560907897 ], [ -75.045956240054196, 40.057605279062997 ], [ -75.0449671828449, 40.058512694588899 ], [ -75.044817751031403, 40.058673998931503 ], [ -75.044704347016307, 40.058818993478901 ], [ -75.044277188907401, 40.059365137048601 ], [ -75.044240186400302, 40.059412445731901 ], [ -75.044203255367506, 40.0594861198066 ], [ -75.042912914256604, 40.062416726636499 ], [ -75.042452631028894, 40.063481551507998 ], [ -75.041331754934504, 40.065981605274402 ], [ -75.041207937926998, 40.066257759567598 ], [ -75.040578542637405, 40.067661494885002 ], [ -75.040110062891102, 40.068710760065102 ], [ -75.039907287286098, 40.069057165796103 ], [ -75.039575812046806, 40.069573787719001 ], [ -75.039191400204203, 40.0700423350374 ], [ -75.038992542580203, 40.070290499135403 ], [ -75.038135684335003, 40.071173205680601 ], [ -75.037363302129194, 40.071960539279303 ], [ -75.036192162459898, 40.073206264753402 ], [ -75.036047054418603, 40.073336524108797 ], [ -75.034952546367506, 40.074467613979401 ], [ -75.0333942406874, 40.076102132990101 ], [ -75.032828596544206, 40.076673629637298 ], [ -75.030410951696396, 40.079186355453999 ], [ -75.028777215695797, 40.080873874146299 ], [ -75.028607656348896, 40.080779189977598 ], [ -75.028451474427001, 40.080687485780999 ], [ -75.025380190228105, 40.0789525113492 ], [ -75.023716338342197, 40.078003832393101 ], [ -75.021751109017202, 40.076964544019503 ], [ -75.017146505571503, 40.074351894242497 ], [ -75.016838205617503, 40.074179292073801 ], [ -75.015066788205701, 40.073187526433699 ], [ -75.014090448491302, 40.072651746950001 ], [ -75.013129416942206, 40.072080772866599 ], [ -75.007271778624499, 40.069170936771599 ], [ -75.002905378665204, 40.066691369993897 ], [ -75.000204927528102, 40.065160069051402 ] ] ] } },
{ "type": "Feature", "properties": { "objectid": 27, "score": 15.7, "Shape__Area": 7807975.33203125, "Shape__Length": 11717.803897652288 }, "geometry": { "type": "Polygon", "coordinates": [ [ [ -75.043733198649505, 40.0120446577778 ], [ -75.045507439616401, 40.011104248258199 ], [ -75.048099024714404, 40.014091944620297 ], [ -75.049085067761794, 40.015228615691697 ], [ -75.050285958831495, 40.0165807918779 ], [ -75.051443118773093, 40.017930290133897 ], [ -75.051966894973901, 40.018508278029699 ], [ -75.052411912382397, 40.019022677642099 ], [ -75.052841851592703, 40.019527724065703 ], [ -75.053274456853899, 40.020012837360397 ], [ -75.053727784056306, 40.020522260840103 ], [ -75.054211839059505, 40.021074192438398 ], [ -75.054660489674205, 40.021590851895198 ], [ -75.054920268694104, 40.021876617401198 ], [ -75.055103826553506, 40.022103901322097 ], [ -75.055340941801006, 40.022369623481303 ], [ -75.055565882163194, 40.022615563431003 ], [ -75.055799549273402, 40.022894075945402 ], [ -75.056004742312894, 40.023139895087603 ], [ -75.056457427764997, 40.023641356940402 ], [ -75.056917627438395, 40.024169706671302 ], [ -75.057357601287706, 40.024670257482498 ], [ -75.057591580117005, 40.0249452313695 ], [ -75.057809606018594, 40.025183355437498 ], [ -75.058032234259997, 40.025446259326003 ], [ -75.058253572759099, 40.025700945702297 ], [ -75.058806422832205, 40.026323019307199 ], [ -75.059346996096906, 40.026948584203097 ], [ -75.059856229187105, 40.027531997248502 ], [ -75.060018076922702, 40.0277077323599 ], [ -75.060020261678901, 40.027738217262403 ], [ -75.060009127536603, 40.027762302772103 ], [ -75.059984069521605, 40.027802347492504 ], [ -75.059229299130195, 40.027918096719503 ], [ -75.058672283716604, 40.028153491344497 ], [ -75.0585821180605, 40.028234167315098 ], [ -75.057874046838705, 40.028529331782103 ], [ -75.0572520913788, 40.028794751323801 ], [ -75.056873821232998, 40.028952515283301 ], [ -75.056667370582502, 40.029068247229802 ], [ -75.056080652555096, 40.0294641593309 ], [ -75.055663423863294, 40.029852277517001 ], [ -75.055418885153898, 40.030095654444501 ], [ -75.055271926910393, 40.030229441056697 ], [ -75.054802227831601, 40.0306517101629 ], [ -75.054057495089097, 40.031189894517503 ], [ -75.053970533507396, 40.031246441822503 ], [ -75.053513808396602, 40.031576647718303 ], [ -75.053387787151394, 40.031652376404899 ], [ -75.053322317538502, 40.031687140476997 ], [ -75.053251690101504, 40.031709602219998 ], [ -75.052859704802302, 40.0318054829647 ], [ -75.052688024339005, 40.0318551172805 ], [ -75.050975284101398, 40.032333907895101 ], [ -75.0499120694287, 40.0326195888534 ], [ -75.049280622810997, 40.033289747092901 ], [ -75.0487283558858, 40.0338705765027 ], [ -75.048144205760195, 40.034486307801203 ], [ -75.047524937225703, 40.035146543710802 ], [ -75.046934775823502, 40.035771640383999 ], [ -75.046354149310403, 40.036387254455597 ], [ -75.045781069600395, 40.036995418784798 ], [ -75.045260924666195, 40.037545381115699 ], [ -75.044772223567193, 40.038071945492199 ], [ -75.044195484873001, 40.0386699074662 ], [ -75.042538215219295, 40.037731929428602 ], [ -75.041022668356504, 40.036895707160802 ], [ -75.040755249724, 40.036802819271898 ], [ -75.040342938254597, 40.036467463512103 ], [ -75.040025431064805, 40.036088621047497 ], [ -75.039476523658294, 40.035413289619797 ], [ -75.039053397891095, 40.034886118027899 ], [ -75.0386184794108, 40.034364662012798 ], [ -75.038197720533105, 40.033837577084903 ], [ -75.037756675320793, 40.033317234132198 ], [ -75.037332855436304, 40.032791572908799 ], [ -75.036908093983499, 40.032261120110903 ], [ -75.036480662359395, 40.031741889941401 ], [ -75.036057662918907, 40.031215601156099 ], [ -75.035739401685603, 40.0308334524792 ], [ -75.035628138701398, 40.030688524886997 ], [ -75.035172244124993, 40.030125538207997 ], [ -75.035101174771398, 40.030051550314397 ], [ -75.034749980939594, 40.029600303991401 ], [ -75.034357455449694, 40.029105433099602 ], [ -75.033942005797201, 40.028571047187903 ], [ -75.033527432099504, 40.028040421431598 ], [ -75.033110296067804, 40.027510480242697 ], [ -75.032754451676198, 40.027059944295303 ], [ -75.032080702976998, 40.026206889108998 ], [ -75.031710801806298, 40.025754682430801 ], [ -75.031635809980202, 40.025685947161499 ], [ -75.031328530884196, 40.025289571253403 ], [ -75.030140722676506, 40.023755287894801 ], [ -75.029648555796598, 40.0231387745456 ], [ -75.029215609457793, 40.022589512924199 ], [ -75.024757413805602, 40.016932977013703 ], [ -75.026582886586397, 40.016666213727497 ], [ -75.030971789204699, 40.016086164980202 ], [ -75.031039295800994, 40.016074874116697 ], [ -75.033054750173207, 40.015737760682903 ], [ -75.034784386103496, 40.015428689167003 ], [ -75.036582370062305, 40.014962123676497 ], [ -75.037881070640594, 40.014563279451899 ], [ -75.039182931895297, 40.014084953904799 ], [ -75.040380789840697, 40.013620067014699 ], [ -75.041665114339906, 40.0130617573314 ], [ -75.042636205020003, 40.012575590200498 ], [ -75.043185192618694, 40.012309889511599 ], [ -75.043733198649505, 40.0120446577778 ] ] ] } },
{ "type": "Feature", "properties": { "objectid": 28, "score": 18.1, "Shape__Area": 7694376.2109375, "Shape__Length": 13032.143804853433 }, "geometry": { "type": "Polygon", "coordinates": [ [ [ -75.083376261315806, 40.046076995705199 ], [ -75.084400175104705, 40.045240409959597 ], [ -75.085789422806201, 40.044105556918097 ], [ -75.086231971360803, 40.0443632675345 ], [ -75.087119032468195, 40.044857088986099 ], [ -75.088315638933807, 40.045523211022399 ], [ -75.088978387228195, 40.044341588875497 ], [ -75.098418563058104, 40.0361107673451 ], [ -75.099388546223196, 40.036770789938601 ], [ -75.101575512265697, 40.038302552984398 ], [ -75.101883573937002, 40.038032874006099 ], [ -75.102125387309002, 40.037811307534099 ], [ -75.102332712746502, 40.037629886005298 ], [ -75.103203690050705, 40.036783087133003 ], [ -75.104728580432294, 40.035330194845599 ], [ -75.105937924701806, 40.034109858235198 ], [ -75.106311395152204, 40.034312044868301 ], [ -75.107587819659699, 40.035022839536197 ], [ -75.107689391078907, 40.035079399333597 ], [ -75.108257445229498, 40.035398282684 ], [ -75.108573425914798, 40.0355047365194 ], [ -75.108592547036594, 40.035759355076401 ], [ -75.108685110596198, 40.036434420219699 ], [ -75.108735509890494, 40.036732906675802 ], [ -75.1088607819472, 40.037003258306797 ], [ -75.108981879771306, 40.037239742262202 ], [ -75.109128206778706, 40.037525490560697 ], [ -75.109168402551305, 40.037603986325699 ], [ -75.109658801064199, 40.038527244435301 ], [ -75.110013244979896, 40.039158432315901 ], [ -75.110328316870095, 40.039690771303299 ], [ -75.110774372549102, 40.040308446070199 ], [ -75.111799402007094, 40.041279785716 ], [ -75.111861705676603, 40.0413367460716 ], [ -75.1117238757124, 40.041479182254498 ], [ -75.111527020247095, 40.041695929182197 ], [ -75.111343956326706, 40.041919380830102 ], [ -75.111182948066698, 40.0421510353409 ], [ -75.111156588519293, 40.042196678725396 ], [ -75.111044561374001, 40.0423906583258 ], [ -75.110919796763298, 40.042635538080198 ], [ -75.110803457904694, 40.042883645908397 ], [ -75.110690355029703, 40.043132953418301 ], [ -75.110575298924999, 40.043381433968698 ], [ -75.110455761064699, 40.043628138141997 ], [ -75.110335969992306, 40.043874762391603 ], [ -75.110216915456903, 40.044121595396 ], [ -75.110099370639304, 40.044368837898801 ], [ -75.109984109490597, 40.044616688730798 ], [ -75.109873028102101, 40.044865660069497 ], [ -75.109767291582301, 40.045116078562302 ], [ -75.109662998110096, 40.045366877103604 ], [ -75.109556045607206, 40.045616932295999 ], [ -75.109442657971698, 40.045865246512101 ], [ -75.109433840821296, 40.045883404000897 ], [ -75.109322837316498, 40.0461120106647 ], [ -75.109194940039998, 40.046356316732698 ], [ -75.109056870133003, 40.046597069289398 ], [ -75.108912283734298, 40.046835760948802 ], [ -75.108762471588705, 40.047072685190003 ], [ -75.108607305212502, 40.047307469579103 ], [ -75.108446565905197, 40.047539773880303 ], [ -75.108277041357198, 40.047769019750703 ], [ -75.108093970002102, 40.047991808887197 ], [ -75.107893437503193, 40.048204557671298 ], [ -75.107677740966196, 40.048408961736499 ], [ -75.107453739360594, 40.048608652972298 ], [ -75.107228338723999, 40.048807118689602 ], [ -75.107004293870304, 40.049006894587798 ], [ -75.106775445159897, 40.049203215066498 ], [ -75.106534476553904, 40.0493894546251 ], [ -75.106271983440294, 40.0495576967907 ], [ -75.1059965588381, 40.0497152401447 ], [ -75.105724799021303, 40.049875827126101 ], [ -75.1054557787714, 40.0500387671444 ], [ -75.105186808936693, 40.050201758869903 ], [ -75.104917258061704, 40.050364168187699 ], [ -75.104646490601894, 40.0505253603555 ], [ -75.104374163232805, 40.050684995962698 ], [ -75.104100658544894, 40.050843457664698 ], [ -75.103826410482398, 40.051001171839097 ], [ -75.103551850091904, 40.0511585628673 ], [ -75.103276977112401, 40.051315631619801 ], [ -75.103000790650995, 40.051471388141799 ], [ -75.102724157295199, 40.051626694841303 ], [ -75.102448138227601, 40.051782602646597 ], [ -75.102173788689399, 40.051940162184003 ], [ -75.101902179624901, 40.052100437633896 ], [ -75.101634643429193, 40.052264750208799 ], [ -75.101370202299506, 40.052432127552201 ], [ -75.101106917998493, 40.052600649391103 ], [ -75.100923588182198, 40.052717104475903 ], [ -75.100842852768295, 40.052768389293803 ], [ -75.100576070941202, 40.052933426131602 ], [ -75.100304911707497, 40.053094110152699 ], [ -75.100030022459407, 40.053251077417897 ], [ -75.099752761977996, 40.053405682591801 ], [ -75.099474433735494, 40.053559226346302 ], [ -75.099196343384094, 40.053713011876802 ], [ -75.098919550503695, 40.053868095385901 ], [ -75.098642827477804, 40.054023242968498 ], [ -75.098365996237206, 40.054178282130898 ], [ -75.098089345163402, 40.0543335065557 ], [ -75.097813158522499, 40.054489209833797 ], [ -75.097537724394499, 40.054645687404197 ], [ -75.097263130948903, 40.0548030416711 ], [ -75.096988645965993, 40.0549605779755 ], [ -75.096714709381004, 40.055118697559301 ], [ -75.096441961144507, 40.055277991898102 ], [ -75.096171039763803, 40.055439054197798 ], [ -75.095902579910998, 40.055602470375597 ], [ -75.095636459427197, 40.055768129529902 ], [ -75.095372005162602, 40.055935399884802 ], [ -75.095108759678396, 40.056103836385901 ], [ -75.094846262256297, 40.0562729960076 ], [ -75.094682472354293, 40.056378835851497 ], [ -75.093620083457395, 40.057427384290698 ], [ -75.093617613736299, 40.057429821320603 ], [ -75.092742397726596, 40.058307462943503 ], [ -75.092076765050606, 40.058974921455899 ], [ -75.089764757165995, 40.061294319443299 ], [ -75.089765562543803, 40.061301979739397 ], [ -75.089004611726494, 40.062060352010697 ], [ -75.088241428664205, 40.062820927732098 ], [ -75.087466289227294, 40.063593396559 ], [ -75.087067088007004, 40.0633715650117 ], [ -75.086991952829393, 40.063330345641802 ], [ -75.086570535423405, 40.063099146460601 ], [ -75.085742620677493, 40.062604476297402 ], [ -75.085732619040101, 40.062598738998702 ], [ -75.084782037572197, 40.062053409845703 ], [ -75.083836021543206, 40.0614819213827 ], [ -75.083527347487703, 40.061279759419101 ], [ -75.083099853508102, 40.061027847779101 ], [ -75.082279506222704, 40.060556129587802 ], [ -75.081404746749399, 40.060041055866201 ], [ -75.080508985349098, 40.059536662682298 ], [ -75.079649423127407, 40.059024483188999 ], [ -75.079613540108497, 40.059003004570798 ], [ -75.078762329628702, 40.058509282759999 ], [ -75.078078176511198, 40.058113187246299 ], [ -75.077780664277498, 40.0579346389016 ], [ -75.076735990813802, 40.057359764463101 ], [ -75.078633734407205, 40.055366090004497 ], [ -75.0789456340638, 40.055024508419798 ], [ -75.079219041634701, 40.054728534633099 ], [ -75.079510494313496, 40.054427472547303 ], [ -75.079817510559494, 40.054093589901299 ], [ -75.080151879881996, 40.053752458990097 ], [ -75.080413828058298, 40.053480696669702 ], [ -75.080690921451094, 40.0531752966182 ], [ -75.0810460656554, 40.052777238167202 ], [ -75.080189761627096, 40.052311707571299 ], [ -75.079336885291795, 40.051818402400897 ], [ -75.079600241586405, 40.051522021376101 ], [ -75.079881156397207, 40.051226450764098 ], [ -75.080151538910997, 40.050941939070299 ], [ -75.080446466508405, 40.050645156456604 ], [ -75.0805687309185, 40.050519678862997 ], [ -75.081088699602503, 40.049962261563003 ], [ -75.081298804027497, 40.049730817356 ], [ -75.081565736745304, 40.049491972663603 ], [ -75.081670150125802, 40.0494305009939 ], [ -75.081812167884706, 40.049282691840403 ], [ -75.082103909740198, 40.049056777263402 ], [ -75.082312907796705, 40.048841292939301 ], [ -75.0828899423324, 40.048206693873198 ], [ -75.083469154604998, 40.047598347702703 ], [ -75.084068509685196, 40.046972318480002 ], [ -75.083653499822404, 40.046732627141502 ], [ -75.083417625149096, 40.046608446412499 ], [ -75.083002709038794, 40.046379579790603 ], [ -75.083376261315806, 40.046076995705199 ] ] ] } },
{ "type": "Feature", "properties": { "objectid": 29, "score": 14.9, "Shape__Area": 5621685.15625, "Shape__Length": 9494.1967336461712 }, "geometry": { "type": "Polygon", "coordinates": [ [ [ -75.0572520913788, 40.028794751323801 ], [ -75.057874046838705, 40.028529331782103 ], [ -75.057953599464497, 40.028601241404203 ], [ -75.058410092830997, 40.028858595554198 ], [ -75.060039216766896, 40.029761954206698 ], [ -75.061648797044299, 40.030664538208804 ], [ -75.063050938473793, 40.031439429819102 ], [ -75.0631916331361, 40.031575827212002 ], [ -75.063420296220499, 40.031658607822699 ], [ -75.063596277431998, 40.031749007581404 ], [ -75.063845624281001, 40.031881536520999 ], [ -75.064102449830997, 40.032025572321103 ], [ -75.064437439579606, 40.032212602319497 ], [ -75.064765864209406, 40.032396360011099 ], [ -75.064896252457899, 40.0324686798945 ], [ -75.0651283980404, 40.032596387748498 ], [ -75.065485277119507, 40.032798955732702 ], [ -75.065818916131306, 40.032979464077698 ], [ -75.066171765361801, 40.033184150333597 ], [ -75.066526104823097, 40.033386152537602 ], [ -75.066954902206703, 40.033628551624297 ], [ -75.067271053977805, 40.033799841198601 ], [ -75.067312425350593, 40.033833635176101 ], [ -75.067739092667793, 40.034071114059699 ], [ -75.068164532340603, 40.034286753601997 ], [ -75.0685390166514, 40.034501274793001 ], [ -75.069444881969304, 40.035002459277401 ], [ -75.069599130606605, 40.035102503217999 ], [ -75.070004318256693, 40.035329308024998 ], [ -75.070161989036606, 40.035434603890899 ], [ -75.070525746750704, 40.035627318805297 ], [ -75.070898682844003, 40.035811236197603 ], [ -75.071195436165794, 40.035980989805402 ], [ -75.071452827913703, 40.036126063228899 ], [ -75.071785690073298, 40.036313270616901 ], [ -75.072107138001897, 40.036494555170201 ], [ -75.072376894761703, 40.036641377994897 ], [ -75.072689399819694, 40.036817218153203 ], [ -75.072962958699705, 40.036964804876398 ], [ -75.073255320613399, 40.037130568719903 ], [ -75.073552978048099, 40.037307263350399 ], [ -75.074452275974593, 40.037791874377398 ], [ -75.0749443894736, 40.038075471901401 ], [ -75.075339181123795, 40.038290681728597 ], [ -75.074768364306294, 40.038937580377201 ], [ -75.074189900569493, 40.039545313945297 ], [ -75.073921578229502, 40.039839920271604 ], [ -75.073277766454495, 40.040531569239398 ], [ -75.073276969477803, 40.040532369746899 ], [ -75.072997848185096, 40.040812742874799 ], [ -75.071815757634297, 40.0420430218592 ], [ -75.070635752813601, 40.043281456648302 ], [ -75.069766431331701, 40.044237349237001 ], [ -75.069471408153504, 40.044536313033298 ], [ -75.069185170885603, 40.044858524419801 ], [ -75.068339899238893, 40.045737980693197 ], [ -75.067111835600102, 40.0470241137592 ], [ -75.065938182704798, 40.048282839220001 ], [ -75.064188377131501, 40.050138877984502 ], [ -75.063832592334805, 40.049940071320201 ], [ -75.063579306066998, 40.049802044722803 ], [ -75.063519700058507, 40.049773987218899 ], [ -75.063440409832396, 40.049760467866903 ], [ -75.062385934697801, 40.049157317047801 ], [ -75.061377023093101, 40.048594681043703 ], [ -75.059938996775003, 40.047760404513802 ], [ -75.058370216805699, 40.046814502927397 ], [ -75.058067916848202, 40.046640459954801 ], [ -75.057727770919399, 40.046419639693298 ], [ -75.057372466519993, 40.046216677833101 ], [ -75.057050435372105, 40.046039385185601 ], [ -75.056716471600495, 40.045843947867603 ], [ -75.056385772697695, 40.045649003190903 ], [ -75.056145853007393, 40.0455083127545 ], [ -75.055725206013406, 40.045265600755599 ], [ -75.054649700099702, 40.044654428777903 ], [ -75.054436579737796, 40.044537996152698 ], [ -75.054288833457804, 40.044457277790102 ], [ -75.054064728382301, 40.0443348425122 ], [ -75.053115770923398, 40.043773583528001 ], [ -75.052229965142004, 40.043280545546303 ], [ -75.052155694561307, 40.043219978160302 ], [ -75.051428050867997, 40.042797193433799 ], [ -75.050645980653499, 40.042342947841497 ], [ -75.049029855134194, 40.041422060002802 ], [ -75.047426089064402, 40.040506402027098 ], [ -75.045808608947993, 40.039588497306298 ], [ -75.045281455591805, 40.039288824926103 ], [ -75.044195484873001, 40.0386699074662 ], [ -75.044772223567193, 40.038071945492199 ], [ -75.045260924666195, 40.037545381115699 ], [ -75.045781069600395, 40.036995418784798 ], [ -75.046354149310403, 40.036387254455597 ], [ -75.046934775823502, 40.035771640383999 ], [ -75.047524937225703, 40.035146543710802 ], [ -75.048144205760195, 40.034486307801203 ], [ -75.0487283558858, 40.0338705765027 ], [ -75.049280622810997, 40.033289747092901 ], [ -75.0499120694287, 40.0326195888534 ], [ -75.050975284101398, 40.032333907895101 ], [ -75.052688024339005, 40.0318551172805 ], [ -75.052859704802302, 40.0318054829647 ], [ -75.053251690101504, 40.031709602219998 ], [ -75.053322317538502, 40.031687140476997 ], [ -75.053387787151394, 40.031652376404899 ], [ -75.053513808396602, 40.031576647718303 ], [ -75.053970533507396, 40.031246441822503 ], [ -75.054057495089097, 40.031189894517503 ], [ -75.054802227831601, 40.0306517101629 ], [ -75.055271926910393, 40.030229441056697 ], [ -75.055418885153898, 40.030095654444501 ], [ -75.055663423863294, 40.029852277517001 ], [ -75.056080652555096, 40.0294641593309 ], [ -75.056667370582502, 40.029068247229802 ], [ -75.056873821232998, 40.028952515283301 ], [ -75.0572520913788, 40.028794751323801 ] ] ] } },
{ "type": "Feature", "properties": { "objectid": 30, "score": 16.1, "Shape__Area": 7048256.7421875, "Shape__Length": 14117.836161749758 }, "geometry": { "type": "Polygon", "coordinates": [ [ [ -75.069766431331701, 40.044237349237001 ], [ -75.070635752813601, 40.043281456648302 ], [ -75.071815757634297, 40.0420430218592 ], [ -75.072997848185096, 40.040812742874799 ], [ -75.073276969477803, 40.040532369746899 ], [ -75.073277766454495, 40.040531569239398 ], [ -75.073921578229502, 40.039839920271604 ], [ -75.074189900569493, 40.039545313945297 ], [ -75.074768364306294, 40.038937580377201 ], [ -75.075339181123795, 40.038290681728597 ], [ -75.075738615262097, 40.038515825777601 ], [ -75.076959112944493, 40.039225362222901 ], [ -75.076981848832403, 40.039238230252003 ], [ -75.077397554058706, 40.039473497128697 ], [ -75.077862380922497, 40.0397311698039 ], [ -75.078902291801199, 40.040320875407303 ], [ -75.079138138091494, 40.040067246929198 ], [ -75.079224161859102, 40.039974812912298 ], [ -75.079350422904398, 40.039842973039001 ], [ -75.079517784838302, 40.039661468183702 ], [ -75.079718406833393, 40.039449217119497 ], [ -75.079807893118698, 40.039352253508298 ], [ -75.079897442938602, 40.0392592710458 ], [ -75.080093713519503, 40.039051937975501 ], [ -75.080288789368197, 40.038834951954598 ], [ -75.0804902315531, 40.0386251181178 ], [ -75.080643532711093, 40.038461659899298 ], [ -75.080834603880803, 40.038255262595698 ], [ -75.081022303596001, 40.038056164334101 ], [ -75.081283156578806, 40.037791122877699 ], [ -75.082458362585001, 40.036546336764701 ], [ -75.082506663802704, 40.036494239608302 ], [ -75.083625062010796, 40.035294704909802 ], [ -75.083994016691307, 40.0349155179062 ], [ -75.084789672488398, 40.034058085377303 ], [ -75.084913697939001, 40.033939628753998 ], [ -75.085316317546003, 40.033530772189899 ], [ -75.085075354058205, 40.033174899091499 ], [ -75.084909030963502, 40.032929257961896 ], [ -75.084835366579597, 40.032358939404801 ], [ -75.084956481489598, 40.032317709068302 ], [ -75.085057563278696, 40.032284652913198 ], [ -75.085159030767997, 40.032241771598997 ], [ -75.085276528948597, 40.032181561294301 ], [ -75.085323661257505, 40.032156117465398 ], [ -75.085373032737493, 40.0321021788031 ], [ -75.085406792949001, 40.032024291670098 ], [ -75.085445819982695, 40.031942592693099 ], [ -75.085474622458705, 40.031860656489599 ], [ -75.085487624489105, 40.031790154563502 ], [ -75.085504116543405, 40.031711606288603 ], [ -75.085417275724794, 40.031557341272801 ], [ -75.085384592630206, 40.031500810692002 ], [ -75.085383953621601, 40.0315001857767 ], [ -75.085852479566, 40.031297304900498 ], [ -75.086196930955097, 40.031137622558397 ], [ -75.086724176259693, 40.0308837281517 ], [ -75.088132806511098, 40.030094509230302 ], [ -75.089165771419204, 40.029555824042603 ], [ -75.089874362026904, 40.029151347193903 ], [ -75.090348203618703, 40.0289018285644 ], [ -75.090583140042895, 40.028931772087503 ], [ -75.091409553404802, 40.028479607777697 ], [ -75.092164104530596, 40.028059162502103 ], [ -75.092901004768507, 40.027662350090701 ], [ -75.093510400384403, 40.027313466065301 ], [ -75.094145447134196, 40.026962510534098 ], [ -75.094565649285101, 40.026768313578401 ], [ -75.094908696389894, 40.026676382794101 ], [ -75.095239372009203, 40.026600054704502 ], [ -75.095499789699204, 40.026574584315703 ], [ -75.095741334671402, 40.026566172460299 ], [ -75.096041309829005, 40.026576604015901 ], [ -75.096407987901003, 40.026627063988599 ], [ -75.096728597613307, 40.026708061133803 ], [ -75.096736155381294, 40.026570170277203 ], [ -75.097463676348397, 40.026861157021699 ], [ -75.0988110347879, 40.027748534434899 ], [ -75.100593173160703, 40.028916410951197 ], [ -75.101284047437701, 40.029370686282803 ], [ -75.101808324998203, 40.029628430938402 ], [ -75.102159520761205, 40.029757341812903 ], [ -75.102538457756097, 40.029846620331199 ], [ -75.103071456537506, 40.0299044946672 ], [ -75.103229840896105, 40.030057774872297 ], [ -75.103905374481101, 40.030598255036999 ], [ -75.1023820572197, 40.032127978476503 ], [ -75.101150834006802, 40.033344018396299 ], [ -75.100549927138502, 40.033993762253097 ], [ -75.098418563058104, 40.0361107673451 ], [ -75.088978387228195, 40.044341588875497 ], [ -75.088315638933807, 40.045523211022399 ], [ -75.087119032468195, 40.044857088986099 ], [ -75.086231971360803, 40.0443632675345 ], [ -75.085789422806201, 40.044105556918097 ], [ -75.084400175104705, 40.045240409959597 ], [ -75.083376261315806, 40.046076995705199 ], [ -75.083002709038794, 40.046379579790603 ], [ -75.083417625149096, 40.046608446412499 ], [ -75.083653499822404, 40.046732627141502 ], [ -75.084068509685196, 40.046972318480002 ], [ -75.083469154604998, 40.047598347702703 ], [ -75.0828899423324, 40.048206693873198 ], [ -75.082312907796705, 40.048841292939301 ], [ -75.082103909740198, 40.049056777263402 ], [ -75.081812167884706, 40.049282691840403 ], [ -75.081670150125802, 40.0494305009939 ], [ -75.081565736745304, 40.049491972663603 ], [ -75.081298804027497, 40.049730817356 ], [ -75.081088699602503, 40.049962261563003 ], [ -75.0805687309185, 40.050519678862997 ], [ -75.080446466508405, 40.050645156456604 ], [ -75.080151538910997, 40.050941939070299 ], [ -75.079881156397207, 40.051226450764098 ], [ -75.079600241586405, 40.051522021376101 ], [ -75.079336885291795, 40.051818402400897 ], [ -75.080189761627096, 40.052311707571299 ], [ -75.0810460656554, 40.052777238167202 ], [ -75.080690921451094, 40.0531752966182 ], [ -75.080413828058298, 40.053480696669702 ], [ -75.080151879881996, 40.053752458990097 ], [ -75.079817510559494, 40.054093589901299 ], [ -75.079510494313496, 40.054427472547303 ], [ -75.079219041634701, 40.054728534633099 ], [ -75.0789456340638, 40.055024508419798 ], [ -75.078633734407205, 40.055366090004497 ], [ -75.076735990813802, 40.057359764463101 ], [ -75.075034339419105, 40.056368199494401 ], [ -75.0740975402597, 40.055828357985703 ], [ -75.073258164734597, 40.055339140106199 ], [ -75.071473094884496, 40.054303698477703 ], [ -75.069724086676402, 40.053294013650799 ], [ -75.069135291623198, 40.052958499633299 ], [ -75.068505204314903, 40.0525998820235 ], [ -75.0677260820909, 40.052154676279002 ], [ -75.066048583668504, 40.051190410997201 ], [ -75.065757561115007, 40.051017340292702 ], [ -75.065405360575099, 40.050818126100403 ], [ -75.065133861244306, 40.050673630496803 ], [ -75.064845249372198, 40.050503214912403 ], [ -75.064563048834799, 40.050347969634302 ], [ -75.064188377131501, 40.050138877984502 ], [ -75.065938182704798, 40.048282839220001 ], [ -75.067111835600102, 40.0470241137592 ], [ -75.068339899238893, 40.045737980693197 ], [ -75.069185170885603, 40.044858524419801 ], [ -75.069471408153504, 40.044536313033298 ], [ -75.069766431331701, 40.044237349237001 ] ] ] } },
{ "type": "Feature", "properties": { "objectid": 31, "score": 14.0, "Shape__Area": 7508572.875, "Shape__Length": 14403.918218094163 }, "geometry": { "type": "Polygon", "coordinates": [ [ [ -75.063050938473793, 40.031439429819102 ], [ -75.061648797044299, 40.030664538208804 ], [ -75.060039216766896, 40.029761954206698 ], [ -75.058410092830997, 40.028858595554198 ], [ -75.057953599464497, 40.028601241404203 ], [ -75.057874046838705, 40.028529331782103 ], [ -75.0585821180605, 40.028234167315098 ], [ -75.058672283716604, 40.028153491344497 ], [ -75.059229299130195, 40.027918096719503 ], [ -75.059984069521605, 40.027802347492504 ], [ -75.060009127536603, 40.027762302772103 ], [ -75.060020261678901, 40.027738217262403 ], [ -75.060018076922702, 40.0277077323599 ], [ -75.059856229187105, 40.027531997248502 ], [ -75.059346996096906, 40.026948584203097 ], [ -75.058806422832205, 40.026323019307199 ], [ -75.058253572759099, 40.025700945702297 ], [ -75.058032234259997, 40.025446259326003 ], [ -75.057809606018594, 40.025183355437498 ], [ -75.057591580117005, 40.0249452313695 ], [ -75.057357601287706, 40.024670257482498 ], [ -75.056917627438395, 40.024169706671302 ], [ -75.056457427764997, 40.023641356940402 ], [ -75.056004742312894, 40.023139895087603 ], [ -75.055799549273402, 40.022894075945402 ], [ -75.055565882163194, 40.022615563431003 ], [ -75.055340941801006, 40.022369623481303 ], [ -75.055103826553506, 40.022103901322097 ], [ -75.054920268694104, 40.021876617401198 ], [ -75.054660489674205, 40.021590851895198 ], [ -75.054211839059505, 40.021074192438398 ], [ -75.053727784056306, 40.020522260840103 ], [ -75.053274456853899, 40.020012837360397 ], [ -75.052841851592703, 40.019527724065703 ], [ -75.052411912382397, 40.019022677642099 ], [ -75.051966894973901, 40.018508278029699 ], [ -75.051443118773093, 40.017930290133897 ], [ -75.050285958831495, 40.0165807918779 ], [ -75.049085067761794, 40.015228615691697 ], [ -75.048099024714404, 40.014091944620297 ], [ -75.045507439616401, 40.011104248258199 ], [ -75.047009107355095, 40.010308270049698 ], [ -75.047347058158707, 40.010115175452498 ], [ -75.048025253718194, 40.009727668847802 ], [ -75.048832800934207, 40.009189877323102 ], [ -75.049940436288594, 40.008388696464898 ], [ -75.050922144099601, 40.007632268119998 ], [ -75.051712763772102, 40.006998609411497 ], [ -75.052357433242804, 40.006393333295499 ], [ -75.052879346833507, 40.005753352764998 ], [ -75.053686120138096, 40.004520778959602 ], [ -75.061024028846603, 40.012849839560602 ], [ -75.061404361124602, 40.013281475670802 ], [ -75.061903233403498, 40.013847632108302 ], [ -75.062063080502099, 40.014030785267202 ], [ -75.062521294854406, 40.0145519745058 ], [ -75.062917591518001, 40.015011532709202 ], [ -75.063387753068, 40.015529107989003 ], [ -75.064315055945002, 40.016594736267798 ], [ -75.0651166159833, 40.017521008059703 ], [ -75.0661179768003, 40.018657386511201 ], [ -75.066952772931998, 40.019601933650698 ], [ -75.067011766461803, 40.019679477455803 ], [ -75.067156382609198, 40.019825615121803 ], [ -75.0675238977975, 40.020246029606398 ], [ -75.067909672534299, 40.0207015145483 ], [ -75.068276470990398, 40.0211186874565 ], [ -75.068518974451095, 40.021394716834301 ], [ -75.068625548454193, 40.021523706568502 ], [ -75.069090165080496, 40.021913666063199 ], [ -75.069766768615196, 40.022396859542503 ], [ -75.070199391337397, 40.022733696179102 ], [ -75.073334874056897, 40.025299046968598 ], [ -75.073366166012207, 40.0253782182454 ], [ -75.074946853186802, 40.0267005452733 ], [ -75.075144042889306, 40.026857751526897 ], [ -75.075368941731199, 40.0270471804197 ], [ -75.075490740557498, 40.0270808318907 ], [ -75.075638968544396, 40.027089904447102 ], [ -75.076775954465205, 40.0273908004867 ], [ -75.077216458595998, 40.0275009836298 ], [ -75.077863965918695, 40.027878963953803 ], [ -75.078475683652897, 40.028217261222999 ], [ -75.079082767297507, 40.028561804312297 ], [ -75.079695013828498, 40.028903405729402 ], [ -75.079986935552597, 40.029069508643602 ], [ -75.080286675586294, 40.029240254576102 ], [ -75.080789106677102, 40.029525684263099 ], [ -75.080868684782899, 40.029565130556698 ], [ -75.082637477934298, 40.030572412809398 ], [ -75.083362557064703, 40.030978857405501 ], [ -75.083684927802594, 40.031163262909899 ], [ -75.084107665011501, 40.0314050776012 ], [ -75.084200494688602, 40.0314477728474 ], [ -75.084493662180805, 40.031301491880797 ], [ -75.084796667264101, 40.031232808067799 ], [ -75.0850818225165, 40.031275856930598 ], [ -75.085266731716402, 40.031390642527697 ], [ -75.085280573658196, 40.031399234439903 ], [ -75.085377232468502, 40.031493621700598 ], [ -75.085383953621601, 40.0315001857767 ], [ -75.085384592630206, 40.031500810692002 ], [ -75.085417275724794, 40.031557341272801 ], [ -75.085504116543405, 40.031711606288603 ], [ -75.085487624489105, 40.031790154563502 ], [ -75.085474622458705, 40.031860656489599 ], [ -75.085445819982695, 40.031942592693099 ], [ -75.085406792949001, 40.032024291670098 ], [ -75.085373032737493, 40.0321021788031 ], [ -75.085323661257505, 40.032156117465398 ], [ -75.085276528948597, 40.032181561294301 ], [ -75.085159030767997, 40.032241771598997 ], [ -75.085057563278696, 40.032284652913198 ], [ -75.084956481489598, 40.032317709068302 ], [ -75.084835366579597, 40.032358939404801 ], [ -75.084909030963502, 40.032929257961896 ], [ -75.085075354058205, 40.033174899091499 ], [ -75.085316317546003, 40.033530772189899 ], [ -75.084913697939001, 40.033939628753998 ], [ -75.084789672488398, 40.034058085377303 ], [ -75.083994016691307, 40.0349155179062 ], [ -75.083625062010796, 40.035294704909802 ], [ -75.082506663802704, 40.036494239608302 ], [ -75.082458362585001, 40.036546336764701 ], [ -75.081283156578806, 40.037791122877699 ], [ -75.081022303596001, 40.038056164334101 ], [ -75.080834603880803, 40.038255262595698 ], [ -75.080643532711093, 40.038461659899298 ], [ -75.0804902315531, 40.0386251181178 ], [ -75.080288789368197, 40.038834951954598 ], [ -75.080093713519503, 40.039051937975501 ], [ -75.079897442938602, 40.0392592710458 ], [ -75.079807893118698, 40.039352253508298 ], [ -75.079718406833393, 40.039449217119497 ], [ -75.079517784838302, 40.039661468183702 ], [ -75.079350422904398, 40.039842973039001 ], [ -75.079224161859102, 40.039974812912298 ], [ -75.079138138091494, 40.040067246929198 ], [ -75.078902291801199, 40.040320875407303 ], [ -75.077862380922497, 40.0397311698039 ], [ -75.077397554058706, 40.039473497128697 ], [ -75.076981848832403, 40.039238230252003 ], [ -75.076959112944493, 40.039225362222901 ], [ -75.075738615262097, 40.038515825777601 ], [ -75.075339181123795, 40.038290681728597 ], [ -75.0749443894736, 40.038075471901401 ], [ -75.074452275974593, 40.037791874377398 ], [ -75.073552978048099, 40.037307263350399 ], [ -75.073255320613399, 40.037130568719903 ], [ -75.072962958699705, 40.036964804876398 ], [ -75.072689399819694, 40.036817218153203 ], [ -75.072376894761703, 40.036641377994897 ], [ -75.072107138001897, 40.036494555170201 ], [ -75.071785690073298, 40.036313270616901 ], [ -75.071452827913703, 40.036126063228899 ], [ -75.071195436165794, 40.035980989805402 ], [ -75.070898682844003, 40.035811236197603 ], [ -75.070525746750704, 40.035627318805297 ], [ -75.070161989036606, 40.035434603890899 ], [ -75.070004318256693, 40.035329308024998 ], [ -75.069599130606605, 40.035102503217999 ], [ -75.069444881969304, 40.035002459277401 ], [ -75.0685390166514, 40.034501274793001 ], [ -75.068164532340603, 40.034286753601997 ], [ -75.067739092667793, 40.034071114059699 ], [ -75.067312425350593, 40.033833635176101 ], [ -75.067271053977805, 40.033799841198601 ], [ -75.066954902206703, 40.033628551624297 ], [ -75.066526104823097, 40.033386152537602 ], [ -75.066171765361801, 40.033184150333597 ], [ -75.065818916131306, 40.032979464077698 ], [ -75.065485277119507, 40.032798955732702 ], [ -75.0651283980404, 40.032596387748498 ], [ -75.064896252457899, 40.0324686798945 ], [ -75.064765864209406, 40.032396360011099 ], [ -75.064437439579606, 40.032212602319497 ], [ -75.064102449830997, 40.032025572321103 ], [ -75.063845624281001, 40.031881536520999 ], [ -75.063596277431998, 40.031749007581404 ], [ -75.063420296220499, 40.031658607822699 ], [ -75.0631916331361, 40.031575827212002 ], [ -75.063050938473793, 40.031439429819102 ] ] ] } },
{ "type": "Feature", "properties": { "objectid": 32, "score": 12.6, "Shape__Area": 7413447.45703125, "Shape__Length": 13407.602862130967 }, "geometry": { "type": "Polygon", "coordinates": [ [ [ -75.149008991574803, 39.957041743060003 ], [ -75.149040705584497, 39.956867237041401 ], [ -75.1490820686479, 39.956570436097302 ], [ -75.149133624774393, 39.956200499763703 ], [ -75.149277624826098, 39.956375245581299 ], [ -75.149463141814806, 39.956498557037101 ], [ -75.149778947240804, 39.956587601115402 ], [ -75.150291365696404, 39.956678617428103 ], [ -75.1505922977354, 39.956735064703103 ], [ -75.151225680950404, 39.9568712115503 ], [ -75.151229243599204, 39.956871977910197 ], [ -75.151493847159202, 39.9569053013455 ], [ -75.151816692353805, 39.956931576313998 ], [ -75.152158052729803, 39.9569338890498 ], [ -75.152322946697396, 39.956925674451803 ], [ -75.152531895768107, 39.956915264691403 ], [ -75.152896055972306, 39.956893091825698 ], [ -75.153348162967305, 39.956833512002802 ], [ -75.153786139131498, 39.956794663993698 ], [ -75.154251113318793, 39.956786222814898 ], [ -75.154453453409005, 39.956786544393601 ], [ -75.155541541586302, 39.956932882845898 ], [ -75.157125288339799, 39.957145862838097 ], [ -75.157142871711699, 39.957148378548197 ], [ -75.158678028403301, 39.957367941709201 ], [ -75.158730673075993, 39.957375471315203 ], [ -75.1588172974934, 39.957386619972503 ], [ -75.160283648756206, 39.957575342157199 ], [ -75.1615848780947, 39.957742795355401 ], [ -75.162338679502298, 39.957834631562598 ], [ -75.162319553831196, 39.957939367734298 ], [ -75.162296186324596, 39.958067340127599 ], [ -75.162178101243796, 39.958556593795301 ], [ -75.162121068909897, 39.958830916628898 ], [ -75.162060954233894, 39.959110223816801 ], [ -75.1619626917972, 39.9595802103116 ], [ -75.161775321741601, 39.960430886298802 ], [ -75.161648502221794, 39.961030558774098 ], [ -75.161555805415404, 39.961451095605298 ], [ -75.161508321598006, 39.961669115656797 ], [ -75.1614788406239, 39.961798520453499 ], [ -75.1614146019771, 39.962111804360902 ], [ -75.161383374013695, 39.962326755493102 ], [ -75.161386020856298, 39.962483338088902 ], [ -75.161305353375198, 39.9629031174467 ], [ -75.161263278171504, 39.963135955931499 ], [ -75.161190965516298, 39.963431706729899 ], [ -75.161111820774906, 39.9637980404271 ], [ -75.161055779754804, 39.964050023918197 ], [ -75.160960684192105, 39.964478756098899 ], [ -75.160807640083803, 39.965168213420299 ], [ -75.160680113203099, 39.965779874185102 ], [ -75.160564050949105, 39.966303385040398 ], [ -75.160485166878004, 39.966679536313698 ], [ -75.160408805578399, 39.967039371406202 ], [ -75.160216093137507, 39.967897726808097 ], [ -75.160161959737806, 39.968186389203503 ], [ -75.1600751262024, 39.968608912008897 ], [ -75.159979065404798, 39.969004364362398 ], [ -75.1597050625696, 39.970211179100197 ], [ -75.159443796009995, 39.971476328941598 ], [ -75.1592394130722, 39.9723933382841 ], [ -75.159059475748805, 39.973214198398097 ], [ -75.158785066685198, 39.974491808930097 ], [ -75.158528769221803, 39.975859615100298 ], [ -75.158229701140499, 39.977225178341698 ], [ -75.158241394589794, 39.977289521819699 ], [ -75.157917399297901, 39.978716933059999 ], [ -75.157584568046403, 39.980232264553102 ], [ -75.157257244555495, 39.981702891426004 ], [ -75.156917548801701, 39.983229042519902 ], [ -75.156615680405807, 39.984708102828797 ], [ -75.156278074108698, 39.986292712723198 ], [ -75.155937668140297, 39.987886626653001 ], [ -75.155595050949103, 39.989378567467298 ], [ -75.155501670723496, 39.989802481438197 ], [ -75.155272835489001, 39.990862374059802 ], [ -75.154951852416502, 39.992362141365298 ], [ -75.154657596643304, 39.993653080675003 ], [ -75.154590455437699, 39.993947635386697 ], [ -75.154533026021198, 39.993939015919203 ], [ -75.153296698860203, 39.993783057971598 ], [ -75.152392369899403, 39.993668144306497 ], [ -75.150816154345904, 39.993469479711003 ], [ -75.149240889063805, 39.993262159471499 ], [ -75.147888805305897, 39.993087952959698 ], [ -75.146884132909307, 39.992958194665597 ], [ -75.146091367003905, 39.992857674218698 ], [ -75.145604736732295, 39.992792750892598 ], [ -75.145112241063003, 39.992724819856498 ], [ -75.144468784383093, 39.992642042356401 ], [ -75.143832238063297, 39.992559491058699 ], [ -75.144172765599606, 39.990975215820697 ], [ -75.144499488079603, 39.989485118277599 ], [ -75.144714394416198, 39.988500074210499 ], [ -75.144828736696297, 39.987993435051997 ], [ -75.145097147903797, 39.986756597198003 ], [ -75.145126034381207, 39.986646109092597 ], [ -75.145128676527094, 39.986494255040597 ], [ -75.145017011572193, 39.986382535806101 ], [ -75.144482168481602, 39.985630131414297 ], [ -75.144198285411306, 39.985240944030998 ], [ -75.1441567463891, 39.984733460114903 ], [ -75.144053601333397, 39.983730856254901 ], [ -75.144172470569302, 39.983101941730297 ], [ -75.144454145504298, 39.981606279126403 ], [ -75.14472995573, 39.980106737364601 ], [ -75.144894088985495, 39.979239766503802 ], [ -75.145012781059094, 39.978606663282697 ], [ -75.145293595678098, 39.977079448294397 ], [ -75.145449061353403, 39.976237145893997 ], [ -75.145562559738195, 39.975648049000696 ], [ -75.145828377626103, 39.974222476702998 ], [ -75.146085117745699, 39.972842508865803 ], [ -75.146321812443304, 39.971573423033703 ], [ -75.146546535634599, 39.970389717155903 ], [ -75.146745064593503, 39.969301981104103 ], [ -75.147149609541103, 39.9671359179044 ], [ -75.147388386455603, 39.965886418235897 ], [ -75.147643388877299, 39.964524089976699 ], [ -75.147816006174807, 39.9635924479593 ], [ -75.147799587065407, 39.963536149293397 ], [ -75.147793038443197, 39.963482424110097 ], [ -75.148031236018795, 39.962274492551003 ], [ -75.148124403285905, 39.961759214885703 ], [ -75.148184340436401, 39.961427712738697 ], [ -75.148213952880397, 39.961285682466297 ], [ -75.148728681196999, 39.958507025919999 ], [ -75.148822209147795, 39.958032081129097 ], [ -75.148850567666599, 39.957812424489397 ], [ -75.148862626193093, 39.957753769401201 ], [ -75.148879112066595, 39.957673569321301 ], [ -75.148903574423599, 39.9575545685585 ], [ -75.149008991574803, 39.957041743060003 ] ] ] } },
{ "type": "Feature", "properties": { "objectid": 33, "score": 19.5, "Shape__Area": 4451758.7109375, "Shape__Length": 11300.405586538345 }, "geometry": { "type": "Polygon", "coordinates": [ [ [ -75.1142533049848, 39.981110167043397 ], [ -75.114141136600594, 39.980970403340201 ], [ -75.113964049627, 39.980745252691001 ], [ -75.113788760302796, 39.980519225710403 ], [ -75.113614836830806, 39.980292533425398 ], [ -75.113441845839603, 39.980065386296701 ], [ -75.113269356022897, 39.979837994654403 ], [ -75.113096933028402, 39.979610570864502 ], [ -75.113010899357505, 39.979497421269699 ], [ -75.112924146020603, 39.979383325086602 ], [ -75.112750561414202, 39.979156467765897 ], [ -75.112514154093802, 39.978861928953599 ], [ -75.112335998003203, 39.978636805795603 ], [ -75.112157309895906, 39.9784119928105 ], [ -75.111976258333499, 39.978188561374601 ], [ -75.111791012677301, 39.977967580234598 ], [ -75.111762332393994, 39.977935075881703 ], [ -75.111649949293295, 39.977807709093398 ], [ -75.111598925986399, 39.977749882812397 ], [ -75.111537923200004, 39.977693323535298 ], [ -75.105903796581103, 39.971294533469802 ], [ -75.106756853921297, 39.970974635856003 ], [ -75.110514436281093, 39.969518049911201 ], [ -75.111439855246999, 39.9691363188834 ], [ -75.116915225552702, 39.973340953979701 ], [ -75.117866380061102, 39.973978562855301 ], [ -75.117949127040802, 39.974080780743002 ], [ -75.118664133779106, 39.973768176812598 ], [ -75.118890097199198, 39.973936854457897 ], [ -75.118963420023405, 39.9739915892103 ], [ -75.119094093085394, 39.9740891338148 ], [ -75.119185788132299, 39.974157582467498 ], [ -75.121146706708899, 39.975302935463198 ], [ -75.121555745346896, 39.975572328736398 ], [ -75.121908910440595, 39.975807873049597 ], [ -75.122372161963497, 39.976095251451298 ], [ -75.122833645273701, 39.976387936664601 ], [ -75.123642339186503, 39.976909211590602 ], [ -75.123911832153496, 39.9772264021992 ], [ -75.124772141266305, 39.9782057546986 ], [ -75.125596626137195, 39.979133926179898 ], [ -75.126187845266102, 39.979798210992101 ], [ -75.126739237456306, 39.980439153026602 ], [ -75.127190205508299, 39.980935331102998 ], [ -75.127582357242801, 39.981392413952896 ], [ -75.127924669741404, 39.9811594803407 ], [ -75.127973024886302, 39.9811106899122 ], [ -75.128551455256897, 39.980527043385003 ], [ -75.129469498886394, 39.979592597180599 ], [ -75.130451210644296, 39.978598231371997 ], [ -75.130922520701006, 39.978872805614301 ], [ -75.131778849072901, 39.9793738576642 ], [ -75.133031177952503, 39.980101368280103 ], [ -75.1331924156638, 39.980143817879799 ], [ -75.132881846098797, 39.981554933880197 ], [ -75.132883346977707, 39.981640724080997 ], [ -75.132547695994106, 39.9831760000542 ], [ -75.132520425885701, 39.9832832281135 ], [ -75.132210308561895, 39.984750666333198 ], [ -75.131909988573994, 39.986150515492398 ], [ -75.131909152350801, 39.986315771369597 ], [ -75.131833761495599, 39.986528179401098 ], [ -75.131678659632897, 39.9872389828707 ], [ -75.1315607124411, 39.987808490972597 ], [ -75.131242653484904, 39.989305166406197 ], [ -75.130900660954694, 39.9908991257957 ], [ -75.1307891845033, 39.991406501928999 ], [ -75.130729022862496, 39.991679676032497 ], [ -75.130643914777494, 39.992071901864598 ], [ -75.130561505911103, 39.992483835227603 ], [ -75.130254632114998, 39.993976384924601 ], [ -75.130171003941896, 39.994394781091401 ], [ -75.130085332206605, 39.994740141435699 ], [ -75.129985488689996, 39.995142628346599 ], [ -75.129923722652705, 39.995469294463497 ], [ -75.129415014045804, 39.995406592787297 ], [ -75.128947129876906, 39.995344146095 ], [ -75.128492066115996, 39.995285706125202 ], [ -75.128000178696198, 39.995218401268801 ], [ -75.127345037545496, 39.995137278406602 ], [ -75.126709556414397, 39.995055251198799 ], [ -75.126057346884096, 39.994966398519303 ], [ -75.125332900384706, 39.994876059624801 ], [ -75.124601402062595, 39.994778851303202 ], [ -75.124162224570398, 39.9947243775961 ], [ -75.123869293484503, 39.994684897593501 ], [ -75.124190423252202, 39.993194118752903 ], [ -75.124506323629404, 39.991700216336199 ], [ -75.124744063566297, 39.990593586488799 ], [ -75.124589393514398, 39.990439465443501 ], [ -75.124434398219805, 39.990422450568602 ], [ -75.124681178662598, 39.990288134388301 ], [ -75.124553018100997, 39.990169556894898 ], [ -75.124334773602101, 39.989966639484699 ], [ -75.124116912302, 39.989763448291399 ], [ -75.123899213411093, 39.989560144188403 ], [ -75.123681454463394, 39.989356884141998 ], [ -75.123463414932701, 39.989153828149298 ], [ -75.123244871788998, 39.988951135972499 ], [ -75.123025602077504, 39.9887489654405 ], [ -75.122805386650398, 39.988547476401202 ], [ -75.122584002728004, 39.988346828089902 ], [ -75.122583232894897, 39.988346137284303 ], [ -75.122361227101507, 39.988147179027699 ], [ -75.122136840920902, 39.9879486873063 ], [ -75.121910619748405, 39.987751513699699 ], [ -75.121706675366497, 39.987580980670799 ], [ -75.121679256777398, 39.987558054088801 ], [ -75.121437894318305, 39.987371821655898 ], [ -75.121189565902597, 39.9871906093014 ], [ -75.120937534812597, 39.987012041732001 ], [ -75.120685066950003, 39.9868337409304 ], [ -75.120435426530804, 39.986653331153903 ], [ -75.120191593207807, 39.986468639504899 ], [ -75.119951854041503, 39.986280855370701 ], [ -75.119714377553905, 39.986091332032998 ], [ -75.119478143561494, 39.985900852888697 ], [ -75.119242136736801, 39.985710199855802 ], [ -75.119005339255196, 39.985520154435001 ], [ -75.118672489117699, 39.9852513143884 ], [ -75.118435958628396, 39.985061017044501 ], [ -75.118201203280606, 39.984869497712701 ], [ -75.117970146073404, 39.984675435154799 ], [ -75.117744284535306, 39.984477791567301 ], [ -75.117558868351097, 39.984310120895998 ], [ -75.117522565297094, 39.984277292637103 ], [ -75.117303025077206, 39.9840753024679 ], [ -75.117083703373098, 39.983873184333099 ], [ -75.116863499671595, 39.983671701470897 ], [ -75.116643580826207, 39.983470035567002 ], [ -75.116424081176504, 39.983268098483002 ], [ -75.116205063324202, 39.983065854922998 ], [ -75.116077248291504, 39.982947339372998 ], [ -75.115986582538795, 39.982863270126302 ], [ -75.115766992770403, 39.982661281991298 ], [ -75.115546505177093, 39.982459771795199 ], [ -75.115327322781496, 39.9822574911964 ], [ -75.115111651042298, 39.982053187707798 ], [ -75.114901695594298, 39.981845609917499 ], [ -75.114699946390701, 39.981633079870299 ], [ -75.114506644025695, 39.9814156319609 ], [ -75.114320857185504, 39.981194337582501 ], [ -75.1142533049848, 39.981110167043397 ] ] ] } },
{ "type": "Feature", "properties": { "objectid": 34, "score": 12.9, "Shape__Area": 4431632.578125, "Shape__Length": 12195.063258584805 }, "geometry": { "type": "Polygon", "coordinates": [ [ [ -75.133580033678896, 39.997470793453601 ], [ -75.133728087315902, 39.996828046075002 ], [ -75.134687201417506, 39.997259122070403 ], [ -75.134716231887197, 39.996912188328999 ], [ -75.134885470469399, 39.996162281493397 ], [ -75.134995134270795, 39.996126099757497 ], [ -75.135511886488601, 39.996188103876797 ], [ -75.135514039641194, 39.995773162914297 ], [ -75.135532409064197, 39.995368124084699 ], [ -75.135605645906693, 39.994717692525498 ], [ -75.135541848127801, 39.994658276567101 ], [ -75.135517309669694, 39.994575626140097 ], [ -75.135809439410906, 39.993164052957503 ], [ -75.136161722353094, 39.991574090149101 ], [ -75.136510141232506, 39.989978354153102 ], [ -75.136574842743698, 39.989662485890101 ], [ -75.136645088752303, 39.989379187046602 ], [ -75.136837449728702, 39.988494982702598 ], [ -75.137140463893601, 39.986998252154102 ], [ -75.137463503458605, 39.985501585803398 ], [ -75.137802625990403, 39.983916511500396 ], [ -75.138140758018096, 39.982321721734998 ], [ -75.138453209855996, 39.980825847673103 ], [ -75.1387704576576, 39.979332719482002 ], [ -75.139412500282305, 39.976343028851304 ], [ -75.140102696974694, 39.976433321217797 ], [ -75.140670251829505, 39.976506709879999 ], [ -75.141175996901893, 39.976573862823997 ], [ -75.141668835628195, 39.976635824238997 ], [ -75.142618055127599, 39.976759250643802 ], [ -75.143532048831702, 39.976878468695602 ], [ -75.144394236977007, 39.9769906528104 ], [ -75.145216326993804, 39.977094221921298 ], [ -75.145293595678098, 39.977079448294397 ], [ -75.145012781059094, 39.978606663282697 ], [ -75.144894088985495, 39.979239766503802 ], [ -75.14472995573, 39.980106737364601 ], [ -75.144454145504298, 39.981606279126403 ], [ -75.144172470569302, 39.983101941730297 ], [ -75.144053601333397, 39.983730856254901 ], [ -75.1441567463891, 39.984733460114903 ], [ -75.144198285411306, 39.985240944030998 ], [ -75.144482168481602, 39.985630131414297 ], [ -75.145017011572193, 39.986382535806101 ], [ -75.145128676527094, 39.986494255040597 ], [ -75.145126034381207, 39.986646109092597 ], [ -75.145097147903797, 39.986756597198003 ], [ -75.144828736696297, 39.987993435051997 ], [ -75.144714394416198, 39.988500074210499 ], [ -75.144499488079603, 39.989485118277599 ], [ -75.144172765599606, 39.990975215820697 ], [ -75.143832238063297, 39.992559491058699 ], [ -75.144468784383093, 39.992642042356401 ], [ -75.145112241063003, 39.992724819856498 ], [ -75.145604736732295, 39.992792750892598 ], [ -75.146091367003905, 39.992857674218698 ], [ -75.146884132909307, 39.992958194665597 ], [ -75.147888805305897, 39.993087952959698 ], [ -75.149240889063805, 39.993262159471499 ], [ -75.150816154345904, 39.993469479711003 ], [ -75.152392369899403, 39.993668144306497 ], [ -75.153296698860203, 39.993783057971598 ], [ -75.154533026021198, 39.993939015919203 ], [ -75.154590455437699, 39.993947635386697 ], [ -75.154394401790995, 39.994880363779401 ], [ -75.1543209924302, 39.995231201025398 ], [ -75.154255730538495, 39.995534830766204 ], [ -75.154144322328705, 39.996000806578301 ], [ -75.153987224632999, 39.996791166358101 ], [ -75.153784062227004, 39.997727814808599 ], [ -75.153496874011694, 39.997831940855498 ], [ -75.153187358726498, 39.9979442927185 ], [ -75.1528779206146, 39.998056768199099 ], [ -75.152568569983103, 39.998169384580201 ], [ -75.152259319818796, 39.998282160787497 ], [ -75.151950181253994, 39.998395116407799 ], [ -75.1516411665026, 39.998508266658398 ], [ -75.151332284158201, 39.998621631771996 ], [ -75.151023549120495, 39.998735228433098 ], [ -75.150714970687403, 39.9988490763633 ], [ -75.150406560292893, 39.998963193223403 ], [ -75.150098378526494, 39.999077673717899 ], [ -75.150023193586193, 39.999105815417501 ], [ -75.149790638561498, 39.9991928592653 ], [ -75.149483314946494, 39.999308710097502 ], [ -75.149176352253804, 39.9994251397166 ], [ -75.148869696588093, 39.999542057440401 ], [ -75.148563292759206, 39.999659376599503 ], [ -75.1482570831473, 39.999777008359601 ], [ -75.147951015183807, 39.9998948632972 ], [ -75.147720346402295, 39.999983811738304 ], [ -75.147645030982304, 40.000012853625101 ], [ -75.147339076774799, 40.000130891473297 ], [ -75.147033097511596, 40.000248886657303 ], [ -75.146727036424707, 40.000366752116399 ], [ -75.146420838413107, 40.000484399069897 ], [ -75.146114449760603, 40.000601738415902 ], [ -75.145807812608396, 40.000718681837 ], [ -75.145500873168402, 40.000835142162103 ], [ -75.145193576163393, 40.000951029373503 ], [ -75.144885866491904, 40.001066254862799 ], [ -75.144577687864498, 40.001180731224601 ], [ -75.144268993851, 40.001294382173803 ], [ -75.1439598205978, 40.001407266529 ], [ -75.143800490490193, 40.0014650089377 ], [ -75.1436502206612, 40.001519468088603 ], [ -75.143340241023296, 40.001631061033798 ], [ -75.143029927912593, 40.001742121286703 ], [ -75.142719331640194, 40.001852725566003 ], [ -75.142418437381394, 40.001959423510201 ], [ -75.142408495732695, 40.001962948679001 ], [ -75.142097470331294, 40.002072865759501 ], [ -75.1417863002563, 40.002182553578699 ], [ -75.141475034290394, 40.002292086889298 ], [ -75.141163718910803, 40.002401540919102 ], [ -75.140852402601993, 40.002510992172802 ], [ -75.140541130469302, 40.002620515848299 ], [ -75.140229951256998, 40.002730187578202 ], [ -75.139918911182804, 40.002840083289698 ], [ -75.139878214514894, 40.0028545094573 ], [ -75.139608057645901, 40.002950277883102 ], [ -75.139297438198199, 40.003060848195801 ], [ -75.138987100263805, 40.003171868426598 ], [ -75.1386770916275, 40.003283415243502 ], [ -75.138367456943996, 40.0033955634864 ], [ -75.138058375266695, 40.003508595643403 ], [ -75.137750666625294, 40.003623830686003 ], [ -75.137671046377704, 40.0036542728066 ], [ -75.137444174163306, 40.003741014415503 ], [ -75.137138543872396, 40.003859575634799 ], [ -75.136833416983507, 40.003978942331301 ], [ -75.136528441532207, 40.004098544049398 ], [ -75.136223260128304, 40.004217808975802 ], [ -75.135917518358397, 40.004336165361003 ], [ -75.1356108601843, 40.0044530422932 ], [ -75.135302671534504, 40.004567708658598 ], [ -75.134991320510494, 40.004677690644201 ], [ -75.134675741910698, 40.004779474321403 ], [ -75.134354268549799, 40.004869587925597 ], [ -75.134026626175995, 40.004946972850497 ], [ -75.133695340196695, 40.005013048946402 ], [ -75.133360648905693, 40.005070734386202 ], [ -75.133023014683502, 40.005114019376201 ], [ -75.132682965998796, 40.005139955700102 ], [ -75.132341065626505, 40.005155507844201 ], [ -75.131998442814904, 40.005164445159302 ], [ -75.131940320901194, 40.0051654334898 ], [ -75.132067689096203, 40.004567825934998 ], [ -75.132667621026101, 40.004559757005701 ], [ -75.133071628579302, 40.004557188036898 ], [ -75.133164672156695, 40.004548053298898 ], [ -75.133990315893698, 40.004241771810797 ], [ -75.133960722009405, 40.003861992567799 ], [ -75.133746654465696, 40.002297349574199 ], [ -75.133849565076503, 40.001899240121801 ], [ -75.133925020682995, 40.001555895323499 ], [ -75.133997092691601, 40.001210697453899 ], [ -75.134077302904601, 40.0008038361361 ], [ -75.134414888181794, 39.999216699625997 ], [ -75.134532670272407, 39.998708217758598 ], [ -75.134609898202797, 39.998316239840001 ], [ -75.133435623545793, 39.998144176615803 ], [ -75.133580033678896, 39.997470793453601 ] ] ] } },
{ "type": "Feature", "properties": { "objectid": 35, "score": 11.3, "Shape__Area": 3515868.0546875, "Shape__Length": 11730.010694417717 }, "geometry": { "type": "Polygon", "coordinates": [ [ [ -75.123212436169894, 39.997762091672598 ], [ -75.123559471042, 39.996184606072099 ], [ -75.123869293484503, 39.994684897593501 ], [ -75.124162224570398, 39.9947243775961 ], [ -75.124601402062595, 39.994778851303202 ], [ -75.125332900384706, 39.994876059624801 ], [ -75.126057346884096, 39.994966398519303 ], [ -75.126709556414397, 39.995055251198799 ], [ -75.127345037545496, 39.995137278406602 ], [ -75.128000178696198, 39.995218401268801 ], [ -75.128492066115996, 39.995285706125202 ], [ -75.128947129876906, 39.995344146095 ], [ -75.129415014045804, 39.995406592787297 ], [ -75.129923722652705, 39.995469294463497 ], [ -75.129985488689996, 39.995142628346599 ], [ -75.130085332206605, 39.994740141435699 ], [ -75.130171003941896, 39.994394781091401 ], [ -75.130254632114998, 39.993976384924601 ], [ -75.130561505911103, 39.992483835227603 ], [ -75.130643914777494, 39.992071901864598 ], [ -75.130729022862496, 39.991679676032497 ], [ -75.1307891845033, 39.991406501928999 ], [ -75.130900660954694, 39.9908991257957 ], [ -75.131242653484904, 39.989305166406197 ], [ -75.1315607124411, 39.987808490972597 ], [ -75.131678659632897, 39.9872389828707 ], [ -75.131833761495599, 39.986528179401098 ], [ -75.131909152350801, 39.986315771369597 ], [ -75.131909988573994, 39.986150515492398 ], [ -75.132210308561895, 39.984750666333198 ], [ -75.132520425885701, 39.9832832281135 ], [ -75.132547695994106, 39.9831760000542 ], [ -75.132883346977707, 39.981640724080997 ], [ -75.132881846098797, 39.981554933880197 ], [ -75.1331924156638, 39.980143817879799 ], [ -75.133512147519497, 39.978651436724903 ], [ -75.133836775559004, 39.977157124866501 ], [ -75.134005960630503, 39.9763405652429 ], [ -75.134220980941393, 39.975373663806998 ], [ -75.134335697136393, 39.975002237987297 ], [ -75.134804065071194, 39.975209679680198 ], [ -75.135288863092597, 39.975421417719097 ], [ -75.135728369279505, 39.9756141869441 ], [ -75.136171408988204, 39.975808932472503 ], [ -75.136336806258598, 39.9758748173412 ], [ -75.136600735354193, 39.975980977978303 ], [ -75.137064615110901, 39.976041789773198 ], [ -75.137571137414596, 39.976106316608302 ], [ -75.138133189605497, 39.976179895512203 ], [ -75.138720924522403, 39.976258700818903 ], [ -75.139412500282305, 39.976343028851304 ], [ -75.1387704576576, 39.979332719482002 ], [ -75.138453209855996, 39.980825847673103 ], [ -75.138140758018096, 39.982321721734998 ], [ -75.137802625990403, 39.983916511500396 ], [ -75.137463503458605, 39.985501585803398 ], [ -75.137140463893601, 39.986998252154102 ], [ -75.136837449728702, 39.988494982702598 ], [ -75.136645088752303, 39.989379187046602 ], [ -75.136574842743698, 39.989662485890101 ], [ -75.136510141232506, 39.989978354153102 ], [ -75.136161722353094, 39.991574090149101 ], [ -75.135809439410906, 39.993164052957503 ], [ -75.135517309669694, 39.994575626140097 ], [ -75.135541848127801, 39.994658276567101 ], [ -75.135605645906693, 39.994717692525498 ], [ -75.135532409064197, 39.995368124084699 ], [ -75.135514039641194, 39.995773162914297 ], [ -75.135511886488601, 39.996188103876797 ], [ -75.134995134270795, 39.996126099757497 ], [ -75.134885470469399, 39.996162281493397 ], [ -75.134716231887197, 39.996912188328999 ], [ -75.134687201417506, 39.997259122070403 ], [ -75.133728087315902, 39.996828046075002 ], [ -75.133580033678896, 39.997470793453601 ], [ -75.133435623545793, 39.998144176615803 ], [ -75.134609898202797, 39.998316239840001 ], [ -75.134532670272407, 39.998708217758598 ], [ -75.134414888181794, 39.999216699625997 ], [ -75.134077302904601, 40.0008038361361 ], [ -75.133997092691601, 40.001210697453899 ], [ -75.133925020682995, 40.001555895323499 ], [ -75.133849565076503, 40.001899240121801 ], [ -75.133746654465696, 40.002297349574199 ], [ -75.133960722009405, 40.003861992567799 ], [ -75.133990315893698, 40.004241771810797 ], [ -75.133164672156695, 40.004548053298898 ], [ -75.133071628579302, 40.004557188036898 ], [ -75.132667621026101, 40.004559757005701 ], [ -75.132067689096203, 40.004567825934998 ], [ -75.131940320901194, 40.0051654334898 ], [ -75.1316561498803, 40.005170265984503 ], [ -75.131313855668793, 40.005173320449899 ], [ -75.1309714439586, 40.005172860132099 ], [ -75.130629108822106, 40.005168500664098 ], [ -75.1302870284172, 40.005159968226202 ], [ -75.129945035826793, 40.0051496471308 ], [ -75.129603036149305, 40.005138569765698 ], [ -75.129261054592007, 40.005126634059003 ], [ -75.128919118333698, 40.005113734293303 ], [ -75.128577252848302, 40.005099767524499 ], [ -75.128235485223598, 40.005084630494302 ], [ -75.127893843322994, 40.005068217677298 ], [ -75.127865118073501, 40.005066720902597 ], [ -75.127552350806198, 40.005050425913097 ], [ -75.127210969375895, 40.005031519381703 ], [ -75.126869515317495, 40.005012556211803 ], [ -75.126528015968802, 40.0049934322711 ], [ -75.126186513268294, 40.004973949551299 ], [ -75.125845054417198, 40.004953909989098 ], [ -75.125503680073393, 40.004933113438298 ], [ -75.125162436519005, 40.004911362167199 ], [ -75.124821365493503, 40.004888457812903 ], [ -75.124480512199597, 40.004864201213302 ], [ -75.124139920419296, 40.004838394580901 ], [ -75.123951088961803, 40.004823102450501 ], [ -75.123799634490396, 40.004810837679898 ], [ -75.123459697262106, 40.004781333405198 ], [ -75.123120241877004, 40.0047490641564 ], [ -75.122781512213507, 40.004712347465301 ], [ -75.1224433929318, 40.0046718856929 ], [ -75.122105743825799, 40.004628544970501 ], [ -75.1217684259273, 40.0045831944445 ], [ -75.121431299384795, 40.004536702009801 ], [ -75.121404787927105, 40.004533023305498 ], [ -75.122215299676199, 40.002386585818897 ], [ -75.122549815190894, 40.000849147764299 ], [ -75.122871596551406, 39.9993563005402 ], [ -75.123212436169894, 39.997762091672598 ] ] ] } },
{ "type": "Feature", "properties": { "objectid": 36, "score": 15.8, "Shape__Area": 8868100.82421875, "Shape__Length": 15385.624095044144 }, "geometry": { "type": "Polygon", "coordinates": [ [ [ -75.180240764873801, 40.077955009859302 ], [ -75.178451638962997, 40.076938114691998 ], [ -75.176843674837301, 40.0759894797879 ], [ -75.175512776240396, 40.0752231629275 ], [ -75.175170109576399, 40.075025379553203 ], [ -75.174720247152806, 40.074769456641697 ], [ -75.174392514967295, 40.074571712685803 ], [ -75.173943460773003, 40.0743192763588 ], [ -75.173552859622205, 40.074094205928503 ], [ -75.173137647140194, 40.073858641331 ], [ -75.173685555716503, 40.073291447920496 ], [ -75.1739538810928, 40.073016329258799 ], [ -75.174209392260494, 40.0727429438858 ], [ -75.174450756901095, 40.072498755060799 ], [ -75.1747500817945, 40.072180661193499 ], [ -75.176268953628707, 40.070630898353002 ], [ -75.177015440730798, 40.069869017445399 ], [ -75.177998350219099, 40.068829685942802 ], [ -75.179237431285202, 40.067579368306603 ], [ -75.179307613846305, 40.067491832300703 ], [ -75.178673860739195, 40.0671268740168 ], [ -75.178011352993096, 40.066752845966299 ], [ -75.177648587897593, 40.066555592418503 ], [ -75.177263497705198, 40.066339239063097 ], [ -75.177117085317505, 40.0662528492376 ], [ -75.176955577160697, 40.066159409371302 ], [ -75.176527938004696, 40.065905119837801 ], [ -75.1757409462749, 40.065463355210099 ], [ -75.1753301705523, 40.065225475852799 ], [ -75.174936369406396, 40.065008553404397 ], [ -75.174446175920295, 40.064722916001301 ], [ -75.174167706090401, 40.064556924811797 ], [ -75.174030577625103, 40.064467497936697 ], [ -75.173728106420697, 40.064298735030903 ], [ -75.172909374937802, 40.063830278612997 ], [ -75.172571212669197, 40.063648390757002 ], [ -75.172478489190496, 40.063591127474801 ], [ -75.172117596943494, 40.063379259002403 ], [ -75.171835572008504, 40.063219325379301 ], [ -75.171453304089596, 40.062998017906502 ], [ -75.171179156975199, 40.062828600547697 ], [ -75.170789386364504, 40.062609383206301 ], [ -75.170476063192396, 40.062431522524498 ], [ -75.170066544332798, 40.062195280670899 ], [ -75.169799443792698, 40.062043596777897 ], [ -75.169381627378101, 40.061806983074703 ], [ -75.169069996241902, 40.061627653444198 ], [ -75.168644639963404, 40.0613829108133 ], [ -75.168326948138798, 40.061194421908702 ], [ -75.167847444691503, 40.060921804997498 ], [ -75.167489781548497, 40.060715891773398 ], [ -75.166971073583696, 40.0604226197391 ], [ -75.166231526603397, 40.059994732822403 ], [ -75.165955242066502, 40.059831190197599 ], [ -75.165455277695699, 40.059550768284602 ], [ -75.164604596700897, 40.059053321582098 ], [ -75.163176295226094, 40.058242623842503 ], [ -75.162657143604903, 40.057945414609598 ], [ -75.162249333314904, 40.057710192207502 ], [ -75.1621251769417, 40.057648047680502 ], [ -75.161950872031696, 40.057575944474102 ], [ -75.160693084343094, 40.0568409714718 ], [ -75.160641594081795, 40.056788602852897 ], [ -75.158892260658803, 40.055777576847603 ], [ -75.160427820079505, 40.054295667981201 ], [ -75.160450677743995, 40.054249997257898 ], [ -75.160921069253305, 40.053800590724997 ], [ -75.161170717823893, 40.053562919338198 ], [ -75.1613893704981, 40.053351019119198 ], [ -75.161901159588197, 40.052851277546303 ], [ -75.163376344870301, 40.051427382001798 ], [ -75.166874733847393, 40.053586135921897 ], [ -75.167398956709306, 40.053904552049197 ], [ -75.168960705196, 40.054856015321398 ], [ -75.170186102439899, 40.0536623263826 ], [ -75.172168268095604, 40.051738030268901 ], [ -75.172746747030502, 40.051176413095199 ], [ -75.172783929686702, 40.051149069910998 ], [ -75.173263444457405, 40.050676353051102 ], [ -75.174918840315996, 40.049061623286299 ], [ -75.175550154888299, 40.048447727493901 ], [ -75.176092867379495, 40.047916525660803 ], [ -75.176248815416102, 40.047761392466498 ], [ -75.176627462981799, 40.047407425364398 ], [ -75.176760458913506, 40.047260226951103 ], [ -75.176812344905599, 40.047213287862199 ], [ -75.177002474317206, 40.047029385185503 ], [ -75.177185404839605, 40.046856197140698 ], [ -75.177259554144598, 40.046782708110499 ], [ -75.177383920249596, 40.046671058899001 ], [ -75.177568488369701, 40.046482951894703 ], [ -75.177756951001797, 40.046283437687201 ], [ -75.179608223366301, 40.0444976142076 ], [ -75.180886042662607, 40.043256010619999 ], [ -75.1809810032927, 40.043346462848497 ], [ -75.181176445851705, 40.0436184332195 ], [ -75.181258815059607, 40.043741911363398 ], [ -75.181432715998199, 40.044170720949701 ], [ -75.181704381284206, 40.0448404615925 ], [ -75.1822062277962, 40.045903812843797 ], [ -75.182800149656799, 40.047083853631896 ], [ -75.183400395691393, 40.048263404994998 ], [ -75.183761884402301, 40.048924840829898 ], [ -75.183920173679894, 40.049217518820797 ], [ -75.183969436936493, 40.049322977506399 ], [ -75.184205231384794, 40.049783776241398 ], [ -75.184369627345902, 40.050077718115404 ], [ -75.184575193624298, 40.050413006377603 ], [ -75.184695551025101, 40.050650495501102 ], [ -75.185018380892302, 40.051225518229899 ], [ -75.185222788512405, 40.051594458018599 ], [ -75.185290497110898, 40.051752634816303 ], [ -75.185682692669801, 40.052431049461099 ], [ -75.186117738395495, 40.053255396934603 ], [ -75.186518960426994, 40.053975223329701 ], [ -75.186780353416694, 40.054513413114996 ], [ -75.186963672059704, 40.054831637755598 ], [ -75.187308565794694, 40.055493900555099 ], [ -75.1880794849517, 40.056907577838899 ], [ -75.188379866840407, 40.057445755173703 ], [ -75.189426378179803, 40.058426314567001 ], [ -75.190017368922199, 40.058991821611997 ], [ -75.190221789477505, 40.059208235807098 ], [ -75.1908758277755, 40.059959468345397 ], [ -75.1910566180063, 40.060186016970903 ], [ -75.191293390274396, 40.060465505425199 ], [ -75.191879690206804, 40.061266825573902 ], [ -75.192893025981704, 40.062671237351204 ], [ -75.194122390721404, 40.064321553915597 ], [ -75.194155850505098, 40.064385907972202 ], [ -75.194298588941905, 40.064510594057502 ], [ -75.194602752028203, 40.064668303792203 ], [ -75.195094841621696, 40.064924127243202 ], [ -75.195729239929307, 40.065186306079603 ], [ -75.196024602756594, 40.065410187949603 ], [ -75.196388437988503, 40.066632235578503 ], [ -75.196261116859802, 40.066688436199897 ], [ -75.196098815646806, 40.066794301883398 ], [ -75.195935371086705, 40.066930549779997 ], [ -75.195706134654301, 40.067132234664903 ], [ -75.195518962309393, 40.067267954564997 ], [ -75.195123630583396, 40.067465946597999 ], [ -75.194855301632103, 40.067654598053302 ], [ -75.194371257803098, 40.068106049449398 ], [ -75.193961369249706, 40.0684800853832 ], [ -75.193749772379903, 40.068633504652702 ], [ -75.193512844628103, 40.068828933346303 ], [ -75.193224164397193, 40.069099846796902 ], [ -75.192848133454703, 40.069452730753298 ], [ -75.192493822556699, 40.069821915793099 ], [ -75.192146730777296, 40.0702095076578 ], [ -75.191820612385101, 40.070670545977499 ], [ -75.191619323157795, 40.070970154546998 ], [ -75.191377020176304, 40.071244578449203 ], [ -75.190630734562902, 40.071994209033399 ], [ -75.190328672507206, 40.072236834246098 ], [ -75.189986831229703, 40.072484655307299 ], [ -75.189586635947094, 40.072810238422797 ], [ -75.1892090455665, 40.073172646022201 ], [ -75.189130972270902, 40.073247579065999 ], [ -75.188478740653807, 40.072878761592499 ], [ -75.183138889421798, 40.078108817303999 ], [ -75.183096119442794, 40.078083968169601 ], [ -75.181277562001497, 40.077027386943101 ], [ -75.181031845349807, 40.077281521518998 ], [ -75.180781557808402, 40.077537031051598 ], [ -75.180500529772303, 40.077827568779298 ], [ -75.180285717193001, 40.078058004309803 ], [ -75.180240764873801, 40.077955009859302 ] ] ] } },
{ "type": "Feature", "properties": { "objectid": 37, "score": 18.7, "Shape__Area": 5492882.6328125, "Shape__Length": 11051.510905474022 }, "geometry": { "type": "Polygon", "coordinates": [ [ [ -75.167662615387599, 40.079475529568597 ], [ -75.164090070527806, 40.0773619310432 ], [ -75.163407651850093, 40.076979838118802 ], [ -75.163393685573894, 40.0769721048473 ], [ -75.160429103179496, 40.075330499069601 ], [ -75.1591232670674, 40.074607357288698 ], [ -75.158385445497103, 40.074189946461203 ], [ -75.156629424864803, 40.073192774436201 ], [ -75.155835831704394, 40.072742106413401 ], [ -75.154696740365594, 40.072093673062803 ], [ -75.154077867725306, 40.071741368247501 ], [ -75.154346631333297, 40.0714373917708 ], [ -75.154477453587305, 40.071293521653601 ], [ -75.154852549394803, 40.070877347590198 ], [ -75.155244466203399, 40.070450880404998 ], [ -75.1554354708652, 40.070247608275999 ], [ -75.155603408310199, 40.070059116125897 ], [ -75.156290290333303, 40.069269248164098 ], [ -75.156777897180902, 40.068684458132502 ], [ -75.157120005391107, 40.068268469625501 ], [ -75.157231427383806, 40.068132984451701 ], [ -75.157381654868303, 40.067953196946199 ], [ -75.157452638721495, 40.067875492092199 ], [ -75.157620475230004, 40.067685345239603 ], [ -75.157782597288303, 40.0675016709082 ], [ -75.158295019290406, 40.066965333503802 ], [ -75.158685126699993, 40.066563694450501 ], [ -75.159302642040103, 40.0659222606483 ], [ -75.159523576816795, 40.065693038449901 ], [ -75.159777128151703, 40.065429832310897 ], [ -75.159973798108098, 40.065227849562099 ], [ -75.160208500172203, 40.064990090315497 ], [ -75.160392709842995, 40.064791374366401 ], [ -75.160637691788494, 40.064534580440203 ], [ -75.160691647039798, 40.064477705275102 ], [ -75.161961551504305, 40.0631669894208 ], [ -75.162021556379202, 40.063104304233597 ], [ -75.163169602824297, 40.0619201222149 ], [ -75.1641247129199, 40.060928557917698 ], [ -75.165455277695699, 40.059550768284602 ], [ -75.165955242066502, 40.059831190197599 ], [ -75.166231526603397, 40.059994732822403 ], [ -75.166971073583696, 40.0604226197391 ], [ -75.167489781548497, 40.060715891773398 ], [ -75.167847444691503, 40.060921804997498 ], [ -75.168326948138798, 40.061194421908702 ], [ -75.168644639963404, 40.0613829108133 ], [ -75.169069996241902, 40.061627653444198 ], [ -75.169381627378101, 40.061806983074703 ], [ -75.169799443792698, 40.062043596777897 ], [ -75.170066544332798, 40.062195280670899 ], [ -75.170476063192396, 40.062431522524498 ], [ -75.170789386364504, 40.062609383206301 ], [ -75.171179156975199, 40.062828600547697 ], [ -75.171453304089596, 40.062998017906502 ], [ -75.171835572008504, 40.063219325379301 ], [ -75.172117596943494, 40.063379259002403 ], [ -75.172478489190496, 40.063591127474801 ], [ -75.172571212669197, 40.063648390757002 ], [ -75.172909374937802, 40.063830278612997 ], [ -75.173728106420697, 40.064298735030903 ], [ -75.174030577625103, 40.064467497936697 ], [ -75.174167706090401, 40.064556924811797 ], [ -75.174446175920295, 40.064722916001301 ], [ -75.174936369406396, 40.065008553404397 ], [ -75.1753301705523, 40.065225475852799 ], [ -75.1757409462749, 40.065463355210099 ], [ -75.176527938004696, 40.065905119837801 ], [ -75.176955577160697, 40.066159409371302 ], [ -75.177117085317505, 40.0662528492376 ], [ -75.177263497705198, 40.066339239063097 ], [ -75.177648587897593, 40.066555592418503 ], [ -75.178011352993096, 40.066752845966299 ], [ -75.178673860739195, 40.0671268740168 ], [ -75.179307613846305, 40.067491832300703 ], [ -75.179237431285202, 40.067579368306603 ], [ -75.177998350219099, 40.068829685942802 ], [ -75.177015440730798, 40.069869017445399 ], [ -75.176268953628707, 40.070630898353002 ], [ -75.1747500817945, 40.072180661193499 ], [ -75.174450756901095, 40.072498755060799 ], [ -75.174209392260494, 40.0727429438858 ], [ -75.1739538810928, 40.073016329258799 ], [ -75.173685555716503, 40.073291447920496 ], [ -75.173137647140194, 40.073858641331 ], [ -75.173552859622205, 40.074094205928503 ], [ -75.173943460773003, 40.0743192763588 ], [ -75.174392514967295, 40.074571712685803 ], [ -75.174720247152806, 40.074769456641697 ], [ -75.175170109576399, 40.075025379553203 ], [ -75.175512776240396, 40.0752231629275 ], [ -75.176843674837301, 40.0759894797879 ], [ -75.178451638962997, 40.076938114691998 ], [ -75.180240764873801, 40.077955009859302 ], [ -75.180285717193001, 40.078058004309803 ], [ -75.180500529772303, 40.077827568779298 ], [ -75.180781557808402, 40.077537031051598 ], [ -75.181031845349807, 40.077281521518998 ], [ -75.181277562001497, 40.077027386943101 ], [ -75.183096119442794, 40.078083968169601 ], [ -75.183138889421798, 40.078108817303999 ], [ -75.183137431462001, 40.078110245142703 ], [ -75.182301623667101, 40.0789287710247 ], [ -75.180919883075205, 40.0802947168172 ], [ -75.1793457782898, 40.081850742579498 ], [ -75.177147476414305, 40.0840528498873 ], [ -75.176509797818298, 40.084701194889902 ], [ -75.176440280382394, 40.084660973436101 ], [ -75.176440033665202, 40.084660829938997 ], [ -75.176172643308803, 40.084506120585203 ], [ -75.175873407445906, 40.084332300403197 ], [ -75.175655558076997, 40.084203456201998 ], [ -75.175345467381504, 40.084020056224503 ], [ -75.175134187915603, 40.083895096433601 ], [ -75.174787473544995, 40.0836900322373 ], [ -75.174514605120905, 40.083528641950899 ], [ -75.174159885676602, 40.083318839243702 ], [ -75.173926616261895, 40.083180868310201 ], [ -75.173575532548895, 40.082973211985902 ], [ -75.173306579461894, 40.082814131256796 ], [ -75.172939309264706, 40.082596897107798 ], [ -75.172070903552395, 40.082083238112702 ], [ -75.171714374072906, 40.081872347974901 ], [ -75.169934118051998, 40.080819275892601 ], [ -75.168268692933907, 40.079834075107399 ], [ -75.167662615387599, 40.079475529568597 ] ] ] } },
{ "type": "Feature", "properties": { "objectid": 38, "score": 12.9, "Shape__Area": 7339388.359375, "Shape__Length": 15144.981053411153 }, "geometry": { "type": "Polygon", "coordinates": [ [ [ -75.151654209673794, 40.052280755646102 ], [ -75.150474503161803, 40.051732434932703 ], [ -75.150556805761497, 40.051660713802299 ], [ -75.150668180780897, 40.051621942043802 ], [ -75.151149984324206, 40.051644750989801 ], [ -75.151737137213601, 40.051682396261498 ], [ -75.151866825473107, 40.051687309804699 ], [ -75.152990832376304, 40.051751542698703 ], [ -75.153811741262004, 40.051785496316803 ], [ -75.154533230897897, 40.051817063707702 ], [ -75.155357687800603, 40.051858033096302 ], [ -75.156181861517496, 40.051888979031901 ], [ -75.156287333456206, 40.051894805801098 ], [ -75.156965290342896, 40.051924072269301 ], [ -75.1577770378954, 40.051964352628701 ], [ -75.157859926530094, 40.0506119577514 ], [ -75.157874064981598, 40.050407113900803 ], [ -75.157920377089994, 40.0496781421175 ], [ -75.157951844427998, 40.049226227224601 ], [ -75.157961570161405, 40.049035050443898 ], [ -75.157986046167593, 40.048674246146199 ], [ -75.158020760860296, 40.048135278180403 ], [ -75.158060600846795, 40.047602009487299 ], [ -75.158069067893507, 40.047470840594301 ], [ -75.158095130666197, 40.047116464754097 ], [ -75.158133874467893, 40.046427780320599 ], [ -75.158167732568302, 40.045920624034402 ], [ -75.158220677386595, 40.045085427073197 ], [ -75.158264513332796, 40.043791342963097 ], [ -75.1582882834998, 40.043350860282096 ], [ -75.158309732914205, 40.042870369690398 ], [ -75.158320255283101, 40.042417645159603 ], [ -75.158343850367402, 40.042030899506699 ], [ -75.158360932284097, 40.041496229598302 ], [ -75.158406342067195, 40.040745560663403 ], [ -75.158454185023899, 40.038548380792399 ], [ -75.158417256787303, 40.0375113601431 ], [ -75.158375910103004, 40.036694147810103 ], [ -75.158366449372707, 40.036355531056699 ], [ -75.158836991991294, 40.035893120642797 ], [ -75.1590036497726, 40.035729341969798 ], [ -75.160415027799203, 40.034360790467296 ], [ -75.160183982607506, 40.034223609136902 ], [ -75.158073379481294, 40.032976635396302 ], [ -75.158001377152004, 40.032947592428698 ], [ -75.157717829289396, 40.033232677853697 ], [ -75.157661519053704, 40.033264429990098 ], [ -75.157642149085802, 40.033215436238997 ], [ -75.157643095744106, 40.032936458844802 ], [ -75.157628125883093, 40.032045839883502 ], [ -75.157625392397506, 40.031785727042198 ], [ -75.157618980462203, 40.0315235677148 ], [ -75.157637376317297, 40.031418229849301 ], [ -75.157677858529794, 40.031326018225897 ], [ -75.157758582836905, 40.031201568226699 ], [ -75.157822778676703, 40.0311335678185 ], [ -75.158125870081506, 40.0308345234386 ], [ -75.157977828511406, 40.030837171305997 ], [ -75.157121362938696, 40.031002432205398 ], [ -75.156511425154903, 40.031120119467701 ], [ -75.154778665708093, 40.031461519867698 ], [ -75.154445243146995, 40.031529981336398 ], [ -75.154229884819799, 40.031554808975599 ], [ -75.154036708990404, 40.031573649304498 ], [ -75.153834828638196, 40.031573436983699 ], [ -75.153697376156302, 40.031565978748198 ], [ -75.153278592538101, 40.031515804696902 ], [ -75.152737727352203, 40.0314356286652 ], [ -75.152372473397804, 40.031396310893697 ], [ -75.152779630084197, 40.030957005278403 ], [ -75.152862360333998, 40.030848183573802 ], [ -75.152946392271701, 40.030726615521601 ], [ -75.153032790426494, 40.030591541637399 ], [ -75.153149688355597, 40.030366961971801 ], [ -75.153242782617696, 40.030115826054399 ], [ -75.153285143503297, 40.029964509318098 ], [ -75.153345548525806, 40.029642434236102 ], [ -75.153389249716795, 40.029467157099802 ], [ -75.153485295376896, 40.028979391509303 ], [ -75.153592271247106, 40.028457653385203 ], [ -75.153702746021594, 40.027982344197497 ], [ -75.153808600473099, 40.027494153169499 ], [ -75.153909019225097, 40.026948869820302 ], [ -75.154066420506197, 40.026207912086498 ], [ -75.154305487204496, 40.026080352712 ], [ -75.154586778025404, 40.0259302721716 ], [ -75.154868073266499, 40.025780198275697 ], [ -75.155149374950099, 40.025630131948802 ], [ -75.155430682196297, 40.025480072291998 ], [ -75.155712289700602, 40.025330342337199 ], [ -75.155994819504301, 40.025181625264402 ], [ -75.156277770732601, 40.025033375784602 ], [ -75.156560569977003, 40.024884966300199 ], [ -75.156842643023893, 40.024735772189302 ], [ -75.157123418443007, 40.0245851676681 ], [ -75.157404500604102, 40.024434417904899 ], [ -75.157685553715396, 40.024283228119899 ], [ -75.157961732247401, 40.0241274713431 ], [ -75.158228179663297, 40.0239630030025 ], [ -75.158482468683601, 40.023787212438897 ], [ -75.158727015824795, 40.023602469768498 ], [ -75.158964491526504, 40.023412153542701 ], [ -75.159196676482793, 40.023218815461298 ], [ -75.159216230045899, 40.023201387811497 ], [ -75.159316955992907, 40.023419994970098 ], [ -75.159554069729595, 40.023934607021097 ], [ -75.159860080847295, 40.024633766984699 ], [ -75.159900009420994, 40.024942996008598 ], [ -75.159933681020505, 40.025564486511101 ], [ -75.160056180135996, 40.026032338986703 ], [ -75.160247097172203, 40.026309573859002 ], [ -75.160577214437694, 40.026732876892602 ], [ -75.160984834907495, 40.0272626358271 ], [ -75.161428169855398, 40.027773820115598 ], [ -75.162128709934606, 40.028254175963298 ], [ -75.162271155703095, 40.0283433514591 ], [ -75.163272123679604, 40.028969976726302 ], [ -75.163751410924306, 40.0292648562463 ], [ -75.164136635964496, 40.029503248803998 ], [ -75.164951792248502, 40.029955017258501 ], [ -75.1654930261723, 40.030251435006903 ], [ -75.166123025683703, 40.030609454538997 ], [ -75.166490894350304, 40.030803490587601 ], [ -75.166657904942497, 40.030899819189202 ], [ -75.167744629184099, 40.0315257286452 ], [ -75.168526652233595, 40.031954796785101 ], [ -75.169213479076902, 40.032323230332302 ], [ -75.169333423448606, 40.032392469782401 ], [ -75.170612863784299, 40.033140746915798 ], [ -75.172062129033904, 40.033991161929301 ], [ -75.172712838255194, 40.0343748838769 ], [ -75.173515839097902, 40.034840473760397 ], [ -75.173726902826601, 40.035022077568001 ], [ -75.173953493402493, 40.035202706596202 ], [ -75.174727098904498, 40.035830061468197 ], [ -75.175210011852897, 40.036241853198497 ], [ -75.175624158691804, 40.036776951722999 ], [ -75.1761223903287, 40.0374104238673 ], [ -75.176145724386402, 40.0374611609612 ], [ -75.176430226611203, 40.037803487420298 ], [ -75.176957638630896, 40.038431776190897 ], [ -75.177630906280697, 40.039238439241501 ], [ -75.177760222991793, 40.039410138381797 ], [ -75.178633170704103, 40.040463101870301 ], [ -75.178714423209101, 40.040566512269002 ], [ -75.179131556961394, 40.041074348696696 ], [ -75.179633811171996, 40.041690609114802 ], [ -75.179983452025098, 40.042102815170999 ], [ -75.180886042662607, 40.043256010619999 ], [ -75.179608223366301, 40.0444976142076 ], [ -75.177756951001797, 40.046283437687201 ], [ -75.177568488369701, 40.046482951894703 ], [ -75.177383920249596, 40.046671058899001 ], [ -75.177259554144598, 40.046782708110499 ], [ -75.177185404839605, 40.046856197140698 ], [ -75.177002474317206, 40.047029385185503 ], [ -75.176812344905599, 40.047213287862199 ], [ -75.176760458913506, 40.047260226951103 ], [ -75.176627462981799, 40.047407425364398 ], [ -75.176248815416102, 40.047761392466498 ], [ -75.176092867379495, 40.047916525660803 ], [ -75.175550154888299, 40.048447727493901 ], [ -75.174918840315996, 40.049061623286299 ], [ -75.173263444457405, 40.050676353051102 ], [ -75.172783929686702, 40.051149069910998 ], [ -75.172746747030502, 40.051176413095199 ], [ -75.172168268095604, 40.051738030268901 ], [ -75.170186102439899, 40.0536623263826 ], [ -75.168960705196, 40.054856015321398 ], [ -75.167398956709306, 40.053904552049197 ], [ -75.166874733847393, 40.053586135921897 ], [ -75.163376344870301, 40.051427382001798 ], [ -75.161901159588197, 40.052851277546303 ], [ -75.1613893704981, 40.053351019119198 ], [ -75.161170717823893, 40.053562919338198 ], [ -75.160921069253305, 40.053800590724997 ], [ -75.160450677743995, 40.054249997257898 ], [ -75.160427820079505, 40.054295667981201 ], [ -75.158892260658803, 40.055777576847603 ], [ -75.158308667050406, 40.055446350114401 ], [ -75.157872568738995, 40.055208032342101 ], [ -75.157727906087899, 40.055150751619301 ], [ -75.157178030142802, 40.054844415107702 ], [ -75.156489160389398, 40.054529148252499 ], [ -75.155557615508201, 40.054083181313999 ], [ -75.1552174583165, 40.053931674568197 ], [ -75.154385254475798, 40.053554291335203 ], [ -75.153756210722904, 40.053267169715497 ], [ -75.1536857813186, 40.053225978431897 ], [ -75.153373310984804, 40.053078486772399 ], [ -75.153306128348802, 40.053047844829997 ], [ -75.152895545382904, 40.052860574255 ], [ -75.151654209673794, 40.052280755646102 ] ] ] } },
{ "type": "Feature", "properties": { "objectid": 39, "score": 16.5, "Shape__Area": 5246363.234375, "Shape__Length": 9083.5898211067961 }, "geometry": { "type": "Polygon", "coordinates": [ [ [ -75.141874605125096, 40.052086433745004 ], [ -75.14221691649, 40.050572396842803 ], [ -75.143596702048299, 40.050748219566302 ], [ -75.143844288587502, 40.050780220084398 ], [ -75.144642515954999, 40.050880204915302 ], [ -75.145431220737095, 40.0509828117616 ], [ -75.145918948453698, 40.051048034939001 ], [ -75.146223102046406, 40.051084731811997 ], [ -75.147007242916303, 40.051184535809298 ], [ -75.148579976987705, 40.051392641868901 ], [ -75.1496437136813, 40.051524469827399 ], [ -75.149776180375696, 40.051379595040302 ], [ -75.150144354623805, 40.051587164979601 ], [ -75.150474503161803, 40.051732434932703 ], [ -75.151654209673794, 40.052280755646102 ], [ -75.152895545382904, 40.052860574255 ], [ -75.153306128348802, 40.053047844829997 ], [ -75.153373310984804, 40.053078486772399 ], [ -75.1536857813186, 40.053225978431897 ], [ -75.153756210722904, 40.053267169715497 ], [ -75.154385254475798, 40.053554291335203 ], [ -75.1552174583165, 40.053931674568197 ], [ -75.155557615508201, 40.054083181313999 ], [ -75.156489160389398, 40.054529148252499 ], [ -75.157178030142802, 40.054844415107702 ], [ -75.157727906087899, 40.055150751619301 ], [ -75.157872568738995, 40.055208032342101 ], [ -75.158308667050406, 40.055446350114401 ], [ -75.158892260658803, 40.055777576847603 ], [ -75.160641594081795, 40.056788602852897 ], [ -75.160693084343094, 40.0568409714718 ], [ -75.161950872031696, 40.057575944474102 ], [ -75.1621251769417, 40.057648047680502 ], [ -75.162249333314904, 40.057710192207502 ], [ -75.162657143604903, 40.057945414609598 ], [ -75.163176295226094, 40.058242623842503 ], [ -75.164604596700897, 40.059053321582098 ], [ -75.165455277695699, 40.059550768284602 ], [ -75.1641247129199, 40.060928557917698 ], [ -75.163169602824297, 40.0619201222149 ], [ -75.162021556379202, 40.063104304233597 ], [ -75.161961551504305, 40.0631669894208 ], [ -75.160691647039798, 40.064477705275102 ], [ -75.160637691788494, 40.064534580440203 ], [ -75.160392709842995, 40.064791374366401 ], [ -75.160208500172203, 40.064990090315497 ], [ -75.159973798108098, 40.065227849562099 ], [ -75.159777128151703, 40.065429832310897 ], [ -75.159523576816795, 40.065693038449901 ], [ -75.159302642040103, 40.0659222606483 ], [ -75.158685126699993, 40.066563694450501 ], [ -75.158295019290406, 40.066965333503802 ], [ -75.157782597288303, 40.0675016709082 ], [ -75.157620475230004, 40.067685345239603 ], [ -75.157452638721495, 40.067875492092199 ], [ -75.157381654868303, 40.067953196946199 ], [ -75.157231427383806, 40.068132984451701 ], [ -75.157120005391107, 40.068268469625501 ], [ -75.156777897180902, 40.068684458132502 ], [ -75.156290290333303, 40.069269248164098 ], [ -75.155603408310199, 40.070059116125897 ], [ -75.1554354708652, 40.070247608275999 ], [ -75.155244466203399, 40.070450880404998 ], [ -75.154852549394803, 40.070877347590198 ], [ -75.154477453587305, 40.071293521653601 ], [ -75.154346631333297, 40.0714373917708 ], [ -75.154077867725306, 40.071741368247501 ], [ -75.153334833452902, 40.071318371703597 ], [ -75.152758104037105, 40.070990042505002 ], [ -75.152187349485601, 40.0706651087472 ], [ -75.151876126859705, 40.070487925752602 ], [ -75.151591318794601, 40.070325778992697 ], [ -75.150726539307101, 40.069833435026297 ], [ -75.150042482326199, 40.069443970653801 ], [ -75.149607187578297, 40.069196134569999 ], [ -75.148357109185, 40.068484378472903 ], [ -75.147680470043099, 40.068099109376497 ], [ -75.146667522998996, 40.067529593587501 ], [ -75.145502609803899, 40.066860421446499 ], [ -75.145220843093696, 40.066698559473302 ], [ -75.144556349191802, 40.066320168001802 ], [ -75.144053321830199, 40.066024040281803 ], [ -75.1430998381026, 40.065483991537498 ], [ -75.141888800791705, 40.064798041742101 ], [ -75.140775383515304, 40.064160534865401 ], [ -75.1394173534039, 40.063394590772297 ], [ -75.139554160324707, 40.062813157833403 ], [ -75.139721662513793, 40.061949223429401 ], [ -75.139875125635299, 40.061260177716797 ], [ -75.1402058784861, 40.059738763935698 ], [ -75.140545913336595, 40.058218608130503 ], [ -75.140720323293394, 40.057359038158801 ], [ -75.140872373200594, 40.056703586320097 ], [ -75.141214459729198, 40.055148317653199 ], [ -75.141445027336999, 40.054217319646199 ], [ -75.141563177370799, 40.053609064095397 ], [ -75.141625714349004, 40.053233132391902 ], [ -75.141874605125096, 40.052086433745004 ] ] ] } },
{ "type": "Feature", "properties": { "objectid": 40, "score": 13.0, "Shape__Area": 6364778.95703125, "Shape__Length": 13970.057122788496 }, "geometry": { "type": "Polygon", "coordinates": [ [ [ -75.151149984324206, 40.051644750989801 ], [ -75.150668180780897, 40.051621942043802 ], [ -75.150556805761497, 40.051660713802299 ], [ -75.150474503161803, 40.051732434932703 ], [ -75.150144354623805, 40.051587164979601 ], [ -75.149776180375696, 40.051379595040302 ], [ -75.1496437136813, 40.051524469827399 ], [ -75.148579976987705, 40.051392641868901 ], [ -75.147007242916303, 40.051184535809298 ], [ -75.146223102046406, 40.051084731811997 ], [ -75.145918948453698, 40.051048034939001 ], [ -75.145431220737095, 40.0509828117616 ], [ -75.144642515954999, 40.050880204915302 ], [ -75.143844288587502, 40.050780220084398 ], [ -75.143596702048299, 40.050748219566302 ], [ -75.14221691649, 40.050572396842803 ], [ -75.142550335494604, 40.049049744367501 ], [ -75.142899997738795, 40.047503029638499 ], [ -75.143105165877898, 40.0464816155473 ], [ -75.143265291412206, 40.045724878040502 ], [ -75.143549677405204, 40.0444351170852 ], [ -75.143871512709694, 40.042910197744597 ], [ -75.144077920267506, 40.0420030850104 ], [ -75.144196088760197, 40.041483746651799 ], [ -75.144226954709197, 40.041390767805403 ], [ -75.144286792802305, 40.041176977960902 ], [ -75.144445924325794, 40.040523617558001 ], [ -75.144574691504403, 40.039845949943903 ], [ -75.144751910852605, 40.039082022628399 ], [ -75.144915198486501, 40.038302963799701 ], [ -75.145191243820506, 40.036985892802399 ], [ -75.145556007945899, 40.035271185862598 ], [ -75.1459003598967, 40.0337371192782 ], [ -75.146229797687099, 40.032194889298601 ], [ -75.146521627190694, 40.030874774969199 ], [ -75.146578011412004, 40.030646612072601 ], [ -75.146684879922205, 40.030236047964202 ], [ -75.146708041132896, 40.030136199446503 ], [ -75.146829625948897, 40.029612045818702 ], [ -75.146852776728096, 40.029490885133796 ], [ -75.146915295008597, 40.029153247708003 ], [ -75.147221396469007, 40.027653223808699 ], [ -75.147558185667094, 40.026147696595899 ], [ -75.147896825973305, 40.024562913619498 ], [ -75.148248074772297, 40.022968752233297 ], [ -75.148569336738404, 40.021485204601902 ], [ -75.148694010338701, 40.020962392508601 ], [ -75.148740535634801, 40.020720261426199 ], [ -75.148861837799302, 40.020161958148499 ], [ -75.148938000403106, 40.019838118332203 ], [ -75.148938735418994, 40.019834656965202 ], [ -75.148956066370104, 40.019753042488702 ], [ -75.148956406742101, 40.019751438267797 ], [ -75.148995781669896, 40.0195818797662 ], [ -75.1492326638908, 40.0185118648442 ], [ -75.149349276915302, 40.017966917257397 ], [ -75.150305312092797, 40.017546906661501 ], [ -75.151210327618102, 40.017123126206499 ], [ -75.151535179073804, 40.016984745606202 ], [ -75.153248711080195, 40.0161833794633 ], [ -75.153852446654398, 40.015901021127199 ], [ -75.154093423619599, 40.016334456341298 ], [ -75.154124686055795, 40.016390686498703 ], [ -75.154475495032997, 40.0170849344819 ], [ -75.154579265074304, 40.017282070987299 ], [ -75.154790498682303, 40.0176588105411 ], [ -75.155027134629094, 40.018032463798498 ], [ -75.155100570407996, 40.018144036589 ], [ -75.155385139939497, 40.018580163985597 ], [ -75.155421911957902, 40.018638307679701 ], [ -75.155695661788997, 40.019087501354697 ], [ -75.156097016173504, 40.019704174466298 ], [ -75.156351457581096, 40.0199290897758 ], [ -75.156924093579306, 40.020480203156701 ], [ -75.157039736319504, 40.020593149501003 ], [ -75.157053903386, 40.020606986491501 ], [ -75.157138487374397, 40.020693723550501 ], [ -75.157186476357197, 40.020742933968201 ], [ -75.157552474448195, 40.021109892940501 ], [ -75.157706206031904, 40.0212692248667 ], [ -75.158024015630502, 40.021549140963799 ], [ -75.158274446051905, 40.021868370514099 ], [ -75.159037829305802, 40.0228099790451 ], [ -75.159140639176599, 40.023037328241401 ], [ -75.159216230045899, 40.023201387811497 ], [ -75.159196676482793, 40.023218815461298 ], [ -75.158964491526504, 40.023412153542701 ], [ -75.158727015824795, 40.023602469768498 ], [ -75.158482468683601, 40.023787212438897 ], [ -75.158228179663297, 40.0239630030025 ], [ -75.157961732247401, 40.0241274713431 ], [ -75.157685553715396, 40.024283228119899 ], [ -75.157404500604102, 40.024434417904899 ], [ -75.157123418443007, 40.0245851676681 ], [ -75.156842643023893, 40.024735772189302 ], [ -75.156560569977003, 40.024884966300199 ], [ -75.156277770732601, 40.025033375784602 ], [ -75.155994819504301, 40.025181625264402 ], [ -75.155712289700602, 40.025330342337199 ], [ -75.155430682196297, 40.025480072291998 ], [ -75.155149374950099, 40.025630131948802 ], [ -75.154868073266499, 40.025780198275697 ], [ -75.154586778025404, 40.0259302721716 ], [ -75.154305487204496, 40.026080352712 ], [ -75.154066420506197, 40.026207912086498 ], [ -75.153909019225097, 40.026948869820302 ], [ -75.153808600473099, 40.027494153169499 ], [ -75.153702746021594, 40.027982344197497 ], [ -75.153592271247106, 40.028457653385203 ], [ -75.153485295376896, 40.028979391509303 ], [ -75.153389249716795, 40.029467157099802 ], [ -75.153345548525806, 40.029642434236102 ], [ -75.153285143503297, 40.029964509318098 ], [ -75.153242782617696, 40.030115826054399 ], [ -75.153149688355597, 40.030366961971801 ], [ -75.153032790426494, 40.030591541637399 ], [ -75.152946392271701, 40.030726615521601 ], [ -75.152862360333998, 40.030848183573802 ], [ -75.152779630084197, 40.030957005278403 ], [ -75.152372473397804, 40.031396310893697 ], [ -75.152737727352203, 40.0314356286652 ], [ -75.153278592538101, 40.031515804696902 ], [ -75.153697376156302, 40.031565978748198 ], [ -75.153834828638196, 40.031573436983699 ], [ -75.154036708990404, 40.031573649304498 ], [ -75.154229884819799, 40.031554808975599 ], [ -75.154445243146995, 40.031529981336398 ], [ -75.154778665708093, 40.031461519867698 ], [ -75.156511425154903, 40.031120119467701 ], [ -75.157121362938696, 40.031002432205398 ], [ -75.157977828511406, 40.030837171305997 ], [ -75.158125870081506, 40.0308345234386 ], [ -75.157822778676703, 40.0311335678185 ], [ -75.157758582836905, 40.031201568226699 ], [ -75.157677858529794, 40.031326018225897 ], [ -75.157637376317297, 40.031418229849301 ], [ -75.157618980462203, 40.0315235677148 ], [ -75.157625392397506, 40.031785727042198 ], [ -75.157628125883093, 40.032045839883502 ], [ -75.157643095744106, 40.032936458844802 ], [ -75.157642149085802, 40.033215436238997 ], [ -75.157661519053704, 40.033264429990098 ], [ -75.157717829289396, 40.033232677853697 ], [ -75.158001377152004, 40.032947592428698 ], [ -75.158073379481294, 40.032976635396302 ], [ -75.160183982607506, 40.034223609136902 ], [ -75.160415027799203, 40.034360790467296 ], [ -75.1590036497726, 40.035729341969798 ], [ -75.158836991991294, 40.035893120642797 ], [ -75.158366449372707, 40.036355531056699 ], [ -75.158375910103004, 40.036694147810103 ], [ -75.158417256787303, 40.0375113601431 ], [ -75.158454185023899, 40.038548380792399 ], [ -75.158406342067195, 40.040745560663403 ], [ -75.158360932284097, 40.041496229598302 ], [ -75.158343850367402, 40.042030899506699 ], [ -75.158320255283101, 40.042417645159603 ], [ -75.158309732914205, 40.042870369690398 ], [ -75.1582882834998, 40.043350860282096 ], [ -75.158264513332796, 40.043791342963097 ], [ -75.158220677386595, 40.045085427073197 ], [ -75.158167732568302, 40.045920624034402 ], [ -75.158133874467893, 40.046427780320599 ], [ -75.158095130666197, 40.047116464754097 ], [ -75.158069067893507, 40.047470840594301 ], [ -75.158060600846795, 40.047602009487299 ], [ -75.158020760860296, 40.048135278180403 ], [ -75.157986046167593, 40.048674246146199 ], [ -75.157961570161405, 40.049035050443898 ], [ -75.157951844427998, 40.049226227224601 ], [ -75.157920377089994, 40.0496781421175 ], [ -75.157874064981598, 40.050407113900803 ], [ -75.157859926530094, 40.0506119577514 ], [ -75.1577770378954, 40.051964352628701 ], [ -75.156965290342896, 40.051924072269301 ], [ -75.156287333456206, 40.051894805801098 ], [ -75.156181861517496, 40.051888979031901 ], [ -75.155357687800603, 40.051858033096302 ], [ -75.154533230897897, 40.051817063707702 ], [ -75.153811741262004, 40.051785496316803 ], [ -75.152990832376304, 40.051751542698703 ], [ -75.151866825473107, 40.051687309804699 ], [ -75.151737137213601, 40.051682396261498 ], [ -75.151149984324206, 40.051644750989801 ] ] ] } },
{ "type": "Feature", "properties": { "objectid": 41, "score": 28.4, "Shape__Area": 31918528.765625, "Shape__Length": 27768.148838403478 }, "geometry": { "type": "Polygon", "coordinates": [ [ [ -75.200034691145603, 40.057489020086301 ], [ -75.200091361407203, 40.057034144708098 ], [ -75.200102781329207, 40.056730309062203 ], [ -75.200085224182502, 40.056565711687597 ], [ -75.200057703745401, 40.056455629085498 ], [ -75.200023189040607, 40.056321063330202 ], [ -75.1999807655382, 40.056186323079601 ], [ -75.199915533331605, 40.056026749350202 ], [ -75.199842393756697, 40.055866999007002 ], [ -75.199633081468093, 40.055540018506399 ], [ -75.199292297031207, 40.055187948516902 ], [ -75.200110401066397, 40.054418313663803 ], [ -75.200552450542105, 40.054014702683197 ], [ -75.200976290369994, 40.053590725309597 ], [ -75.201302245685, 40.053824628282797 ], [ -75.201546402583901, 40.054018780039101 ], [ -75.2016959546675, 40.054085008702899 ], [ -75.201934160130705, 40.054126242094497 ], [ -75.202144165103206, 40.054139887046198 ], [ -75.202313943586702, 40.054134664553501 ], [ -75.202526140354195, 40.054089939181601 ], [ -75.202698616183497, 40.054012876878403 ], [ -75.202806820639097, 40.053934389374199 ], [ -75.203139300165901, 40.053645175058499 ], [ -75.203345195248403, 40.053513298823397 ], [ -75.203519769563002, 40.0534124666626 ], [ -75.203764522319204, 40.053217192434801 ], [ -75.205519868607098, 40.051571433919399 ], [ -75.205823150458102, 40.051292307401098 ], [ -75.206091839869899, 40.051091477823803 ], [ -75.206292392356701, 40.050918950237403 ], [ -75.206455371622596, 40.050758644337598 ], [ -75.207561671776503, 40.049670473228701 ], [ -75.208137465788795, 40.049105149325399 ], [ -75.2085173076009, 40.048763310158598 ], [ -75.208738990670298, 40.0485460519401 ], [ -75.215463284993604, 40.0512701972714 ], [ -75.215824271936697, 40.051544067514101 ], [ -75.216198456423697, 40.051884770977203 ], [ -75.217027012822697, 40.052413219987997 ], [ -75.217138726322702, 40.0524944139976 ], [ -75.217368582036798, 40.052704182497699 ], [ -75.217556904846603, 40.052928780783702 ], [ -75.217735042396697, 40.053206692559698 ], [ -75.217825094523803, 40.053429124289501 ], [ -75.217895613653297, 40.053625931868098 ], [ -75.217983083284906, 40.053917590449601 ], [ -75.218051356637204, 40.054284407103097 ], [ -75.218180405982196, 40.054674503981197 ], [ -75.218206999127602, 40.054835806186297 ], [ -75.218314665854194, 40.055464878809801 ], [ -75.218352920803198, 40.055648632328698 ], [ -75.218393060513804, 40.055870330267098 ], [ -75.218423447018594, 40.056018609231501 ], [ -75.218449510026602, 40.056157192930399 ], [ -75.218470271019399, 40.056270456925603 ], [ -75.218508152688301, 40.056385299111099 ], [ -75.218584859236003, 40.056547799201802 ], [ -75.218854801564405, 40.057014575574399 ], [ -75.219041050420202, 40.057213091107897 ], [ -75.219125572114194, 40.057291757435998 ], [ -75.219228463384596, 40.057380429541098 ], [ -75.219371652038802, 40.057519191430202 ], [ -75.219535664865404, 40.057644011260798 ], [ -75.219625137420806, 40.057715586597098 ], [ -75.219697997079095, 40.0577963922916 ], [ -75.220016235386893, 40.057834102705797 ], [ -75.220108255211997, 40.057734352428902 ], [ -75.220407401315796, 40.057605236347499 ], [ -75.220635130713006, 40.0574180053246 ], [ -75.220967896445799, 40.057176543106898 ], [ -75.221266617034402, 40.057058724748799 ], [ -75.221768250735295, 40.057024530665899 ], [ -75.222473640817299, 40.057051359126397 ], [ -75.223203414154696, 40.056818623485199 ], [ -75.223634048492201, 40.056715008668597 ], [ -75.223928938699203, 40.0566865655234 ], [ -75.224840152156006, 40.056567669856001 ], [ -75.225327515434898, 40.056444582534802 ], [ -75.225784374482899, 40.056290414558198 ], [ -75.227268138779493, 40.055763484417 ], [ -75.227397376371798, 40.055693341633898 ], [ -75.227979170004005, 40.055371619286802 ], [ -75.228794350836395, 40.054945545100502 ], [ -75.229391268475794, 40.054642393833802 ], [ -75.229822542304603, 40.054423826986202 ], [ -75.231225151648403, 40.053712975402902 ], [ -75.230981393916807, 40.053596672018301 ], [ -75.230419488962994, 40.053383654078402 ], [ -75.229877924412406, 40.0532623052503 ], [ -75.228801354195596, 40.053056232723499 ], [ -75.228134855311197, 40.0528895617879 ], [ -75.227164628599994, 40.052543105796403 ], [ -75.230051315987893, 40.051228848607003 ], [ -75.230605165513794, 40.050971849283499 ], [ -75.233620954558901, 40.049613587219902 ], [ -75.233933434312803, 40.0494616549719 ], [ -75.235422780315702, 40.048784913032001 ], [ -75.234949190663798, 40.047854703882301 ], [ -75.234800511697998, 40.047596016450797 ], [ -75.234372815657807, 40.047179176717798 ], [ -75.232937225129305, 40.045939179146998 ], [ -75.233172659564403, 40.045827075146903 ], [ -75.237060493493402, 40.044087234525797 ], [ -75.236520999882103, 40.043368966138303 ], [ -75.236836340639499, 40.043231590640801 ], [ -75.237078711747102, 40.043097014107701 ], [ -75.237273867051897, 40.042955321616098 ], [ -75.237520511081996, 40.042705285324402 ], [ -75.237662569453704, 40.0425016139639 ], [ -75.238001737600896, 40.041774250152102 ], [ -75.238118499889595, 40.0415141851852 ], [ -75.238531737612306, 40.040610965187398 ], [ -75.238635663127496, 40.040392942293799 ], [ -75.238699840736999, 40.0402494036462 ], [ -75.239063196090299, 40.039746996776103 ], [ -75.239431667304103, 40.039335939402498 ], [ -75.239493400894901, 40.039261722533098 ], [ -75.240149200950597, 40.038550372302304 ], [ -75.243017234418005, 40.036290612549998 ], [ -75.243260125371194, 40.036428631555196 ], [ -75.244219396530895, 40.036924575065903 ], [ -75.245095264670695, 40.037301176990098 ], [ -75.245163460120693, 40.037330498495301 ], [ -75.245473526016099, 40.037515391003197 ], [ -75.245863089472806, 40.037875031838901 ], [ -75.246061102978899, 40.038100123578701 ], [ -75.246357508352403, 40.038484798339198 ], [ -75.246990989981001, 40.039395514884603 ], [ -75.247443936143895, 40.040215760767097 ], [ -75.247518011684804, 40.040321056942297 ], [ -75.247632725837605, 40.040484119500398 ], [ -75.248062125188397, 40.040958631984203 ], [ -75.248332612083601, 40.0412301185304 ], [ -75.2488761557982, 40.041729424837598 ], [ -75.249480388237799, 40.042230164973397 ], [ -75.250363149382594, 40.042913925902198 ], [ -75.251071246203495, 40.043424729688503 ], [ -75.252072342722798, 40.0441468751429 ], [ -75.252385799468698, 40.044355833784799 ], [ -75.253513779786303, 40.045107761688598 ], [ -75.255556562964799, 40.046346870381598 ], [ -75.256356081015895, 40.046831819599902 ], [ -75.258602927935797, 40.048492776250299 ], [ -75.259301170124004, 40.0490550275142 ], [ -75.259967459458494, 40.049649172204397 ], [ -75.261241662605002, 40.0508772189838 ], [ -75.261949796121499, 40.0516001336523 ], [ -75.262576789045795, 40.052240198132203 ], [ -75.262864120782893, 40.052508433141199 ], [ -75.264507698504602, 40.054042727303099 ], [ -75.264403352586399, 40.054127276952997 ], [ -75.264403197756806, 40.054127401554403 ], [ -75.263870578614302, 40.054558966592801 ], [ -75.263645834441405, 40.054765882964702 ], [ -75.2635210365723, 40.054880781187599 ], [ -75.263224789745706, 40.055153527524702 ], [ -75.243459979795603, 40.073343692689903 ], [ -75.243291489004093, 40.073503345167303 ], [ -75.243290570320298, 40.073504215343 ], [ -75.243068786151696, 40.073714360685102 ], [ -75.242117070427597, 40.074654640142803 ], [ -75.233040201432999, 40.0836207085122 ], [ -75.233002135221696, 40.083658303989097 ], [ -75.231790882640894, 40.084854535340703 ], [ -75.230560998974894, 40.086069110568097 ], [ -75.227754412343003, 40.088840550891199 ], [ -75.223629219196994, 40.092913549245097 ], [ -75.223588076088106, 40.092954167195899 ], [ -75.223569576733695, 40.092943523547902 ], [ -75.220183947974206, 40.090995471285403 ], [ -75.219635592722398, 40.0906799344041 ], [ -75.216795807922495, 40.089045763930102 ], [ -75.216790212837097, 40.089042543922503 ], [ -75.215124546539698, 40.088083956462398 ], [ -75.214350212468204, 40.087638311535002 ], [ -75.214133399556403, 40.087513529422701 ], [ -75.213753767906496, 40.087299992954101 ], [ -75.212833033364106, 40.086764411435396 ], [ -75.211777349347798, 40.0861503114876 ], [ -75.210354678520304, 40.085322699315903 ], [ -75.209973482284497, 40.085177212831198 ], [ -75.209781541998595, 40.085098120610702 ], [ -75.209637999906903, 40.085031070248903 ], [ -75.209483562642802, 40.084951416118599 ], [ -75.209286005036205, 40.084842355218001 ], [ -75.209157496342797, 40.084763463061499 ], [ -75.208912509128098, 40.084583414835201 ], [ -75.208436815831206, 40.084206958699703 ], [ -75.206326069433402, 40.082978927729698 ], [ -75.204883444016602, 40.082152447540899 ], [ -75.204147613829605, 40.0817308751068 ], [ -75.202675607570498, 40.080887695324101 ], [ -75.200937408473706, 40.0798919869003 ], [ -75.200454837512893, 40.079615541036397 ], [ -75.198353181766905, 40.078411536940301 ], [ -75.197644473771305, 40.078005511308298 ], [ -75.196436187425505, 40.0773132513702 ], [ -75.195958271198705, 40.077040789502 ], [ -75.195005195835094, 40.076497425518099 ], [ -75.190834585069595, 40.0741235686544 ], [ -75.189678823022902, 40.073468435995203 ], [ -75.1892090455665, 40.073172646022201 ], [ -75.189586635947094, 40.072810238422797 ], [ -75.189986831229703, 40.072484655307299 ], [ -75.190328672507206, 40.072236834246098 ], [ -75.190630734562902, 40.071994209033399 ], [ -75.191377020176304, 40.071244578449203 ], [ -75.191619323157795, 40.070970154546998 ], [ -75.191820612385101, 40.070670545977499 ], [ -75.192146730777296, 40.0702095076578 ], [ -75.192493822556699, 40.069821915793099 ], [ -75.192848133454703, 40.069452730753298 ], [ -75.193224164397193, 40.069099846796902 ], [ -75.193512844628103, 40.068828933346303 ], [ -75.193749772379903, 40.068633504652702 ], [ -75.193961369249706, 40.0684800853832 ], [ -75.194371257803098, 40.068106049449398 ], [ -75.194855301632103, 40.067654598053302 ], [ -75.195123630583396, 40.067465946597999 ], [ -75.195518962309393, 40.067267954564997 ], [ -75.195706134654301, 40.067132234664903 ], [ -75.195935371086705, 40.066930549779997 ], [ -75.196098815646806, 40.066794301883398 ], [ -75.196261116859802, 40.066688436199897 ], [ -75.196388437988503, 40.066632235578503 ], [ -75.196640622357407, 40.066490089630399 ], [ -75.196822627238305, 40.0662812709962 ], [ -75.197051627629605, 40.066085660616402 ], [ -75.1977363370424, 40.065559592887404 ], [ -75.197884884696904, 40.0654718197476 ], [ -75.198155467542506, 40.065149258802897 ], [ -75.198482200946103, 40.064669971502802 ], [ -75.198661910864899, 40.0645219178395 ], [ -75.1988565223634, 40.064398521611899 ], [ -75.199249997308002, 40.064249131057501 ], [ -75.1995083353967, 40.064114984183199 ], [ -75.199798991961799, 40.063963309555803 ], [ -75.200035199343205, 40.063786097821399 ], [ -75.200194258254101, 40.063658127364803 ], [ -75.200354833727403, 40.063495183595002 ], [ -75.2003616402163, 40.063485907357403 ], [ -75.200438260548196, 40.063381481328001 ], [ -75.200458188934206, 40.063272451754202 ], [ -75.200455533029, 40.063132512382097 ], [ -75.200230462443699, 40.062592321257902 ], [ -75.200115118164007, 40.062291754292801 ], [ -75.200030264417606, 40.062022273775597 ], [ -75.199998259823005, 40.061820864418998 ], [ -75.200003285125504, 40.061687177139902 ], [ -75.200047395918801, 40.0615665207891 ], [ -75.200107780600007, 40.061434061187697 ], [ -75.200418438209098, 40.060960494773099 ], [ -75.200940272833805, 40.060132788147797 ], [ -75.2009888930573, 40.060030637173199 ], [ -75.201026205888198, 40.059952241761202 ], [ -75.201064460445807, 40.059776719277103 ], [ -75.201038992056993, 40.059611945759201 ], [ -75.201018007257304, 40.059538499161498 ], [ -75.200964247467894, 40.059397843128103 ], [ -75.200816586059503, 40.059211697024899 ], [ -75.200556839799702, 40.058962662530497 ], [ -75.200435789539895, 40.058814013100204 ], [ -75.200210877394696, 40.058480606837399 ], [ -75.200145091688199, 40.058386440191903 ], [ -75.200074658274005, 40.058110247917 ], [ -75.200013535580496, 40.057841293881602 ], [ -75.200034691145603, 40.057489020086301 ] ] ] } },
{ "type": "Feature", "properties": { "objectid": 42, "score": 27.1, "Shape__Area": 14099025.00390625, "Shape__Length": 16052.083230133359 }, "geometry": { "type": "Polygon", "coordinates": [ [ [ -75.193346380654901, 40.032072522199798 ], [ -75.192652671008801, 40.032022245616197 ], [ -75.191861813923595, 40.032091658469 ], [ -75.1908608026352, 40.031149956095199 ], [ -75.190830036295694, 40.031127396853798 ], [ -75.190791771370399, 40.031114680649701 ], [ -75.190685693842596, 40.031139370392403 ], [ -75.190573497219603, 40.031183221573599 ], [ -75.190433261713807, 40.031259923637897 ], [ -75.190050536407995, 40.031459973588603 ], [ -75.189974087043097, 40.031499771733301 ], [ -75.189839624082694, 40.031545399018697 ], [ -75.189259273667105, 40.031833743833303 ], [ -75.189065999362597, 40.031914258603798 ], [ -75.188667081924393, 40.031585751589503 ], [ -75.187778852265396, 40.030780734208001 ], [ -75.187379658648197, 40.030432036189097 ], [ -75.186196116190999, 40.029478058542502 ], [ -75.185466577087396, 40.028884976553101 ], [ -75.184757777661105, 40.028294786486903 ], [ -75.184235880548997, 40.027865521455702 ], [ -75.184171361794697, 40.027795350097797 ], [ -75.183546409304697, 40.027274639672903 ], [ -75.182934878420994, 40.026754311233901 ], [ -75.182126633299305, 40.026055495185602 ], [ -75.181669818197605, 40.025666349546398 ], [ -75.179846208475396, 40.024095189890602 ], [ -75.179036177117695, 40.023338257613801 ], [ -75.178142919304193, 40.0226044917069 ], [ -75.178131390261001, 40.022594640397898 ], [ -75.176863086472295, 40.021510846507397 ], [ -75.174965418230897, 40.019900978540399 ], [ -75.173249767128695, 40.018420738631399 ], [ -75.172963076816302, 40.018125883816602 ], [ -75.172559540114804, 40.017788940997399 ], [ -75.172465359297206, 40.017712172656601 ], [ -75.172377431564598, 40.017640501987202 ], [ -75.172344469034797, 40.0176136328189 ], [ -75.172208421590597, 40.017502739200502 ], [ -75.170772194811605, 40.016297446623199 ], [ -75.170099023223599, 40.015732494811502 ], [ -75.169910345348299, 40.015259352000598 ], [ -75.169876723880805, 40.015139808670398 ], [ -75.169176654417896, 40.0130545845185 ], [ -75.169116391432794, 40.012889886017 ], [ -75.169049338761894, 40.012772275146297 ], [ -75.168447731528403, 40.011977856283202 ], [ -75.167815929141895, 40.011143541965602 ], [ -75.167779474673296, 40.011095612546498 ], [ -75.167939519023705, 40.011015209547999 ], [ -75.168270276593304, 40.010849032107799 ], [ -75.168557565937306, 40.010705894596903 ], [ -75.168844704184806, 40.010562568445998 ], [ -75.169131744145105, 40.010419119523903 ], [ -75.169418736894499, 40.010275611199603 ], [ -75.169705732724907, 40.010132109460002 ], [ -75.169992785615904, 40.009988679495798 ], [ -75.170123616484204, 40.009923394787897 ], [ -75.170279947069403, 40.009845385562599 ], [ -75.170567268292601, 40.0097022936664 ], [ -75.170854800526797, 40.009559468934803 ], [ -75.171142596880998, 40.009416975481997 ], [ -75.171430708591302, 40.0092748786101 ], [ -75.171719854358201, 40.009134054990398 ], [ -75.172016563955395, 40.0090026600367 ], [ -75.172316756629598, 40.008876063877999 ], [ -75.172617766150395, 40.008750414201998 ], [ -75.1728915863591, 40.008640910661398 ], [ -75.172921457763294, 40.008628965107498 ], [ -75.173230595405002, 40.0085164421141 ], [ -75.173546961130995, 40.008415626183996 ], [ -75.173864336245401, 40.008316741184998 ], [ -75.174181980888505, 40.008218456156598 ], [ -75.174503132668406, 40.008127574023298 ], [ -75.174827518837205, 40.008043484364499 ], [ -75.175153515892106, 40.007963025683502 ], [ -75.175480568803493, 40.007885230777802 ], [ -75.175810258171296, 40.007814450747901 ], [ -75.176142049846703, 40.007749337448303 ], [ -75.176279565151106, 40.007724970928997 ], [ -75.176475658795994, 40.007690224921603 ], [ -75.176811718491706, 40.0076408208188 ], [ -75.177149494813904, 40.007597895376101 ], [ -75.177488033749199, 40.007558326224903 ], [ -75.177826754251598, 40.007520414427297 ], [ -75.178165975400105, 40.007485149991602 ], [ -75.178189548221894, 40.007482742639901 ], [ -75.178505318222605, 40.007450494721603 ], [ -75.178844328509797, 40.007414060380299 ], [ -75.179182580577404, 40.0073733500519 ], [ -75.1794857710114, 40.0073396598521 ], [ -75.179521306498501, 40.007335711650697 ], [ -75.179861646408497, 40.0073074538425 ], [ -75.180202995569303, 40.0072874682511 ], [ -75.180544544384006, 40.007270251208297 ], [ -75.180886147890106, 40.007253570451901 ], [ -75.181227793816802, 40.007237309528001 ], [ -75.181569471301003, 40.007221350959703 ], [ -75.1819111663401, 40.007205575618201 ], [ -75.182252869134999, 40.007189867984302 ], [ -75.182594566826793, 40.007174108779402 ], [ -75.183100890477604, 40.007150410845099 ], [ -75.187518573199796, 40.006944271743201 ], [ -75.187727785280202, 40.006755420744597 ], [ -75.188103189021902, 40.006434682783897 ], [ -75.188708919231104, 40.006851729589201 ], [ -75.188757563177504, 40.006886426760502 ], [ -75.189796736912498, 40.006837900186298 ], [ -75.190135702101898, 40.006801113757099 ], [ -75.190474580584393, 40.006763912593101 ], [ -75.190812602078694, 40.006722641260097 ], [ -75.191149715311099, 40.006677045527397 ], [ -75.191486423939295, 40.006629545967897 ], [ -75.191601407478998, 40.006613439488198 ], [ -75.191741428984798, 40.006593824577202 ], [ -75.191823191366694, 40.0065823710217 ], [ -75.192160011983702, 40.006535451313297 ], [ -75.192480049635293, 40.006490202975002 ], [ -75.192561570276993, 40.006571501106997 ], [ -75.1926198196592, 40.006622134194203 ], [ -75.1927142302915, 40.006692362335798 ], [ -75.192804663536705, 40.006749919216603 ], [ -75.192961150219404, 40.006836542283899 ], [ -75.193089174042896, 40.006898932970699 ], [ -75.193192511891098, 40.006949292307702 ], [ -75.193376019396297, 40.007038720418301 ], [ -75.193852915145698, 40.007276476600502 ], [ -75.193861721553304, 40.0072808668641 ], [ -75.194088705091502, 40.007388948444301 ], [ -75.1942422808131, 40.007457431698903 ], [ -75.194359020470898, 40.007506241910498 ], [ -75.194477343927602, 40.007552418668602 ], [ -75.194597473855197, 40.007595559509802 ], [ -75.194923443158899, 40.007701178023403 ], [ -75.195295626290303, 40.007810963207 ], [ -75.195671851705796, 40.007914135313499 ], [ -75.196764912642294, 40.008203054303799 ], [ -75.196926855993198, 40.008248889447302 ], [ -75.197098258816396, 40.0082974015058 ], [ -75.197412902024098, 40.0083932860096 ], [ -75.197413137030097, 40.008393357848 ], [ -75.197506965177197, 40.008424205806698 ], [ -75.197795069776106, 40.008518927120001 ], [ -75.198686586498994, 40.0088252640344 ], [ -75.199054189322396, 40.008945152320898 ], [ -75.199251434781303, 40.009004862492198 ], [ -75.1995496238806, 40.009095130730103 ], [ -75.200712696691795, 40.009431917909097 ], [ -75.201001595771302, 40.009519431699502 ], [ -75.201247680914804, 40.009597221033701 ], [ -75.2015736579676, 40.009705057652603 ], [ -75.201898127403794, 40.009816153974597 ], [ -75.2022206567637, 40.009930767044303 ], [ -75.202500899978205, 40.010034196540403 ], [ -75.202897389521098, 40.010187493442203 ], [ -75.203288738698603, 40.010347735228002 ], [ -75.203714942885895, 40.010530963750099 ], [ -75.203728604602304, 40.010537136614801 ], [ -75.2041362567265, 40.010721336024403 ], [ -75.204551581091806, 40.010919065890697 ], [ -75.204923031247006, 40.011105386219199 ], [ -75.205251049155606, 40.011279962225203 ], [ -75.205561486056794, 40.011455332446502 ], [ -75.205590520088606, 40.011472607398503 ], [ -75.206000501161796, 40.011716537597302 ], [ -75.206164655272403, 40.011817107194197 ], [ -75.2065132197541, 40.012033735624399 ], [ -75.206718223859099, 40.012164297174202 ], [ -75.207056113498993, 40.012385590789201 ], [ -75.2072745799491, 40.012531817083399 ], [ -75.207558479899404, 40.012721839796598 ], [ -75.207564155753801, 40.012720563436098 ], [ -75.207591936792198, 40.012744284780702 ], [ -75.207594969785305, 40.012746305343001 ], [ -75.207932625766901, 40.012971328445097 ], [ -75.208167892228303, 40.0131251904902 ], [ -75.208395659746003, 40.013270524754901 ], [ -75.208402777974001, 40.0132750666682 ], [ -75.208644772285595, 40.013424397692198 ], [ -75.208785957701494, 40.013506822333198 ], [ -75.208880590528395, 40.013559279144403 ], [ -75.208929813810499, 40.013586564209902 ], [ -75.209149288221795, 40.013702470520499 ], [ -75.209668086520793, 40.013966196849303 ], [ -75.210035531430407, 40.014157708217901 ], [ -75.210308963526202, 40.014297976840503 ], [ -75.210552718928199, 40.014423020192098 ], [ -75.210772114762193, 40.014539007133898 ], [ -75.210952239720498, 40.014638398211197 ], [ -75.211518413100507, 40.014969415780101 ], [ -75.211798609782903, 40.015138967806898 ], [ -75.212037438080301, 40.015292456141502 ], [ -75.212169922882495, 40.0153831471602 ], [ -75.212266913523095, 40.015452882076097 ], [ -75.212392583797197, 40.015548459854699 ], [ -75.212483870735298, 40.0156222365029 ], [ -75.2126030258501, 40.015722593101103 ], [ -75.212748624734701, 40.015850688329799 ], [ -75.213002544376806, 40.016087558424502 ], [ -75.213274790270603, 40.016357991708603 ], [ -75.213618231836506, 40.016716222461902 ], [ -75.213654067326303, 40.016754682076602 ], [ -75.214032007236099, 40.017160303918899 ], [ -75.214305518765698, 40.017471516371998 ], [ -75.215056812771294, 40.018359599001101 ], [ -75.215331051338893, 40.018669892253101 ], [ -75.215485240125702, 40.018836326998098 ], [ -75.215616933252804, 40.018973072679003 ], [ -75.215752100517904, 40.0191077106996 ], [ -75.215865162321904, 40.0192146272191 ], [ -75.216007665061298, 40.019342771118801 ], [ -75.2161858170236, 40.0194948031873 ], [ -75.216368783383402, 40.019643859762098 ], [ -75.216555364705698, 40.019790595427601 ], [ -75.216845126179706, 40.0200104373626 ], [ -75.217630977554407, 40.020606651145201 ], [ -75.217950671617302, 40.0208440817038 ], [ -75.218241691138999, 40.021054997952703 ], [ -75.218470694179203, 40.021216556257698 ], [ -75.218669124177097, 40.021352908812901 ], [ -75.218903434744306, 40.021509083679099 ], [ -75.219066689216405, 40.0216140090712 ], [ -75.218308255823402, 40.022206032051201 ], [ -75.218026579558398, 40.022425901177698 ], [ -75.217668501713703, 40.0226602324691 ], [ -75.2175746546624, 40.0227216474117 ], [ -75.217080047194699, 40.022994092090201 ], [ -75.216243951243598, 40.023428506524702 ], [ -75.215993306750207, 40.0235518747199 ], [ -75.215350214154697, 40.023912178987899 ], [ -75.215982727222595, 40.024378984399299 ], [ -75.216708035778595, 40.024952056208399 ], [ -75.217552919259205, 40.024940474866803 ], [ -75.218040398923605, 40.024947397335801 ], [ -75.218198388192206, 40.024981490194698 ], [ -75.218325686197502, 40.025037863637998 ], [ -75.218865393207807, 40.025512731850597 ], [ -75.218932162243703, 40.025590727878097 ], [ -75.218995526388397, 40.025626560671697 ], [ -75.219075662395298, 40.025613021448997 ], [ -75.219126952177803, 40.025576618111401 ], [ -75.219702446890906, 40.026149615577097 ], [ -75.219391237429207, 40.026332584119899 ], [ -75.218843715537602, 40.026609144428697 ], [ -75.218227210576103, 40.026905955828902 ], [ -75.217577777127502, 40.027186434316 ], [ -75.216636185603704, 40.027610890364201 ], [ -75.216634683636798, 40.0276115671263 ], [ -75.215836894229, 40.0279592423989 ], [ -75.215038685363297, 40.028333992412797 ], [ -75.214191374053598, 40.0287080952751 ], [ -75.213330976434506, 40.029072791990401 ], [ -75.211311422005906, 40.029979889974399 ], [ -75.2094529024926, 40.030820499881102 ], [ -75.208798725468995, 40.031092200295802 ], [ -75.208533026765906, 40.0312153407464 ], [ -75.208479980990404, 40.031239190433297 ], [ -75.2082941536611, 40.031322683213702 ], [ -75.207899392780305, 40.0315000497475 ], [ -75.207861134431695, 40.031517422075098 ], [ -75.207717718292997, 40.031582282123502 ], [ -75.207045054371093, 40.031868687826197 ], [ -75.206506180660895, 40.0321130009063 ], [ -75.205571453878406, 40.032523948302199 ], [ -75.204816222510004, 40.0315223726464 ], [ -75.204568468343396, 40.031183853531502 ], [ -75.204463204376296, 40.031040023535603 ], [ -75.2042962774442, 40.030811940749302 ], [ -75.204064878725404, 40.030495231375497 ], [ -75.204062975766206, 40.030493159155597 ], [ -75.204062253231896, 40.030492172764099 ], [ -75.203851110323498, 40.030203667354399 ], [ -75.2034089679305, 40.02957055804 ], [ -75.202529556863595, 40.029962329041197 ], [ -75.201784978126298, 40.030280873079299 ], [ -75.201499509479504, 40.030474149630898 ], [ -75.199837050229405, 40.0321570879942 ], [ -75.199665696081397, 40.032330547255 ], [ -75.199253525914699, 40.0327412077337 ], [ -75.199040031645396, 40.032968878901499 ], [ -75.198680330447701, 40.033111414431097 ], [ -75.1979208588902, 40.033252328395001 ], [ -75.197575052177996, 40.0332669077074 ], [ -75.197268238223799, 40.033292150093203 ], [ -75.197177880436598, 40.033339614083403 ], [ -75.197124768435003, 40.033385066819001 ], [ -75.197024657985594, 40.033315474494998 ], [ -75.196941404998, 40.033275118522603 ], [ -75.196736063717395, 40.033202427952602 ], [ -75.196484746820403, 40.033122791690602 ], [ -75.196094746332506, 40.032991615196899 ], [ -75.195243498764995, 40.032694565578403 ], [ -75.194132526305594, 40.032289192073101 ], [ -75.194074224016305, 40.032273123640501 ], [ -75.193346380654901, 40.032072522199798 ] ] ] } },
{ "type": "Feature", "properties": { "objectid": 43, "score": 25.1, "Shape__Area": 12241082.2578125, "Shape__Length": 18110.057394291805 }, "geometry": { "type": "Polygon", "coordinates": [ [ [ -75.218854801564405, 40.057014575574399 ], [ -75.218584859236003, 40.056547799201802 ], [ -75.218508152688301, 40.056385299111099 ], [ -75.218470271019399, 40.056270456925603 ], [ -75.218449510026602, 40.056157192930399 ], [ -75.218423447018594, 40.056018609231501 ], [ -75.218393060513804, 40.055870330267098 ], [ -75.218352920803198, 40.055648632328698 ], [ -75.218314665854194, 40.055464878809801 ], [ -75.218206999127602, 40.054835806186297 ], [ -75.218180405982196, 40.054674503981197 ], [ -75.218051356637204, 40.054284407103097 ], [ -75.217983083284906, 40.053917590449601 ], [ -75.217895613653297, 40.053625931868098 ], [ -75.217825094523803, 40.053429124289501 ], [ -75.217735042396697, 40.053206692559698 ], [ -75.217556904846603, 40.052928780783702 ], [ -75.217368582036798, 40.052704182497699 ], [ -75.217138726322702, 40.0524944139976 ], [ -75.217027012822697, 40.052413219987997 ], [ -75.216198456423697, 40.051884770977203 ], [ -75.215824271936697, 40.051544067514101 ], [ -75.215463284993604, 40.0512701972714 ], [ -75.215085586181701, 40.050959535774503 ], [ -75.214999033204805, 40.050863149049398 ], [ -75.214944883701605, 40.050776924378702 ], [ -75.214877059562895, 40.050617964828099 ], [ -75.214767136663099, 40.050379345098598 ], [ -75.214614642947893, 40.0500736525698 ], [ -75.214492555685794, 40.049831614098899 ], [ -75.214420639238796, 40.049672564785403 ], [ -75.214269796462503, 40.049322817733497 ], [ -75.214244449815496, 40.049123855745599 ], [ -75.214233010234395, 40.048991334073797 ], [ -75.214173497624898, 40.048829409268102 ], [ -75.2138632314727, 40.048359619887997 ], [ -75.213722184835802, 40.048186446101703 ], [ -75.213619495175195, 40.048083403227601 ], [ -75.213360065013305, 40.047898168028503 ], [ -75.213208125758001, 40.047797186177498 ], [ -75.213023430944304, 40.047695480739797 ], [ -75.212798618130194, 40.047570844073803 ], [ -75.212660013149105, 40.047453379320899 ], [ -75.212562253324805, 40.047316832333202 ], [ -75.212527875015397, 40.047249938871197 ], [ -75.212513851350593, 40.0471866437491 ], [ -75.212516557914697, 40.0471142705481 ], [ -75.212541853669293, 40.046985709842303 ], [ -75.212630001443301, 40.046710523059801 ], [ -75.212719701265399, 40.0462842054717 ], [ -75.212846179908595, 40.0457130951077 ], [ -75.212853097062705, 40.045565973300697 ], [ -75.212849849722701, 40.045433633209598 ], [ -75.212833732535501, 40.045316754678602 ], [ -75.212804978343797, 40.045209044835502 ], [ -75.212743377603402, 40.044993534905799 ], [ -75.212701307665498, 40.044803650825102 ], [ -75.212641142798404, 40.044440158162303 ], [ -75.212587497004705, 40.044231121661099 ], [ -75.212502744673699, 40.043977309461397 ], [ -75.212326442756407, 40.043541967839602 ], [ -75.212297572447497, 40.043437404353298 ], [ -75.212265198100795, 40.043317017453099 ], [ -75.212248304732697, 40.043280330453698 ], [ -75.212174507380496, 40.043120059211198 ], [ -75.212026538782496, 40.0429504765358 ], [ -75.211755056157202, 40.0426725247234 ], [ -75.211491414296503, 40.042338905274001 ], [ -75.2113197067616, 40.042032531570698 ], [ -75.211243492145897, 40.041877456348999 ], [ -75.211193513039404, 40.041678835469199 ], [ -75.211131760820805, 40.041429524539701 ], [ -75.211099424783697, 40.041360517690201 ], [ -75.210741166099496, 40.041362093275097 ], [ -75.210720200442196, 40.041305013763399 ], [ -75.210563476063399, 40.040878307125404 ], [ -75.210482550246795, 40.040657970583098 ], [ -75.210162928870204, 40.040268453588702 ], [ -75.210018840728395, 40.039951314924501 ], [ -75.209813469530701, 40.039684195867501 ], [ -75.209559786982695, 40.039318967512401 ], [ -75.209319239806405, 40.038999695284303 ], [ -75.209126364715601, 40.038795641100002 ], [ -75.208870767242004, 40.038481742723697 ], [ -75.2086541406603, 40.038317119736703 ], [ -75.208378364897996, 40.038145479676501 ], [ -75.208079903043895, 40.037984753384698 ], [ -75.207730999022004, 40.037782951417597 ], [ -75.207217414772998, 40.037417673283599 ], [ -75.206976030454996, 40.037121209527299 ], [ -75.206768755841694, 40.036905416640799 ], [ -75.206537359098505, 40.036540674427798 ], [ -75.206478915353003, 40.036316759041199 ], [ -75.206375311262505, 40.036108968727298 ], [ -75.206262149350806, 40.035958048882001 ], [ -75.206140927122107, 40.035824074736198 ], [ -75.206086912871797, 40.035680173209798 ], [ -75.206072776526099, 40.035462946718198 ], [ -75.20601897649, 40.035313342246397 ], [ -75.205868931149993, 40.035155896136601 ], [ -75.2057027636573, 40.035032342422802 ], [ -75.205469605124705, 40.0349130132211 ], [ -75.205197208159902, 40.034849896070497 ], [ -75.204864811702393, 40.034802573248101 ], [ -75.204297975158795, 40.034670138112297 ], [ -75.204031503182605, 40.034647106364197 ], [ -75.203749335385297, 40.034646559971897 ], [ -75.2035101881537, 40.034686923437 ], [ -75.203223953488305, 40.034794742039303 ], [ -75.203086544044197, 40.034894442644401 ], [ -75.202924304847201, 40.035062092019999 ], [ -75.202713905558298, 40.035325713025401 ], [ -75.202573282862303, 40.035510965716597 ], [ -75.202388353283197, 40.035689527847303 ], [ -75.202262994969601, 40.0358637013505 ], [ -75.202151835901802, 40.036055316182598 ], [ -75.202033898268198, 40.036229654950098 ], [ -75.201790032611896, 40.036395492043503 ], [ -75.201564861456902, 40.036458995115098 ], [ -75.201350109352106, 40.036442813350398 ], [ -75.201196859134896, 40.036370913984101 ], [ -75.201104255505399, 40.0362661104785 ], [ -75.200961424675896, 40.036114526573201 ], [ -75.200891081235198, 40.036010217777402 ], [ -75.200856552323302, 40.035940952728097 ], [ -75.200852773843593, 40.035843828179203 ], [ -75.200902435774296, 40.035707932929199 ], [ -75.200869192413805, 40.035604447489398 ], [ -75.200777660422702, 40.035471126199702 ], [ -75.200658806667704, 40.035274408558998 ], [ -75.200446065998193, 40.035007107115703 ], [ -75.200292900591606, 40.0347354199507 ], [ -75.200200808658593, 40.034419422759903 ], [ -75.200099369910703, 40.034154591447603 ], [ -75.199987162791203, 40.033781065253301 ], [ -75.200030476148797, 40.033616487429398 ], [ -75.200148282256194, 40.033248068074698 ], [ -75.200208468846796, 40.0330296369563 ], [ -75.200244576344801, 40.032859191260101 ], [ -75.200233594047404, 40.032756199771299 ], [ -75.200170245747699, 40.032663461378 ], [ -75.199975059965197, 40.032522130202103 ], [ -75.199728366591401, 40.032368238589299 ], [ -75.199665696081397, 40.032330547255 ], [ -75.199837050229405, 40.0321570879942 ], [ -75.201499509479504, 40.030474149630898 ], [ -75.201784978126298, 40.030280873079299 ], [ -75.202529556863595, 40.029962329041197 ], [ -75.2034089679305, 40.02957055804 ], [ -75.203851110323498, 40.030203667354399 ], [ -75.204062253231896, 40.030492172764099 ], [ -75.204062975766206, 40.030493159155597 ], [ -75.204064878725404, 40.030495231375497 ], [ -75.2042962774442, 40.030811940749302 ], [ -75.204463204376296, 40.031040023535603 ], [ -75.204568468343396, 40.031183853531502 ], [ -75.204816222510004, 40.0315223726464 ], [ -75.205571453878406, 40.032523948302199 ], [ -75.206506180660895, 40.0321130009063 ], [ -75.207045054371093, 40.031868687826197 ], [ -75.207717718292997, 40.031582282123502 ], [ -75.207861134431695, 40.031517422075098 ], [ -75.207899392780305, 40.0315000497475 ], [ -75.2082941536611, 40.031322683213702 ], [ -75.208479980990404, 40.031239190433297 ], [ -75.208533026765906, 40.0312153407464 ], [ -75.208798725468995, 40.031092200295802 ], [ -75.2094529024926, 40.030820499881102 ], [ -75.211311422005906, 40.029979889974399 ], [ -75.213330976434506, 40.029072791990401 ], [ -75.214191374053598, 40.0287080952751 ], [ -75.215038685363297, 40.028333992412797 ], [ -75.215836894229, 40.0279592423989 ], [ -75.216634683636798, 40.0276115671263 ], [ -75.216636185603704, 40.027610890364201 ], [ -75.217577777127502, 40.027186434316 ], [ -75.218227210576103, 40.026905955828902 ], [ -75.218843715537602, 40.026609144428697 ], [ -75.219391237429207, 40.026332584119899 ], [ -75.219702446890906, 40.026149615577097 ], [ -75.219126952177803, 40.025576618111401 ], [ -75.219075662395298, 40.025613021448997 ], [ -75.218995526388397, 40.025626560671697 ], [ -75.218932162243703, 40.025590727878097 ], [ -75.218865393207807, 40.025512731850597 ], [ -75.218325686197502, 40.025037863637998 ], [ -75.218198388192206, 40.024981490194698 ], [ -75.218040398923605, 40.024947397335801 ], [ -75.217552919259205, 40.024940474866803 ], [ -75.216708035778595, 40.024952056208399 ], [ -75.215982727222595, 40.024378984399299 ], [ -75.215350214154697, 40.023912178987899 ], [ -75.215993306750207, 40.0235518747199 ], [ -75.216243951243598, 40.023428506524702 ], [ -75.217080047194699, 40.022994092090201 ], [ -75.2175746546624, 40.0227216474117 ], [ -75.217668501713703, 40.0226602324691 ], [ -75.218026579558398, 40.022425901177698 ], [ -75.218308255823402, 40.022206032051201 ], [ -75.219066689216405, 40.0216140090712 ], [ -75.219081696794603, 40.021623654231 ], [ -75.219248684707793, 40.021723951272499 ], [ -75.2193982909657, 40.021806874844899 ], [ -75.219505045788196, 40.021861936676999 ], [ -75.219618519307502, 40.0219165274274 ], [ -75.2197356829612, 40.0219670709483 ], [ -75.219812174288407, 40.022000069706799 ], [ -75.219891157039697, 40.0220305607277 ], [ -75.220011227647603, 40.022072958266598 ], [ -75.2201332565282, 40.022112120898598 ], [ -75.220257013441099, 40.022148564321803 ], [ -75.220424248095796, 40.022193643762797 ], [ -75.220593440040005, 40.022235608016302 ], [ -75.221191833877796, 40.022372134469201 ], [ -75.221446778890098, 40.022432651515302 ], [ -75.221577946810697, 40.022457806979503 ], [ -75.2216642480807, 40.022471410956598 ], [ -75.221845763347503, 40.022500023456502 ], [ -75.221975818592696, 40.022526021513798 ], [ -75.222058854369394, 40.022548199448401 ], [ -75.222098905709899, 40.022561238238801 ], [ -75.222175465354695, 40.022592044636298 ], [ -75.222281878672902, 40.022649473968201 ], [ -75.222384700621106, 40.022711515700898 ], [ -75.222484992304402, 40.022776779388202 ], [ -75.222615442966898, 40.0228679969781 ], [ -75.222837305560105, 40.023036056490298 ], [ -75.223305600689798, 40.023407452761703 ], [ -75.223326313446606, 40.023422979350499 ], [ -75.223433540921505, 40.023503363157197 ], [ -75.223531441822502, 40.023573092762 ], [ -75.223631650618998, 40.023640296064599 ], [ -75.223700363871302, 40.023683312100601 ], [ -75.223805859087605, 40.023745617646398 ], [ -75.223875915672807, 40.023784824885901 ], [ -75.223928325708698, 40.023813622980597 ], [ -75.224661944647195, 40.024217962277604 ], [ -75.226136542451599, 40.025037734090397 ], [ -75.226713949426994, 40.025355469963301 ], [ -75.227440076764097, 40.025747766264402 ], [ -75.228082338721904, 40.0260845627907 ], [ -75.228083201538595, 40.026084999693801 ], [ -75.229589268382298, 40.026836843383002 ], [ -75.231157404600594, 40.0275475757851 ], [ -75.231704061819897, 40.027839316582899 ], [ -75.232188482196094, 40.028132392353399 ], [ -75.232403276955907, 40.028262342020803 ], [ -75.232678380740595, 40.0284599571456 ], [ -75.232921144237906, 40.028634339610598 ], [ -75.234182261202307, 40.0297380902648 ], [ -75.234657625098393, 40.030094494749697 ], [ -75.235301439243699, 40.030512015702001 ], [ -75.235750682220399, 40.030786186443798 ], [ -75.236589407276298, 40.031298045096001 ], [ -75.236871953389397, 40.031483088603899 ], [ -75.237366480747198, 40.031806956559699 ], [ -75.238545423795799, 40.0326066939108 ], [ -75.240098775273594, 40.033660363391803 ], [ -75.240402178098094, 40.033907321934798 ], [ -75.240669730893501, 40.034176987041697 ], [ -75.241297263443201, 40.034966078483698 ], [ -75.241521594341606, 40.035219604628402 ], [ -75.241803763155801, 40.035481494335997 ], [ -75.242181952963904, 40.035771987755403 ], [ -75.242689459862504, 40.036104358134899 ], [ -75.243017234418005, 40.036290612549998 ], [ -75.240149200950597, 40.038550372302304 ], [ -75.239493400894901, 40.039261722533098 ], [ -75.239431667304103, 40.039335939402498 ], [ -75.239063196090299, 40.039746996776103 ], [ -75.238699840736999, 40.0402494036462 ], [ -75.238635663127496, 40.040392942293799 ], [ -75.238531737612306, 40.040610965187398 ], [ -75.238118499889595, 40.0415141851852 ], [ -75.238001737600896, 40.041774250152102 ], [ -75.237662569453704, 40.0425016139639 ], [ -75.237520511081996, 40.042705285324402 ], [ -75.237273867051897, 40.042955321616098 ], [ -75.237078711747102, 40.043097014107701 ], [ -75.236836340639499, 40.043231590640801 ], [ -75.236520999882103, 40.043368966138303 ], [ -75.237060493493402, 40.044087234525797 ], [ -75.233172659564403, 40.045827075146903 ], [ -75.232937225129305, 40.045939179146998 ], [ -75.234372815657807, 40.047179176717798 ], [ -75.234800511697998, 40.047596016450797 ], [ -75.234949190663798, 40.047854703882301 ], [ -75.235422780315702, 40.048784913032001 ], [ -75.233933434312803, 40.0494616549719 ], [ -75.233620954558901, 40.049613587219902 ], [ -75.230605165513794, 40.050971849283499 ], [ -75.230051315987893, 40.051228848607003 ], [ -75.227164628599994, 40.052543105796403 ], [ -75.228134855311197, 40.0528895617879 ], [ -75.228801354195596, 40.053056232723499 ], [ -75.229877924412406, 40.0532623052503 ], [ -75.230419488962994, 40.053383654078402 ], [ -75.230981393916807, 40.053596672018301 ], [ -75.231225151648403, 40.053712975402902 ], [ -75.229822542304603, 40.054423826986202 ], [ -75.229391268475794, 40.054642393833802 ], [ -75.228794350836395, 40.054945545100502 ], [ -75.227979170004005, 40.055371619286802 ], [ -75.227397376371798, 40.055693341633898 ], [ -75.227268138779493, 40.055763484417 ], [ -75.225784374482899, 40.056290414558198 ], [ -75.225327515434898, 40.056444582534802 ], [ -75.224840152156006, 40.056567669856001 ], [ -75.223928938699203, 40.0566865655234 ], [ -75.223634048492201, 40.056715008668597 ], [ -75.223203414154696, 40.056818623485199 ], [ -75.222473640817299, 40.057051359126397 ], [ -75.221768250735295, 40.057024530665899 ], [ -75.221266617034402, 40.057058724748799 ], [ -75.220967896445799, 40.057176543106898 ], [ -75.220635130713006, 40.0574180053246 ], [ -75.220407401315796, 40.057605236347499 ], [ -75.220108255211997, 40.057734352428902 ], [ -75.220016235386893, 40.057834102705797 ], [ -75.219697997079095, 40.0577963922916 ], [ -75.219625137420806, 40.057715586597098 ], [ -75.219535664865404, 40.057644011260798 ], [ -75.219371652038802, 40.057519191430202 ], [ -75.219228463384596, 40.057380429541098 ], [ -75.219125572114194, 40.057291757435998 ], [ -75.219041050420202, 40.057213091107897 ], [ -75.218854801564405, 40.057014575574399 ] ] ] } },
{ "type": "Feature", "properties": { "objectid": 44, "score": 18.2, "Shape__Area": 5644032.92578125, "Shape__Length": 10326.601883400488 }, "geometry": { "type": "Polygon", "coordinates": [ [ [ -75.154093423619599, 40.016334456341298 ], [ -75.153852446654398, 40.015901021127199 ], [ -75.155188361948206, 40.015304522315603 ], [ -75.156655710739201, 40.014627507043798 ], [ -75.157730429086897, 40.016019802552997 ], [ -75.157855218875198, 40.015978840276603 ], [ -75.1581700636969, 40.015874721654299 ], [ -75.158480783006098, 40.015763813547402 ], [ -75.1587745218403, 40.0156299240492 ], [ -75.159056713318904, 40.015480235955003 ], [ -75.159341823283995, 40.015334298273103 ], [ -75.159628347421503, 40.015190241722998 ], [ -75.159914881515604, 40.015046197188603 ], [ -75.160201424457895, 40.014902163765797 ], [ -75.160487976235103, 40.0147581418058 ], [ -75.160774536014102, 40.0146141291807 ], [ -75.161061103304803, 40.014470126758098 ], [ -75.161347677260395, 40.014326132761198 ], [ -75.161634257874596, 40.014182147365602 ], [ -75.161894323202205, 40.0140514933722 ], [ -75.161920844079006, 40.014038168613801 ], [ -75.161974107741699, 40.014011411592698 ], [ -75.161987293453805, 40.0140047872436 ], [ -75.162207435840202, 40.013894197383699 ], [ -75.162494032963394, 40.013750232792198 ], [ -75.162780633426607, 40.013606273914803 ], [ -75.163067237068304, 40.0134623189902 ], [ -75.163353844090196, 40.013318368725898 ], [ -75.163640454552507, 40.0131744215415 ], [ -75.1639270656881, 40.013030478077603 ], [ -75.164213679155594, 40.0128865367898 ], [ -75.164500293853393, 40.0127425965985 ], [ -75.164786907007397, 40.012598658320201 ], [ -75.165073521223505, 40.0124547195528 ], [ -75.165360134426194, 40.0123107807769 ], [ -75.165646745036796, 40.012166841429597 ], [ -75.165933354734193, 40.0120228994397 ], [ -75.166219961879804, 40.011878955824798 ], [ -75.166506565593295, 40.011735009686298 ], [ -75.166793165948206, 40.011591059092602 ], [ -75.167079761567507, 40.011447104188299 ], [ -75.167366352646297, 40.011303145856701 ], [ -75.167652939324697, 40.011159180410097 ], [ -75.167779474673296, 40.011095612546498 ], [ -75.167815929141895, 40.011143541965602 ], [ -75.168447731528403, 40.011977856283202 ], [ -75.169049338761894, 40.012772275146297 ], [ -75.169116391432794, 40.012889886017 ], [ -75.169176654417896, 40.0130545845185 ], [ -75.169876723880805, 40.015139808670398 ], [ -75.169910345348299, 40.015259352000598 ], [ -75.170099023223599, 40.015732494811502 ], [ -75.170772194811605, 40.016297446623199 ], [ -75.172208421590597, 40.017502739200502 ], [ -75.172344469034797, 40.0176136328189 ], [ -75.172377431564598, 40.017640501987202 ], [ -75.172465359297206, 40.017712172656601 ], [ -75.172559540114804, 40.017788940997399 ], [ -75.172963076816302, 40.018125883816602 ], [ -75.173249767128695, 40.018420738631399 ], [ -75.174965418230897, 40.019900978540399 ], [ -75.176863086472295, 40.021510846507397 ], [ -75.178131390261001, 40.022594640397898 ], [ -75.178142919304193, 40.0226044917069 ], [ -75.179036177117695, 40.023338257613801 ], [ -75.179846208475396, 40.024095189890602 ], [ -75.181669818197605, 40.025666349546398 ], [ -75.182126633299305, 40.026055495185602 ], [ -75.182934878420994, 40.026754311233901 ], [ -75.183546409304697, 40.027274639672903 ], [ -75.182703966032705, 40.028064318330301 ], [ -75.181483154270097, 40.029273401491601 ], [ -75.180885438111801, 40.029849588329398 ], [ -75.180293360989396, 40.030420326610901 ], [ -75.178916445044806, 40.031746149222599 ], [ -75.178809910047804, 40.031859390717599 ], [ -75.178469853917306, 40.032185550872697 ], [ -75.177741725219093, 40.032899693330101 ], [ -75.177577236337896, 40.033055653662402 ], [ -75.176498018942496, 40.034105938477403 ], [ -75.174727098904498, 40.035830061468197 ], [ -75.173953493402493, 40.035202706596202 ], [ -75.173726902826601, 40.035022077568001 ], [ -75.173515839097902, 40.034840473760397 ], [ -75.172712838255194, 40.0343748838769 ], [ -75.172062129033904, 40.033991161929301 ], [ -75.170612863784299, 40.033140746915798 ], [ -75.169333423448606, 40.032392469782401 ], [ -75.169213479076902, 40.032323230332302 ], [ -75.168526652233595, 40.031954796785101 ], [ -75.167744629184099, 40.0315257286452 ], [ -75.166657904942497, 40.030899819189202 ], [ -75.166490894350304, 40.030803490587601 ], [ -75.166123025683703, 40.030609454538997 ], [ -75.1654930261723, 40.030251435006903 ], [ -75.164951792248502, 40.029955017258501 ], [ -75.164136635964496, 40.029503248803998 ], [ -75.163751410924306, 40.0292648562463 ], [ -75.163272123679604, 40.028969976726302 ], [ -75.162271155703095, 40.0283433514591 ], [ -75.162128709934606, 40.028254175963298 ], [ -75.161428169855398, 40.027773820115598 ], [ -75.160984834907495, 40.0272626358271 ], [ -75.160577214437694, 40.026732876892602 ], [ -75.160247097172203, 40.026309573859002 ], [ -75.160056180135996, 40.026032338986703 ], [ -75.159933681020505, 40.025564486511101 ], [ -75.159900009420994, 40.024942996008598 ], [ -75.159860080847295, 40.024633766984699 ], [ -75.159554069729595, 40.023934607021097 ], [ -75.159316955992907, 40.023419994970098 ], [ -75.159216230045899, 40.023201387811497 ], [ -75.159140639176599, 40.023037328241401 ], [ -75.159037829305802, 40.0228099790451 ], [ -75.158274446051905, 40.021868370514099 ], [ -75.158024015630502, 40.021549140963799 ], [ -75.157706206031904, 40.0212692248667 ], [ -75.157552474448195, 40.021109892940501 ], [ -75.157186476357197, 40.020742933968201 ], [ -75.157138487374397, 40.020693723550501 ], [ -75.157053903386, 40.020606986491501 ], [ -75.157039736319504, 40.020593149501003 ], [ -75.156924093579306, 40.020480203156701 ], [ -75.156351457581096, 40.0199290897758 ], [ -75.156097016173504, 40.019704174466298 ], [ -75.155695661788997, 40.019087501354697 ], [ -75.155421911957902, 40.018638307679701 ], [ -75.155385139939497, 40.018580163985597 ], [ -75.155100570407996, 40.018144036589 ], [ -75.155027134629094, 40.018032463798498 ], [ -75.154790498682303, 40.0176588105411 ], [ -75.154579265074304, 40.017282070987299 ], [ -75.154475495032997, 40.0170849344819 ], [ -75.154124686055795, 40.016390686498703 ], [ -75.154093423619599, 40.016334456341298 ] ] ] } },
{ "type": "Feature", "properties": { "objectid": 45, "score": 22.8, "Shape__Area": 11948325.328125, "Shape__Length": 17411.574995797993 }, "geometry": { "type": "Polygon", "coordinates": [ [ [ -75.186518960426994, 40.053975223329701 ], [ -75.186117738395495, 40.053255396934603 ], [ -75.185682692669801, 40.052431049461099 ], [ -75.185290497110898, 40.051752634816303 ], [ -75.185222788512405, 40.051594458018599 ], [ -75.185018380892302, 40.051225518229899 ], [ -75.184695551025101, 40.050650495501102 ], [ -75.184575193624298, 40.050413006377603 ], [ -75.184369627345902, 40.050077718115404 ], [ -75.184205231384794, 40.049783776241398 ], [ -75.183969436936493, 40.049322977506399 ], [ -75.183920173679894, 40.049217518820797 ], [ -75.183761884402301, 40.048924840829898 ], [ -75.183400395691393, 40.048263404994998 ], [ -75.182800149656799, 40.047083853631896 ], [ -75.1822062277962, 40.045903812843797 ], [ -75.181704381284206, 40.0448404615925 ], [ -75.181432715998199, 40.044170720949701 ], [ -75.181258815059607, 40.043741911363398 ], [ -75.181176445851705, 40.0436184332195 ], [ -75.1809810032927, 40.043346462848497 ], [ -75.180886042662607, 40.043256010619999 ], [ -75.179983452025098, 40.042102815170999 ], [ -75.179633811171996, 40.041690609114802 ], [ -75.179131556961394, 40.041074348696696 ], [ -75.178714423209101, 40.040566512269002 ], [ -75.178633170704103, 40.040463101870301 ], [ -75.177760222991793, 40.039410138381797 ], [ -75.177630906280697, 40.039238439241501 ], [ -75.176957638630896, 40.038431776190897 ], [ -75.176430226611203, 40.037803487420298 ], [ -75.176145724386402, 40.0374611609612 ], [ -75.1761223903287, 40.0374104238673 ], [ -75.175624158691804, 40.036776951722999 ], [ -75.175210011852897, 40.036241853198497 ], [ -75.174727098904498, 40.035830061468197 ], [ -75.176498018942496, 40.034105938477403 ], [ -75.177577236337896, 40.033055653662402 ], [ -75.177741725219093, 40.032899693330101 ], [ -75.178469853917306, 40.032185550872697 ], [ -75.178809910047804, 40.031859390717599 ], [ -75.178916445044806, 40.031746149222599 ], [ -75.180293360989396, 40.030420326610901 ], [ -75.180885438111801, 40.029849588329398 ], [ -75.181483154270097, 40.029273401491601 ], [ -75.182703966032705, 40.028064318330301 ], [ -75.183546409304697, 40.027274639672903 ], [ -75.184171361794697, 40.027795350097797 ], [ -75.184235880548997, 40.027865521455702 ], [ -75.184757777661105, 40.028294786486903 ], [ -75.185466577087396, 40.028884976553101 ], [ -75.186196116190999, 40.029478058542502 ], [ -75.187379658648197, 40.030432036189097 ], [ -75.187778852265396, 40.030780734208001 ], [ -75.188667081924393, 40.031585751589503 ], [ -75.189065999362597, 40.031914258603798 ], [ -75.189259273667105, 40.031833743833303 ], [ -75.189839624082694, 40.031545399018697 ], [ -75.189974087043097, 40.031499771733301 ], [ -75.190050536407995, 40.031459973588603 ], [ -75.190433261713807, 40.031259923637897 ], [ -75.190573497219603, 40.031183221573599 ], [ -75.190685693842596, 40.031139370392403 ], [ -75.190791771370399, 40.031114680649701 ], [ -75.190830036295694, 40.031127396853798 ], [ -75.1908608026352, 40.031149956095199 ], [ -75.191861813923595, 40.032091658469 ], [ -75.192652671008801, 40.032022245616197 ], [ -75.193346380654901, 40.032072522199798 ], [ -75.194074224016305, 40.032273123640501 ], [ -75.194132526305594, 40.032289192073101 ], [ -75.195243498764995, 40.032694565578403 ], [ -75.196094746332506, 40.032991615196899 ], [ -75.196484746820403, 40.033122791690602 ], [ -75.196736063717395, 40.033202427952602 ], [ -75.196941404998, 40.033275118522603 ], [ -75.197024657985594, 40.033315474494998 ], [ -75.197124768435003, 40.033385066819001 ], [ -75.197177880436598, 40.033339614083403 ], [ -75.197268238223799, 40.033292150093203 ], [ -75.197575052177996, 40.0332669077074 ], [ -75.1979208588902, 40.033252328395001 ], [ -75.198680330447701, 40.033111414431097 ], [ -75.199040031645396, 40.032968878901499 ], [ -75.199253525914699, 40.0327412077337 ], [ -75.199665696081397, 40.032330547255 ], [ -75.199728366591401, 40.032368238589299 ], [ -75.199975059965197, 40.032522130202103 ], [ -75.200170245747699, 40.032663461378 ], [ -75.200233594047404, 40.032756199771299 ], [ -75.200244576344801, 40.032859191260101 ], [ -75.200208468846796, 40.0330296369563 ], [ -75.200148282256194, 40.033248068074698 ], [ -75.200030476148797, 40.033616487429398 ], [ -75.199987162791203, 40.033781065253301 ], [ -75.200099369910703, 40.034154591447603 ], [ -75.200200808658593, 40.034419422759903 ], [ -75.200292900591606, 40.0347354199507 ], [ -75.200446065998193, 40.035007107115703 ], [ -75.200658806667704, 40.035274408558998 ], [ -75.200777660422702, 40.035471126199702 ], [ -75.200869192413805, 40.035604447489398 ], [ -75.200902435774296, 40.035707932929199 ], [ -75.200852773843593, 40.035843828179203 ], [ -75.200856552323302, 40.035940952728097 ], [ -75.200891081235198, 40.036010217777402 ], [ -75.200961424675896, 40.036114526573201 ], [ -75.201104255505399, 40.0362661104785 ], [ -75.201196859134896, 40.036370913984101 ], [ -75.201350109352106, 40.036442813350398 ], [ -75.201564861456902, 40.036458995115098 ], [ -75.201790032611896, 40.036395492043503 ], [ -75.202033898268198, 40.036229654950098 ], [ -75.202151835901802, 40.036055316182598 ], [ -75.202262994969601, 40.0358637013505 ], [ -75.202388353283197, 40.035689527847303 ], [ -75.202573282862303, 40.035510965716597 ], [ -75.202713905558298, 40.035325713025401 ], [ -75.202924304847201, 40.035062092019999 ], [ -75.203086544044197, 40.034894442644401 ], [ -75.203223953488305, 40.034794742039303 ], [ -75.2035101881537, 40.034686923437 ], [ -75.203749335385297, 40.034646559971897 ], [ -75.204031503182605, 40.034647106364197 ], [ -75.204297975158795, 40.034670138112297 ], [ -75.204864811702393, 40.034802573248101 ], [ -75.205197208159902, 40.034849896070497 ], [ -75.205469605124705, 40.0349130132211 ], [ -75.2057027636573, 40.035032342422802 ], [ -75.205868931149993, 40.035155896136601 ], [ -75.20601897649, 40.035313342246397 ], [ -75.206072776526099, 40.035462946718198 ], [ -75.206086912871797, 40.035680173209798 ], [ -75.206140927122107, 40.035824074736198 ], [ -75.206262149350806, 40.035958048882001 ], [ -75.206375311262505, 40.036108968727298 ], [ -75.206478915353003, 40.036316759041199 ], [ -75.206537359098505, 40.036540674427798 ], [ -75.206768755841694, 40.036905416640799 ], [ -75.206976030454996, 40.037121209527299 ], [ -75.207217414772998, 40.037417673283599 ], [ -75.207730999022004, 40.037782951417597 ], [ -75.208079903043895, 40.037984753384698 ], [ -75.208378364897996, 40.038145479676501 ], [ -75.2086541406603, 40.038317119736703 ], [ -75.208870767242004, 40.038481742723697 ], [ -75.209126364715601, 40.038795641100002 ], [ -75.209319239806405, 40.038999695284303 ], [ -75.209559786982695, 40.039318967512401 ], [ -75.209813469530701, 40.039684195867501 ], [ -75.210018840728395, 40.039951314924501 ], [ -75.210162928870204, 40.040268453588702 ], [ -75.210482550246795, 40.040657970583098 ], [ -75.210563476063399, 40.040878307125404 ], [ -75.210720200442196, 40.041305013763399 ], [ -75.210741166099496, 40.041362093275097 ], [ -75.211099424783697, 40.041360517690201 ], [ -75.211131760820805, 40.041429524539701 ], [ -75.211193513039404, 40.041678835469199 ], [ -75.211243492145897, 40.041877456348999 ], [ -75.2113197067616, 40.042032531570698 ], [ -75.211491414296503, 40.042338905274001 ], [ -75.211755056157202, 40.0426725247234 ], [ -75.212026538782496, 40.0429504765358 ], [ -75.212174507380496, 40.043120059211198 ], [ -75.212248304732697, 40.043280330453698 ], [ -75.212265198100795, 40.043317017453099 ], [ -75.212297572447497, 40.043437404353298 ], [ -75.212326442756407, 40.043541967839602 ], [ -75.212502744673699, 40.043977309461397 ], [ -75.212587497004705, 40.044231121661099 ], [ -75.212641142798404, 40.044440158162303 ], [ -75.212701307665498, 40.044803650825102 ], [ -75.212743377603402, 40.044993534905799 ], [ -75.212804978343797, 40.045209044835502 ], [ -75.212833732535501, 40.045316754678602 ], [ -75.212849849722701, 40.045433633209598 ], [ -75.212853097062705, 40.045565973300697 ], [ -75.212846179908595, 40.0457130951077 ], [ -75.212719701265399, 40.0462842054717 ], [ -75.212630001443301, 40.046710523059801 ], [ -75.212541853669293, 40.046985709842303 ], [ -75.212516557914697, 40.0471142705481 ], [ -75.212513851350593, 40.0471866437491 ], [ -75.212527875015397, 40.047249938871197 ], [ -75.212562253324805, 40.047316832333202 ], [ -75.212660013149105, 40.047453379320899 ], [ -75.212798618130194, 40.047570844073803 ], [ -75.213023430944304, 40.047695480739797 ], [ -75.213208125758001, 40.047797186177498 ], [ -75.213360065013305, 40.047898168028503 ], [ -75.213619495175195, 40.048083403227601 ], [ -75.213722184835802, 40.048186446101703 ], [ -75.2138632314727, 40.048359619887997 ], [ -75.214173497624898, 40.048829409268102 ], [ -75.214233010234395, 40.048991334073797 ], [ -75.214244449815496, 40.049123855745599 ], [ -75.214269796462503, 40.049322817733497 ], [ -75.214420639238796, 40.049672564785403 ], [ -75.214492555685794, 40.049831614098899 ], [ -75.214614642947893, 40.0500736525698 ], [ -75.214767136663099, 40.050379345098598 ], [ -75.214877059562895, 40.050617964828099 ], [ -75.214944883701605, 40.050776924378702 ], [ -75.214999033204805, 40.050863149049398 ], [ -75.215085586181701, 40.050959535774503 ], [ -75.215463284993604, 40.0512701972714 ], [ -75.208738990670298, 40.0485460519401 ], [ -75.2085173076009, 40.048763310158598 ], [ -75.208137465788795, 40.049105149325399 ], [ -75.207561671776503, 40.049670473228701 ], [ -75.206455371622596, 40.050758644337598 ], [ -75.206292392356701, 40.050918950237403 ], [ -75.206091839869899, 40.051091477823803 ], [ -75.205823150458102, 40.051292307401098 ], [ -75.205519868607098, 40.051571433919399 ], [ -75.203764522319204, 40.053217192434801 ], [ -75.203519769563002, 40.0534124666626 ], [ -75.203345195248403, 40.053513298823397 ], [ -75.203139300165901, 40.053645175058499 ], [ -75.202806820639097, 40.053934389374199 ], [ -75.202698616183497, 40.054012876878403 ], [ -75.202526140354195, 40.054089939181601 ], [ -75.202313943586702, 40.054134664553501 ], [ -75.202144165103206, 40.054139887046198 ], [ -75.201934160130705, 40.054126242094497 ], [ -75.2016959546675, 40.054085008702899 ], [ -75.201546402583901, 40.054018780039101 ], [ -75.201302245685, 40.053824628282797 ], [ -75.200976290369994, 40.053590725309597 ], [ -75.200552450542105, 40.054014702683197 ], [ -75.200110401066397, 40.054418313663803 ], [ -75.199292297031207, 40.055187948516902 ], [ -75.199633081468093, 40.055540018506399 ], [ -75.199842393756697, 40.055866999007002 ], [ -75.199915533331605, 40.056026749350202 ], [ -75.1999807655382, 40.056186323079601 ], [ -75.200023189040607, 40.056321063330202 ], [ -75.200057703745401, 40.056455629085498 ], [ -75.200085224182502, 40.056565711687597 ], [ -75.200102781329207, 40.056730309062203 ], [ -75.200091361407203, 40.057034144708098 ], [ -75.200034691145603, 40.057489020086301 ], [ -75.200013535580496, 40.057841293881602 ], [ -75.200074658274005, 40.058110247917 ], [ -75.200145091688199, 40.058386440191903 ], [ -75.200210877394696, 40.058480606837399 ], [ -75.200435789539895, 40.058814013100204 ], [ -75.200556839799702, 40.058962662530497 ], [ -75.200816586059503, 40.059211697024899 ], [ -75.200964247467894, 40.059397843128103 ], [ -75.201018007257304, 40.059538499161498 ], [ -75.201038992056993, 40.059611945759201 ], [ -75.201064460445807, 40.059776719277103 ], [ -75.201026205888198, 40.059952241761202 ], [ -75.2009888930573, 40.060030637173199 ], [ -75.200940272833805, 40.060132788147797 ], [ -75.200418438209098, 40.060960494773099 ], [ -75.200107780600007, 40.061434061187697 ], [ -75.200047395918801, 40.0615665207891 ], [ -75.200003285125504, 40.061687177139902 ], [ -75.199998259823005, 40.061820864418998 ], [ -75.200030264417606, 40.062022273775597 ], [ -75.200115118164007, 40.062291754292801 ], [ -75.200230462443699, 40.062592321257902 ], [ -75.200455533029, 40.063132512382097 ], [ -75.200458188934206, 40.063272451754202 ], [ -75.200438260548196, 40.063381481328001 ], [ -75.2003616402163, 40.063485907357403 ], [ -75.200354833727403, 40.063495183595002 ], [ -75.200194258254101, 40.063658127364803 ], [ -75.200035199343205, 40.063786097821399 ], [ -75.199798991961799, 40.063963309555803 ], [ -75.1995083353967, 40.064114984183199 ], [ -75.199249997308002, 40.064249131057501 ], [ -75.1988565223634, 40.064398521611899 ], [ -75.198661910864899, 40.0645219178395 ], [ -75.198482200946103, 40.064669971502802 ], [ -75.198155467542506, 40.065149258802897 ], [ -75.197884884696904, 40.0654718197476 ], [ -75.1977363370424, 40.065559592887404 ], [ -75.197051627629605, 40.066085660616402 ], [ -75.196822627238305, 40.0662812709962 ], [ -75.196640622357407, 40.066490089630399 ], [ -75.196388437988503, 40.066632235578503 ], [ -75.196024602756594, 40.065410187949603 ], [ -75.195729239929307, 40.065186306079603 ], [ -75.195094841621696, 40.064924127243202 ], [ -75.194602752028203, 40.064668303792203 ], [ -75.194298588941905, 40.064510594057502 ], [ -75.194155850505098, 40.064385907972202 ], [ -75.194122390721404, 40.064321553915597 ], [ -75.192893025981704, 40.062671237351204 ], [ -75.191879690206804, 40.061266825573902 ], [ -75.191293390274396, 40.060465505425199 ], [ -75.1910566180063, 40.060186016970903 ], [ -75.1908758277755, 40.059959468345397 ], [ -75.190221789477505, 40.059208235807098 ], [ -75.190017368922199, 40.058991821611997 ], [ -75.189426378179803, 40.058426314567001 ], [ -75.188379866840407, 40.057445755173703 ], [ -75.1880794849517, 40.056907577838899 ], [ -75.187308565794694, 40.055493900555099 ], [ -75.186963672059704, 40.054831637755598 ], [ -75.186780353416694, 40.054513413114996 ], [ -75.186518960426994, 40.053975223329701 ] ] ] } },
{ "type": "Feature", "properties": { "objectid": 46, "score": 18.7, "Shape__Area": 21350564.5546875, "Shape__Length": 18902.038744081608 }, "geometry": { "type": "Polygon", "coordinates": [ [ [ -75.069788880827403, 40.0115524115065 ], [ -75.069510729039607, 40.010807595656701 ], [ -75.069333515193705, 40.010851442280902 ], [ -75.069007648900595, 40.0109320681998 ], [ -75.068681780664207, 40.011012693869603 ], [ -75.068355912830398, 40.011093317763198 ], [ -75.067853077086994, 40.011217723383503 ], [ -75.061024028846603, 40.012849839560602 ], [ -75.053686120138096, 40.004520778959602 ], [ -75.054222741816801, 40.003700909923403 ], [ -75.054357522159194, 40.003514964591702 ], [ -75.055163781684797, 40.002402608931199 ], [ -75.056029058513104, 40.000927532281899 ], [ -75.056936887683193, 39.999421631292797 ], [ -75.057805870299205, 39.9978511783724 ], [ -75.0578864890646, 39.997699385590401 ], [ -75.058115434859005, 39.997268312444398 ], [ -75.058431748184802, 39.996672729103402 ], [ -75.058820846828596, 39.9957273510704 ], [ -75.059398547853704, 39.994197784102603 ], [ -75.060083322402093, 39.992575274295604 ], [ -75.060532475735897, 39.991679023726803 ], [ -75.061114404924197, 39.990563165978401 ], [ -75.0626157271886, 39.988164351909397 ], [ -75.063185644456794, 39.987350462373897 ], [ -75.063948419736107, 39.986366092121202 ], [ -75.064466300361403, 39.985821419943001 ], [ -75.064980402397296, 39.985372106715701 ], [ -75.065775231432895, 39.984788883650801 ], [ -75.065881772429805, 39.984710705851299 ], [ -75.068017183067099, 39.983143721813498 ], [ -75.068089870048297, 39.983090381908298 ], [ -75.068880662688599, 39.982433662275398 ], [ -75.069394092477197, 39.982007271635602 ], [ -75.070139785130195, 39.9814519877633 ], [ -75.071201638674196, 39.980744997726298 ], [ -75.072239048835002, 39.980132876592599 ], [ -75.073233243620507, 39.979567463923203 ], [ -75.074498499542599, 39.978944730333801 ], [ -75.075824458499795, 39.978355213948198 ], [ -75.077230530333495, 39.977831181985202 ], [ -75.078299783079004, 39.977458374546401 ], [ -75.079038407593799, 39.977243542313197 ], [ -75.079261978096895, 39.977178514916503 ], [ -75.0814968513195, 39.976610086668998 ], [ -75.086392842096501, 39.975673891970096 ], [ -75.091365904736904, 39.974816811495998 ], [ -75.098019392013001, 39.982933608860499 ], [ -75.098219034014207, 39.983177123504198 ], [ -75.098357252769603, 39.983345714717501 ], [ -75.098402362815605, 39.983400738050598 ], [ -75.099002446470905, 39.984132673899801 ], [ -75.099029126467201, 39.984237250797499 ], [ -75.099056188040706, 39.9843099686939 ], [ -75.099294310678403, 39.984580465724001 ], [ -75.0995036272882, 39.984826092603697 ], [ -75.099716048587197, 39.985064476213601 ], [ -75.0997798037032, 39.985138978263898 ], [ -75.100069264654394, 39.9854621271311 ], [ -75.100265283382896, 39.985684888037497 ], [ -75.100311695881203, 39.985739930771999 ], [ -75.100554538835596, 39.986010388035297 ], [ -75.100913889323195, 39.986425283017297 ], [ -75.101283693460502, 39.986831113971 ], [ -75.101603534075394, 39.9871961550962 ], [ -75.101924121224101, 39.987557462307898 ], [ -75.102279731862495, 39.987959454500597 ], [ -75.102624098506197, 39.988357825297904 ], [ -75.103052360282902, 39.988830704448802 ], [ -75.103484864372305, 39.989320461365203 ], [ -75.103905480211594, 39.989805616629198 ], [ -75.104314244727206, 39.990262873171503 ], [ -75.104604763521607, 39.990597705194098 ], [ -75.104895852893605, 39.990930592398399 ], [ -75.106049019799997, 39.992223065038999 ], [ -75.1063758095287, 39.992586541488699 ], [ -75.106380452405105, 39.992591705052398 ], [ -75.106905678285401, 39.993198835493601 ], [ -75.107272631725905, 39.9936194413363 ], [ -75.107507391496199, 39.993886713143603 ], [ -75.107802963996306, 39.994214366781499 ], [ -75.108154917494602, 39.9946134860486 ], [ -75.108489901324504, 39.995000779484698 ], [ -75.108927713595193, 39.995490596592397 ], [ -75.108452099893, 39.995738559588801 ], [ -75.108350984400104, 39.995793889639103 ], [ -75.107778135597101, 39.996093542447298 ], [ -75.107218674814902, 39.996394847645497 ], [ -75.106622207590604, 39.9966916030749 ], [ -75.107057478237095, 39.997180653444701 ], [ -75.107486460680505, 39.997667897491297 ], [ -75.108726040702507, 39.999041741751597 ], [ -75.108146872348698, 39.999366724681501 ], [ -75.107595651001503, 39.999671654956998 ], [ -75.106445529052294, 40.000331758896998 ], [ -75.105429151828403, 40.000882959818298 ], [ -75.104200709361393, 40.001534988341803 ], [ -75.1031826667231, 40.002105424667 ], [ -75.103086461720807, 40.002159310177397 ], [ -75.101813091373202, 40.002872518002597 ], [ -75.100500027535602, 40.003588429315897 ], [ -75.099365175116702, 40.004212416782202 ], [ -75.097982011615798, 40.004959280384902 ], [ -75.096869348444002, 40.005570433301301 ], [ -75.0963497691518, 40.005860991282603 ], [ -75.093275735369602, 40.005970339008002 ], [ -75.092886555322593, 40.005982733586301 ], [ -75.091817923901303, 40.006016759967103 ], [ -75.091698997709898, 40.005911773616901 ], [ -75.091632352884901, 40.0055939664839 ], [ -75.091529704292796, 40.005562178002002 ], [ -75.090411928490198, 40.005216024588201 ], [ -75.089921401246002, 40.0050556091456 ], [ -75.089609315935903, 40.005096970261803 ], [ -75.089486161830095, 40.005285708511799 ], [ -75.088679636394502, 40.006521710547098 ], [ -75.0882115656308, 40.006627469655797 ], [ -75.086858335583699, 40.007237229433201 ], [ -75.086306839883207, 40.007453250215001 ], [ -75.085835466121907, 40.007666080923698 ], [ -75.085629705466502, 40.007732997015502 ], [ -75.085215698055507, 40.007908023642997 ], [ -75.084590070653803, 40.008172645967001 ], [ -75.083790372320607, 40.008512332053698 ], [ -75.082144304044903, 40.009196993769301 ], [ -75.080496184867201, 40.009895613182103 ], [ -75.079282079784704, 40.010418195645599 ], [ -75.078506666121498, 40.010740572331997 ], [ -75.078315395741299, 40.010828469138303 ], [ -75.077060695334694, 40.011341604628598 ], [ -75.076228095181904, 40.0116850456807 ], [ -75.0752311557344, 40.012110772971603 ], [ -75.073297575997501, 40.012553068442699 ], [ -75.072632032493203, 40.012698789269201 ], [ -75.071846903214094, 40.012866842690002 ], [ -75.071090769073393, 40.013027177575403 ], [ -75.070431988052206, 40.0131768613481 ], [ -75.069729081924706, 40.013341491539997 ], [ -75.069135004091706, 40.013481268581202 ], [ -75.068505984551393, 40.013628574694899 ], [ -75.068583334313004, 40.013381049837399 ], [ -75.068673160234994, 40.013109454576103 ], [ -75.068870679930498, 40.012760936525403 ], [ -75.069071555734794, 40.012460432014997 ], [ -75.069291401738496, 40.012201016104498 ], [ -75.069788880827403, 40.0115524115065 ] ] ] } },
{ "type": "Feature", "properties": { "objectid": 47, "score": 12.5, "Shape__Area": 4327133.5703125, "Shape__Length": 10198.74733095921 }, "geometry": { "type": "Polygon", "coordinates": [ [ [ -75.113485306465293, 40.005936590832697 ], [ -75.109374053554006, 40.005401422599697 ], [ -75.1086301967282, 40.005413894956902 ], [ -75.108039568895293, 40.005440453474797 ], [ -75.1073546659714, 40.0054807761679 ], [ -75.1066633241077, 40.005489224197099 ], [ -75.1060280670645, 40.005507373335398 ], [ -75.105338738709094, 40.005527452282799 ], [ -75.103272788713298, 40.005611089652099 ], [ -75.102484609222699, 40.005643605455901 ], [ -75.101827947565496, 40.005676484163097 ], [ -75.101067093586707, 40.005704491006099 ], [ -75.099051764320294, 40.005771015963198 ], [ -75.0970372014703, 40.005842714459803 ], [ -75.0963497691518, 40.005860991282603 ], [ -75.096869348444002, 40.005570433301301 ], [ -75.097982011615798, 40.004959280384902 ], [ -75.099365175116702, 40.004212416782202 ], [ -75.100500027535602, 40.003588429315897 ], [ -75.101813091373202, 40.002872518002597 ], [ -75.103086461720807, 40.002159310177397 ], [ -75.1031826667231, 40.002105424667 ], [ -75.104200709361393, 40.001534988341803 ], [ -75.105429151828403, 40.000882959818298 ], [ -75.106445529052294, 40.000331758896998 ], [ -75.107595651001503, 39.999671654956998 ], [ -75.108146872348698, 39.999366724681501 ], [ -75.108726040702507, 39.999041741751597 ], [ -75.107486460680505, 39.997667897491297 ], [ -75.107057478237095, 39.997180653444701 ], [ -75.106622207590604, 39.9966916030749 ], [ -75.107218674814902, 39.996394847645497 ], [ -75.107778135597101, 39.996093542447298 ], [ -75.108350984400104, 39.995793889639103 ], [ -75.108452099893, 39.995738559588801 ], [ -75.108927713595193, 39.995490596592397 ], [ -75.108489901324504, 39.995000779484698 ], [ -75.108154917494602, 39.9946134860486 ], [ -75.107802963996306, 39.994214366781499 ], [ -75.108662597994496, 39.9937509225336 ], [ -75.109453342769299, 39.993373150289202 ], [ -75.110261502372296, 39.992966340340402 ], [ -75.111114674926398, 39.992559275827098 ], [ -75.111681353444993, 39.992285089094999 ], [ -75.112115024949503, 39.992067545161198 ], [ -75.112776851307601, 39.991756129727001 ], [ -75.114149009991706, 39.991181503743299 ], [ -75.114272110469898, 39.991129225471603 ], [ -75.114844190527194, 39.990883577891999 ], [ -75.115128390966206, 39.990765234969999 ], [ -75.115301842899001, 39.990696156458597 ], [ -75.1157151459185, 39.990532844323702 ], [ -75.115989170599704, 39.990428430955099 ], [ -75.116121910680704, 39.990373636356303 ], [ -75.1166728846284, 39.990161098567697 ], [ -75.117169846991601, 39.989963986635999 ], [ -75.117713306499994, 39.989757020233 ], [ -75.118355569505994, 39.989515175509197 ], [ -75.118965280665606, 39.989277320459102 ], [ -75.119381753745401, 39.989125820242698 ], [ -75.1195926815071, 39.989041972473203 ], [ -75.119913645762907, 39.988921762073801 ], [ -75.120205110999095, 39.988770844439301 ], [ -75.120812491569893, 39.988440505308802 ], [ -75.121048978873802, 39.988235247403303 ], [ -75.121349757123895, 39.987954498424997 ], [ -75.121440799593302, 39.987868574796899 ], [ -75.121503988242097, 39.987761339816899 ], [ -75.121706675366497, 39.987580980670799 ], [ -75.121910619748405, 39.987751513699699 ], [ -75.122136840920902, 39.9879486873063 ], [ -75.122361227101507, 39.988147179027699 ], [ -75.122583232894897, 39.988346137284303 ], [ -75.122584002728004, 39.988346828089902 ], [ -75.122805386650398, 39.988547476401202 ], [ -75.123025602077504, 39.9887489654405 ], [ -75.123244871788998, 39.988951135972499 ], [ -75.123463414932701, 39.989153828149298 ], [ -75.123681454463394, 39.989356884141998 ], [ -75.123899213411093, 39.989560144188403 ], [ -75.124116912302, 39.989763448291399 ], [ -75.124334773602101, 39.989966639484699 ], [ -75.124553018100997, 39.990169556894898 ], [ -75.124681178662598, 39.990288134388301 ], [ -75.124434398219805, 39.990422450568602 ], [ -75.124589393514398, 39.990439465443501 ], [ -75.124744063566297, 39.990593586488799 ], [ -75.124506323629404, 39.991700216336199 ], [ -75.124190423252202, 39.993194118752903 ], [ -75.123869293484503, 39.994684897593501 ], [ -75.123559471042, 39.996184606072099 ], [ -75.123212436169894, 39.997762091672598 ], [ -75.122871596551406, 39.9993563005402 ], [ -75.122549815190894, 40.000849147764299 ], [ -75.122215299676199, 40.002386585818897 ], [ -75.121404787927105, 40.004533023305498 ], [ -75.120529030163596, 40.0068520871557 ], [ -75.119302392627404, 40.0066886976592 ], [ -75.113485306465293, 40.005936590832697 ] ] ] } },
{ "type": "Feature", "properties": { "objectid": 48, "score": 17.4, "Shape__Area": 5282129.390625, "Shape__Length": 9858.8354738121943 }, "geometry": { "type": "Polygon", "coordinates": [ [ [ -75.105078272035399, 39.971604096815497 ], [ -75.105903796581103, 39.971294533469802 ], [ -75.111537923200004, 39.977693323535298 ], [ -75.111598925986399, 39.977749882812397 ], [ -75.111649949293295, 39.977807709093398 ], [ -75.111762332393994, 39.977935075881703 ], [ -75.111791012677301, 39.977967580234598 ], [ -75.111976258333499, 39.978188561374601 ], [ -75.112157309895906, 39.9784119928105 ], [ -75.112335998003203, 39.978636805795603 ], [ -75.112514154093802, 39.978861928953599 ], [ -75.112750561414202, 39.979156467765897 ], [ -75.112924146020603, 39.979383325086602 ], [ -75.113010899357505, 39.979497421269699 ], [ -75.113096933028402, 39.979610570864502 ], [ -75.113269356022897, 39.979837994654403 ], [ -75.113441845839603, 39.980065386296701 ], [ -75.113614836830806, 39.980292533425398 ], [ -75.113788760302796, 39.980519225710403 ], [ -75.113964049627, 39.980745252691001 ], [ -75.114141136600594, 39.980970403340201 ], [ -75.1142533049848, 39.981110167043397 ], [ -75.114320857185504, 39.981194337582501 ], [ -75.114506644025695, 39.9814156319609 ], [ -75.114699946390701, 39.981633079870299 ], [ -75.114901695594298, 39.981845609917499 ], [ -75.115111651042298, 39.982053187707798 ], [ -75.115327322781496, 39.9822574911964 ], [ -75.115546505177093, 39.982459771795199 ], [ -75.115766992770403, 39.982661281991298 ], [ -75.115986582538795, 39.982863270126302 ], [ -75.116077248291504, 39.982947339372998 ], [ -75.116205063324202, 39.983065854922998 ], [ -75.116424081176504, 39.983268098483002 ], [ -75.116643580826207, 39.983470035567002 ], [ -75.116863499671595, 39.983671701470897 ], [ -75.117083703373098, 39.983873184333099 ], [ -75.117303025077206, 39.9840753024679 ], [ -75.117522565297094, 39.984277292637103 ], [ -75.117558868351097, 39.984310120895998 ], [ -75.117744284535306, 39.984477791567301 ], [ -75.117970146073404, 39.984675435154799 ], [ -75.118201203280606, 39.984869497712701 ], [ -75.118435958628396, 39.985061017044501 ], [ -75.118672489117699, 39.9852513143884 ], [ -75.119005339255196, 39.985520154435001 ], [ -75.119242136736801, 39.985710199855802 ], [ -75.119478143561494, 39.985900852888697 ], [ -75.119714377553905, 39.986091332032998 ], [ -75.119951854041503, 39.986280855370701 ], [ -75.120191593207807, 39.986468639504899 ], [ -75.120435426530804, 39.986653331153903 ], [ -75.120685066950003, 39.9868337409304 ], [ -75.120937534812597, 39.987012041732001 ], [ -75.121189565902597, 39.9871906093014 ], [ -75.121437894318305, 39.987371821655898 ], [ -75.121679256777398, 39.987558054088801 ], [ -75.121706675366497, 39.987580980670799 ], [ -75.121503988242097, 39.987761339816899 ], [ -75.121440799593302, 39.987868574796899 ], [ -75.121349757123895, 39.987954498424997 ], [ -75.121048978873802, 39.988235247403303 ], [ -75.120812491569893, 39.988440505308802 ], [ -75.120205110999095, 39.988770844439301 ], [ -75.119913645762907, 39.988921762073801 ], [ -75.1195926815071, 39.989041972473203 ], [ -75.119381753745401, 39.989125820242698 ], [ -75.118965280665606, 39.989277320459102 ], [ -75.118355569505994, 39.989515175509197 ], [ -75.117713306499994, 39.989757020233 ], [ -75.117169846991601, 39.989963986635999 ], [ -75.1166728846284, 39.990161098567697 ], [ -75.116121910680704, 39.990373636356303 ], [ -75.115989170599704, 39.990428430955099 ], [ -75.1157151459185, 39.990532844323702 ], [ -75.115301842899001, 39.990696156458597 ], [ -75.115128390966206, 39.990765234969999 ], [ -75.114844190527194, 39.990883577891999 ], [ -75.114272110469898, 39.991129225471603 ], [ -75.114149009991706, 39.991181503743299 ], [ -75.112776851307601, 39.991756129727001 ], [ -75.112115024949503, 39.992067545161198 ], [ -75.111681353444993, 39.992285089094999 ], [ -75.111114674926398, 39.992559275827098 ], [ -75.110261502372296, 39.992966340340402 ], [ -75.109453342769299, 39.993373150289202 ], [ -75.108662597994496, 39.9937509225336 ], [ -75.107802963996306, 39.994214366781499 ], [ -75.107507391496199, 39.993886713143603 ], [ -75.107272631725905, 39.9936194413363 ], [ -75.106905678285401, 39.993198835493601 ], [ -75.106380452405105, 39.992591705052398 ], [ -75.1063758095287, 39.992586541488699 ], [ -75.106049019799997, 39.992223065038999 ], [ -75.104895852893605, 39.990930592398399 ], [ -75.104604763521607, 39.990597705194098 ], [ -75.104314244727206, 39.990262873171503 ], [ -75.103905480211594, 39.989805616629198 ], [ -75.103484864372305, 39.989320461365203 ], [ -75.103052360282902, 39.988830704448802 ], [ -75.102624098506197, 39.988357825297904 ], [ -75.102279731862495, 39.987959454500597 ], [ -75.101924121224101, 39.987557462307898 ], [ -75.101603534075394, 39.9871961550962 ], [ -75.101283693460502, 39.986831113971 ], [ -75.100913889323195, 39.986425283017297 ], [ -75.100554538835596, 39.986010388035297 ], [ -75.100311695881203, 39.985739930771999 ], [ -75.100265283382896, 39.985684888037497 ], [ -75.100069264654394, 39.9854621271311 ], [ -75.0997798037032, 39.985138978263898 ], [ -75.099716048587197, 39.985064476213601 ], [ -75.0995036272882, 39.984826092603697 ], [ -75.099294310678403, 39.984580465724001 ], [ -75.099056188040706, 39.9843099686939 ], [ -75.099029126467201, 39.984237250797499 ], [ -75.099002446470905, 39.984132673899801 ], [ -75.098402362815605, 39.983400738050598 ], [ -75.098357252769603, 39.983345714717501 ], [ -75.098219034014207, 39.983177123504198 ], [ -75.098019392013001, 39.982933608860499 ], [ -75.091365904736904, 39.974816811495998 ], [ -75.093470884108996, 39.974453958021698 ], [ -75.096075536523401, 39.973941533185602 ], [ -75.099182765377094, 39.973265672083699 ], [ -75.101250631065298, 39.972752879679 ], [ -75.101354130273506, 39.972727212446301 ], [ -75.103173044030498, 39.972212397696197 ], [ -75.105078272035399, 39.971604096815497 ] ] ] } },
{ "type": "Feature", "properties": { "objectid": 49, "score": 17.5, "Shape__Area": 9973490.10546875, "Shape__Length": 13327.015996987806 }, "geometry": { "type": "Polygon", "coordinates": [ [ [ -75.085190208311403, 40.029568873057698 ], [ -75.085377751521605, 40.028564181212801 ], [ -75.085389932401398, 40.028552434127697 ], [ -75.0852395269753, 40.0278206603735 ], [ -75.084933364292496, 40.026386012290303 ], [ -75.084729503779798, 40.025467640838698 ], [ -75.084623049997703, 40.025050966470701 ], [ -75.084458765275002, 40.024159828632897 ], [ -75.084456562926803, 40.023646711724197 ], [ -75.084466431233594, 40.0233303978926 ], [ -75.084427224955704, 40.022658898970398 ], [ -75.084428631149606, 40.022426460160197 ], [ -75.084367680552404, 40.021384577286902 ], [ -75.084349232654901, 40.021175688496598 ], [ -75.084329605030305, 40.020433133870597 ], [ -75.084300157749098, 40.020042386113701 ], [ -75.084120067770399, 40.019058464412304 ], [ -75.084073668871, 40.0187894768275 ], [ -75.084060978092396, 40.018667796953302 ], [ -75.083952899468798, 40.017896296839901 ], [ -75.083782693675701, 40.016874441240098 ], [ -75.083662347416094, 40.016805972618997 ], [ -75.083854973648201, 40.016582474687297 ], [ -75.084384952748906, 40.016005614559297 ], [ -75.084658959855005, 40.015721715722798 ], [ -75.085521474502301, 40.014796946880303 ], [ -75.085821566178197, 40.014457280864598 ], [ -75.086351613393902, 40.013877139763899 ], [ -75.087579522849495, 40.012525193511998 ], [ -75.087657469399502, 40.0124391271913 ], [ -75.087975098112594, 40.012112371862401 ], [ -75.088733250312501, 40.010932827259502 ], [ -75.089199388434295, 40.010187702225203 ], [ -75.089274207611993, 40.010072340902802 ], [ -75.089528511336695, 40.009680234215701 ], [ -75.089661474317296, 40.009475218842198 ], [ -75.090184486844194, 40.009264694035899 ], [ -75.091518142914694, 40.008520962094003 ], [ -75.092029822335505, 40.008241386163199 ], [ -75.092583562844496, 40.007938654578503 ], [ -75.093595300455803, 40.007385520806601 ], [ -75.094106113920304, 40.007106243953302 ], [ -75.094107023902595, 40.007105745963997 ], [ -75.094852543334596, 40.006687231333999 ], [ -75.0963497691518, 40.005860991282603 ], [ -75.0970372014703, 40.005842714459803 ], [ -75.099051764320294, 40.005771015963198 ], [ -75.101067093586707, 40.005704491006099 ], [ -75.101827947565496, 40.005676484163097 ], [ -75.102484609222699, 40.005643605455901 ], [ -75.103272788713298, 40.005611089652099 ], [ -75.105338738709094, 40.005527452282799 ], [ -75.1060280670645, 40.005507373335398 ], [ -75.1066633241077, 40.005489224197099 ], [ -75.1073546659714, 40.0054807761679 ], [ -75.108039568895293, 40.005440453474797 ], [ -75.1086301967282, 40.005413894956902 ], [ -75.109374053554006, 40.005401422599697 ], [ -75.113485306465293, 40.005936590832697 ], [ -75.119302392627404, 40.0066886976592 ], [ -75.120529030163596, 40.0068520871557 ], [ -75.119251996481296, 40.009857193822697 ], [ -75.117716486892505, 40.012807461577196 ], [ -75.114134248978999, 40.017751020400098 ], [ -75.112992177132, 40.0191609798201 ], [ -75.112168225197493, 40.020057683188803 ], [ -75.102538457756097, 40.029846620331199 ], [ -75.102159520761205, 40.029757341812903 ], [ -75.101808324998203, 40.029628430938402 ], [ -75.101284047437701, 40.029370686282803 ], [ -75.100593173160703, 40.028916410951197 ], [ -75.0988110347879, 40.027748534434899 ], [ -75.097463676348397, 40.026861157021699 ], [ -75.096736155381294, 40.026570170277203 ], [ -75.096728597613307, 40.026708061133803 ], [ -75.096407987901003, 40.026627063988599 ], [ -75.096041309829005, 40.026576604015901 ], [ -75.095741334671402, 40.026566172460299 ], [ -75.095499789699204, 40.026574584315703 ], [ -75.095239372009203, 40.026600054704502 ], [ -75.094908696389894, 40.026676382794101 ], [ -75.094565649285101, 40.026768313578401 ], [ -75.094145447134196, 40.026962510534098 ], [ -75.093510400384403, 40.027313466065301 ], [ -75.092901004768507, 40.027662350090701 ], [ -75.092164104530596, 40.028059162502103 ], [ -75.091409553404802, 40.028479607777697 ], [ -75.090583140042895, 40.028931772087503 ], [ -75.090348203618703, 40.0289018285644 ], [ -75.089874362026904, 40.029151347193903 ], [ -75.089165771419204, 40.029555824042603 ], [ -75.088132806511098, 40.030094509230302 ], [ -75.086724176259693, 40.0308837281517 ], [ -75.086196930955097, 40.031137622558397 ], [ -75.085852479566, 40.031297304900498 ], [ -75.085383953621601, 40.0315001857767 ], [ -75.085377232468502, 40.031493621700598 ], [ -75.085280573658196, 40.031399234439903 ], [ -75.085266731716402, 40.031390642527697 ], [ -75.0850818225165, 40.031275856930598 ], [ -75.084796667264101, 40.031232808067799 ], [ -75.085042823089296, 40.030317337780097 ], [ -75.085190208311403, 40.029568873057698 ] ] ] } },
{ "type": "Feature", "properties": { "objectid": 50, "score": 15.3, "Shape__Area": 5439101.55859375, "Shape__Length": 13140.5922446157 }, "geometry": { "type": "Polygon", "coordinates": [ [ [ -75.061903233403498, 40.013847632108302 ], [ -75.061404361124602, 40.013281475670802 ], [ -75.061024028846603, 40.012849839560602 ], [ -75.067853077086994, 40.011217723383503 ], [ -75.068355912830398, 40.011093317763198 ], [ -75.068681780664207, 40.011012693869603 ], [ -75.069007648900595, 40.0109320681998 ], [ -75.069333515193705, 40.010851442280902 ], [ -75.069510729039607, 40.010807595656701 ], [ -75.069788880827403, 40.0115524115065 ], [ -75.069291401738496, 40.012201016104498 ], [ -75.069071555734794, 40.012460432014997 ], [ -75.068870679930498, 40.012760936525403 ], [ -75.068673160234994, 40.013109454576103 ], [ -75.068583334313004, 40.013381049837399 ], [ -75.068505984551393, 40.013628574694899 ], [ -75.069135004091706, 40.013481268581202 ], [ -75.069729081924706, 40.013341491539997 ], [ -75.070431988052206, 40.0131768613481 ], [ -75.071090769073393, 40.013027177575403 ], [ -75.071846903214094, 40.012866842690002 ], [ -75.072632032493203, 40.012698789269201 ], [ -75.073297575997501, 40.012553068442699 ], [ -75.0752311557344, 40.012110772971603 ], [ -75.076228095181904, 40.0116850456807 ], [ -75.077060695334694, 40.011341604628598 ], [ -75.078315395741299, 40.010828469138303 ], [ -75.078506666121498, 40.010740572331997 ], [ -75.079282079784704, 40.010418195645599 ], [ -75.080496184867201, 40.009895613182103 ], [ -75.082144304044903, 40.009196993769301 ], [ -75.083790372320607, 40.008512332053698 ], [ -75.084590070653803, 40.008172645967001 ], [ -75.085215698055507, 40.007908023642997 ], [ -75.085629705466502, 40.007732997015502 ], [ -75.085835466121907, 40.007666080923698 ], [ -75.086306839883207, 40.007453250215001 ], [ -75.086858335583699, 40.007237229433201 ], [ -75.0882115656308, 40.006627469655797 ], [ -75.088679636394502, 40.006521710547098 ], [ -75.089486161830095, 40.005285708511799 ], [ -75.089609315935903, 40.005096970261803 ], [ -75.089921401246002, 40.0050556091456 ], [ -75.090411928490198, 40.005216024588201 ], [ -75.091529704292796, 40.005562178002002 ], [ -75.091632352884901, 40.0055939664839 ], [ -75.091698997709898, 40.005911773616901 ], [ -75.091817923901303, 40.006016759967103 ], [ -75.092886555322593, 40.005982733586301 ], [ -75.093275735369602, 40.005970339008002 ], [ -75.0963497691518, 40.005860991282603 ], [ -75.094852543334596, 40.006687231333999 ], [ -75.094107023902595, 40.007105745963997 ], [ -75.094106113920304, 40.007106243953302 ], [ -75.093595300455803, 40.007385520806601 ], [ -75.092583562844496, 40.007938654578503 ], [ -75.092029822335505, 40.008241386163199 ], [ -75.091518142914694, 40.008520962094003 ], [ -75.090184486844194, 40.009264694035899 ], [ -75.089661474317296, 40.009475218842198 ], [ -75.089528511336695, 40.009680234215701 ], [ -75.089274207611993, 40.010072340902802 ], [ -75.089199388434295, 40.010187702225203 ], [ -75.088733250312501, 40.010932827259502 ], [ -75.087975098112594, 40.012112371862401 ], [ -75.087657469399502, 40.0124391271913 ], [ -75.087579522849495, 40.012525193511998 ], [ -75.086351613393902, 40.013877139763899 ], [ -75.085821566178197, 40.014457280864598 ], [ -75.085521474502301, 40.014796946880303 ], [ -75.084658959855005, 40.015721715722798 ], [ -75.084384952748906, 40.016005614559297 ], [ -75.083854973648201, 40.016582474687297 ], [ -75.083662347416094, 40.016805972618997 ], [ -75.083782693675701, 40.016874441240098 ], [ -75.083952899468798, 40.017896296839901 ], [ -75.084060978092396, 40.018667796953302 ], [ -75.084073668871, 40.0187894768275 ], [ -75.084120067770399, 40.019058464412304 ], [ -75.084300157749098, 40.020042386113701 ], [ -75.084329605030305, 40.020433133870597 ], [ -75.084349232654901, 40.021175688496598 ], [ -75.084367680552404, 40.021384577286902 ], [ -75.084428631149606, 40.022426460160197 ], [ -75.084427224955704, 40.022658898970398 ], [ -75.084466431233594, 40.0233303978926 ], [ -75.084456562926803, 40.023646711724197 ], [ -75.084458765275002, 40.024159828632897 ], [ -75.084623049997703, 40.025050966470701 ], [ -75.084729503779798, 40.025467640838698 ], [ -75.084933364292496, 40.026386012290303 ], [ -75.0852395269753, 40.0278206603735 ], [ -75.085389932401398, 40.028552434127697 ], [ -75.085377751521605, 40.028564181212801 ], [ -75.085190208311403, 40.029568873057698 ], [ -75.085042823089296, 40.030317337780097 ], [ -75.084796667264101, 40.031232808067799 ], [ -75.084493662180805, 40.031301491880797 ], [ -75.084200494688602, 40.0314477728474 ], [ -75.084107665011501, 40.0314050776012 ], [ -75.083684927802594, 40.031163262909899 ], [ -75.083362557064703, 40.030978857405501 ], [ -75.082637477934298, 40.030572412809398 ], [ -75.080868684782899, 40.029565130556698 ], [ -75.080789106677102, 40.029525684263099 ], [ -75.080286675586294, 40.029240254576102 ], [ -75.079986935552597, 40.029069508643602 ], [ -75.079695013828498, 40.028903405729402 ], [ -75.079082767297507, 40.028561804312297 ], [ -75.078475683652897, 40.028217261222999 ], [ -75.077863965918695, 40.027878963953803 ], [ -75.077216458595998, 40.0275009836298 ], [ -75.076775954465205, 40.0273908004867 ], [ -75.075638968544396, 40.027089904447102 ], [ -75.075490740557498, 40.0270808318907 ], [ -75.075368941731199, 40.0270471804197 ], [ -75.075144042889306, 40.026857751526897 ], [ -75.074946853186802, 40.0267005452733 ], [ -75.073366166012207, 40.0253782182454 ], [ -75.073334874056897, 40.025299046968598 ], [ -75.070199391337397, 40.022733696179102 ], [ -75.069766768615196, 40.022396859542503 ], [ -75.069090165080496, 40.021913666063199 ], [ -75.068625548454193, 40.021523706568502 ], [ -75.068518974451095, 40.021394716834301 ], [ -75.068276470990398, 40.0211186874565 ], [ -75.067909672534299, 40.0207015145483 ], [ -75.0675238977975, 40.020246029606398 ], [ -75.067156382609198, 40.019825615121803 ], [ -75.067011766461803, 40.019679477455803 ], [ -75.066952772931998, 40.019601933650698 ], [ -75.0661179768003, 40.018657386511201 ], [ -75.0651166159833, 40.017521008059703 ], [ -75.064315055945002, 40.016594736267798 ], [ -75.063387753068, 40.015529107989003 ], [ -75.062917591518001, 40.015011532709202 ], [ -75.062521294854406, 40.0145519745058 ], [ -75.062063080502099, 40.014030785267202 ], [ -75.061903233403498, 40.013847632108302 ] ] ] } },
{ "type": "Feature", "properties": { "objectid": 51, "score": 0.0, "Shape__Area": 25721354.796875, "Shape__Length": 23774.980577589067 }, "geometry": { "type": "Polygon", "coordinates": [ [ [ -75.212431739132896, 39.910747990832 ], [ -75.211969547157395, 39.910737244411003 ], [ -75.210366516561606, 39.910491289705 ], [ -75.190076572878993, 39.907529668040397 ], [ -75.1894071609577, 39.9074713434429 ], [ -75.187885745978306, 39.907253883750798 ], [ -75.187554936941098, 39.907206182181604 ], [ -75.186988195785304, 39.907158370751503 ], [ -75.186267386948003, 39.907072056379199 ], [ -75.185303045505805, 39.906935160474603 ], [ -75.185126403954797, 39.906910488768901 ], [ -75.184329635469496, 39.906799203075003 ], [ -75.1833907405329, 39.906626692028603 ], [ -75.178151436755002, 39.905955980007498 ], [ -75.175343936878704, 39.905596473304001 ], [ -75.174143579065003, 39.905442742192797 ], [ -75.173849995870896, 39.905427630541801 ], [ -75.173549834824797, 39.905397629583398 ], [ -75.168516663451399, 39.904758129878097 ], [ -75.167001715064401, 39.904553745528901 ], [ -75.1646451605408, 39.904253012794101 ], [ -75.1623092933485, 39.903952605346099 ], [ -75.160601770547899, 39.903740722298203 ], [ -75.160527080101502, 39.903731453897599 ], [ -75.158433116420696, 39.903471581372798 ], [ -75.156269962119396, 39.903168284833299 ], [ -75.154733351065602, 39.9029777919623 ], [ -75.1534297712643, 39.902788390580298 ], [ -75.152877990889195, 39.902716423188103 ], [ -75.152226181873601, 39.902596921728502 ], [ -75.151178616104204, 39.902434271002598 ], [ -75.150967862935204, 39.902401546572598 ], [ -75.150200469759397, 39.902282388943398 ], [ -75.131699476125405, 39.899685534870798 ], [ -75.131757136908803, 39.8995482902574 ], [ -75.133205054749098, 39.896272493520499 ], [ -75.135522795608296, 39.891855245885999 ], [ -75.135854904518794, 39.891274226507697 ], [ -75.136287730234102, 39.8907591351349 ], [ -75.136891720922094, 39.890088865574299 ], [ -75.137731818747298, 39.889185355545798 ], [ -75.137749304874703, 39.889168069678398 ], [ -75.139556371334905, 39.887381605890504 ], [ -75.140390911681394, 39.886621122270299 ], [ -75.141119226488499, 39.885937754626198 ], [ -75.142344513322101, 39.8852179683063 ], [ -75.143308184455904, 39.884858102091698 ], [ -75.144608039297907, 39.884346791475302 ], [ -75.146165733381594, 39.884111760955903 ], [ -75.152373947568705, 39.883759505946998 ], [ -75.157633064320706, 39.883385451290401 ], [ -75.159973463707203, 39.8831997536019 ], [ -75.162173060133199, 39.882915380626002 ], [ -75.163122372522196, 39.882757008810799 ], [ -75.164188773139301, 39.882579093470703 ], [ -75.1669968884746, 39.882037927100498 ], [ -75.169656925621297, 39.881588803125602 ], [ -75.172145860733195, 39.8812948489973 ], [ -75.175046783149696, 39.8810260068716 ], [ -75.178234706703094, 39.8808112562849 ], [ -75.179289264715194, 39.880771286802201 ], [ -75.184569480528694, 39.880921432410297 ], [ -75.185418327690599, 39.880860893784899 ], [ -75.186267777227698, 39.880784454315901 ], [ -75.186461451737898, 39.880748739820199 ], [ -75.187037096664596, 39.880642587028397 ], [ -75.187663196842806, 39.8804656958675 ], [ -75.188332350628897, 39.880242040861198 ], [ -75.188981467679596, 39.880002026022801 ], [ -75.189106826982595, 39.879944430268502 ], [ -75.190137072914297, 39.879471077693303 ], [ -75.193969253697006, 39.877784653023099 ], [ -75.194166344346996, 39.877697914004301 ], [ -75.194513091870604, 39.8842590028434 ], [ -75.194699731219799, 39.886816916772602 ], [ -75.194766961719395, 39.887738278251398 ], [ -75.194966842414004, 39.888727246206301 ], [ -75.194989231476299, 39.888838019679703 ], [ -75.195314388251305, 39.889934651367902 ], [ -75.195665954238294, 39.890722155455002 ], [ -75.196069457303594, 39.891342990247502 ], [ -75.1965923696646, 39.891928734373302 ], [ -75.1970831133563, 39.8923428661668 ], [ -75.197388286965804, 39.892534020973201 ], [ -75.197633024872104, 39.892687318489401 ], [ -75.198361772193905, 39.893009719425002 ], [ -75.198418321046006, 39.893034737081798 ], [ -75.199434583975702, 39.893365556816001 ], [ -75.200460330327104, 39.893630884088701 ], [ -75.204867967795593, 39.894430319545002 ], [ -75.205730278007906, 39.894645924730902 ], [ -75.206414038274502, 39.894816880684502 ], [ -75.207240606513594, 39.895105018296903 ], [ -75.208021506625499, 39.895451869029102 ], [ -75.209066148384593, 39.896004349970298 ], [ -75.210211084419498, 39.896687563259903 ], [ -75.211031281103303, 39.897237415334203 ], [ -75.211667004605104, 39.897732428133601 ], [ -75.211718577698804, 39.8977781563257 ], [ -75.212620510682598, 39.898577880250301 ], [ -75.2132403363169, 39.8992628740464 ], [ -75.213894460116293, 39.900253538479198 ], [ -75.214449397269703, 39.901289000246102 ], [ -75.214899012281293, 39.902347528940098 ], [ -75.215194357193099, 39.903295436931401 ], [ -75.215407813899304, 39.904260495900502 ], [ -75.215557720351896, 39.905228722812801 ], [ -75.215620118467399, 39.906062554132603 ], [ -75.215619543329396, 39.906921510567699 ], [ -75.215619464664996, 39.907040039120403 ], [ -75.215556444348096, 39.908445908939399 ], [ -75.215462970912398, 39.909147412199502 ], [ -75.215291250465597, 39.909628858297602 ], [ -75.215277236406294, 39.909668148368503 ], [ -75.214992710069296, 39.910031161758198 ], [ -75.214587659115594, 39.910340316039402 ], [ -75.214284181517698, 39.910491705575197 ], [ -75.213793468992293, 39.910633797918102 ], [ -75.213252893072905, 39.910713187101003 ], [ -75.212508960090702, 39.910749785610101 ], [ -75.212431739132896, 39.910747990832 ] ] ] } },
{ "type": "Feature", "properties": { "objectid": 52, "score": 0.0, "Shape__Area": 4593419.109375, "Shape__Length": 11128.382609921391 }, "geometry": { "type": "Polygon", "coordinates": [ [ [ -75.188708919231104, 40.006851729589201 ], [ -75.188103189021902, 40.006434682783897 ], [ -75.1878240196843, 40.006111618011801 ], [ -75.187456061709099, 40.004975408473101 ], [ -75.1874330246564, 40.004650686356896 ], [ -75.187350727396193, 40.003335105677799 ], [ -75.187337043777006, 40.003223865352403 ], [ -75.187305384836904, 40.003043236377302 ], [ -75.187281925170495, 40.002970121127603 ], [ -75.187252616440304, 40.0029130070712 ], [ -75.187219700631701, 40.002882025423503 ], [ -75.187181623079994, 40.002852958407999 ], [ -75.187186787439799, 40.002781477825799 ], [ -75.187182329116396, 40.002725926676 ], [ -75.187174756809597, 40.002683412918799 ], [ -75.187165451546207, 40.002642670644903 ], [ -75.187088892073305, 40.002406233507799 ], [ -75.186691755741293, 40.001179651227403 ], [ -75.186673252511198, 40.001116084726497 ], [ -75.1866635086146, 40.0010182662446 ], [ -75.186668874679, 40.000955231665998 ], [ -75.186683450865303, 40.000885514633502 ], [ -75.186713854294794, 40.000792037180702 ], [ -75.186789504401801, 40.000598389533202 ], [ -75.186863266356298, 40.000418490487803 ], [ -75.186955254265001, 40.000194140746601 ], [ -75.187034394357497, 39.999983044440803 ], [ -75.187558704484402, 39.998652781315201 ], [ -75.187591781065095, 39.998569527647902 ], [ -75.187607618064007, 39.998204846712198 ], [ -75.187611749058604, 39.996584277463199 ], [ -75.187610463575297, 39.996440984949501 ], [ -75.187585635389794, 39.996051195070599 ], [ -75.187558655977597, 39.995838643196301 ], [ -75.187263447465796, 39.994956296206098 ], [ -75.186977837533206, 39.994353609383701 ], [ -75.186488194834894, 39.993357387239001 ], [ -75.186151135042294, 39.992671590465598 ], [ -75.186373994392696, 39.991786243617597 ], [ -75.186716307411103, 39.990224416230298 ], [ -75.1870621575314, 39.988674505341699 ], [ -75.187174426361494, 39.988084293517701 ], [ -75.187276480951496, 39.987650754443003 ], [ -75.187385101273605, 39.987139970592999 ], [ -75.187493385981099, 39.986639121849599 ], [ -75.187599062117101, 39.986160525480201 ], [ -75.187707022014294, 39.985654606516498 ], [ -75.187952804920499, 39.984539650612298 ], [ -75.188035297534995, 39.984136065335903 ], [ -75.188205299856307, 39.983382577808698 ], [ -75.188370339497496, 39.982631477079302 ], [ -75.188540188415004, 39.981890490868302 ], [ -75.1886631257548, 39.981216721467902 ], [ -75.189064087715394, 39.979458782337602 ], [ -75.189163893817195, 39.979021188696599 ], [ -75.189235103436999, 39.978809914461202 ], [ -75.189310087744403, 39.978708196972498 ], [ -75.189433381067701, 39.978583229266199 ], [ -75.189662566408899, 39.978375479512501 ], [ -75.189883795669104, 39.977942901715501 ], [ -75.189784727868101, 39.977441605035501 ], [ -75.189718263263003, 39.977283062151798 ], [ -75.189676265889204, 39.9771828835405 ], [ -75.189545375243, 39.976870656122699 ], [ -75.1892665778756, 39.9762778112825 ], [ -75.189216977024401, 39.976128758841099 ], [ -75.189217484237403, 39.976049079559402 ], [ -75.189238270550902, 39.975928085814502 ], [ -75.189270458037399, 39.975835671207399 ], [ -75.189322397399394, 39.975748978284699 ], [ -75.189387781708305, 39.975669786312302 ], [ -75.189484303784994, 39.975592248569299 ], [ -75.189578818518598, 39.975534829535398 ], [ -75.189963460046997, 39.975412617209798 ], [ -75.190625452476596, 39.975495652084 ], [ -75.190997581452393, 39.975540188587303 ], [ -75.191336659025893, 39.975553861024899 ], [ -75.191819436915793, 39.9755021836623 ], [ -75.191962761989004, 39.975486842307802 ], [ -75.192168871118398, 39.975463689080399 ], [ -75.193063645197299, 39.975363173249299 ], [ -75.193070758446893, 39.9753624297364 ], [ -75.193157211700907, 39.975516059587598 ], [ -75.193253235068696, 39.975670581906002 ], [ -75.193356688455097, 39.975821529460902 ], [ -75.193467853407299, 39.975968050962898 ], [ -75.193542236246003, 39.976052538514899 ], [ -75.193651334001203, 39.976160684031498 ], [ -75.193738977718894, 39.976238654330302 ], [ -75.193865428933805, 39.976342065900099 ], [ -75.194520120602107, 39.976848750638602 ], [ -75.194808106758202, 39.977063626522401 ], [ -75.194972102449597, 39.9771789910818 ], [ -75.195139973505604, 39.977290258372101 ], [ -75.195277599134599, 39.977375671442601 ], [ -75.195418630043207, 39.977457343658799 ], [ -75.195599977917198, 39.977553821824699 ], [ -75.195859275610403, 39.977682986041401 ], [ -75.196085330969098, 39.977789598389201 ], [ -75.1963527463231, 39.9779100185213 ], [ -75.196756594990902, 39.978082481991798 ], [ -75.196857129026796, 39.978125414496802 ], [ -75.197994107216402, 39.978594380957801 ], [ -75.198265926028796, 39.9787107984654 ], [ -75.198534994038397, 39.978830380599902 ], [ -75.1987250340446, 39.978918251449599 ], [ -75.199710770466993, 39.979384654175497 ], [ -75.200049873747503, 39.979549876217497 ], [ -75.200347339870007, 39.979700609216003 ], [ -75.200639399090804, 39.979856221005697 ], [ -75.200889248784705, 39.979997317271 ], [ -75.201132643535502, 39.9801438530097 ], [ -75.201335312590899, 39.980274387476598 ], [ -75.201429042826405, 39.980338874401902 ], [ -75.201631830307093, 39.980478394099499 ], [ -75.201924271548904, 39.980690263299103 ], [ -75.202210254349893, 39.980909690183601 ], [ -75.2024569812816, 39.981110873572298 ], [ -75.202606776412694, 39.9812394635358 ], [ -75.202723814693698, 39.981343877428102 ], [ -75.202949479604996, 39.981556722349197 ], [ -75.203057658236702, 39.981665109354999 ], [ -75.203162435955406, 39.981774774666 ], [ -75.203263590106999, 39.981885696829501 ], [ -75.203360896509807, 39.981997852425799 ], [ -75.203498758451005, 39.982168728785403 ], [ -75.203562324856705, 39.982256853716599 ], [ -75.203622029451594, 39.982347051621502 ], [ -75.203678086456506, 39.9824391418313 ], [ -75.203730709543294, 39.982532946124998 ], [ -75.203826509574199, 39.982724971618097 ], [ -75.203884064862606, 39.982855682220503 ], [ -75.203937160008493, 39.982988050749199 ], [ -75.203998031666998, 39.983155189429297 ], [ -75.204053717484797, 39.983323415938202 ], [ -75.204124846297304, 39.983559170837196 ], [ -75.204208569467696, 39.983859469401303 ], [ -75.204252037968004, 39.984028436462999 ], [ -75.2042909216445, 39.984201148334797 ], [ -75.204317036929794, 39.984340865932097 ], [ -75.204337318778997, 39.984481013754603 ], [ -75.204340407160899, 39.984513796815698 ], [ -75.204350480780306, 39.984620714347898 ], [ -75.204354903687303, 39.9847246720473 ], [ -75.204354053069395, 39.984827517267703 ], [ -75.204347386307703, 39.984928882761402 ], [ -75.204334358394306, 39.985028397887199 ], [ -75.204314425812498, 39.985125694847902 ], [ -75.204286605604594, 39.985220401370398 ], [ -75.204260348414095, 39.985281966449399 ], [ -75.204227440360597, 39.985342325566997 ], [ -75.2041670775413, 39.985430758992798 ], [ -75.204095523002593, 39.985516883511202 ], [ -75.204015039474001, 39.9856009414029 ], [ -75.203922929410993, 39.985687625384301 ], [ -75.203746489817902, 39.9858387107084 ], [ -75.2033515660966, 39.986176878414398 ], [ -75.203050195410697, 39.986426861853602 ], [ -75.202680762493799, 39.986721888854298 ], [ -75.201840652134607, 39.987380176352801 ], [ -75.201443387223307, 39.9877018578727 ], [ -75.201263873957899, 39.9878528101952 ], [ -75.201087558857097, 39.9880058253543 ], [ -75.200914950962002, 39.9881612517798 ], [ -75.200745988868704, 39.988319112379301 ], [ -75.200471351329298, 39.9885868373199 ], [ -75.200150881177194, 39.9889140316604 ], [ -75.199837151470007, 39.9892454285119 ], [ -75.199242885583203, 39.989883959166498 ], [ -75.199039563256505, 39.990107748003197 ], [ -75.198839272513098, 39.990333300512702 ], [ -75.198074391653194, 39.991213711100002 ], [ -75.197918368526203, 39.991390294621603 ], [ -75.197775063720201, 39.991552482394901 ], [ -75.197443182862102, 39.991914912773197 ], [ -75.197286257803697, 39.992079944450801 ], [ -75.1971264140372, 39.992243234076803 ], [ -75.196963169877293, 39.992404495331897 ], [ -75.196836266560297, 39.992525050946497 ], [ -75.196823799087099, 39.9925368939533 ], [ -75.196652824519703, 39.992693549091399 ], [ -75.196492637495496, 39.992835198962297 ], [ -75.196449048361103, 39.992873743751403 ], [ -75.196091842584096, 39.993177934716599 ], [ -75.195186879995305, 39.993931058448602 ], [ -75.194950443697394, 39.994134718474001 ], [ -75.194776150139305, 39.994290378060001 ], [ -75.194719074352605, 39.994341351356397 ], [ -75.194494345287495, 39.9945518871301 ], [ -75.194250423288494, 39.994794494510501 ], [ -75.194015047171504, 39.995043346508297 ], [ -75.193796013552998, 39.9952897705463 ], [ -75.193573144507596, 39.995557619352098 ], [ -75.193368363045494, 39.995821942348201 ], [ -75.193259701343493, 39.995970576848201 ], [ -75.193154874207394, 39.996120371448903 ], [ -75.193074350426102, 39.996241228246397 ], [ -75.193017114167702, 39.9963330939012 ], [ -75.192893013969893, 39.996551169950799 ], [ -75.192779285957798, 39.9967733303424 ], [ -75.192719488429702, 39.996899122124397 ], [ -75.192672396959395, 39.996998185738903 ], [ -75.192449954273599, 39.997482618960802 ], [ -75.192325243202305, 39.997739261755399 ], [ -75.192228621421904, 39.9981072226538 ], [ -75.191965992763002, 39.999076348259301 ], [ -75.191827182702397, 39.999624333415198 ], [ -75.191738982751701, 40.000015266347297 ], [ -75.191567865249894, 40.000859354434503 ], [ -75.191555939973398, 40.000923307897999 ], [ -75.191485726552202, 40.001299831697203 ], [ -75.191420055450493, 40.001706985433799 ], [ -75.1913721374099, 40.002080452542799 ], [ -75.191352161714804, 40.0022841855086 ], [ -75.191339330006798, 40.002453943744399 ], [ -75.191330294586905, 40.002623666018302 ], [ -75.191326366156304, 40.002759494535901 ], [ -75.191326081809393, 40.002895531172101 ], [ -75.191330501913896, 40.003065813642003 ], [ -75.191339765515295, 40.003236281571397 ], [ -75.191356580631705, 40.003440972309399 ], [ -75.191378808338797, 40.003645669251902 ], [ -75.191410443549998, 40.003884297814402 ], [ -75.191458055041807, 40.004190467622301 ], [ -75.191516860908393, 40.0045292691809 ], [ -75.191560661195396, 40.004765218973802 ], [ -75.191592409023897, 40.0048994421538 ], [ -75.191640910898997, 40.005066356831001 ], [ -75.191697765691799, 40.005232053985701 ], [ -75.191774840174105, 40.005428896132102 ], [ -75.191859040241695, 40.005623113806699 ], [ -75.191904182147198, 40.005718874108801 ], [ -75.191956915137297, 40.0058126103783 ], [ -75.192016371477905, 40.005904442122002 ], [ -75.192093897347604, 40.006012225166998 ], [ -75.192356234507898, 40.006347445419401 ], [ -75.192429148585205, 40.006434358901302 ], [ -75.192480049635293, 40.006490202975002 ], [ -75.192160011983702, 40.006535451313297 ], [ -75.191823191366694, 40.0065823710217 ], [ -75.191741428984798, 40.006593824577202 ], [ -75.191601407478998, 40.006613439488198 ], [ -75.191486423939295, 40.006629545967897 ], [ -75.191149715311099, 40.006677045527397 ], [ -75.190812602078694, 40.006722641260097 ], [ -75.190474580584393, 40.006763912593101 ], [ -75.190135702101898, 40.006801113757099 ], [ -75.189796736912498, 40.006837900186298 ], [ -75.188757563177504, 40.006886426760502 ], [ -75.188708919231104, 40.006851729589201 ] ] ] } },
{ "type": "Feature", "properties": { "objectid": 53, "score": 0.0, "Shape__Area": 2484.89453125, "Shape__Length": 460.79972180095928 }, "geometry": { "type": "MultiPolygon", "coordinates": [ [ [ [ -75.065238269356797, 40.098650591695197 ], [ -75.065412358046402, 40.098270689584297 ], [ -75.065545035504798, 40.0982858302485 ], [ -75.065671565401502, 40.098339597266403 ], [ -75.064935369444399, 40.0991015931722 ], [ -75.065117038725106, 40.098869284907302 ], [ -75.065238269356797, 40.098650591695197 ] ] ], [ [ [ -75.189130972270902, 40.073247579065999 ], [ -75.1892090455665, 40.073172646022201 ], [ -75.189678823022902, 40.073468435995203 ], [ -75.189616521237696, 40.0735221372761 ], [ -75.189131728949704, 40.073248006857199 ], [ -75.189130972270902, 40.073247579065999 ] ] ] ] } },
{ "type": "Feature", "properties": { "objectid": 66, "score": 20.3, "Shape__Area": 4065649.97265625, "Shape__Length": 10344.05649987254 }, "geometry": { "type": "Polygon", "coordinates": [ [ [ -75.163269491158104, 39.929004782276898 ], [ -75.163379483500407, 39.928586610025199 ], [ -75.163908924534198, 39.9286580325034 ], [ -75.164666428461501, 39.928749688082902 ], [ -75.164917952621494, 39.928705335763503 ], [ -75.165015450786697, 39.928794878184398 ], [ -75.165439799992996, 39.928859076958098 ], [ -75.165856437852, 39.928906795681698 ], [ -75.166515361394701, 39.928992503554802 ], [ -75.167081225794306, 39.929074428671399 ], [ -75.167645782299203, 39.929150821528602 ], [ -75.167976757692898, 39.929190820644699 ], [ -75.168570043286294, 39.9292616713591 ], [ -75.168690954296594, 39.929265432722197 ], [ -75.169349246807698, 39.929363083644702 ], [ -75.169786474001796, 39.929422981556698 ], [ -75.170326916209802, 39.929486090799301 ], [ -75.170893835640697, 39.929561955763198 ], [ -75.171340888234695, 39.929617091583403 ], [ -75.171900533043001, 39.929683771473698 ], [ -75.171631720308, 39.930903987841702 ], [ -75.171358678644495, 39.932134911960901 ], [ -75.171093536085607, 39.933358357193697 ], [ -75.170831932335105, 39.934572185969003 ], [ -75.170731932705294, 39.935033989197599 ], [ -75.170643025049998, 39.935386676758903 ], [ -75.170568414730297, 39.935785775488 ], [ -75.170457440688594, 39.936241625749602 ], [ -75.170354927742096, 39.936763309725301 ], [ -75.170251138601898, 39.937278608109501 ], [ -75.170131267684795, 39.937794372880397 ], [ -75.170027421082693, 39.938272093962802 ], [ -75.170013784511994, 39.938321250290599 ], [ -75.169967393196302, 39.938502663068199 ], [ -75.169908262939103, 39.938811508240398 ], [ -75.169758534399094, 39.939475856826398 ], [ -75.169660835519295, 39.939953441089102 ], [ -75.169551774846795, 39.940441636932903 ], [ -75.169467617626395, 39.940845261600501 ], [ -75.1693884334763, 39.941220952118798 ], [ -75.169275390799299, 39.9417375780424 ], [ -75.169168257459006, 39.942226782815801 ], [ -75.168959956693897, 39.943194053127797 ], [ -75.168863053075697, 39.943627571832998 ], [ -75.168764273163802, 39.944059697691998 ], [ -75.168698113446197, 39.944378313462202 ], [ -75.1686346922708, 39.9446394347218 ], [ -75.168538873413496, 39.945065057756899 ], [ -75.168515088077299, 39.945173888632503 ], [ -75.168475504040401, 39.945370075042398 ], [ -75.168442105929799, 39.945526006241899 ], [ -75.168423973707306, 39.945600832881198 ], [ -75.168342676358506, 39.945969787195502 ], [ -75.168199224493407, 39.946625466369703 ], [ -75.168033453889905, 39.947395354019001 ], [ -75.167871342704501, 39.9481590159102 ], [ -75.167772862276607, 39.948614127366199 ], [ -75.167692415974898, 39.948983538341501 ], [ -75.167636067449706, 39.949244147185198 ], [ -75.167519466136696, 39.949753723297697 ], [ -75.167432238560394, 39.950165399472198 ], [ -75.167356066165098, 39.950518925230703 ], [ -75.167298826042099, 39.950778656159699 ], [ -75.167197462818606, 39.951272907409198 ], [ -75.167070256878603, 39.951845409171099 ], [ -75.166859266484593, 39.952788185158099 ], [ -75.166619391158093, 39.953807222820203 ], [ -75.166494586461695, 39.9542817775232 ], [ -75.166368077013601, 39.954825099781203 ], [ -75.166249240195398, 39.955424266708697 ], [ -75.166183420855504, 39.955743244875897 ], [ -75.165998749312905, 39.956648121224397 ], [ -75.165883649441597, 39.957126486286597 ], [ -75.165687217930696, 39.958041996823901 ], [ -75.165677623193503, 39.958086711766299 ], [ -75.1656597815103, 39.958239180694299 ], [ -75.165645288056993, 39.958237415233299 ], [ -75.1641257600035, 39.958052330864398 ], [ -75.162473871043403, 39.957851101398298 ], [ -75.162338679502298, 39.957834631562598 ], [ -75.1615848780947, 39.957742795355401 ], [ -75.160283648756206, 39.957575342157199 ], [ -75.1588172974934, 39.957386619972503 ], [ -75.158730673075993, 39.957375471315203 ], [ -75.158678028403301, 39.957367941709201 ], [ -75.157142871711699, 39.957148378548197 ], [ -75.157176084280593, 39.956997680719702 ], [ -75.157173625152495, 39.956943847744498 ], [ -75.157202484293606, 39.956823441081603 ], [ -75.157334726645303, 39.956208863632703 ], [ -75.157334280240903, 39.956198865766297 ], [ -75.157343089626707, 39.956157685663499 ], [ -75.157373586010095, 39.956015125439897 ], [ -75.157407274567106, 39.955870186852302 ], [ -75.157471868546494, 39.955580297731998 ], [ -75.157574302793705, 39.955082585333798 ], [ -75.157667180341207, 39.9546808441754 ], [ -75.157742647064097, 39.954349443033003 ], [ -75.157866070041194, 39.953757535543701 ], [ -75.157964464392705, 39.953266267569497 ], [ -75.158080103041598, 39.952764210235699 ], [ -75.158309154122094, 39.951722868876701 ], [ -75.158446631579295, 39.951063546333501 ], [ -75.158535627201999, 39.950663053132502 ], [ -75.158635830496806, 39.950212115597701 ], [ -75.158800252060601, 39.949452778270903 ], [ -75.1589681847626, 39.948690355814101 ], [ -75.159072373468206, 39.948211165603901 ], [ -75.159113179528802, 39.948028295909602 ], [ -75.159213695929694, 39.947553622224497 ], [ -75.159342558189195, 39.946956957456003 ], [ -75.159483479718403, 39.946334634692199 ], [ -75.159612528778794, 39.9457649413553 ], [ -75.159635292169199, 39.945667886884699 ], [ -75.159687954793199, 39.945398909599 ], [ -75.159789199497894, 39.9449193830038 ], [ -75.159869858311396, 39.9445532629857 ], [ -75.159987313340295, 39.944018330215897 ], [ -75.160104221496894, 39.943508788314801 ], [ -75.160120680153298, 39.943409269578098 ], [ -75.1602074336529, 39.943006389291298 ], [ -75.160307321346195, 39.942560903703402 ], [ -75.160392366730207, 39.942175981019503 ], [ -75.160330328280807, 39.942121877928798 ], [ -75.160535772073402, 39.941155295858799 ], [ -75.160761369690206, 39.940142178625997 ], [ -75.160836131066205, 39.939749358503697 ], [ -75.160922090480099, 39.939376161343702 ], [ -75.161026387374307, 39.938868009837002 ], [ -75.161131376467196, 39.9383822013219 ], [ -75.161216733221195, 39.938044367757399 ], [ -75.1612305405407, 39.937998274298501 ], [ -75.161400996439497, 39.937166760553701 ], [ -75.161679958263505, 39.935858973933499 ], [ -75.161801295603595, 39.935326965730397 ], [ -75.161921543829095, 39.934811822335497 ], [ -75.162007027168599, 39.934434137514302 ], [ -75.162065021226198, 39.934191852620103 ], [ -75.162150851984606, 39.933815147711599 ], [ -75.162229277629294, 39.933453635293702 ], [ -75.162303310210305, 39.933093092356103 ], [ -75.162360267460897, 39.933035990799397 ], [ -75.163005472886297, 39.930237658342399 ], [ -75.163092942017499, 39.929801867781499 ], [ -75.163191401795999, 39.929373762182003 ], [ -75.163269491158104, 39.929004782276898 ] ] ] } },
{ "type": "Feature", "properties": { "objectid": 67, "score": 26.9, "Shape__Area": 10988273.90234375, "Shape__Length": 13008.085222875055 }, "geometry": { "type": "Polygon", "coordinates": [ [ [ -75.131234155866295, 39.900793073067497 ], [ -75.131699476125405, 39.899685534870798 ], [ -75.150200469759397, 39.902282388943398 ], [ -75.150967862935204, 39.902401546572598 ], [ -75.151178616104204, 39.902434271002598 ], [ -75.152226181873601, 39.902596921728502 ], [ -75.152877990889195, 39.902716423188103 ], [ -75.1534297712643, 39.902788390580298 ], [ -75.154733351065602, 39.9029777919623 ], [ -75.156269962119396, 39.903168284833299 ], [ -75.158433116420696, 39.903471581372798 ], [ -75.160527080101502, 39.903731453897599 ], [ -75.160601770547899, 39.903740722298203 ], [ -75.158632012379002, 39.912550316809003 ], [ -75.158378082484504, 39.913731824797999 ], [ -75.158372579485501, 39.913793865446699 ], [ -75.158367148478405, 39.913849867948997 ], [ -75.158097252244303, 39.915056733427797 ], [ -75.158285790187804, 39.9150880061949 ], [ -75.157983868237494, 39.916482110900098 ], [ -75.157716651711098, 39.917661917629701 ], [ -75.157715172520994, 39.917722832778097 ], [ -75.157653696653497, 39.917975375976503 ], [ -75.157435429728693, 39.918970739431401 ], [ -75.157165002570096, 39.920220808833399 ], [ -75.1570565741536, 39.920725437737701 ], [ -75.156992547888294, 39.9210165434475 ], [ -75.156895777108105, 39.921466384682397 ], [ -75.156798310035597, 39.9218963748026 ], [ -75.156725217681995, 39.922251048682703 ], [ -75.156629419379797, 39.9226976617079 ], [ -75.156531182016806, 39.9231502696597 ], [ -75.156457212168206, 39.923484498400299 ], [ -75.156373686874602, 39.923895276763602 ], [ -75.156276539585093, 39.924323821475099 ], [ -75.156191326314897, 39.9246805825194 ], [ -75.156097667653, 39.925112987600897 ], [ -75.155998910700106, 39.925541853592399 ], [ -75.155918254804007, 39.925898559753499 ], [ -75.155819208793702, 39.926334939862997 ], [ -75.155730702629995, 39.9267544784961 ], [ -75.155637530641997, 39.9271296778767 ], [ -75.155548439721898, 39.927559300122198 ], [ -75.153984686653601, 39.927345415002797 ], [ -75.153430251950397, 39.927277407769502 ], [ -75.152955316713502, 39.927211096738503 ], [ -75.152408877752407, 39.927138637205999 ], [ -75.1518884862748, 39.927071772022799 ], [ -75.151162369647693, 39.926971309673398 ], [ -75.149168947682298, 39.926705951080301 ], [ -75.147264419667493, 39.926451857669498 ], [ -75.146933372267895, 39.926423758405598 ], [ -75.146712140837906, 39.926393497594901 ], [ -75.146358773426897, 39.9263451603723 ], [ -75.133460304423494, 39.924626931973002 ], [ -75.131380279203299, 39.920060986561701 ], [ -75.130759105600106, 39.918487816232499 ], [ -75.130607065167098, 39.918048065705399 ], [ -75.130488783944102, 39.917705953754897 ], [ -75.130443107555493, 39.917573841325797 ], [ -75.130188430930801, 39.916677175079698 ], [ -75.1299913951717, 39.915893179635297 ], [ -75.129700536396697, 39.914327549168299 ], [ -75.129515765757503, 39.913225674757399 ], [ -75.129384954288298, 39.912331836112102 ], [ -75.1293003265301, 39.911311789373499 ], [ -75.1291985113495, 39.9091300665335 ], [ -75.129233433207602, 39.908224108669899 ], [ -75.129285896774604, 39.907398613404297 ], [ -75.129285929828697, 39.907398093366503 ], [ -75.129397887193207, 39.906637068010902 ], [ -75.129650820651605, 39.905433842318899 ], [ -75.129693798194694, 39.905260170504 ], [ -75.129846545763002, 39.904642916132502 ], [ -75.130410426716196, 39.902874107696903 ], [ -75.131234155866295, 39.900793073067497 ] ] ] } },
{ "type": "Feature", "properties": { "objectid": 68, "score": 19.7, "Shape__Area": 8773877.484375, "Shape__Length": 12516.970869785679 }, "geometry": { "type": "Polygon", "coordinates": [ [ [ -75.182223043399404, 39.9208798135489 ], [ -75.182513889042397, 39.919638064368897 ], [ -75.182795339262299, 39.9183677782557 ], [ -75.182823285243401, 39.918241646910801 ], [ -75.180902487238598, 39.917980332619202 ], [ -75.181191547852094, 39.916737702125502 ], [ -75.181887546915306, 39.913526670005403 ], [ -75.181888890202799, 39.913520475114098 ], [ -75.181889578772797, 39.913517298163598 ], [ -75.181889749762703, 39.913516366761399 ], [ -75.181935386548602, 39.913268631460497 ], [ -75.182332451778194, 39.913297214555897 ], [ -75.183357158744499, 39.913450191350599 ], [ -75.183373122109501, 39.913453406615901 ], [ -75.183749651366398, 39.913529247157697 ], [ -75.203282945998197, 39.916010327004997 ], [ -75.203192627948695, 39.916188878603698 ], [ -75.202993859876202, 39.916577644011497 ], [ -75.202919598418006, 39.916720852537601 ], [ -75.202792657088693, 39.916965651285501 ], [ -75.202723876910596, 39.917094493296403 ], [ -75.202653459094293, 39.9172228746001 ], [ -75.202293226669298, 39.917862327718701 ], [ -75.202222832704393, 39.917990620211498 ], [ -75.202154082918597, 39.918119343610996 ], [ -75.202138613446195, 39.9181493575296 ], [ -75.202087447571898, 39.918248624899803 ], [ -75.202023395466995, 39.918378593489599 ], [ -75.201962436486795, 39.918509854085798 ], [ -75.201905783772204, 39.918643170268602 ], [ -75.201855102970697, 39.918778048964697 ], [ -75.201812066522194, 39.918913962452699 ], [ -75.201778346092695, 39.919050385806898 ], [ -75.201755342523498, 39.919187540165197 ], [ -75.201744505254993, 39.919330427749202 ], [ -75.2017546979245, 39.9194734456009 ], [ -75.201796122319706, 39.919608342236202 ], [ -75.201869970536805, 39.919731947011101 ], [ -75.201919396238495, 39.919804143845802 ], [ -75.201954046891103, 39.919854755744801 ], [ -75.202046150115606, 39.919976492062602 ], [ -75.202145778042393, 39.920095938360198 ], [ -75.202252430309898, 39.920211877249599 ], [ -75.202365603363802, 39.920323090921102 ], [ -75.202484795413895, 39.9204283628357 ], [ -75.202609559510805, 39.920526498941001 ], [ -75.202743789087407, 39.9206184958054 ], [ -75.202888672606704, 39.920704710402902 ], [ -75.203042138023903, 39.920784126465399 ], [ -75.203202118594902, 39.920855725742598 ], [ -75.203366541166801, 39.920918489852603 ], [ -75.203533337797495, 39.9209714008921 ], [ -75.203701779663405, 39.921013419913102 ], [ -75.203876370615802, 39.921044323342997 ], [ -75.204056083778497, 39.9210652580459 ], [ -75.204239036556402, 39.9210774606887 ], [ -75.2044233455495, 39.921082165295303 ], [ -75.204607129584502, 39.921080607708603 ], [ -75.204788506360899, 39.921074023758102 ], [ -75.204968165138197, 39.921063628851797 ], [ -75.205147790816397, 39.9210501163342 ], [ -75.205327384383097, 39.921033959200997 ], [ -75.205506950311204, 39.921015628943401 ], [ -75.2056864898329, 39.920995598386703 ], [ -75.205866004849895, 39.920974340898198 ], [ -75.206583879142897, 39.9208864828976 ], [ -75.206763314658701, 39.920866174527099 ], [ -75.206942740419194, 39.920847472293602 ], [ -75.207122160628799, 39.920830849966002 ], [ -75.207301577952506, 39.920816779873 ], [ -75.207480993014599, 39.920805734121998 ], [ -75.207660410777606, 39.920798184916599 ], [ -75.207840472975505, 39.920796243136699 ], [ -75.208021491370999, 39.920801492441697 ], [ -75.208202850231999, 39.920813320183001 ], [ -75.208383934556394, 39.920831112326198 ], [ -75.208564128435896, 39.920854254469297 ], [ -75.208742817263698, 39.920882133825202 ], [ -75.208919385161593, 39.9209141347702 ], [ -75.209093300724902, 39.920949665526699 ], [ -75.209266680692707, 39.920989007826101 ], [ -75.209439920686094, 39.921032601401599 ], [ -75.209611992474393, 39.921080627003398 ], [ -75.209781871181093, 39.9211332672201 ], [ -75.2099485285258, 39.921190704043397 ], [ -75.210110938357005, 39.921253117408803 ], [ -75.210268072596094, 39.921320689851299 ], [ -75.210418954344902, 39.921393877473498 ], [ -75.210563512133007, 39.921475791616999 ], [ -75.210701947177895, 39.9215660574691 ], [ -75.210834357548606, 39.921663138085599 ], [ -75.210960839910996, 39.921765497017503 ], [ -75.211081490962599, 39.9218715965849 ], [ -75.211196410261905, 39.921979901631197 ], [ -75.211306787494493, 39.922089484659899 ], [ -75.211415324083703, 39.922201206257697 ], [ -75.211521463837499, 39.922315069583703 ], [ -75.211624470329895, 39.922431001571603 ], [ -75.211723603128505, 39.922548926256397 ], [ -75.211818123025395, 39.922668771393802 ], [ -75.211907289562504, 39.922790461374497 ], [ -75.211990366034499, 39.922913923837598 ], [ -75.212066609917301, 39.923039083131101 ], [ -75.212136834327396, 39.923166531651603 ], [ -75.212202495892797, 39.923296874277497 ], [ -75.212262923276299, 39.923429632853797 ], [ -75.212317428751206, 39.923564321658098 ], [ -75.212365326126601, 39.923700456408397 ], [ -75.212405925378903, 39.923837551332099 ], [ -75.212438540315304, 39.923975121795998 ], [ -75.212462484110702, 39.924112681570101 ], [ -75.212477369123803, 39.924249905713403 ], [ -75.212485491855603, 39.924387801891598 ], [ -75.212487866464102, 39.924526481660102 ], [ -75.212484973850493, 39.9246657568765 ], [ -75.212477291460701, 39.924805434223998 ], [ -75.212465301885402, 39.924945323311398 ], [ -75.212449483594, 39.925085234183101 ], [ -75.212430316292298, 39.925224974450003 ], [ -75.2124082800282, 39.925364354894 ], [ -75.212383854777102, 39.925503182253202 ], [ -75.212357520555997, 39.925641268363599 ], [ -75.212329702988399, 39.925778543023704 ], [ -75.212300178407204, 39.925915872880097 ], [ -75.212268646980903, 39.9260533212491 ], [ -75.212234871525197, 39.926190716434903 ], [ -75.212198617676407, 39.926327884518798 ], [ -75.212159647328306, 39.926464653959599 ], [ -75.212117723155501, 39.926600850596301 ], [ -75.212072610744499, 39.926736301738103 ], [ -75.212024072903702, 39.9268708356866 ], [ -75.211971873216697, 39.9270042782994 ], [ -75.211915775200595, 39.9271364571891 ], [ -75.211855542162795, 39.927267199435903 ], [ -75.211791314232201, 39.927396609549497 ], [ -75.211723955666599, 39.927525263112003 ], [ -75.211653719438303, 39.927653214052199 ], [ -75.211580823634094, 39.927780490744603 ], [ -75.211505486967695, 39.927907123159699 ], [ -75.211427927268403, 39.928033140545899 ], [ -75.211348363064104, 39.9281585718158 ], [ -75.211267013771106, 39.928283446605199 ], [ -75.2111840981553, 39.928407793657399 ], [ -75.211176963073896, 39.9284182809957 ], [ -75.211099833784601, 39.9285316432711 ], [ -75.2109281374603, 39.9287779664716 ], [ -75.210665948563403, 39.929144447328902 ], [ -75.2104889380348, 39.929387139332903 ], [ -75.210399407107502, 39.9295080732185 ], [ -75.210218470196395, 39.9297491768965 ], [ -75.209942893219406, 39.930109114797901 ], [ -75.209663137852601, 39.930467294558902 ], [ -75.209285245805603, 39.930942721317997 ], [ -75.208808144019301, 39.931534688988798 ], [ -75.208520852691194, 39.9318891673149 ], [ -75.208438399285498, 39.931989629183803 ], [ -75.208424232553298, 39.932006891137803 ], [ -75.208228867680305, 39.932241321799196 ], [ -75.208031272035996, 39.932474683649097 ], [ -75.207332529577499, 39.933287998469702 ], [ -75.207035068769201, 39.933637498693002 ], [ -75.206839232276593, 39.933871671723203 ], [ -75.206548740160898, 39.934225004180597 ], [ -75.206247645769295, 39.9345776143007 ], [ -75.206148354414296, 39.934695828312101 ], [ -75.206051585733206, 39.934814862411599 ], [ -75.205958529884498, 39.934935005065803 ], [ -75.205870381851, 39.935056544148999 ], [ -75.205788329008996, 39.935179769654198 ], [ -75.205713566376403, 39.935304968934503 ], [ -75.205647285251203, 39.935432431370899 ], [ -75.205623138740407, 39.935486813628998 ], [ -75.205589556496307, 39.935562448555203 ], [ -75.2055390380592, 39.935694911632098 ], [ -75.205495038763701, 39.935829475372003 ], [ -75.205456872482003, 39.935965793776496 ], [ -75.205423850064506, 39.936103522184197 ], [ -75.205395285772696, 39.9362423161839 ], [ -75.205370489776797, 39.936381830745198 ], [ -75.205358707964194, 39.936457738394402 ], [ -75.199263301746498, 39.935723669083899 ], [ -75.1986408358826, 39.935642585732801 ], [ -75.197269594105606, 39.935463025216201 ], [ -75.1967620146863, 39.935389497356702 ], [ -75.196233086523193, 39.935329917835702 ], [ -75.1957050173407, 39.935254831542103 ], [ -75.195180562254606, 39.935192412231402 ], [ -75.194655918979393, 39.9351203318936 ], [ -75.194135013737196, 39.935057561509502 ], [ -75.193606437302904, 39.9349887487083 ], [ -75.193093806053696, 39.9349234350804 ], [ -75.192557384297203, 39.934860525077703 ], [ -75.192009616033701, 39.934787915959703 ], [ -75.191531711478802, 39.934726306288603 ], [ -75.190991332975102, 39.934659939882799 ], [ -75.190447370109595, 39.934587621693296 ], [ -75.189957993625299, 39.934519665721702 ], [ -75.189418730703395, 39.934438431278799 ], [ -75.188882086994994, 39.934381579812502 ], [ -75.188384425708506, 39.934316390999697 ], [ -75.187852289140807, 39.934241366633998 ], [ -75.187345964528603, 39.934178670115998 ], [ -75.186917736132997, 39.934125392448998 ], [ -75.1862887318931, 39.9340427355949 ], [ -75.186247717892101, 39.934037346119702 ], [ -75.185528902245693, 39.933943063461001 ], [ -75.185007785117506, 39.933886328405102 ], [ -75.184451782922395, 39.933822941337702 ], [ -75.182808277656704, 39.933611705995801 ], [ -75.181164996186695, 39.933394796205803 ], [ -75.180659977621602, 39.933323090795902 ], [ -75.179556499404399, 39.933187446943897 ], [ -75.179742304570695, 39.932401297549198 ], [ -75.179830309047503, 39.931963051779597 ], [ -75.179919432577904, 39.931534741064901 ], [ -75.180004326309103, 39.931179114748304 ], [ -75.180093533998104, 39.930748117362299 ], [ -75.180187751595199, 39.9303237255683 ], [ -75.180271826831401, 39.929958650933798 ], [ -75.180370253553406, 39.929530995410502 ], [ -75.180464944316, 39.929094027000801 ], [ -75.180536904097707, 39.928732252255003 ], [ -75.180627656258295, 39.9282985545019 ], [ -75.180895853289798, 39.927082814845797 ], [ -75.180981615170595, 39.926672907045599 ], [ -75.181058505524504, 39.926295933448699 ], [ -75.181160789283098, 39.925859558335503 ], [ -75.18143385402, 39.924629977288603 ], [ -75.181698655928898, 39.923346578906603 ], [ -75.181716599622007, 39.923255164243301 ], [ -75.181967682756394, 39.922124700382398 ], [ -75.182195573724499, 39.921027039924397 ], [ -75.182223043399404, 39.9208798135489 ] ] ] } },
{ "type": "Feature", "properties": { "objectid": 69, "score": 26.9, "Shape__Area": 2970917.30859375, "Shape__Length": 9187.9391039145812 }, "geometry": { "type": "Polygon", "coordinates": [ [ [ -75.158632012379002, 39.912550316809003 ], [ -75.160601770547899, 39.903740722298203 ], [ -75.1623092933485, 39.903952605346099 ], [ -75.1646451605408, 39.904253012794101 ], [ -75.167001715064401, 39.904553745528901 ], [ -75.168516663451399, 39.904758129878097 ], [ -75.168509895600195, 39.904872419057803 ], [ -75.167984793141201, 39.907342465362603 ], [ -75.16642787872, 39.907140750913101 ], [ -75.165659406519893, 39.910746146554096 ], [ -75.165515763558403, 39.911402768029802 ], [ -75.165485665590296, 39.911540352259898 ], [ -75.1650836797062, 39.913377837461397 ], [ -75.1657224743211, 39.9134565211872 ], [ -75.166286042072898, 39.9135352341534 ], [ -75.166854445106907, 39.913606756095803 ], [ -75.166644398677207, 39.9145752712827 ], [ -75.166593596638904, 39.914791872457499 ], [ -75.166548636020707, 39.914846374581302 ], [ -75.166522088902596, 39.914898750771897 ], [ -75.166420011861405, 39.915335671714203 ], [ -75.166368560160606, 39.915594667247902 ], [ -75.166254858542302, 39.916115542288601 ], [ -75.166072122530295, 39.916270569653598 ], [ -75.165808175989497, 39.917483150009502 ], [ -75.165535822510606, 39.918731907316499 ], [ -75.165382496685297, 39.919410110833802 ], [ -75.165261890801602, 39.919975099087601 ], [ -75.165162305919395, 39.920412256629902 ], [ -75.165081808156899, 39.920790883504701 ], [ -75.164991761814505, 39.921224926494297 ], [ -75.164891249473698, 39.921676845903697 ], [ -75.164814251386005, 39.922042693224597 ], [ -75.164711031194201, 39.922475066862901 ], [ -75.164621543945103, 39.922914473556403 ], [ -75.164533938485405, 39.923268568194203 ], [ -75.164443483295699, 39.923711122687401 ], [ -75.164352304768897, 39.924151219115998 ], [ -75.164271429761101, 39.924492916217602 ], [ -75.164172118868805, 39.924919516661497 ], [ -75.163920199763794, 39.926139321117397 ], [ -75.163822619943403, 39.926567547888098 ], [ -75.1637409285714, 39.926925634721101 ], [ -75.163651132319202, 39.927358575327801 ], [ -75.1635528137639, 39.927779523079899 ], [ -75.163458393270204, 39.928181933912597 ], [ -75.163379483500407, 39.928586610025199 ], [ -75.161800570231506, 39.928375672968798 ], [ -75.160235200074496, 39.928168013947499 ], [ -75.158668867208505, 39.927964344493297 ], [ -75.157118616122702, 39.927761596559201 ], [ -75.155548439721898, 39.927559300122198 ], [ -75.155637530641997, 39.9271296778767 ], [ -75.155730702629995, 39.9267544784961 ], [ -75.155819208793702, 39.926334939862997 ], [ -75.155918254804007, 39.925898559753499 ], [ -75.155998910700106, 39.925541853592399 ], [ -75.156097667653, 39.925112987600897 ], [ -75.156191326314897, 39.9246805825194 ], [ -75.156276539585093, 39.924323821475099 ], [ -75.156373686874602, 39.923895276763602 ], [ -75.156457212168206, 39.923484498400299 ], [ -75.156531182016806, 39.9231502696597 ], [ -75.156629419379797, 39.9226976617079 ], [ -75.156725217681995, 39.922251048682703 ], [ -75.156798310035597, 39.9218963748026 ], [ -75.156895777108105, 39.921466384682397 ], [ -75.156992547888294, 39.9210165434475 ], [ -75.1570565741536, 39.920725437737701 ], [ -75.157165002570096, 39.920220808833399 ], [ -75.157435429728693, 39.918970739431401 ], [ -75.157653696653497, 39.917975375976503 ], [ -75.157715172520994, 39.917722832778097 ], [ -75.157716651711098, 39.917661917629701 ], [ -75.157983868237494, 39.916482110900098 ], [ -75.158285790187804, 39.9150880061949 ], [ -75.158097252244303, 39.915056733427797 ], [ -75.158367148478405, 39.913849867948997 ], [ -75.158372579485501, 39.913793865446699 ], [ -75.158378082484504, 39.913731824797999 ], [ -75.158632012379002, 39.912550316809003 ] ] ] } },
{ "type": "Feature", "properties": { "objectid": 70, "score": 28.7, "Shape__Area": 5949720.59375, "Shape__Length": 16960.055542559618 }, "geometry": { "type": "MultiPolygon", "coordinates": [ [ [ [ -75.181701520689899, 39.913251795798303 ], [ -75.181473914204801, 39.913235410811701 ], [ -75.180534860057307, 39.913214368989998 ], [ -75.178886745830994, 39.913147010202103 ], [ -75.178366242068904, 39.913061131488497 ], [ -75.177818601570493, 39.912989250610998 ], [ -75.174037740969993, 39.912500706418903 ], [ -75.173244773497004, 39.912417558761199 ], [ -75.1726556910982, 39.912340501310197 ], [ -75.172256326783994, 39.912288258580297 ], [ -75.171937676860594, 39.912246573880999 ], [ -75.170452607230104, 39.912052287966098 ], [ -75.168500729491996, 39.911796900249897 ], [ -75.168198170447297, 39.9117479501448 ], [ -75.165515763558403, 39.911402768029802 ], [ -75.165659406519893, 39.910746146554096 ], [ -75.16642787872, 39.907140750913101 ], [ -75.167984793141201, 39.907342465362603 ], [ -75.168509895600195, 39.904872419057803 ], [ -75.168516663451399, 39.904758129878097 ], [ -75.173549834824797, 39.905397629583398 ], [ -75.173849995870896, 39.905427630541801 ], [ -75.174143579065003, 39.905442742192797 ], [ -75.175343936878704, 39.905596473304001 ], [ -75.178151436755002, 39.905955980007498 ], [ -75.1833907405329, 39.906626692028603 ], [ -75.184329635469496, 39.906799203075003 ], [ -75.185126403954797, 39.906910488768901 ], [ -75.185303045505805, 39.906935160474603 ], [ -75.186267386948003, 39.907072056379199 ], [ -75.186988195785304, 39.907158370751503 ], [ -75.187554936941098, 39.907206182181604 ], [ -75.187885745978306, 39.907253883750798 ], [ -75.1894071609577, 39.9074713434429 ], [ -75.190076572878993, 39.907529668040397 ], [ -75.210366516561606, 39.910491289705 ], [ -75.209462688142295, 39.910465231263203 ], [ -75.208737070844506, 39.910504470921197 ], [ -75.208020416379497, 39.910595484612998 ], [ -75.207471096492796, 39.910690177779202 ], [ -75.206961650066106, 39.910840543866598 ], [ -75.206672444894394, 39.910989724794803 ], [ -75.2062933102616, 39.9112735604891 ], [ -75.205951825128494, 39.9116020382138 ], [ -75.205544748621193, 39.912079666554497 ], [ -75.204857162833306, 39.9130623080259 ], [ -75.204725314240605, 39.913300009656403 ], [ -75.204664419384002, 39.913409793128402 ], [ -75.203914732925995, 39.914761316985398 ], [ -75.203282994049403, 39.916010232458198 ], [ -75.203282945998197, 39.916010327004997 ], [ -75.183749651366398, 39.913529247157697 ], [ -75.183373122109501, 39.913453406615901 ], [ -75.183357158744499, 39.913450191350599 ], [ -75.182332451778194, 39.913297214555897 ], [ -75.181935386548602, 39.913268631460497 ], [ -75.181813524008902, 39.9132598586908 ], [ -75.181701520689899, 39.913251795798303 ] ] ], [ [ [ -75.174577000313306, 39.917305285051597 ], [ -75.174602853720302, 39.917185303839098 ], [ -75.175129314241104, 39.917252578198202 ], [ -75.175363561410293, 39.917286867362002 ], [ -75.175618643575703, 39.917317024316297 ], [ -75.176178267320395, 39.917386499894597 ], [ -75.176729647184104, 39.917461575740603 ], [ -75.176967445686998, 39.917478368887203 ], [ -75.177213807992004, 39.917518984478697 ], [ -75.177735406210104, 39.917584787970803 ], [ -75.178348813442398, 39.917655962135399 ], [ -75.179315684909398, 39.917788019957598 ], [ -75.180902487238598, 39.917980332619202 ], [ -75.182823285243401, 39.918241646910801 ], [ -75.182795339262299, 39.9183677782557 ], [ -75.182513889042397, 39.919638064368897 ], [ -75.182223043399404, 39.9208798135489 ], [ -75.182195573724499, 39.921027039924397 ], [ -75.181967682756394, 39.922124700382398 ], [ -75.181716599622007, 39.923255164243301 ], [ -75.181698655928898, 39.923346578906603 ], [ -75.18143385402, 39.924629977288603 ], [ -75.181160789283098, 39.925859558335503 ], [ -75.181058505524504, 39.926295933448699 ], [ -75.180981615170595, 39.926672907045599 ], [ -75.180895853289798, 39.927082814845797 ], [ -75.180627656258295, 39.9282985545019 ], [ -75.180536904097707, 39.928732252255003 ], [ -75.180464944316, 39.929094027000801 ], [ -75.180370253553406, 39.929530995410502 ], [ -75.180271826831401, 39.929958650933798 ], [ -75.180187751595199, 39.9303237255683 ], [ -75.180093533998104, 39.930748117362299 ], [ -75.178174481587405, 39.930500655209997 ], [ -75.176609329972905, 39.930294446741598 ], [ -75.176072803104304, 39.930228308044803 ], [ -75.175606764814503, 39.930163749232896 ], [ -75.175035409558504, 39.930096823771201 ], [ -75.173465583911295, 39.929899271702503 ], [ -75.1729104707955, 39.929820749302998 ], [ -75.172432855865395, 39.9297527700949 ], [ -75.171900533043001, 39.929683771473698 ], [ -75.172157294139893, 39.928472300221301 ], [ -75.172418321325296, 39.927241317402299 ], [ -75.172683067696795, 39.926027090122602 ], [ -75.172764615584498, 39.925629044724801 ], [ -75.172946833837301, 39.924845759923102 ], [ -75.173076524193803, 39.924298235100302 ], [ -75.173229294805395, 39.9235658785094 ], [ -75.173487599394306, 39.922316338540803 ], [ -75.173751703756295, 39.921069593938697 ], [ -75.174036054143201, 39.919818834652602 ], [ -75.174304229751002, 39.918571159642099 ], [ -75.174577000313306, 39.917305285051597 ] ] ] ] } },
{ "type": "Feature", "properties": { "objectid": 71, "score": 30.0, "Shape__Area": 2916755.7421875, "Shape__Length": 8766.1634356959457 }, "geometry": { "type": "Polygon", "coordinates": [ [ [ -75.165015450786697, 39.928794878184398 ], [ -75.164917952621494, 39.928705335763503 ], [ -75.164666428461501, 39.928749688082902 ], [ -75.163908924534198, 39.9286580325034 ], [ -75.163379483500407, 39.928586610025199 ], [ -75.163458393270204, 39.928181933912597 ], [ -75.1635528137639, 39.927779523079899 ], [ -75.163651132319202, 39.927358575327801 ], [ -75.1637409285714, 39.926925634721101 ], [ -75.163822619943403, 39.926567547888098 ], [ -75.163920199763794, 39.926139321117397 ], [ -75.164172118868805, 39.924919516661497 ], [ -75.164271429761101, 39.924492916217602 ], [ -75.164352304768897, 39.924151219115998 ], [ -75.164443483295699, 39.923711122687401 ], [ -75.164533938485405, 39.923268568194203 ], [ -75.164621543945103, 39.922914473556403 ], [ -75.164711031194201, 39.922475066862901 ], [ -75.164814251386005, 39.922042693224597 ], [ -75.164891249473698, 39.921676845903697 ], [ -75.164991761814505, 39.921224926494297 ], [ -75.165081808156899, 39.920790883504701 ], [ -75.165162305919395, 39.920412256629902 ], [ -75.165261890801602, 39.919975099087601 ], [ -75.165382496685297, 39.919410110833802 ], [ -75.165535822510606, 39.918731907316499 ], [ -75.165808175989497, 39.917483150009502 ], [ -75.166072122530295, 39.916270569653598 ], [ -75.166254858542302, 39.916115542288601 ], [ -75.166368560160606, 39.915594667247902 ], [ -75.166420011861405, 39.915335671714203 ], [ -75.166522088902596, 39.914898750771897 ], [ -75.166548636020707, 39.914846374581302 ], [ -75.166593596638904, 39.914791872457499 ], [ -75.166644398677207, 39.9145752712827 ], [ -75.166854445106907, 39.913606756095803 ], [ -75.166286042072898, 39.9135352341534 ], [ -75.1657224743211, 39.9134565211872 ], [ -75.1650836797062, 39.913377837461397 ], [ -75.165485665590296, 39.911540352259898 ], [ -75.165515763558403, 39.911402768029802 ], [ -75.168198170447297, 39.9117479501448 ], [ -75.168500729491996, 39.911796900249897 ], [ -75.170452607230104, 39.912052287966098 ], [ -75.171937676860594, 39.912246573880999 ], [ -75.172256326783994, 39.912288258580297 ], [ -75.1726556910982, 39.912340501310197 ], [ -75.173244773497004, 39.912417558761199 ], [ -75.174037740969993, 39.912500706418903 ], [ -75.177818601570493, 39.912989250610998 ], [ -75.178366242068904, 39.913061131488497 ], [ -75.178886745830994, 39.913147010202103 ], [ -75.180534860057307, 39.913214368989998 ], [ -75.181473914204801, 39.913235410811701 ], [ -75.181701520689899, 39.913251795798303 ], [ -75.181813524008902, 39.9132598586908 ], [ -75.181935386548602, 39.913268631460497 ], [ -75.181889749762703, 39.913516366761399 ], [ -75.181889578772797, 39.913517298163598 ], [ -75.181888890202799, 39.913520475114098 ], [ -75.181887546915306, 39.913526670005403 ], [ -75.181191547852094, 39.916737702125502 ], [ -75.180902487238598, 39.917980332619202 ], [ -75.179315684909398, 39.917788019957598 ], [ -75.178348813442398, 39.917655962135399 ], [ -75.177735406210104, 39.917584787970803 ], [ -75.177213807992004, 39.917518984478697 ], [ -75.176967445686998, 39.917478368887203 ], [ -75.176729647184104, 39.917461575740603 ], [ -75.176178267320395, 39.917386499894597 ], [ -75.175618643575703, 39.917317024316297 ], [ -75.175363561410293, 39.917286867362002 ], [ -75.175129314241104, 39.917252578198202 ], [ -75.174602853720302, 39.917185303839098 ], [ -75.174577000313306, 39.917305285051597 ], [ -75.174304229751002, 39.918571159642099 ], [ -75.174036054143201, 39.919818834652602 ], [ -75.173751703756295, 39.921069593938697 ], [ -75.173487599394306, 39.922316338540803 ], [ -75.173229294805395, 39.9235658785094 ], [ -75.173076524193803, 39.924298235100302 ], [ -75.172946833837301, 39.924845759923102 ], [ -75.172764615584498, 39.925629044724801 ], [ -75.172683067696795, 39.926027090122602 ], [ -75.172418321325296, 39.927241317402299 ], [ -75.172157294139893, 39.928472300221301 ], [ -75.171900533043001, 39.929683771473698 ], [ -75.171340888234695, 39.929617091583403 ], [ -75.170893835640697, 39.929561955763198 ], [ -75.170326916209802, 39.929486090799301 ], [ -75.169786474001796, 39.929422981556698 ], [ -75.169349246807698, 39.929363083644702 ], [ -75.168690954296594, 39.929265432722197 ], [ -75.168570043286294, 39.9292616713591 ], [ -75.167976757692898, 39.929190820644699 ], [ -75.167645782299203, 39.929150821528602 ], [ -75.167081225794306, 39.929074428671399 ], [ -75.166515361394701, 39.928992503554802 ], [ -75.165856437852, 39.928906795681698 ], [ -75.165439799992996, 39.928859076958098 ], [ -75.165015450786697, 39.928794878184398 ] ] ] } },
{ "type": "Feature", "properties": { "objectid": 72, "score": 22.4, "Shape__Area": 4325531.6796875, "Shape__Length": 9263.0757726168049 }, "geometry": { "type": "Polygon", "coordinates": [ [ [ -75.176885837143402, 39.975516599539901 ], [ -75.177125310723696, 39.974336303913603 ], [ -75.177854457127793, 39.974257005536103 ], [ -75.177865653583495, 39.973841523477503 ], [ -75.177864722768007, 39.972489100145701 ], [ -75.177540508079005, 39.972446625149999 ], [ -75.177808285813398, 39.971217037149501 ], [ -75.178058464100701, 39.9701217967622 ], [ -75.178192346287801, 39.969507249442003 ], [ -75.178322982949197, 39.968891502280002 ], [ -75.178413493408996, 39.968455095782303 ], [ -75.178432825779396, 39.968398416606803 ], [ -75.1784781584184, 39.968153313912303 ], [ -75.1785154357257, 39.967975329264199 ], [ -75.178543331964306, 39.967842137833699 ], [ -75.178643452621401, 39.967408257680603 ], [ -75.178815614804506, 39.966637198908799 ], [ -75.179686560067594, 39.967425475358603 ], [ -75.181123554005495, 39.967471667275703 ], [ -75.186115599834693, 39.967277479846203 ], [ -75.186236276627099, 39.967367960854197 ], [ -75.186529108388299, 39.967575663701901 ], [ -75.186661685353499, 39.967664980981503 ], [ -75.186763075034705, 39.967729890577402 ], [ -75.186867833158104, 39.9677916864742 ], [ -75.186975609373405, 39.967850681778302 ], [ -75.187198671149204, 39.9679616400553 ], [ -75.187351699765301, 39.968031504555903 ], [ -75.187507114467095, 39.968099030012297 ], [ -75.188017610058793, 39.9683121574013 ], [ -75.188328348000496, 39.968444984142799 ], [ -75.188527506401599, 39.968522503982797 ], [ -75.189054729206703, 39.968713356617798 ], [ -75.1892417746175, 39.968784644570697 ], [ -75.189254420061999, 39.968789464251103 ], [ -75.1894486719887, 39.968870860808302 ], [ -75.189635055278103, 39.968960016392302 ], [ -75.189742096831594, 39.969018261966603 ], [ -75.189914291767195, 39.969123201687303 ], [ -75.190085703795702, 39.969234170229797 ], [ -75.190220879331704, 39.969327047991101 ], [ -75.1903527792266, 39.969423551948402 ], [ -75.190364768560002, 39.969432894508799 ], [ -75.190448699695594, 39.969498298499701 ], [ -75.190571447756696, 39.969601102462001 ], [ -75.190658873759602, 39.9696805518589 ], [ -75.1907681196016, 39.969789596639004 ], [ -75.190843786858494, 39.969873704072 ], [ -75.190913414214805, 39.9699597948524 ], [ -75.190976405073101, 39.970047860431698 ], [ -75.191032540546402, 39.970137859029997 ], [ -75.191100768385397, 39.970260375156698 ], [ -75.191147850662304, 39.970353954895103 ], [ -75.191205706591802, 39.970480768155802 ], [ -75.1912457681847, 39.970577257452199 ], [ -75.191295273611601, 39.970707529923502 ], [ -75.191383357130505, 39.970972600954397 ], [ -75.191461273577403, 39.971241884418703 ], [ -75.191626791349094, 39.971851832470698 ], [ -75.191686878113401, 39.972053111987002 ], [ -75.191706705138699, 39.9721133782229 ], [ -75.191738862191201, 39.972211117558103 ], [ -75.1919395867763, 39.972699181090903 ], [ -75.192388430538202, 39.973807307102703 ], [ -75.192617827477207, 39.974359874430597 ], [ -75.1927707553386, 39.974716068293198 ], [ -75.192781479965006, 39.974740220011199 ], [ -75.192913982728399, 39.975038616593302 ], [ -75.192987989441207, 39.975199289010597 ], [ -75.193070758446893, 39.9753624297364 ], [ -75.193063645197299, 39.975363173249299 ], [ -75.192168871118398, 39.975463689080399 ], [ -75.191962761989004, 39.975486842307802 ], [ -75.191819436915793, 39.9755021836623 ], [ -75.191336659025893, 39.975553861024899 ], [ -75.190997581452393, 39.975540188587303 ], [ -75.190625452476596, 39.975495652084 ], [ -75.189963460046997, 39.975412617209798 ], [ -75.189578818518598, 39.975534829535398 ], [ -75.189484303784994, 39.975592248569299 ], [ -75.189387781708305, 39.975669786312302 ], [ -75.189322397399394, 39.975748978284699 ], [ -75.189270458037399, 39.975835671207399 ], [ -75.189238270550902, 39.975928085814502 ], [ -75.189217484237403, 39.976049079559402 ], [ -75.189216977024401, 39.976128758841099 ], [ -75.1892665778756, 39.9762778112825 ], [ -75.189545375243, 39.976870656122699 ], [ -75.189676265889204, 39.9771828835405 ], [ -75.189718263263003, 39.977283062151798 ], [ -75.189784727868101, 39.977441605035501 ], [ -75.189883795669104, 39.977942901715501 ], [ -75.189662566408899, 39.978375479512501 ], [ -75.189433381067701, 39.978583229266199 ], [ -75.189310087744403, 39.978708196972498 ], [ -75.189235103436999, 39.978809914461202 ], [ -75.189163893817195, 39.979021188696599 ], [ -75.189064087715394, 39.979458782337602 ], [ -75.1886631257548, 39.981216721467902 ], [ -75.188540188415004, 39.981890490868302 ], [ -75.188370339497496, 39.982631477079302 ], [ -75.188205299856307, 39.983382577808698 ], [ -75.188035297534995, 39.984136065335903 ], [ -75.187952804920499, 39.984539650612298 ], [ -75.187707022014294, 39.985654606516498 ], [ -75.187599062117101, 39.986160525480201 ], [ -75.187493385981099, 39.986639121849599 ], [ -75.187385101273605, 39.987139970592999 ], [ -75.187276480951496, 39.987650754443003 ], [ -75.187174426361494, 39.988084293517701 ], [ -75.1870621575314, 39.988674505341699 ], [ -75.186341276948895, 39.9885818850329 ], [ -75.186001468669104, 39.988534970090797 ], [ -75.185384535535704, 39.988453010054002 ], [ -75.183797981487402, 39.988245445654798 ], [ -75.182396145561796, 39.988051479166998 ], [ -75.180597647864801, 39.987828475820699 ], [ -75.179995500166598, 39.987751263082501 ], [ -75.179537643245197, 39.987695891969402 ], [ -75.178972816163594, 39.987622746117701 ], [ -75.178374731562798, 39.9875387311982 ], [ -75.177546827937704, 39.987446944066797 ], [ -75.1767855738468, 39.987346411605699 ], [ -75.175412800284903, 39.987165108464403 ], [ -75.174942372127404, 39.9871014050306 ], [ -75.174363871716096, 39.987033389572403 ], [ -75.174696100835106, 39.985515720063198 ], [ -75.174797617163406, 39.985076174746297 ], [ -75.175028892046598, 39.984023425713097 ], [ -75.175315261924098, 39.982721270638898 ], [ -75.1753462777382, 39.982526727042597 ], [ -75.175556704464, 39.981570361235498 ], [ -75.175690390450598, 39.980991691805102 ], [ -75.175790641929495, 39.980503772735098 ], [ -75.175884024459407, 39.9800542934845 ], [ -75.175991979815905, 39.9795818210319 ], [ -75.1760687218584, 39.979196341314903 ], [ -75.176141997059204, 39.978855774109803 ], [ -75.176215474572402, 39.978534603822503 ], [ -75.176302637568696, 39.978148166567202 ], [ -75.176376963126501, 39.977795211334303 ], [ -75.176453167506693, 39.9774618572375 ], [ -75.176528627011507, 39.977136149647997 ], [ -75.176597808703704, 39.976782057250702 ], [ -75.176688710821793, 39.9763873818004 ], [ -75.176757207945002, 39.976055857717199 ], [ -75.176885837143402, 39.975516599539901 ] ] ] } },
{ "type": "Feature", "properties": { "objectid": 73, "score": 15.6, "Shape__Area": 4786896.171875, "Shape__Length": 13649.662121033205 }, "geometry": { "type": "Polygon", "coordinates": [ [ [ -75.154394401790995, 39.994880363779401 ], [ -75.154590455437699, 39.993947635386697 ], [ -75.154657596643304, 39.993653080675003 ], [ -75.154951852416502, 39.992362141365298 ], [ -75.155272835489001, 39.990862374059802 ], [ -75.155501670723496, 39.989802481438197 ], [ -75.155595050949103, 39.989378567467298 ], [ -75.155937668140297, 39.987886626653001 ], [ -75.156278074108698, 39.986292712723198 ], [ -75.156615680405807, 39.984708102828797 ], [ -75.156917548801701, 39.983229042519902 ], [ -75.157257244555495, 39.981702891426004 ], [ -75.157584568046403, 39.980232264553102 ], [ -75.157917399297901, 39.978716933059999 ], [ -75.158241394589794, 39.977289521819699 ], [ -75.158229701140499, 39.977225178341698 ], [ -75.158528769221803, 39.975859615100298 ], [ -75.158785066685198, 39.974491808930097 ], [ -75.159059475748805, 39.973214198398097 ], [ -75.1592394130722, 39.9723933382841 ], [ -75.159443796009995, 39.971476328941598 ], [ -75.1597050625696, 39.970211179100197 ], [ -75.159979065404798, 39.969004364362398 ], [ -75.1600751262024, 39.968608912008897 ], [ -75.160161959737806, 39.968186389203503 ], [ -75.160216093137507, 39.967897726808097 ], [ -75.160408805578399, 39.967039371406202 ], [ -75.160485166878004, 39.966679536313698 ], [ -75.160564050949105, 39.966303385040398 ], [ -75.160680113203099, 39.965779874185102 ], [ -75.160807640083803, 39.965168213420299 ], [ -75.160960684192105, 39.964478756098899 ], [ -75.161055779754804, 39.964050023918197 ], [ -75.161111820774906, 39.9637980404271 ], [ -75.161190965516298, 39.963431706729899 ], [ -75.161263278171504, 39.963135955931499 ], [ -75.161305353375198, 39.9629031174467 ], [ -75.161386020856298, 39.962483338088902 ], [ -75.161383374013695, 39.962326755493102 ], [ -75.1614146019771, 39.962111804360902 ], [ -75.1614788406239, 39.961798520453499 ], [ -75.161508321598006, 39.961669115656797 ], [ -75.161555805415404, 39.961451095605298 ], [ -75.161648502221794, 39.961030558774098 ], [ -75.161775321741601, 39.960430886298802 ], [ -75.1619626917972, 39.9595802103116 ], [ -75.162060954233894, 39.959110223816801 ], [ -75.162121068909897, 39.958830916628898 ], [ -75.162178101243796, 39.958556593795301 ], [ -75.162296186324596, 39.958067340127599 ], [ -75.162319553831196, 39.957939367734298 ], [ -75.162338679502298, 39.957834631562598 ], [ -75.162473871043403, 39.957851101398298 ], [ -75.1641257600035, 39.958052330864398 ], [ -75.165645288056993, 39.958237415233299 ], [ -75.1656597815103, 39.958239180694299 ], [ -75.167121282413206, 39.958417176128897 ], [ -75.1672246801147, 39.958438713629199 ], [ -75.167236616087905, 39.958440183329898 ], [ -75.168829730825607, 39.958636297375698 ], [ -75.169611636786101, 39.958730649310198 ], [ -75.170402291645999, 39.958825045824398 ], [ -75.170404318638205, 39.958825287904098 ], [ -75.171916459374401, 39.959005806496798 ], [ -75.171984816430196, 39.959013966723603 ], [ -75.171994892790295, 39.959015169863903 ], [ -75.172004135848994, 39.9590162732515 ], [ -75.171993016355302, 39.959046695600001 ], [ -75.171991314652502, 39.959056058568898 ], [ -75.171982531152807, 39.959104371764397 ], [ -75.171966163840096, 39.959150379198903 ], [ -75.171913651488495, 39.959297978281697 ], [ -75.171753643618302, 39.960039201043401 ], [ -75.171681869401695, 39.960352261031602 ], [ -75.171585866472, 39.960804838804897 ], [ -75.171499313503801, 39.961187518469899 ], [ -75.171397218543802, 39.961629288646002 ], [ -75.171266238053093, 39.962266033168802 ], [ -75.171196663086306, 39.962585010567899 ], [ -75.171067522936198, 39.963177064621199 ], [ -75.170987881254604, 39.9635837779893 ], [ -75.170961756465701, 39.963701206444 ], [ -75.170877201604696, 39.964081273502899 ], [ -75.170804147286006, 39.964358654668203 ], [ -75.170746014709295, 39.964632896932798 ], [ -75.170683291474106, 39.964984580846703 ], [ -75.170525982823605, 39.965669577786301 ], [ -75.1703680679814, 39.966354952891898 ], [ -75.170298613987796, 39.966672892807502 ], [ -75.170248604857804, 39.966901816184503 ], [ -75.170179436510594, 39.967259789154603 ], [ -75.170780121020798, 39.967268826199003 ], [ -75.171346562635705, 39.967284337412899 ], [ -75.170998813694396, 39.969236944116098 ], [ -75.170815087630402, 39.970266892976497 ], [ -75.170800637279697, 39.970342201074402 ], [ -75.170683315792402, 39.970902459713301 ], [ -75.170553739887794, 39.971579280167902 ], [ -75.170504806599098, 39.971893034026898 ], [ -75.170444180325504, 39.972177415151997 ], [ -75.170302635227401, 39.972881446352901 ], [ -75.1689964260529, 39.972710223628297 ], [ -75.167424014188995, 39.972502104412101 ], [ -75.166541448084601, 39.9723896648077 ], [ -75.166339422290505, 39.972364364903498 ], [ -75.165853665211799, 39.972303163466599 ], [ -75.165653505763302, 39.973225426585699 ], [ -75.165566445246995, 39.9736118313918 ], [ -75.1654636660503, 39.974042840248501 ], [ -75.1653896488817, 39.974397132734197 ], [ -75.165358314637501, 39.9745385486085 ], [ -75.165323369639395, 39.974677320696003 ], [ -75.165298387576698, 39.974753049794899 ], [ -75.165262468765107, 39.974942182820897 ], [ -75.165186355054999, 39.975308800843102 ], [ -75.165113932480693, 39.975712515781602 ], [ -75.165001643175103, 39.976207880264298 ], [ -75.164890819231303, 39.976677834011603 ], [ -75.1645831650074, 39.9781042784169 ], [ -75.164274601702701, 39.9795274959979 ], [ -75.163937577477796, 39.981047203715796 ], [ -75.163618755441703, 39.982538817385901 ], [ -75.163505743572699, 39.983059793972302 ], [ -75.163404470524497, 39.983524991858097 ], [ -75.163289423019805, 39.984043112131403 ], [ -75.163187670755605, 39.984480832543198 ], [ -75.163091450209507, 39.984927881419502 ], [ -75.162953020011102, 39.985551802420503 ], [ -75.162866961053993, 39.9859439047639 ], [ -75.1628155084003, 39.986204300801603 ], [ -75.162724863835606, 39.986631499645704 ], [ -75.162613994272306, 39.987121220084497 ], [ -75.162273758117806, 39.988714554849302 ], [ -75.161950231803701, 39.990194572075502 ], [ -75.161616184154198, 39.991695021495701 ], [ -75.161293497844895, 39.993181326313398 ], [ -75.161084997264396, 39.994140452596803 ], [ -75.160948669061298, 39.994746204347798 ], [ -75.159920727517999, 39.994600837084 ], [ -75.159324521350499, 39.994807263149902 ], [ -75.157561924423803, 39.995460208458702 ], [ -75.156318677743897, 39.9959148255871 ], [ -75.156148455763599, 39.995974438705296 ], [ -75.155953690050197, 39.99604264701 ], [ -75.155561716350107, 39.996189211942898 ], [ -75.153987224632999, 39.996791166358101 ], [ -75.154144322328705, 39.996000806578301 ], [ -75.154255730538495, 39.995534830766204 ], [ -75.1543209924302, 39.995231201025398 ], [ -75.154394401790995, 39.994880363779401 ] ] ] } },
{ "type": "Feature", "properties": { "objectid": 74, "score": 10.6, "Shape__Area": 5144205.61328125, "Shape__Length": 9265.0960977348095 }, "geometry": { "type": "Polygon", "coordinates": [ [ [ -75.173990081688103, 39.988784302638599 ], [ -75.174363871716096, 39.987033389572403 ], [ -75.174942372127404, 39.9871014050306 ], [ -75.175412800284903, 39.987165108464403 ], [ -75.1767855738468, 39.987346411605699 ], [ -75.177546827937704, 39.987446944066797 ], [ -75.178374731562798, 39.9875387311982 ], [ -75.178972816163594, 39.987622746117701 ], [ -75.179537643245197, 39.987695891969402 ], [ -75.179995500166598, 39.987751263082501 ], [ -75.180597647864801, 39.987828475820699 ], [ -75.182396145561796, 39.988051479166998 ], [ -75.183797981487402, 39.988245445654798 ], [ -75.185384535535704, 39.988453010054002 ], [ -75.186001468669104, 39.988534970090797 ], [ -75.186341276948895, 39.9885818850329 ], [ -75.1870621575314, 39.988674505341699 ], [ -75.186716307411103, 39.990224416230298 ], [ -75.186373994392696, 39.991786243617597 ], [ -75.186151135042294, 39.992671590465598 ], [ -75.186488194834894, 39.993357387239001 ], [ -75.186977837533206, 39.994353609383701 ], [ -75.187263447465796, 39.994956296206098 ], [ -75.187558655977597, 39.995838643196301 ], [ -75.187585635389794, 39.996051195070599 ], [ -75.187610463575297, 39.996440984949501 ], [ -75.187611749058604, 39.996584277463199 ], [ -75.187607618064007, 39.998204846712198 ], [ -75.187591781065095, 39.998569527647902 ], [ -75.187558704484402, 39.998652781315201 ], [ -75.187034394357497, 39.999983044440803 ], [ -75.186955254265001, 40.000194140746601 ], [ -75.186863266356298, 40.000418490487803 ], [ -75.186789504401801, 40.000598389533202 ], [ -75.186713854294794, 40.000792037180702 ], [ -75.186683450865303, 40.000885514633502 ], [ -75.186668874679, 40.000955231665998 ], [ -75.1866635086146, 40.0010182662446 ], [ -75.186673252511198, 40.001116084726497 ], [ -75.186691755741293, 40.001179651227403 ], [ -75.187088892073305, 40.002406233507799 ], [ -75.187165451546207, 40.002642670644903 ], [ -75.187174756809597, 40.002683412918799 ], [ -75.187182329116396, 40.002725926676 ], [ -75.187186787439799, 40.002781477825799 ], [ -75.187181623079994, 40.002852958407999 ], [ -75.187219700631701, 40.002882025423503 ], [ -75.187252616440304, 40.0029130070712 ], [ -75.187281925170495, 40.002970121127603 ], [ -75.187305384836904, 40.003043236377302 ], [ -75.187337043777006, 40.003223865352403 ], [ -75.187350727396193, 40.003335105677799 ], [ -75.1874330246564, 40.004650686356896 ], [ -75.187456061709099, 40.004975408473101 ], [ -75.1878240196843, 40.006111618011801 ], [ -75.188103189021902, 40.006434682783897 ], [ -75.187727785280202, 40.006755420744597 ], [ -75.187518573199796, 40.006944271743201 ], [ -75.183100890477604, 40.007150410845099 ], [ -75.182594566826793, 40.007174108779402 ], [ -75.182252869134999, 40.007189867984302 ], [ -75.1819111663401, 40.007205575618201 ], [ -75.181569471301003, 40.007221350959703 ], [ -75.181227793816802, 40.007237309528001 ], [ -75.180886147890106, 40.007253570451901 ], [ -75.180544544384006, 40.007270251208297 ], [ -75.180202995569303, 40.0072874682511 ], [ -75.179861646408497, 40.0073074538425 ], [ -75.179521306498501, 40.007335711650697 ], [ -75.1794857710114, 40.0073396598521 ], [ -75.179182580577404, 40.0073733500519 ], [ -75.178844328509797, 40.007414060380299 ], [ -75.178505318222605, 40.007450494721603 ], [ -75.178189548221894, 40.007482742639901 ], [ -75.178165975400105, 40.007485149991602 ], [ -75.177826754251598, 40.007520414427297 ], [ -75.177488033749199, 40.007558326224903 ], [ -75.177149494813904, 40.007597895376101 ], [ -75.176811718491706, 40.0076408208188 ], [ -75.176475658795994, 40.007690224921603 ], [ -75.176279565151106, 40.007724970928997 ], [ -75.176142049846703, 40.007749337448303 ], [ -75.175810258171296, 40.007814450747901 ], [ -75.175480568803493, 40.007885230777802 ], [ -75.175153515892106, 40.007963025683502 ], [ -75.174827518837205, 40.008043484364499 ], [ -75.174503132668406, 40.008127574023298 ], [ -75.174181980888505, 40.008218456156598 ], [ -75.173864336245401, 40.008316741184998 ], [ -75.173546961130995, 40.008415626183996 ], [ -75.173230595405002, 40.0085164421141 ], [ -75.172921457763294, 40.008628965107498 ], [ -75.1728915863591, 40.008640910661398 ], [ -75.172878234760006, 40.0086262812124 ], [ -75.172212180471703, 40.007907809861599 ], [ -75.171786754227099, 40.0074331327694 ], [ -75.171498604275797, 40.007078761581703 ], [ -75.170816015061007, 40.006179015569103 ], [ -75.170088954688495, 40.005195387750199 ], [ -75.169506978367394, 40.0044080177029 ], [ -75.1694218808871, 40.0043126328057 ], [ -75.168945404849893, 40.003669784835601 ], [ -75.169109026653601, 40.003623017332302 ], [ -75.169442075795899, 40.0021097287201 ], [ -75.1695408004325, 40.001692386527601 ], [ -75.169617571505498, 40.0013193265684 ], [ -75.169679800917507, 40.001056519501098 ], [ -75.169757443666896, 40.000631224774096 ], [ -75.170090632344895, 39.999125885722599 ], [ -75.170422913840795, 39.997627668040998 ], [ -75.170770408183301, 39.996045294202602 ], [ -75.170905145784999, 39.995417482701697 ], [ -75.170999977821396, 39.994977864519797 ], [ -75.171117870710304, 39.994453528744998 ], [ -75.171232829302596, 39.993893417055801 ], [ -75.171322573740895, 39.9934914449072 ], [ -75.171443300797193, 39.992956007224898 ], [ -75.171597029572794, 39.992209551780597 ], [ -75.171756550209594, 39.991462963344603 ], [ -75.171877244306202, 39.9909179701216 ], [ -75.171905328077401, 39.990803044979799 ], [ -75.171983637386603, 39.990729788322497 ], [ -75.173205624532898, 39.990118749879699 ], [ -75.173767388369797, 39.989827400924703 ], [ -75.173990081688103, 39.988784302638599 ] ] ] } },
{ "type": "Feature", "properties": { "objectid": 75, "score": 12.0, "Shape__Area": 5830945.48828125, "Shape__Length": 11342.537372577515 }, "geometry": { "type": "Polygon", "coordinates": [ [ [ -75.1500982711771, 40.014577303250903 ], [ -75.150205385169897, 40.013996085653503 ], [ -75.150247432014893, 40.013771153155098 ], [ -75.150396908291498, 40.013175222259498 ], [ -75.150575571727202, 40.012379618452599 ], [ -75.150885615946393, 40.010846462246299 ], [ -75.151093326264998, 40.009943683377301 ], [ -75.151248688469593, 40.0092883069035 ], [ -75.151371422549204, 40.008736639434801 ], [ -75.151455656248302, 40.008312743618198 ], [ -75.151605276990907, 40.0076746371018 ], [ -75.151923332705707, 40.006176599008697 ], [ -75.152237940667703, 40.004699034314903 ], [ -75.1525525195851, 40.003190912138898 ], [ -75.152928293155696, 40.001602016297902 ], [ -75.153273554497503, 40.000014037570999 ], [ -75.153377413547403, 39.999543791936603 ], [ -75.153432206820895, 39.999330977217802 ], [ -75.153518534858904, 39.998951756026003 ], [ -75.153567950082206, 39.998732992691899 ], [ -75.153611215522403, 39.998524671929403 ], [ -75.153784062227004, 39.997727814808599 ], [ -75.153987224632999, 39.996791166358101 ], [ -75.155561716350107, 39.996189211942898 ], [ -75.155953690050197, 39.99604264701 ], [ -75.156148455763599, 39.995974438705296 ], [ -75.156318677743897, 39.9959148255871 ], [ -75.157561924423803, 39.995460208458702 ], [ -75.159324521350499, 39.994807263149902 ], [ -75.159920727517999, 39.994600837084 ], [ -75.160948669061298, 39.994746204347798 ], [ -75.161352424872405, 39.994821346029603 ], [ -75.161633800743402, 39.9948577202194 ], [ -75.161860612703606, 39.994887039358503 ], [ -75.162545422622998, 39.994977342428001 ], [ -75.163196190163205, 39.995071267587001 ], [ -75.1640529337065, 39.994734391414703 ], [ -75.164284996091396, 39.994616424273403 ], [ -75.168066641618296, 39.9927262985046 ], [ -75.168250394820902, 39.992588751629 ], [ -75.168493680718996, 39.992516956135198 ], [ -75.169762289775207, 39.991869103146499 ], [ -75.170081772369898, 39.991706918353003 ], [ -75.170200608122101, 39.991646591354403 ], [ -75.170786149602804, 39.991343856903498 ], [ -75.171142715184004, 39.9911590310018 ], [ -75.171983637386603, 39.990729788322497 ], [ -75.171905328077401, 39.990803044979799 ], [ -75.171877244306202, 39.9909179701216 ], [ -75.171756550209594, 39.991462963344603 ], [ -75.171597029572794, 39.992209551780597 ], [ -75.171443300797193, 39.992956007224898 ], [ -75.171322573740895, 39.9934914449072 ], [ -75.171232829302596, 39.993893417055801 ], [ -75.171117870710304, 39.994453528744998 ], [ -75.170999977821396, 39.994977864519797 ], [ -75.170905145784999, 39.995417482701697 ], [ -75.170770408183301, 39.996045294202602 ], [ -75.170422913840795, 39.997627668040998 ], [ -75.170090632344895, 39.999125885722599 ], [ -75.169757443666896, 40.000631224774096 ], [ -75.169679800917507, 40.001056519501098 ], [ -75.169617571505498, 40.0013193265684 ], [ -75.1695408004325, 40.001692386527601 ], [ -75.169442075795899, 40.0021097287201 ], [ -75.169109026653601, 40.003623017332302 ], [ -75.168945404849893, 40.003669784835601 ], [ -75.1694218808871, 40.0043126328057 ], [ -75.169506978367394, 40.0044080177029 ], [ -75.170088954688495, 40.005195387750199 ], [ -75.170816015061007, 40.006179015569103 ], [ -75.171498604275797, 40.007078761581703 ], [ -75.171786754227099, 40.0074331327694 ], [ -75.172212180471703, 40.007907809861599 ], [ -75.172878234760006, 40.0086262812124 ], [ -75.1728915863591, 40.008640910661398 ], [ -75.172617766150395, 40.008750414201998 ], [ -75.172316756629598, 40.008876063877999 ], [ -75.172016563955395, 40.0090026600367 ], [ -75.171719854358201, 40.009134054990398 ], [ -75.171430708591302, 40.0092748786101 ], [ -75.171142596880998, 40.009416975481997 ], [ -75.170854800526797, 40.009559468934803 ], [ -75.170567268292601, 40.0097022936664 ], [ -75.170279947069403, 40.009845385562599 ], [ -75.170123616484204, 40.009923394787897 ], [ -75.169992785615904, 40.009988679495798 ], [ -75.169705732724907, 40.010132109460002 ], [ -75.169418736894499, 40.010275611199603 ], [ -75.169131744145105, 40.010419119523903 ], [ -75.168844704184806, 40.010562568445998 ], [ -75.168557565937306, 40.010705894596903 ], [ -75.168270276593304, 40.010849032107799 ], [ -75.167939519023705, 40.011015209547999 ], [ -75.167779474673296, 40.011095612546498 ], [ -75.167652939324697, 40.011159180410097 ], [ -75.167366352646297, 40.011303145856701 ], [ -75.167079761567507, 40.011447104188299 ], [ -75.166793165948206, 40.011591059092602 ], [ -75.166506565593295, 40.011735009686298 ], [ -75.166219961879804, 40.011878955824798 ], [ -75.165933354734193, 40.0120228994397 ], [ -75.165646745036796, 40.012166841429597 ], [ -75.165360134426194, 40.0123107807769 ], [ -75.165073521223505, 40.0124547195528 ], [ -75.164786907007397, 40.012598658320201 ], [ -75.164500293853393, 40.0127425965985 ], [ -75.164213679155594, 40.0128865367898 ], [ -75.1639270656881, 40.013030478077603 ], [ -75.163640454552507, 40.0131744215415 ], [ -75.163353844090196, 40.013318368725898 ], [ -75.163067237068304, 40.0134623189902 ], [ -75.162780633426607, 40.013606273914803 ], [ -75.162494032963394, 40.013750232792198 ], [ -75.162207435840202, 40.013894197383699 ], [ -75.161987293453805, 40.0140047872436 ], [ -75.161974107741699, 40.014011411592698 ], [ -75.161920844079006, 40.014038168613801 ], [ -75.161894323202205, 40.0140514933722 ], [ -75.161634257874596, 40.014182147365602 ], [ -75.161347677260395, 40.014326132761198 ], [ -75.161061103304803, 40.014470126758098 ], [ -75.160774536014102, 40.0146141291807 ], [ -75.160487976235103, 40.0147581418058 ], [ -75.160201424457895, 40.014902163765797 ], [ -75.159914881515604, 40.015046197188603 ], [ -75.159628347421503, 40.015190241722998 ], [ -75.159341823283995, 40.015334298273103 ], [ -75.159056713318904, 40.015480235955003 ], [ -75.1587745218403, 40.0156299240492 ], [ -75.158480783006098, 40.015763813547402 ], [ -75.1581700636969, 40.015874721654299 ], [ -75.157855218875198, 40.015978840276603 ], [ -75.157730429086897, 40.016019802552997 ], [ -75.156655710739201, 40.014627507043798 ], [ -75.155188361948206, 40.015304522315603 ], [ -75.153852446654398, 40.015901021127199 ], [ -75.153248711080195, 40.0161833794633 ], [ -75.151535179073804, 40.016984745606202 ], [ -75.151210327618102, 40.017123126206499 ], [ -75.150305312092797, 40.017546906661501 ], [ -75.149349276915302, 40.017966917257397 ], [ -75.149588638695406, 40.016941698818698 ], [ -75.149728962071507, 40.0162240868205 ], [ -75.149772184880106, 40.016030882560599 ], [ -75.149841567360895, 40.015681231088401 ], [ -75.1499339942212, 40.015334787440203 ], [ -75.150041397520397, 40.014827779099903 ], [ -75.150072739314993, 40.014689750794801 ], [ -75.1500982711771, 40.014577303250903 ] ] ] } },
{ "type": "Feature", "properties": { "objectid": 76, "score": 17.6, "Shape__Area": 5968291.37109375, "Shape__Length": 14169.390105900042 }, "geometry": { "type": "Polygon", "coordinates": [ [ [ -75.165653505763302, 39.973225426585699 ], [ -75.165853665211799, 39.972303163466599 ], [ -75.166339422290505, 39.972364364903498 ], [ -75.166541448084601, 39.9723896648077 ], [ -75.167424014188995, 39.972502104412101 ], [ -75.1689964260529, 39.972710223628297 ], [ -75.170302635227401, 39.972881446352901 ], [ -75.170444180325504, 39.972177415151997 ], [ -75.170504806599098, 39.971893034026898 ], [ -75.170553739887794, 39.971579280167902 ], [ -75.170683315792402, 39.970902459713301 ], [ -75.170800637279697, 39.970342201074402 ], [ -75.170815087630402, 39.970266892976497 ], [ -75.170998813694396, 39.969236944116098 ], [ -75.171346562635705, 39.967284337412899 ], [ -75.170780121020798, 39.967268826199003 ], [ -75.170179436510594, 39.967259789154603 ], [ -75.170248604857804, 39.966901816184503 ], [ -75.170298613987796, 39.966672892807502 ], [ -75.1703680679814, 39.966354952891898 ], [ -75.170525982823605, 39.965669577786301 ], [ -75.170683291474106, 39.964984580846703 ], [ -75.170746014709295, 39.964632896932798 ], [ -75.170804147286006, 39.964358654668203 ], [ -75.170877201604696, 39.964081273502899 ], [ -75.170961756465701, 39.963701206444 ], [ -75.170987881254604, 39.9635837779893 ], [ -75.171067522936198, 39.963177064621199 ], [ -75.171196663086306, 39.962585010567899 ], [ -75.171266238053093, 39.962266033168802 ], [ -75.171397218543802, 39.961629288646002 ], [ -75.171499313503801, 39.961187518469899 ], [ -75.171585866472, 39.960804838804897 ], [ -75.171681869401695, 39.960352261031602 ], [ -75.171753643618302, 39.960039201043401 ], [ -75.171913651488495, 39.959297978281697 ], [ -75.171966163840096, 39.959150379198903 ], [ -75.171982531152807, 39.959104371764397 ], [ -75.171991314652502, 39.959056058568898 ], [ -75.171993016355302, 39.959046695600001 ], [ -75.172004135848994, 39.9590162732515 ], [ -75.172193808973304, 39.959038914036697 ], [ -75.172669794674405, 39.9591114959333 ], [ -75.172680069027393, 39.959112694496802 ], [ -75.173890775022301, 39.959253862908099 ], [ -75.173897273759707, 39.959254620663003 ], [ -75.174298385157698, 39.959306199358799 ], [ -75.175485573740403, 39.959457314259801 ], [ -75.175487368304005, 39.959457542948101 ], [ -75.178192554832506, 39.959811913601499 ], [ -75.178204828370397, 39.959813413269899 ], [ -75.179081384076596, 39.959920507767599 ], [ -75.179177336507905, 39.959932230287002 ], [ -75.179281299028901, 39.959944931400599 ], [ -75.179726870037797, 39.959965619468299 ], [ -75.179822646923, 39.9599735640669 ], [ -75.179852907651494, 39.960026185233403 ], [ -75.179903775781696, 39.960114642689 ], [ -75.179916596432506, 39.960136936231102 ], [ -75.180078986934305, 39.960380325846998 ], [ -75.180247288981505, 39.960619882238497 ], [ -75.180421823123993, 39.960857596564601 ], [ -75.180601685499099, 39.961093562271898 ], [ -75.180809270748298, 39.961357049793499 ], [ -75.181021166007497, 39.961618575582797 ], [ -75.181284121912796, 39.961935750875803 ], [ -75.181550555812606, 39.962249976038102 ], [ -75.181827897003998, 39.962558466293103 ], [ -75.182087706595695, 39.962835074910103 ], [ -75.182719892585396, 39.963494627291901 ], [ -75.183029088251402, 39.963827857209203 ], [ -75.183252888747305, 39.964081830287597 ], [ -75.183348401464499, 39.964196696132497 ], [ -75.183470730456804, 39.964350353478899 ], [ -75.183543094810204, 39.964444193397 ], [ -75.183878713420398, 39.964895573762398 ], [ -75.1841054015146, 39.965200445656997 ], [ -75.184210185668206, 39.965351633141601 ], [ -75.184226281195606, 39.965375822033202 ], [ -75.184413602865703, 39.9656573336432 ], [ -75.184519125251796, 39.965807959589803 ], [ -75.184631784115894, 39.965954512284398 ], [ -75.184729365077303, 39.966067515559303 ], [ -75.184835386869395, 39.966175732855703 ], [ -75.185058112171106, 39.9663872351706 ], [ -75.185258403061596, 39.966570352999497 ], [ -75.185263101842395, 39.966574489134601 ], [ -75.185463665938897, 39.966751052365602 ], [ -75.185673832018196, 39.9669287595989 ], [ -75.185807291192205, 39.967037203503899 ], [ -75.185857822085296, 39.967078262907897 ], [ -75.186045317900096, 39.967224783345003 ], [ -75.186115599834693, 39.967277479846203 ], [ -75.181123554005495, 39.967471667275703 ], [ -75.179686560067594, 39.967425475358603 ], [ -75.178815614804506, 39.966637198908799 ], [ -75.178643452621401, 39.967408257680603 ], [ -75.178543331964306, 39.967842137833699 ], [ -75.1785154357257, 39.967975329264199 ], [ -75.1784781584184, 39.968153313912303 ], [ -75.178432825779396, 39.968398416606803 ], [ -75.178413493408996, 39.968455095782303 ], [ -75.178322982949197, 39.968891502280002 ], [ -75.178192346287801, 39.969507249442003 ], [ -75.178058464100701, 39.9701217967622 ], [ -75.177808285813398, 39.971217037149501 ], [ -75.177540508079005, 39.972446625149999 ], [ -75.177864722768007, 39.972489100145701 ], [ -75.177865653583495, 39.973841523477503 ], [ -75.177854457127793, 39.974257005536103 ], [ -75.177125310723696, 39.974336303913603 ], [ -75.176885837143402, 39.975516599539901 ], [ -75.176757207945002, 39.976055857717199 ], [ -75.176688710821793, 39.9763873818004 ], [ -75.176597808703704, 39.976782057250702 ], [ -75.176528627011507, 39.977136149647997 ], [ -75.176453167506693, 39.9774618572375 ], [ -75.176376963126501, 39.977795211334303 ], [ -75.176302637568696, 39.978148166567202 ], [ -75.176215474572402, 39.978534603822503 ], [ -75.176141997059204, 39.978855774109803 ], [ -75.1760687218584, 39.979196341314903 ], [ -75.175991979815905, 39.9795818210319 ], [ -75.175884024459407, 39.9800542934845 ], [ -75.175790641929495, 39.980503772735098 ], [ -75.175690390450598, 39.980991691805102 ], [ -75.175556704464, 39.981570361235498 ], [ -75.1753462777382, 39.982526727042597 ], [ -75.175315261924098, 39.982721270638898 ], [ -75.175028892046598, 39.984023425713097 ], [ -75.174797617163406, 39.985076174746297 ], [ -75.174696100835106, 39.985515720063198 ], [ -75.174363871716096, 39.987033389572403 ], [ -75.173990081688103, 39.988784302638599 ], [ -75.173767388369797, 39.989827400924703 ], [ -75.173205624532898, 39.990118749879699 ], [ -75.171983637386603, 39.990729788322497 ], [ -75.171142715184004, 39.9911590310018 ], [ -75.170786149602804, 39.991343856903498 ], [ -75.170200608122101, 39.991646591354403 ], [ -75.170081772369898, 39.991706918353003 ], [ -75.169762289775207, 39.991869103146499 ], [ -75.168493680718996, 39.992516956135198 ], [ -75.168250394820902, 39.992588751629 ], [ -75.168066641618296, 39.9927262985046 ], [ -75.164284996091396, 39.994616424273403 ], [ -75.1640529337065, 39.994734391414703 ], [ -75.163196190163205, 39.995071267587001 ], [ -75.162545422622998, 39.994977342428001 ], [ -75.161860612703606, 39.994887039358503 ], [ -75.161633800743402, 39.9948577202194 ], [ -75.161352424872405, 39.994821346029603 ], [ -75.160948669061298, 39.994746204347798 ], [ -75.161084997264396, 39.994140452596803 ], [ -75.161293497844895, 39.993181326313398 ], [ -75.161616184154198, 39.991695021495701 ], [ -75.161950231803701, 39.990194572075502 ], [ -75.162273758117806, 39.988714554849302 ], [ -75.162613994272306, 39.987121220084497 ], [ -75.162724863835606, 39.986631499645704 ], [ -75.1628155084003, 39.986204300801603 ], [ -75.162866961053993, 39.9859439047639 ], [ -75.162953020011102, 39.985551802420503 ], [ -75.163091450209507, 39.984927881419502 ], [ -75.163187670755605, 39.984480832543198 ], [ -75.163289423019805, 39.984043112131403 ], [ -75.163404470524497, 39.983524991858097 ], [ -75.163505743572699, 39.983059793972302 ], [ -75.163618755441703, 39.982538817385901 ], [ -75.163937577477796, 39.981047203715796 ], [ -75.164274601702701, 39.9795274959979 ], [ -75.1645831650074, 39.9781042784169 ], [ -75.164890819231303, 39.976677834011603 ], [ -75.165001643175103, 39.976207880264298 ], [ -75.165113932480693, 39.975712515781602 ], [ -75.165186355054999, 39.975308800843102 ], [ -75.165262468765107, 39.974942182820897 ], [ -75.165298387576698, 39.974753049794899 ], [ -75.165323369639395, 39.974677320696003 ], [ -75.165358314637501, 39.9745385486085 ], [ -75.1653896488817, 39.974397132734197 ], [ -75.1654636660503, 39.974042840248501 ], [ -75.165566445246995, 39.9736118313918 ], [ -75.165653505763302, 39.973225426585699 ] ] ] } },
{ "type": "Feature", "properties": { "objectid": 77, "score": 22.8, "Shape__Area": 9048454.32421875, "Shape__Length": 13680.458957891529 }, "geometry": { "type": "Polygon", "coordinates": [ [ [ -75.125596626137195, 39.979133926179898 ], [ -75.124772141266305, 39.9782057546986 ], [ -75.123911832153496, 39.9772264021992 ], [ -75.123642339186503, 39.976909211590602 ], [ -75.122833645273701, 39.976387936664601 ], [ -75.122372161963497, 39.976095251451298 ], [ -75.121908910440595, 39.975807873049597 ], [ -75.121555745346896, 39.975572328736398 ], [ -75.121146706708899, 39.975302935463198 ], [ -75.119185788132299, 39.974157582467498 ], [ -75.119094093085394, 39.9740891338148 ], [ -75.118963420023405, 39.9739915892103 ], [ -75.118890097199198, 39.973936854457897 ], [ -75.118664133779106, 39.973768176812598 ], [ -75.117949127040802, 39.974080780743002 ], [ -75.117866380061102, 39.973978562855301 ], [ -75.116915225552702, 39.973340953979701 ], [ -75.111439855246999, 39.9691363188834 ], [ -75.112888781230694, 39.968538619193403 ], [ -75.119450006268593, 39.965682610869898 ], [ -75.123368818139099, 39.963783887359703 ], [ -75.127776580236798, 39.961530328452497 ], [ -75.129089668603797, 39.960717209276801 ], [ -75.129832187712196, 39.960225114661696 ], [ -75.130496983984798, 39.959603975346802 ], [ -75.131081602900906, 39.958917370939297 ], [ -75.131539836838797, 39.958291512459503 ], [ -75.132054934057706, 39.957416448399002 ], [ -75.132269787978501, 39.957051440464198 ], [ -75.133683190602, 39.954522833255602 ], [ -75.141841635460395, 39.955523986171499 ], [ -75.141875502280399, 39.9555348710388 ], [ -75.141912836207794, 39.955547359126001 ], [ -75.1425229578673, 39.955620394011198 ], [ -75.142979557889603, 39.955676257519897 ], [ -75.143386852588407, 39.955730834045397 ], [ -75.144019895393697, 39.955810352597098 ], [ -75.144449112237098, 39.955864266413201 ], [ -75.145237249459797, 39.955956668694803 ], [ -75.146026192487497, 39.956057326279499 ], [ -75.146825901733607, 39.956155398153697 ], [ -75.147371092409202, 39.956225391820901 ], [ -75.147459043869205, 39.956221351183999 ], [ -75.147519021941207, 39.956230710155701 ], [ -75.147622414028802, 39.956246843955597 ], [ -75.148411432341405, 39.956339096406403 ], [ -75.148273034973499, 39.956952408482501 ], [ -75.149008991574803, 39.957041743060003 ], [ -75.148903574423599, 39.9575545685585 ], [ -75.148879112066595, 39.957673569321301 ], [ -75.148862626193093, 39.957753769401201 ], [ -75.148850567666599, 39.957812424489397 ], [ -75.148822209147795, 39.958032081129097 ], [ -75.148728681196999, 39.958507025919999 ], [ -75.148213952880397, 39.961285682466297 ], [ -75.148184340436401, 39.961427712738697 ], [ -75.148124403285905, 39.961759214885703 ], [ -75.148031236018795, 39.962274492551003 ], [ -75.147793038443197, 39.963482424110097 ], [ -75.147799587065407, 39.963536149293397 ], [ -75.147816006174807, 39.9635924479593 ], [ -75.147643388877299, 39.964524089976699 ], [ -75.147388386455603, 39.965886418235897 ], [ -75.147149609541103, 39.9671359179044 ], [ -75.146745064593503, 39.969301981104103 ], [ -75.146546535634599, 39.970389717155903 ], [ -75.146321812443304, 39.971573423033703 ], [ -75.146085117745699, 39.972842508865803 ], [ -75.145828377626103, 39.974222476702998 ], [ -75.145562559738195, 39.975648049000696 ], [ -75.145449061353403, 39.976237145893997 ], [ -75.145293595678098, 39.977079448294397 ], [ -75.145216326993804, 39.977094221921298 ], [ -75.144394236977007, 39.9769906528104 ], [ -75.143532048831702, 39.976878468695602 ], [ -75.142618055127599, 39.976759250643802 ], [ -75.141668835628195, 39.976635824238997 ], [ -75.141175996901893, 39.976573862823997 ], [ -75.140670251829505, 39.976506709879999 ], [ -75.140102696974694, 39.976433321217797 ], [ -75.139412500282305, 39.976343028851304 ], [ -75.138720924522403, 39.976258700818903 ], [ -75.138133189605497, 39.976179895512203 ], [ -75.137571137414596, 39.976106316608302 ], [ -75.137064615110901, 39.976041789773198 ], [ -75.136600735354193, 39.975980977978303 ], [ -75.136336806258598, 39.9758748173412 ], [ -75.136171408988204, 39.975808932472503 ], [ -75.135728369279505, 39.9756141869441 ], [ -75.135288863092597, 39.975421417719097 ], [ -75.134804065071194, 39.975209679680198 ], [ -75.134335697136393, 39.975002237987297 ], [ -75.134220980941393, 39.975373663806998 ], [ -75.134005960630503, 39.9763405652429 ], [ -75.133836775559004, 39.977157124866501 ], [ -75.133512147519497, 39.978651436724903 ], [ -75.1331924156638, 39.980143817879799 ], [ -75.133031177952503, 39.980101368280103 ], [ -75.131778849072901, 39.9793738576642 ], [ -75.130922520701006, 39.978872805614301 ], [ -75.130451210644296, 39.978598231371997 ], [ -75.129469498886394, 39.979592597180599 ], [ -75.128551455256897, 39.980527043385003 ], [ -75.127973024886302, 39.9811106899122 ], [ -75.127924669741404, 39.9811594803407 ], [ -75.127582357242801, 39.981392413952896 ], [ -75.127190205508299, 39.980935331102998 ], [ -75.126739237456306, 39.980439153026602 ], [ -75.126187845266102, 39.979798210992101 ], [ -75.125596626137195, 39.979133926179898 ] ] ] } },
{ "type": "Feature", "properties": { "objectid": 78, "score": 13.9, "Shape__Area": 3939884.1640625, "Shape__Length": 10613.384253278486 }, "geometry": { "type": "Polygon", "coordinates": [ [ [ -75.228300469381594, 39.945711249465099 ], [ -75.228147205000099, 39.945690026644797 ], [ -75.227964628646603, 39.945695247757598 ], [ -75.227806812771405, 39.945706869344903 ], [ -75.227571087855196, 39.945671277312897 ], [ -75.227439127188006, 39.945607557887598 ], [ -75.227310576773903, 39.945518107021499 ], [ -75.226808556278002, 39.945092287123302 ], [ -75.226326280025106, 39.944677981307102 ], [ -75.225933720691103, 39.9443543276168 ], [ -75.225420134419494, 39.943916188559498 ], [ -75.224981791671297, 39.943543569018502 ], [ -75.224588601729593, 39.943216312453998 ], [ -75.224131871498599, 39.942845457709701 ], [ -75.222756114932494, 39.941663994355402 ], [ -75.223241053660203, 39.9413208811552 ], [ -75.223428517396798, 39.941184695564097 ], [ -75.223618356858495, 39.941055138249197 ], [ -75.224116490451706, 39.9407004569861 ], [ -75.225482927068001, 39.939734253865801 ], [ -75.225953417257998, 39.939407313515296 ], [ -75.226385938806303, 39.939105256966101 ], [ -75.226856978922498, 39.938776163000099 ], [ -75.227385697803797, 39.938401998333902 ], [ -75.227833575769793, 39.938086508852201 ], [ -75.228360658738097, 39.937709643297701 ], [ -75.228845068602197, 39.937367539485898 ], [ -75.229230313542402, 39.937100521907198 ], [ -75.229728539015397, 39.936752154459001 ], [ -75.231098633463105, 39.935782282232097 ], [ -75.232726411862799, 39.934646667586001 ], [ -75.233051235599504, 39.934451200498401 ], [ -75.233168596054, 39.934411514878398 ], [ -75.233286792026604, 39.934385232616997 ], [ -75.233417867349999, 39.934359570660597 ], [ -75.233579273829207, 39.934337506101102 ], [ -75.233696669515496, 39.934332862243799 ], [ -75.233863898588098, 39.934354174523797 ], [ -75.2341428837791, 39.934421478028597 ], [ -75.2342982853704, 39.934491785914297 ], [ -75.234533135389896, 39.934602170724098 ], [ -75.234885375039894, 39.934638460419499 ], [ -75.235161434133005, 39.934650596658599 ], [ -75.235375692959707, 39.934624885170699 ], [ -75.235607086728095, 39.934563059551998 ], [ -75.235920445333406, 39.934450561723501 ], [ -75.236649033103205, 39.933906588587 ], [ -75.236650821814393, 39.933944845419198 ], [ -75.236663572745897, 39.934095609100901 ], [ -75.236653125205507, 39.934212945546399 ], [ -75.236605185447701, 39.934352972893599 ], [ -75.236555161168695, 39.934549386463303 ], [ -75.236525532389905, 39.9346898157863 ], [ -75.236470445759295, 39.934857902859598 ], [ -75.2363943649692, 39.935180715424501 ], [ -75.236321487583297, 39.935334304670803 ], [ -75.236171867014605, 39.9354156720036 ], [ -75.236015097274702, 39.9355250988432 ], [ -75.2358647806644, 39.935625260476797 ], [ -75.235665805915701, 39.935719653981302 ], [ -75.235460030647403, 39.9358327079958 ], [ -75.235265593487796, 39.935969522825999 ], [ -75.234981005803903, 39.936231332220899 ], [ -75.234921897252406, 39.936342898334601 ], [ -75.234923653610693, 39.936460502491101 ], [ -75.234918437017697, 39.936601466827497 ], [ -75.234847990433096, 39.936689271006102 ], [ -75.234775011722206, 39.936762912812497 ], [ -75.234745725878298, 39.936893943879497 ], [ -75.234788819368006, 39.9370500755413 ], [ -75.234783428559297, 39.937195738499597 ], [ -75.234802280732396, 39.937346635204797 ], [ -75.234871181804195, 39.937465711837199 ], [ -75.234905592543299, 39.937529360363399 ], [ -75.234922640359798, 39.937560892482303 ], [ -75.234970273567797, 39.937759446997198 ], [ -75.234977439305098, 39.937895979713197 ], [ -75.234984605292894, 39.938032512608999 ], [ -75.235005195602497, 39.938136421722099 ], [ -75.235075662743199, 39.938213209157603 ], [ -75.235164789981496, 39.9382810001146 ], [ -75.2352973425144, 39.938330933009503 ], [ -75.235491458719807, 39.938368106919299 ], [ -75.235783413259099, 39.938402722837701 ], [ -75.235947704229702, 39.938420431862802 ], [ -75.236148619954506, 39.9384389435766 ], [ -75.236349188197494, 39.938466852728901 ], [ -75.236501791130195, 39.9384701971222 ], [ -75.236685611088802, 39.938455414396799 ], [ -75.236881638555005, 39.938440899745203 ], [ -75.237146202642194, 39.938390265455602 ], [ -75.237450789805393, 39.938331101766302 ], [ -75.237623616583306, 39.9382831587764 ], [ -75.237771157638207, 39.938258175098099 ], [ -75.237967532582999, 39.938234260816301 ], [ -75.238175072073702, 39.938238806216098 ], [ -75.238328022819999, 39.9382327502287 ], [ -75.238499806870706, 39.938212998780998 ], [ -75.238738910133407, 39.938190018828998 ], [ -75.238874242769796, 39.938164766434497 ], [ -75.239009228311801, 39.938148911683797 ], [ -75.239186074058694, 39.938157485530397 ], [ -75.239338503972604, 39.938165525513902 ], [ -75.2394546563159, 39.938163364930602 ], [ -75.239564877391501, 39.938156372144299 ], [ -75.239711377021607, 39.938159578688598 ], [ -75.239821077383596, 39.938166682796101 ], [ -75.239924326792703, 39.938183050312297 ], [ -75.240039090853898, 39.938218479639602 ], [ -75.240141472967196, 39.938258341205703 ], [ -75.240260432213304, 39.9383455910002 ], [ -75.240411749585903, 39.938466467315997 ], [ -75.240594559113205, 39.938644464469903 ], [ -75.2407133472787, 39.938736412281699 ], [ -75.240765855898104, 39.9388033975954 ], [ -75.240763080073606, 39.938878578970801 ], [ -75.240741124435203, 39.9389768529037 ], [ -75.240700508823295, 39.939084125038697 ], [ -75.240629024970801, 39.9392001264996 ], [ -75.240546199510007, 39.939292365494097 ], [ -75.2404267485242, 39.939383804814 ], [ -75.240344096070999, 39.939471345200097 ], [ -75.240242437839797, 39.939577281495303 ], [ -75.240145668418904, 39.9397162417307 ], [ -75.2400185502227, 39.939849836192202 ], [ -75.239952994744897, 39.939970668213299 ], [ -75.239906453424098, 39.940043309614701 ], [ -75.239881682223995, 39.940081970745098 ], [ -75.239798854642203, 39.940174210076698 ], [ -75.239637988246599, 39.940311767803003 ], [ -75.239529354548395, 39.940441063197298 ], [ -75.239485331881596, 39.940507640869598 ], [ -75.239412879556497, 39.940617212623003 ], [ -75.239401741619105, 39.940753345084197 ], [ -75.239406908796298, 39.940777567947599 ], [ -75.239432986669101, 39.940899809954097 ], [ -75.239464578806107, 39.941036876835099 ], [ -75.239496344639306, 39.9411692452464 ], [ -75.239564564658806, 39.941307113797201 ], [ -75.239633304298906, 39.941430886016398 ], [ -75.2397369351457, 39.941602448099303 ], [ -75.239848060129901, 39.941736553198602 ], [ -75.239988666814796, 39.941899519008899 ], [ -75.240076415657498, 39.942004896826496 ], [ -75.240152475728095, 39.942095910967502 ], [ -75.240254343191197, 39.942149867814699 ], [ -75.240369287600203, 39.942180599225502 ], [ -75.240521379700297, 39.942198033857998 ], [ -75.240791988378703, 39.942232170468799 ], [ -75.240956116203904, 39.942254570953303 ], [ -75.241181462155396, 39.942273608859203 ], [ -75.241449887411903, 39.942284182050898 ], [ -75.241585053993006, 39.942263624929097 ], [ -75.241829927458696, 39.942250168950899 ], [ -75.242037654005301, 39.9422500089237 ], [ -75.242294043211899, 39.942255614709602 ], [ -75.242610956740407, 39.942276650671602 ], [ -75.243068621767506, 39.942291357838499 ], [ -75.243177635840198, 39.9423172536533 ], [ -75.2433356594575, 39.942339517301399 ], [ -75.243417204394206, 39.942405952805601 ], [ -75.243184339947007, 39.942533303306 ], [ -75.242902533802607, 39.942682409593097 ], [ -75.242616599323298, 39.942826968424498 ], [ -75.242333350134501, 39.942974408141801 ], [ -75.242058272340202, 39.943130798863599 ], [ -75.241788065808805, 39.943292684421102 ], [ -75.241519240548499, 39.943456061716802 ], [ -75.241248415230402, 39.9436170405491 ], [ -75.240972212617706, 39.9437717320031 ], [ -75.240687551472703, 39.943916598796697 ], [ -75.240395123688202, 39.944052489628803 ], [ -75.240097322698702, 39.944182110246103 ], [ -75.239796422505407, 39.944308011422898 ], [ -75.239494694794899, 39.944432744082398 ], [ -75.239194227649804, 39.944558648636303 ], [ -75.238893238020594, 39.944683645496298 ], [ -75.238878740900404, 39.944689529608503 ], [ -75.239188793002697, 39.944946710418598 ], [ -75.239699272674002, 39.94537297702 ], [ -75.240269387576006, 39.9458751842241 ], [ -75.240054954692397, 39.945926642217898 ], [ -75.239342213330005, 39.946084577393997 ], [ -75.238731285124004, 39.946195192510501 ], [ -75.237983025836201, 39.9463410053038 ], [ -75.237806975461694, 39.947173825255298 ], [ -75.237694989266899, 39.9476995276301 ], [ -75.237588567688903, 39.948166237655897 ], [ -75.237483824302998, 39.948695898082597 ], [ -75.237337403660703, 39.949456137135201 ], [ -75.237171811689194, 39.9502114835621 ], [ -75.237061523578802, 39.950710211844097 ], [ -75.236977912230401, 39.9511577369951 ], [ -75.236862844301498, 39.951705602545701 ], [ -75.236747061480003, 39.952263786644799 ], [ -75.236648337258799, 39.952725514589197 ], [ -75.236546366813201, 39.953257866817097 ], [ -75.236427700999101, 39.953786589855 ], [ -75.236332406373805, 39.954245556349001 ], [ -75.236218714333205, 39.9547803457504 ], [ -75.236117081992404, 39.9552926940502 ], [ -75.236000335337394, 39.955840653672396 ], [ -75.235856024471204, 39.956546140121702 ], [ -75.235747941541703, 39.9570584531631 ], [ -75.235013601027902, 39.956964124915899 ], [ -75.234436157549794, 39.956897644594797 ], [ -75.233735451844396, 39.956811005670701 ], [ -75.232633142763405, 39.956673012982897 ], [ -75.2316767747445, 39.956553305054001 ], [ -75.229526918985201, 39.956289222908502 ], [ -75.227726135502493, 39.956065922183498 ], [ -75.225748076413296, 39.955823270753001 ], [ -75.225875702171805, 39.955226642157797 ], [ -75.226004978781305, 39.954600987189302 ], [ -75.226115522520502, 39.954058374976803 ], [ -75.226225919855395, 39.953537185999103 ], [ -75.2263401240956, 39.953018162042198 ], [ -75.226438884377202, 39.9525416091412 ], [ -75.226542130910502, 39.952009912850897 ], [ -75.226659796749701, 39.951477202117701 ], [ -75.226701441866595, 39.951250825214402 ], [ -75.226749524817606, 39.951029702233498 ], [ -75.226871364476096, 39.950469873776299 ], [ -75.227031792035405, 39.949711791467102 ], [ -75.227173047793002, 39.9489675836587 ], [ -75.227275183729105, 39.948498992770098 ], [ -75.227327163541901, 39.948288300364403 ], [ -75.2274220154695, 39.947779799887101 ], [ -75.226835854013103, 39.947257224372798 ], [ -75.228204779299801, 39.946279873703403 ], [ -75.228344769040902, 39.9461763369913 ], [ -75.228688284244001, 39.945922271953798 ], [ -75.228564648789899, 39.945827594863097 ], [ -75.228436301426996, 39.945752683688298 ], [ -75.228300469381594, 39.945711249465099 ] ] ] } },
{ "type": "Feature", "properties": { "objectid": 79, "score": 14.8, "Shape__Area": 25579720.70703125, "Shape__Length": 34436.855667931668 }, "geometry": { "type": "Polygon", "coordinates": [ [ [ -75.203746489817902, 39.9858387107084 ], [ -75.203922929410993, 39.985687625384301 ], [ -75.204015039474001, 39.9856009414029 ], [ -75.204095523002593, 39.985516883511202 ], [ -75.2041670775413, 39.985430758992798 ], [ -75.204227440360597, 39.985342325566997 ], [ -75.204260348414095, 39.985281966449399 ], [ -75.204286605604594, 39.985220401370398 ], [ -75.204314425812498, 39.985125694847902 ], [ -75.204334358394306, 39.985028397887199 ], [ -75.204347386307703, 39.984928882761402 ], [ -75.204354053069395, 39.984827517267703 ], [ -75.204354903687303, 39.9847246720473 ], [ -75.204350480780306, 39.984620714347898 ], [ -75.204340407160899, 39.984513796815698 ], [ -75.204337318778997, 39.984481013754603 ], [ -75.204317036929794, 39.984340865932097 ], [ -75.2042909216445, 39.984201148334797 ], [ -75.204252037968004, 39.984028436462999 ], [ -75.204208569467696, 39.983859469401303 ], [ -75.204124846297304, 39.983559170837196 ], [ -75.204053717484797, 39.983323415938202 ], [ -75.203998031666998, 39.983155189429297 ], [ -75.203937160008493, 39.982988050749199 ], [ -75.203884064862606, 39.982855682220503 ], [ -75.203826509574199, 39.982724971618097 ], [ -75.203730709543294, 39.982532946124998 ], [ -75.203678086456506, 39.9824391418313 ], [ -75.203622029451594, 39.982347051621502 ], [ -75.203562324856705, 39.982256853716599 ], [ -75.203498758451005, 39.982168728785403 ], [ -75.203360896509807, 39.981997852425799 ], [ -75.203263590106999, 39.981885696829501 ], [ -75.203162435955406, 39.981774774666 ], [ -75.203057658236702, 39.981665109354999 ], [ -75.202949479604996, 39.981556722349197 ], [ -75.202723814693698, 39.981343877428102 ], [ -75.202606776412694, 39.9812394635358 ], [ -75.2024569812816, 39.981110873572298 ], [ -75.202210254349893, 39.980909690183601 ], [ -75.201924271548904, 39.980690263299103 ], [ -75.201631830307093, 39.980478394099499 ], [ -75.201429042826405, 39.980338874401902 ], [ -75.201335312590899, 39.980274387476598 ], [ -75.201132643535502, 39.9801438530097 ], [ -75.200889248784705, 39.979997317271 ], [ -75.200639399090804, 39.979856221005697 ], [ -75.200347339870007, 39.979700609216003 ], [ -75.200049873747503, 39.979549876217497 ], [ -75.199710770466993, 39.979384654175497 ], [ -75.1987250340446, 39.978918251449599 ], [ -75.198534994038397, 39.978830380599902 ], [ -75.198265926028796, 39.9787107984654 ], [ -75.197994107216402, 39.978594380957801 ], [ -75.196857129026796, 39.978125414496802 ], [ -75.196756594990902, 39.978082481991798 ], [ -75.1963527463231, 39.9779100185213 ], [ -75.196085330969098, 39.977789598389201 ], [ -75.195859275610403, 39.977682986041401 ], [ -75.195599977917198, 39.977553821824699 ], [ -75.195418630043207, 39.977457343658799 ], [ -75.195277599134599, 39.977375671442601 ], [ -75.195139973505604, 39.977290258372101 ], [ -75.194972102449597, 39.9771789910818 ], [ -75.194808106758202, 39.977063626522401 ], [ -75.194520120602107, 39.976848750638602 ], [ -75.193865428933805, 39.976342065900099 ], [ -75.193738977718894, 39.976238654330302 ], [ -75.193651334001203, 39.976160684031498 ], [ -75.193542236246003, 39.976052538514899 ], [ -75.193467853407299, 39.975968050962898 ], [ -75.193356688455097, 39.975821529460902 ], [ -75.193253235068696, 39.975670581906002 ], [ -75.193157211700907, 39.975516059587598 ], [ -75.193070758446893, 39.9753624297364 ], [ -75.193169454205801, 39.975352114756198 ], [ -75.194234055612696, 39.975240843968997 ], [ -75.194352051931205, 39.9752285107053 ], [ -75.194405951512906, 39.975222876933302 ], [ -75.194612398978194, 39.975201297318797 ], [ -75.194663137087204, 39.975195993938101 ], [ -75.194900422962206, 39.975171190345797 ], [ -75.195414019039603, 39.975111531787903 ], [ -75.195757903847294, 39.975072999149603 ], [ -75.198269992390607, 39.974791479977199 ], [ -75.198400282878396, 39.9747778599505 ], [ -75.198812182466497, 39.974731367393602 ], [ -75.198996126097597, 39.974710604190697 ], [ -75.199507678955996, 39.974655963836902 ], [ -75.201738797801099, 39.974403946329801 ], [ -75.203155922957905, 39.974254458117997 ], [ -75.203722515771702, 39.9741913916166 ], [ -75.204364092138206, 39.9744266026632 ], [ -75.206628607544502, 39.975256765078697 ], [ -75.206909628220899, 39.975362930770601 ], [ -75.207894403351702, 39.9757266826376 ], [ -75.2086016181036, 39.9759909325698 ], [ -75.209323537631306, 39.976259587909098 ], [ -75.210360678034505, 39.976645396048703 ], [ -75.211291970734095, 39.976992341554499 ], [ -75.213472607672301, 39.9778001757998 ], [ -75.214383089216298, 39.978137864377103 ], [ -75.216817805115099, 39.979035608533103 ], [ -75.219254483475098, 39.979944355833702 ], [ -75.221455298768106, 39.980758583467399 ], [ -75.222491526768493, 39.981145875979799 ], [ -75.223160075156599, 39.981390375803699 ], [ -75.223548206211106, 39.981483892957797 ], [ -75.223677038770802, 39.981518431516299 ], [ -75.223792639387696, 39.981529195044097 ], [ -75.224068730958194, 39.981517553835097 ], [ -75.225165500228798, 39.981346001206902 ], [ -75.226205316568795, 39.981617239517902 ], [ -75.226579549943395, 39.982105470406502 ], [ -75.226918865265503, 39.9825451028304 ], [ -75.227060007172696, 39.982700884191097 ], [ -75.227225113603595, 39.982533714257798 ], [ -75.2273671972345, 39.982238369595599 ], [ -75.228026031942804, 39.980739822331401 ], [ -75.228153531500496, 39.980472741361801 ], [ -75.228794447335403, 39.980714659078799 ], [ -75.229672098526194, 39.981045926265402 ], [ -75.2296999473906, 39.981071336808498 ], [ -75.229846123953294, 39.981204715546497 ], [ -75.230101815184, 39.9815652179661 ], [ -75.230398085258102, 39.981986227893202 ], [ -75.230649771828595, 39.982356808895901 ], [ -75.230793649192904, 39.9825257675598 ], [ -75.230967146680598, 39.982516242855098 ], [ -75.231334330271295, 39.982650303153598 ], [ -75.233198693552794, 39.983341584351301 ], [ -75.233853097465996, 39.983586555436602 ], [ -75.234188355394494, 39.983711895669899 ], [ -75.234735540420004, 39.983909041617899 ], [ -75.236442020277195, 39.9845399629843 ], [ -75.236864057271404, 39.984663844122203 ], [ -75.237161750122993, 39.984774090017801 ], [ -75.2372433813035, 39.984849379507999 ], [ -75.237393170211803, 39.984863180636303 ], [ -75.237775984355494, 39.984987113956002 ], [ -75.238232811824204, 39.985042154061901 ], [ -75.239658847285597, 39.985168191356998 ], [ -75.240155677492893, 39.9852229427323 ], [ -75.241262959879506, 39.985324572890498 ], [ -75.242884276166293, 39.985498016681198 ], [ -75.243420149117199, 39.9855547517354 ], [ -75.243887076536097, 39.985593519563999 ], [ -75.244241262401502, 39.985640333444302 ], [ -75.244492935393893, 39.9856762369987 ], [ -75.244672837141493, 39.985728817808301 ], [ -75.244820156258996, 39.985804262354698 ], [ -75.244990677750195, 39.985899961001103 ], [ -75.245105588735001, 39.9859997761248 ], [ -75.245179831686301, 39.986103597769599 ], [ -75.245481300485594, 39.986628500810298 ], [ -75.246442345140295, 39.9861832769991 ], [ -75.246700163028706, 39.9860638347524 ], [ -75.245840095475501, 39.984519704973302 ], [ -75.245757418861103, 39.984282853999296 ], [ -75.247097219446601, 39.983604666727103 ], [ -75.248348647111499, 39.982977635278303 ], [ -75.249750715578003, 39.9822722122098 ], [ -75.251066457886196, 39.981610194695399 ], [ -75.251444550800201, 39.981417609510103 ], [ -75.251777093046698, 39.981253732799097 ], [ -75.252212337317602, 39.981021600488901 ], [ -75.252546453685895, 39.980779158044598 ], [ -75.252860470619098, 39.980499529463899 ], [ -75.253107396086605, 39.980189764754698 ], [ -75.253293316703207, 39.9798862920467 ], [ -75.253499067679897, 39.979542721145997 ], [ -75.253718808394495, 39.979287006038497 ], [ -75.253932155676694, 39.979076271417 ], [ -75.254255398994999, 39.978844560944097 ], [ -75.254473580456903, 39.978712488589998 ], [ -75.254821165158504, 39.978558075466601 ], [ -75.255026118138701, 39.978477767353503 ], [ -75.2554599151254, 39.978306661826501 ], [ -75.255927022536298, 39.978129732181401 ], [ -75.255664770775098, 39.976764881618003 ], [ -75.255493766733096, 39.975863207473303 ], [ -75.255434312172198, 39.975532137723398 ], [ -75.255328043171104, 39.974955301998101 ], [ -75.255198715097293, 39.974269773223597 ], [ -75.255010326110195, 39.973282430444698 ], [ -75.2549037907756, 39.972700028410898 ], [ -75.254227280952605, 39.972591520222799 ], [ -75.253302111078398, 39.9724418240395 ], [ -75.253252185903804, 39.972136983455599 ], [ -75.253149675065899, 39.971644794740698 ], [ -75.253106263821493, 39.971395340125298 ], [ -75.253126886354806, 39.971347921105902 ], [ -75.253372961615398, 39.970177558410299 ], [ -75.2534441404501, 39.969831779119602 ], [ -75.252567859092807, 39.969725081893202 ], [ -75.251471264283197, 39.969587544093599 ], [ -75.250944765934094, 39.969521560730499 ], [ -75.250483540895601, 39.969469234858401 ], [ -75.250803233912606, 39.967946522698099 ], [ -75.250830398777197, 39.967803779364601 ], [ -75.250921510361806, 39.967436755036701 ], [ -75.250988338434993, 39.967124365826699 ], [ -75.251122181114297, 39.966407145117898 ], [ -75.250937230285899, 39.966375596246102 ], [ -75.250604272315201, 39.966335138044798 ], [ -75.250400332259105, 39.966316235437198 ], [ -75.250220268858698, 39.966301065517001 ], [ -75.250135010334404, 39.966308148490498 ], [ -75.249294312882796, 39.966202040133098 ], [ -75.2487551331687, 39.9661351299562 ], [ -75.248159590708397, 39.966060414558697 ], [ -75.247170957438499, 39.965936764158002 ], [ -75.247467085775497, 39.964517495989199 ], [ -75.247465213563103, 39.964461390098798 ], [ -75.247449172838898, 39.964399990839702 ], [ -75.247402330186006, 39.964350920078701 ], [ -75.2473111338915, 39.964314079735402 ], [ -75.247211231713294, 39.964299777637599 ], [ -75.247112626796294, 39.964303688614699 ], [ -75.247005538057294, 39.964324080918999 ], [ -75.246865222869204, 39.964337688271002 ], [ -75.246427604077695, 39.9642856718418 ], [ -75.246686249500399, 39.963047512318298 ], [ -75.246755825657502, 39.9627144387917 ], [ -75.247650654839006, 39.962822837631897 ], [ -75.247690063115002, 39.962826688526803 ], [ -75.247661604371203, 39.962941994872203 ], [ -75.247607449732499, 39.963001947692099 ], [ -75.2474912487138, 39.963128734501097 ], [ -75.2474213954915, 39.963200102029198 ], [ -75.247400912689002, 39.963258436844399 ], [ -75.247407216267405, 39.9633361677148 ], [ -75.247437513531196, 39.963426177188701 ], [ -75.247482296190697, 39.963537665161198 ], [ -75.247566858992499, 39.963647669089298 ], [ -75.247687022060703, 39.963786665652798 ], [ -75.247781176511793, 39.963885121576403 ], [ -75.247905692064606, 39.963988943516597 ], [ -75.248059558764595, 39.9640839990996 ], [ -75.248617686039907, 39.9643618641418 ], [ -75.248969985976998, 39.9645035683765 ], [ -75.249467344801204, 39.964730727612697 ], [ -75.249851592343106, 39.964917799936302 ], [ -75.249914327571702, 39.9649567878417 ], [ -75.249991810992796, 39.965010204660302 ], [ -75.250057512556197, 39.965051607709803 ], [ -75.250136033635002, 39.965076831654699 ], [ -75.250224320020806, 39.965085809049597 ], [ -75.250316263941599, 39.965078406809901 ], [ -75.2504495431685, 39.965027231062301 ], [ -75.250607939505898, 39.964957791408501 ], [ -75.250760230561994, 39.964888218557299 ], [ -75.250916062276801, 39.964846938177899 ], [ -75.2510506659154, 39.9648428159839 ], [ -75.251104760448897, 39.9648675072605 ], [ -75.251203618149304, 39.964921387874803 ], [ -75.251285826253493, 39.965012527596699 ], [ -75.251344385290906, 39.965081990769498 ], [ -75.251338912239603, 39.9651477078543 ], [ -75.251343032016194, 39.965201877716297 ], [ -75.251371491309001, 39.965258928382298 ], [ -75.251430655523293, 39.965311945263998 ], [ -75.251499672144107, 39.965346365765498 ], [ -75.251605931862002, 39.965365138995601 ], [ -75.251710177218797, 39.965355651845798 ], [ -75.251814680560699, 39.9653391172127 ], [ -75.251925117220594, 39.965327413903303 ], [ -75.252096706653901, 39.965314690350297 ], [ -75.252337512575593, 39.965289365516199 ], [ -75.252638031687198, 39.965260637653898 ], [ -75.252846087628399, 39.965253409813698 ], [ -75.252974757180795, 39.965244453083997 ], [ -75.253079432735106, 39.965223218820803 ], [ -75.253224146480505, 39.965193449316899 ], [ -75.253317330725807, 39.965235449542298 ], [ -75.2534107741469, 39.965270400392697 ], [ -75.253585043058095, 39.965309461387697 ], [ -75.253715386423494, 39.965338161997401 ], [ -75.253939258738498, 39.965399463082598 ], [ -75.254048831702406, 39.965411252231398 ], [ -75.254143484139107, 39.965413311193203 ], [ -75.254225373593897, 39.965346904605603 ], [ -75.254304122811007, 39.965282781304097 ], [ -75.254340038958205, 39.965220077950697 ], [ -75.254382839104395, 39.965136361800901 ], [ -75.254459138285895, 39.965055726763403 ], [ -75.254546701624506, 39.965001199481399 ], [ -75.254634696266905, 39.964934926281302 ], [ -75.254741355636497, 39.964859652702501 ], [ -75.254940130308, 39.964772275477202 ], [ -75.255115401641007, 39.964700845907402 ], [ -75.255269532019, 39.964664224922799 ], [ -75.255411017548496, 39.964639085804798 ], [ -75.255546741966398, 39.964604415744802 ], [ -75.255689089884797, 39.964555781940199 ], [ -75.2558140668161, 39.964480906489797 ], [ -75.255855053306604, 39.964446528073701 ], [ -75.255894107335493, 39.964381540840598 ], [ -75.255969627878301, 39.9643220486779 ], [ -75.256085271827899, 39.964251672309601 ], [ -75.256195413427406, 39.9641647170182 ], [ -75.256283750344295, 39.964089044707499 ], [ -75.256385421344604, 39.963983095160401 ], [ -75.256588822455001, 39.963811168529197 ], [ -75.256689630336993, 39.963728712185699 ], [ -75.256748847926005, 39.963697081462897 ], [ -75.256819503763495, 39.963686860707099 ], [ -75.256902199160606, 39.963681603747098 ], [ -75.256984119978895, 39.963697491518801 ], [ -75.257129381205502, 39.963735916887501 ], [ -75.257253701888402, 39.963762131015798 ], [ -75.257338589029999, 39.963780433564303 ], [ -75.257421284468506, 39.963775177108303 ], [ -75.257489317831897, 39.963753141987397 ], [ -75.257545740913898, 39.963714395402299 ], [ -75.257632782859602, 39.963673963152203 ], [ -75.257707352991403, 39.963640313798997 ], [ -75.257790910140699, 39.9636115618381 ], [ -75.257861479573606, 39.963603689156898 ], [ -75.257936776290194, 39.9636335401092 ], [ -75.257995945352405, 39.963686553633401 ], [ -75.258016603221606, 39.963748136211898 ], [ -75.258015433895196, 39.963863323871998 ], [ -75.258016455554895, 39.964002072022602 ], [ -75.257994344135895, 39.964105048735803 ], [ -75.257964452031601, 39.96417023563 ], [ -75.257946428376499, 39.964245085810397 ], [ -75.257947067610104, 39.964310935828003 ], [ -75.257977896358696, 39.9643868460047 ], [ -75.258010705940094, 39.964408720040701 ], [ -75.258061577954393, 39.964438040406002 ], [ -75.258122039317897, 39.9644558127343 ], [ -75.258192178692198, 39.964459687646197 ], [ -75.258274616409395, 39.964461477953797 ], [ -75.258341960849904, 39.964458237151902 ], [ -75.258409046516803, 39.964462045616202 ], [ -75.258472044728194, 39.9644939805871 ], [ -75.258512980366604, 39.964544246412402 ], [ -75.258549657424595, 39.964627338161499 ], [ -75.258593709087293, 39.964717643019299 ], [ -75.258640493913504, 39.964775090550802 ], [ -75.258686417274504, 39.964856031376598 ], [ -75.258708775101695, 39.964912947611502 ], [ -75.258715696014093, 39.964974231771698 ], [ -75.258718355873199, 39.965068340943098 ], [ -75.258714774401398, 39.965249312322797 ], [ -75.258702513976004, 39.965333692199103 ], [ -75.258712744880199, 39.9653879943574 ], [ -75.258740779642494, 39.965456790642499 ], [ -75.258768814487496, 39.965525586218099 ], [ -75.258800418917502, 39.965580352427899 ], [ -75.258841613913205, 39.965623569877003 ], [ -75.258892314683493, 39.965657588179802 ], [ -75.258976859994505, 39.965685288422002 ], [ -75.2590801560562, 39.9657016386927 ], [ -75.259217468733297, 39.965706971039502 ], [ -75.259336635148699, 39.965707206390398 ], [ -75.259403205306896, 39.965725110615303 ], [ -75.259425994902202, 39.965770279967202 ], [ -75.259430207537704, 39.965822099771898 ], [ -75.259430331424298, 39.9659020462963 ], [ -75.259452777740094, 39.965956612467899 ], [ -75.259554351734096, 39.966019951056097 ], [ -75.259651025240998, 39.966050264790198 ], [ -75.259780940631998, 39.966090705053098 ], [ -75.259911113380895, 39.966124097059797 ], [ -75.2600670464209, 39.9662050731799 ], [ -75.260312300985206, 39.966266825825599 ], [ -75.260492828248005, 39.966322966816797 ], [ -75.260586003105502, 39.966282653583903 ], [ -75.260664078729803, 39.966279055944497 ], [ -75.260753089455704, 39.966289806905202 ], [ -75.260831423203697, 39.966279158250899 ], [ -75.260935599098303, 39.966251431435701 ], [ -75.261028902725499, 39.966207593360799 ], [ -75.261118271274697, 39.966146030274203 ], [ -75.261163858358501, 39.966090573262399 ], [ -75.261218608815895, 39.966035314817198 ], [ -75.261286134762898, 39.966006792731299 ], [ -75.261389147624598, 39.966010791288497 ], [ -75.261447670223404, 39.966040283058099 ], [ -75.261482705540004, 39.966085141778201 ], [ -75.261550004309797, 39.966125407790699 ], [ -75.261664195709201, 39.9661684547956 ], [ -75.261739010627707, 39.966191244115002 ], [ -75.261814343173697, 39.966199933369602 ], [ -75.2618952890559, 39.966180521818302 ], [ -75.262015822120503, 39.966144328154101 ], [ -75.262095509826295, 39.966096666705099 ], [ -75.262105898559994, 39.966063376891803 ], [ -75.262119094452402, 39.966016036881697 ], [ -75.262141259224293, 39.9659741827018 ], [ -75.262165133589704, 39.965948241959701 ], [ -75.26224520964, 39.965890003999299 ], [ -75.262273239929698, 39.965862873124003 ], [ -75.262275303742797, 39.965860875213799 ], [ -75.262275653242298, 39.965860537779001 ], [ -75.262345028612202, 39.965793388477799 ], [ -75.262385646794797, 39.965748406177902 ], [ -75.262424620412801, 39.965685749515103 ], [ -75.262460592092495, 39.965642431413201 ], [ -75.262514114922396, 39.965620660831902 ], [ -75.262562024727103, 39.965626991015398 ], [ -75.262620176391707, 39.9656353072874 ], [ -75.262681635523805, 39.965647223389198 ], [ -75.262768420632696, 39.965656160295403 ], [ -75.262839751886204, 39.965648886834501 ], [ -75.262921083989994, 39.9656188989984 ], [ -75.262963476251002, 39.965588067072702 ], [ -75.263031710786095, 39.965540155868901 ], [ -75.263095234369899, 39.9654956706799 ], [ -75.263146659652804, 39.965468562634598 ], [ -75.263197181650099, 39.965466129473498 ], [ -75.263253865387099, 39.965483233307403 ], [ -75.263310034166906, 39.965514437361499 ], [ -75.263386494554993, 39.965554900841099 ], [ -75.263470150168601, 39.965586701203001 ], [ -75.263533319631193, 39.965614528520398 ], [ -75.263617555983998, 39.965630465341803 ], [ -75.263698049117707, 39.965623390588597 ], [ -75.263773203347895, 39.965605615439998 ], [ -75.263857211883305, 39.965565101169801 ], [ -75.263931544343905, 39.965538489122103 ], [ -75.263992518554105, 39.965501004002697 ], [ -75.264019004448301, 39.965466298727101 ], [ -75.264059299952194, 39.965430129444798 ], [ -75.264134404765301, 39.965382366456602 ], [ -75.264244383709993, 39.9653212475488 ], [ -75.264375301230203, 39.965251762446101 ], [ -75.264498507854398, 39.965205041086499 ], [ -75.264556352170004, 39.9651904188011 ], [ -75.264645814815907, 39.965188829225902 ], [ -75.2647602798381, 39.965193072844002 ], [ -75.264921701179205, 39.9651983323078 ], [ -75.265061426536903, 39.965201358469102 ], [ -75.265255740591797, 39.9652161503952 ], [ -75.265390369663194, 39.9652331771915 ], [ -75.265451055177707, 39.965266241891399 ], [ -75.2655301645771, 39.965359679953004 ], [ -75.265569461552303, 39.965413448465398 ], [ -75.265658991915899, 39.965535334343102 ], [ -75.265747007513099, 39.965636020513301 ], [ -75.265807920787694, 39.965725535183999 ], [ -75.265860188875905, 39.965800752130598 ], [ -75.265924167957905, 39.965869167154302 ], [ -75.266051266905095, 39.965935420095697 ], [ -75.266196448527296, 39.965977369343797 ], [ -75.266316626354396, 39.966013485816298 ], [ -75.266398637502306, 39.966027607974802 ], [ -75.266547528087401, 39.966030830672999 ], [ -75.266710290343994, 39.966030825242697 ], [ -75.266797849573805, 39.966018609007399 ], [ -75.266912509394501, 39.966017562955102 ], [ -75.267026525033003, 39.966034141517497 ], [ -75.267140911874904, 39.966071894997597 ], [ -75.267217762785506, 39.966101781251503 ], [ -75.267295615181396, 39.9661669673361 ], [ -75.267367240548893, 39.966214379085201 ], [ -75.267384759873494, 39.9662231625177 ], [ -75.267477548566205, 39.966269684214303 ], [ -75.267534428429897, 39.9662814979066 ], [ -75.267600855940302, 39.9662829350736 ], [ -75.267673318890502, 39.966307433671801 ], [ -75.267781788448403, 39.966350350887403 ], [ -75.267912582669297, 39.966409626042299 ], [ -75.268132764827598, 39.9665008214021 ], [ -75.268395129803906, 39.966598220887001 ], [ -75.268462819491901, 39.966627907265803 ], [ -75.268516635251402, 39.9666608218863 ], [ -75.268570194456899, 39.966700786536798 ], [ -75.268703898092099, 39.9668059866897 ], [ -75.268774946879205, 39.966869260340303 ], [ -75.268849738336399, 39.966955545939101 ], [ -75.268919627577304, 39.967050545164398 ], [ -75.269019126947896, 39.967244965141397 ], [ -75.269047103145397, 39.967294960322697 ], [ -75.269082143897506, 39.967339816716297 ], [ -75.269126863536897, 39.967370770106299 ], [ -75.269160772148396, 39.967383850375199 ], [ -75.269208683554993, 39.967390178656899 ], [ -75.269274790399606, 39.967400426698497 ], [ -75.269359223386203, 39.967411071952903 ], [ -75.269446848517006, 39.967397090841501 ], [ -75.269500047561493, 39.967384129701202 ], [ -75.269551215433395, 39.9673640690254 ], [ -75.269616253926998, 39.967340779840001 ], [ -75.269671809482205, 39.967326105310001 ], [ -75.269742948477898, 39.967324114906901 ], [ -75.269804410380004, 39.967336027369598 ], [ -75.269858807398705, 39.967353078442699 ], [ -75.269921659354296, 39.967389715844099 ], [ -75.269963572422299, 39.967434719615802 ], [ -75.270005164964303, 39.967488536120598 ], [ -75.270033450843499, 39.967561468616303 ], [ -75.270057272003399, 39.967662528066903 ], [ -75.270075121465396, 39.967738762436099 ], [ -75.270100678882997, 39.967792232335398 ], [ -75.2701432760187, 39.967881349377798 ], [ -75.270194455421901, 39.967986527332499 ], [ -75.270300381165001, 39.968193432973401 ], [ -75.2703916367185, 39.968331226743103 ], [ -75.270404094651795, 39.968366774836397 ], [ -75.270415264780198, 39.968437573275899 ], [ -75.270424852611995, 39.968488934796298 ], [ -75.270450604719997, 39.968537117287298 ], [ -75.270503522295897, 39.968594706639102 ], [ -75.270572668351903, 39.968647354230299 ], [ -75.270601675539595, 39.968669148696499 ], [ -75.270653847259894, 39.968684387205201 ], [ -75.270720471329795, 39.968680534358697 ], [ -75.270775769036305, 39.968672910358997 ], [ -75.270840681099799, 39.968653145178997 ], [ -75.270914948728503, 39.968628291447303 ], [ -75.270988894506104, 39.968612249510898 ], [ -75.271045969886899, 39.968618774107398 ], [ -75.271112078171797, 39.968629021968503 ], [ -75.271171186079101, 39.968642646010203 ], [ -75.271243459870504, 39.968672430585897 ], [ -75.2713306880906, 39.968700774254799 ], [ -75.271410476708795, 39.968713080653103 ], [ -75.271492813670804, 39.968718387496601 ], [ -75.271593476038404, 39.968724089921203 ], [ -75.271700689873498, 39.968738752727198 ], [ -75.2718051625138, 39.968765704227302 ], [ -75.2718652758536, 39.968814628483898 ], [ -75.271925196173797, 39.968868840060303 ], [ -75.271988604464596, 39.968953114444403 ], [ -75.272026067528401, 39.968994493862802 ], [ -75.272089307959803, 39.969020553781903 ], [ -75.272199186225194, 39.969056441314599 ], [ -75.272346476347906, 39.969103720484 ], [ -75.272507896080199, 39.969140719735798 ], [ -75.272627697410897, 39.969187405018701 ], [ -75.272729430244297, 39.969226644495798 ], [ -75.272817869686904, 39.969253248025503 ], [ -75.272960514579907, 39.969302189300699 ], [ -75.273056339940496, 39.9693148415978 ], [ -75.2731881851997, 39.969314160302403 ], [ -75.273282555115003, 39.969303849259603 ], [ -75.273418286675806, 39.9692909034164 ], [ -75.273494137045901, 39.9692854848875 ], [ -75.2735720226853, 39.969287165826401 ], [ -75.273684011282, 39.969296638280198 ], [ -75.273812034543496, 39.969306456648503 ], [ -75.273914733060494, 39.969319256721597 ], [ -75.274015396547099, 39.969324956319497 ], [ -75.274152904089206, 39.969326159993699 ], [ -75.274328305643294, 39.9693255341789 ], [ -75.274490156156205, 39.969319324232103 ], [ -75.274810008197903, 39.969302412115901 ], [ -75.274892762442207, 39.969296259463597 ], [ -75.275029093190895, 39.969298318126697 ], [ -75.275087250892199, 39.969306628110402 ], [ -75.275199711113302, 39.969334629822797 ], [ -75.275269375197098, 39.969373175361703 ], [ -75.275322682770494, 39.9694201868883 ], [ -75.275365731334901, 39.969512839876003 ], [ -75.275397524536501, 39.969584082469503 ], [ -75.275458322722002, 39.969787362476097 ], [ -75.275496357943098, 39.969938998372399 ], [ -75.275570045055005, 39.970134619592301 ], [ -75.275609341329996, 39.970220135087999 ], [ -75.275654569189498, 39.970268736283799 ], [ -75.275707214759095, 39.970302504282998 ], [ -75.275821239700804, 39.970319074984701 ], [ -75.276007428245094, 39.970321325332598 ], [ -75.276189254989703, 39.970333183127401 ], [ -75.276247477687207, 39.970339729653901 ], [ -75.2763051859841, 39.970360377289097 ], [ -75.276373770370995, 39.970397133893499 ], [ -75.276414009435001, 39.970425342596798 ], [ -75.276440751684902, 39.970477954367901 ], [ -75.276469815858107, 39.9705297351139 ], [ -75.276510264702594, 39.970599399695601 ], [ -75.276614692678905, 39.970785099069403 ], [ -75.276642579654904, 39.970837736339497 ], [ -75.276658541882696, 39.970871594253403 ], [ -75.276670649444995, 39.970916835988703 ], [ -75.276677287102899, 39.970954903182999 ], [ -75.276664454504797, 39.970992550710598 ], [ -75.276639181560796, 39.971025520878499 ], [ -75.276590139327297, 39.971065916232597 ], [ -75.276531425964095, 39.971104338853998 ], [ -75.2764737928089, 39.971144548979801 ], [ -75.2764882875978, 39.971187195119398 ], [ -75.276526708825301, 39.971233886026901 ], [ -75.276584953693103, 39.971271301557898 ], [ -75.276691287906402, 39.971263009626398 ], [ -75.276762719792899, 39.971253084270501 ], [ -75.276827953409693, 39.971224503666299 ], [ -75.276899330299102, 39.9711845895742 ], [ -75.277075553496999, 39.971114302388202 ], [ -75.277138014423002, 39.971098891081098 ], [ -75.277200186828694, 39.971091411055802 ], [ -75.277268975536998, 39.971091129332102 ], [ -75.277341134391804, 39.9710926842601 ], [ -75.277424299301501, 39.971106824272702 ], [ -75.277493752494607, 39.971119785775898 ], [ -75.277543572490998, 39.971136734652603 ], [ -75.277579422718503, 39.971159556850303 ], [ -75.277612919226797, 39.971184091516101 ], [ -75.277659806619099, 39.971218615586203 ], [ -75.277689385218494, 39.971256295912397 ], [ -75.277707509838805, 39.971293728399097 ], [ -75.277715325798994, 39.971330938958303 ], [ -75.277691551681599, 39.971354239687102 ], [ -75.277649644756707, 39.971371858394797 ], [ -75.277598668701501, 39.971386635313202 ], [ -75.277553645892695, 39.971395367020797 ], [ -75.277526723549798, 39.971410662176702 ], [ -75.277511000020397, 39.971433254384998 ], [ -75.277506536939498, 39.971461381433599 ], [ -75.277507544882496, 39.971496681245902 ], [ -75.277516730903898, 39.971527747704897 ], [ -75.277532596543793, 39.971564250476597 ], [ -75.277556801619795, 39.971592112396301 ], [ -75.277594590287805, 39.971624677249999 ], [ -75.277642880384093, 39.971652176838198 ], [ -75.277678185227899, 39.971669016435698 ], [ -75.277768067250705, 39.971687772509704 ], [ -75.277889330121695, 39.971702398671198 ], [ -75.277969764088795, 39.971723353813402 ], [ -75.278021502794999, 39.971760509616701 ], [ -75.278299265203103, 39.971937090204101 ], [ -75.278355498490498, 39.972022399320899 ], [ -75.278452035346007, 39.972115784097703 ], [ -75.2785397345869, 39.972194561819201 ], [ -75.278611831671995, 39.972273003623698 ], [ -75.278659314837995, 39.972341304375803 ], [ -75.278700032774395, 39.972423875157901 ], [ -75.2787270448936, 39.972539790784097 ], [ -75.278762296187494, 39.972643870156702 ], [ -75.278778923112696, 39.972701894730697 ], [ -75.278783243070393, 39.972754848374699 ], [ -75.278785989655901, 39.972851018893699 ], [ -75.278797662772803, 39.972959395325603 ], [ -75.278812717580095, 39.973060636793697 ], [ -75.278833663272195, 39.973171615849701 ], [ -75.278861812779596, 39.973256318846403 ], [ -75.278918657893598, 39.973324821072502 ], [ -75.278954532561201, 39.973368843464897 ], [ -75.278973232526596, 39.973455746771599 ], [ -75.279001555644996, 39.973535647572099 ], [ -75.279049726641503, 39.973627991355201 ], [ -75.279084554671499, 39.973700824414003 ], [ -75.279111393310899, 39.973821541023497 ], [ -75.279126448776694, 39.973922782448099 ], [ -75.279173757825603, 39.973995884213203 ], [ -75.279243960737901, 39.974040645459098 ], [ -75.279361146452203, 39.974081613537599 ], [ -75.279468621916706, 39.974131982998003 ], [ -75.279603745711199, 39.974194961412998 ], [ -75.279808112895395, 39.9743291103673 ], [ -75.279957356253504, 39.974433240079001 ], [ -75.280029457128904, 39.974511680807403 ], [ -75.280047597397598, 39.974549615172599 ], [ -75.280087504940497, 39.974633068878703 ], [ -75.280133418705503, 39.974744585028802 ], [ -75.280195373426096, 39.974844432722499 ], [ -75.280306754090802, 39.975000893232703 ], [ -75.279430616120607, 39.975445834710101 ], [ -75.277679962033005, 39.976346116102498 ], [ -75.276381591467398, 39.977013776138797 ], [ -75.2761466828767, 39.9771188197927 ], [ -75.2752974049898, 39.977498583106403 ], [ -75.273574789353503, 39.978268835516502 ], [ -75.273032086317301, 39.9785101556608 ], [ -75.272268824197795, 39.978849542551501 ], [ -75.271424994615302, 39.979226738837703 ], [ -75.269272213152405, 39.9801796084516 ], [ -75.266259666114905, 39.981515573088302 ], [ -75.265593673550597, 39.981810900825899 ], [ -75.264772086307701, 39.982175216391198 ], [ -75.264384794220007, 39.982346949702801 ], [ -75.263717910516206, 39.982642653955203 ], [ -75.263716287822504, 39.982643373856497 ], [ -75.262186238512399, 39.983490335566202 ], [ -75.260731324322506, 39.984290141572103 ], [ -75.259511411261798, 39.984960731705797 ], [ -75.2587293375135, 39.985390626003699 ], [ -75.258569539971504, 39.985521172855101 ], [ -75.258502736161105, 39.985575748853599 ], [ -75.256897869334594, 39.986766319079699 ], [ -75.256298406712602, 39.987209865701999 ], [ -75.256120912162501, 39.987321089899403 ], [ -75.255699221085393, 39.987518731316896 ], [ -75.2540024419133, 39.988313961204099 ], [ -75.251469772982105, 39.989501668903699 ], [ -75.250823379435303, 39.989804781681698 ], [ -75.249191486881898, 39.990571741091202 ], [ -75.248013008706806, 39.991125578848198 ], [ -75.245686196537704, 39.992219025027403 ], [ -75.243790782242797, 39.993109682485901 ], [ -75.241653115227393, 39.994114108599298 ], [ -75.239026913081304, 39.995345040440498 ], [ -75.237361726066993, 39.9961254782542 ], [ -75.235287919288595, 39.997097368839697 ], [ -75.234245348145905, 39.997588506158202 ], [ -75.233230782591704, 39.998056511704597 ], [ -75.232153113697706, 39.998558950766999 ], [ -75.2308895294438, 39.999148046016103 ], [ -75.229455226570195, 39.999820262525901 ], [ -75.228741667417907, 40.000155487758001 ], [ -75.228377660636397, 40.000326492554599 ], [ -75.226416493271799, 40.001247784311097 ], [ -75.223631735969406, 40.002555871089399 ], [ -75.220698284229698, 40.0039336769714 ], [ -75.219226468867703, 40.004624920459499 ], [ -75.218347687151095, 40.0050376282068 ], [ -75.215776833609198, 40.006244926360601 ], [ -75.214572154175102, 40.006810621221497 ], [ -75.213757192034393, 40.007155123748198 ], [ -75.213047529741004, 40.007455107068203 ], [ -75.210768586417501, 40.008560546761402 ], [ -75.209268305741801, 40.009496190067303 ], [ -75.208424635486594, 40.010035661372299 ], [ -75.208381169899994, 40.010061974410199 ], [ -75.208379173832896, 40.0100631825172 ], [ -75.2081075057243, 40.010241245668503 ], [ -75.208026321886393, 40.010294798631499 ], [ -75.207948281613, 40.010346277740197 ], [ -75.207887834793894, 40.0103846437082 ], [ -75.207832593428407, 40.010419705832597 ], [ -75.207625481037397, 40.010577905611399 ], [ -75.207572197577505, 40.010607138106998 ], [ -75.207263937780297, 40.010776262955602 ], [ -75.207253603102203, 40.010885103903497 ], [ -75.207240460756694, 40.011023507823197 ], [ -75.206994053622694, 40.011205279487697 ], [ -75.206164655272403, 40.011817107194197 ], [ -75.206000501161796, 40.011716537597302 ], [ -75.205590520088606, 40.011472607398503 ], [ -75.205561486056794, 40.011455332446502 ], [ -75.205251049155606, 40.011279962225203 ], [ -75.204923031247006, 40.011105386219199 ], [ -75.204551581091806, 40.010919065890697 ], [ -75.2041362567265, 40.010721336024403 ], [ -75.203728604602304, 40.010537136614801 ], [ -75.203714942885895, 40.010530963750099 ], [ -75.203288738698603, 40.010347735228002 ], [ -75.202897389521098, 40.010187493442203 ], [ -75.202500899978205, 40.010034196540403 ], [ -75.2022206567637, 40.009930767044303 ], [ -75.201898127403794, 40.009816153974597 ], [ -75.2015736579676, 40.009705057652603 ], [ -75.201247680914804, 40.009597221033701 ], [ -75.201001595771302, 40.009519431699502 ], [ -75.200712696691795, 40.009431917909097 ], [ -75.1995496238806, 40.009095130730103 ], [ -75.199251434781303, 40.009004862492198 ], [ -75.199054189322396, 40.008945152320898 ], [ -75.198686586498994, 40.0088252640344 ], [ -75.197795069776106, 40.008518927120001 ], [ -75.197506965177197, 40.008424205806698 ], [ -75.197413137030097, 40.008393357848 ], [ -75.197412902024098, 40.0083932860096 ], [ -75.197098258816396, 40.0082974015058 ], [ -75.196926855993198, 40.008248889447302 ], [ -75.196764912642294, 40.008203054303799 ], [ -75.195671851705796, 40.007914135313499 ], [ -75.195295626290303, 40.007810963207 ], [ -75.194923443158899, 40.007701178023403 ], [ -75.194597473855197, 40.007595559509802 ], [ -75.194477343927602, 40.007552418668602 ], [ -75.194359020470898, 40.007506241910498 ], [ -75.1942422808131, 40.007457431698903 ], [ -75.194088705091502, 40.007388948444301 ], [ -75.193861721553304, 40.0072808668641 ], [ -75.193852915145698, 40.007276476600502 ], [ -75.193376019396297, 40.007038720418301 ], [ -75.193192511891098, 40.006949292307702 ], [ -75.193089174042896, 40.006898932970699 ], [ -75.192961150219404, 40.006836542283899 ], [ -75.192804663536705, 40.006749919216603 ], [ -75.1927142302915, 40.006692362335798 ], [ -75.1926198196592, 40.006622134194203 ], [ -75.192561570276993, 40.006571501106997 ], [ -75.192480049635293, 40.006490202975002 ], [ -75.192429148585205, 40.006434358901302 ], [ -75.192356234507898, 40.006347445419401 ], [ -75.192093897347604, 40.006012225166998 ], [ -75.192016371477905, 40.005904442122002 ], [ -75.191956915137297, 40.0058126103783 ], [ -75.191904182147198, 40.005718874108801 ], [ -75.191859040241695, 40.005623113806699 ], [ -75.191774840174105, 40.005428896132102 ], [ -75.191697765691799, 40.005232053985701 ], [ -75.191640910898997, 40.005066356831001 ], [ -75.191592409023897, 40.0048994421538 ], [ -75.191560661195396, 40.004765218973802 ], [ -75.191516860908393, 40.0045292691809 ], [ -75.191458055041807, 40.004190467622301 ], [ -75.191410443549998, 40.003884297814402 ], [ -75.191378808338797, 40.003645669251902 ], [ -75.191356580631705, 40.003440972309399 ], [ -75.191339765515295, 40.003236281571397 ], [ -75.191330501913896, 40.003065813642003 ], [ -75.191326081809393, 40.002895531172101 ], [ -75.191326366156304, 40.002759494535901 ], [ -75.191330294586905, 40.002623666018302 ], [ -75.191339330006798, 40.002453943744399 ], [ -75.191352161714804, 40.0022841855086 ], [ -75.1913721374099, 40.002080452542799 ], [ -75.191420055450493, 40.001706985433799 ], [ -75.191485726552202, 40.001299831697203 ], [ -75.191555939973398, 40.000923307897999 ], [ -75.191567865249894, 40.000859354434503 ], [ -75.191738982751701, 40.000015266347297 ], [ -75.191827182702397, 39.999624333415198 ], [ -75.191965992763002, 39.999076348259301 ], [ -75.192228621421904, 39.9981072226538 ], [ -75.192325243202305, 39.997739261755399 ], [ -75.192449954273599, 39.997482618960802 ], [ -75.192672396959395, 39.996998185738903 ], [ -75.192719488429702, 39.996899122124397 ], [ -75.192779285957798, 39.9967733303424 ], [ -75.192893013969893, 39.996551169950799 ], [ -75.193017114167702, 39.9963330939012 ], [ -75.193074350426102, 39.996241228246397 ], [ -75.193154874207394, 39.996120371448903 ], [ -75.193259701343493, 39.995970576848201 ], [ -75.193368363045494, 39.995821942348201 ], [ -75.193573144507596, 39.995557619352098 ], [ -75.193796013552998, 39.9952897705463 ], [ -75.194015047171504, 39.995043346508297 ], [ -75.194250423288494, 39.994794494510501 ], [ -75.194494345287495, 39.9945518871301 ], [ -75.194719074352605, 39.994341351356397 ], [ -75.194776150139305, 39.994290378060001 ], [ -75.194950443697394, 39.994134718474001 ], [ -75.195186879995305, 39.993931058448602 ], [ -75.196091842584096, 39.993177934716599 ], [ -75.196449048361103, 39.992873743751403 ], [ -75.196492637495496, 39.992835198962297 ], [ -75.196652824519703, 39.992693549091399 ], [ -75.196823799087099, 39.9925368939533 ], [ -75.196836266560297, 39.992525050946497 ], [ -75.196963169877293, 39.992404495331897 ], [ -75.1971264140372, 39.992243234076803 ], [ -75.197286257803697, 39.992079944450801 ], [ -75.197443182862102, 39.991914912773197 ], [ -75.197775063720201, 39.991552482394901 ], [ -75.197918368526203, 39.991390294621603 ], [ -75.198074391653194, 39.991213711100002 ], [ -75.198839272513098, 39.990333300512702 ], [ -75.199039563256505, 39.990107748003197 ], [ -75.199242885583203, 39.989883959166498 ], [ -75.199837151470007, 39.9892454285119 ], [ -75.200150881177194, 39.9889140316604 ], [ -75.200471351329298, 39.9885868373199 ], [ -75.200745988868704, 39.988319112379301 ], [ -75.200914950962002, 39.9881612517798 ], [ -75.201087558857097, 39.9880058253543 ], [ -75.201263873957899, 39.9878528101952 ], [ -75.201443387223307, 39.9877018578727 ], [ -75.201840652134607, 39.987380176352801 ], [ -75.202680762493799, 39.986721888854298 ], [ -75.203050195410697, 39.986426861853602 ], [ -75.2033515660966, 39.986176878414398 ], [ -75.203746489817902, 39.9858387107084 ] ] ] } },
{ "type": "Feature", "properties": { "objectid": 80, "score": 13.3, "Shape__Area": 4378818.46875, "Shape__Length": 9663.1902555414326 }, "geometry": { "type": "Polygon", "coordinates": [ [ [ -75.230172897818306, 39.9788037692621 ], [ -75.227134809040393, 39.977389301711298 ], [ -75.226613346901999, 39.977459364199198 ], [ -75.226768055766399, 39.977220384168703 ], [ -75.226834086368001, 39.9770955269871 ], [ -75.226750685807701, 39.976314836105303 ], [ -75.226716971575499, 39.976143496278603 ], [ -75.226657174840199, 39.975758938629198 ], [ -75.226480069439603, 39.974850339971198 ], [ -75.226469569484195, 39.974798102646297 ], [ -75.226376607172796, 39.974252236948097 ], [ -75.2262565700441, 39.973648495581202 ], [ -75.226133369177703, 39.972973252695503 ], [ -75.226005074128807, 39.972316198370997 ], [ -75.225989557425393, 39.972231421025 ], [ -75.225844163751006, 39.971439822886801 ], [ -75.225836708994194, 39.9713737345729 ], [ -75.2256187109639, 39.970488280303101 ], [ -75.225375466152002, 39.9695268746609 ], [ -75.225216191222998, 39.968597758660003 ], [ -75.225142821690795, 39.9681547822968 ], [ -75.225048668571105, 39.967594384554197 ], [ -75.224965752681001, 39.967119924291097 ], [ -75.224889829649001, 39.966652047300997 ], [ -75.224815182285695, 39.966215275462503 ], [ -75.224743785341005, 39.965774282854902 ], [ -75.224643041951694, 39.965193028361902 ], [ -75.224593038260096, 39.9649051029484 ], [ -75.224221803006898, 39.963095741899302 ], [ -75.224543922299702, 39.961576901911002 ], [ -75.224707670912196, 39.960817318260801 ], [ -75.224869856645896, 39.960014820784401 ], [ -75.224998495784007, 39.959444553155798 ], [ -75.225044522547194, 39.959229848997701 ], [ -75.225088550918301, 39.959008737283902 ], [ -75.225189187956204, 39.958485939554002 ], [ -75.225354586566098, 39.957723806657398 ], [ -75.225517163175198, 39.956962502419401 ], [ -75.2256367315468, 39.956381209276202 ], [ -75.225748076413296, 39.955823270753001 ], [ -75.227726135502493, 39.956065922183498 ], [ -75.229526918985201, 39.956289222908502 ], [ -75.2316767747445, 39.956553305054001 ], [ -75.232633142763405, 39.956673012982897 ], [ -75.233735451844396, 39.956811005670701 ], [ -75.234436157549794, 39.956897644594797 ], [ -75.235013601027902, 39.956964124915899 ], [ -75.235747941541703, 39.9570584531631 ], [ -75.235506455128203, 39.9582012250427 ], [ -75.236226395239996, 39.958290312337098 ], [ -75.236820347951706, 39.958366213295598 ], [ -75.237450339849204, 39.958442552772702 ], [ -75.237289735108405, 39.959157305695399 ], [ -75.237291643331005, 39.959201443007103 ], [ -75.237129681212807, 39.959963978164403 ], [ -75.236973350264705, 39.960707466094902 ], [ -75.236810834338797, 39.9614800979422 ], [ -75.236679159608499, 39.962102626503402 ], [ -75.236642681974303, 39.962294651095299 ], [ -75.236590152114204, 39.9625285842803 ], [ -75.236483638211993, 39.963056203412897 ], [ -75.236314900974904, 39.963813502324697 ], [ -75.236165600519897, 39.964574350676401 ], [ -75.236005699199595, 39.9653348998322 ], [ -75.2358447412755, 39.966094702251198 ], [ -75.235524701365705, 39.967614573035803 ], [ -75.235354497314503, 39.968455503350903 ], [ -75.236010058516698, 39.968632115853403 ], [ -75.236204826400694, 39.968686207005597 ], [ -75.236540720538301, 39.968781054628998 ], [ -75.236711846237796, 39.9688320024094 ], [ -75.237105082259902, 39.968942155202598 ], [ -75.237243072440194, 39.9689866300589 ], [ -75.237295242082595, 39.969269225972397 ], [ -75.2374579548502, 39.970150605268003 ], [ -75.2377445233126, 39.971687926789201 ], [ -75.237985163871798, 39.972966632120603 ], [ -75.238279884740393, 39.974562383877803 ], [ -75.238572493803701, 39.976110593097502 ], [ -75.238692664341201, 39.976736220660101 ], [ -75.238794740188297, 39.977289795835603 ], [ -75.238847249026605, 39.977566504742597 ], [ -75.238893864832093, 39.977827509254801 ], [ -75.239008387261407, 39.978432315005001 ], [ -75.239052235013702, 39.9786628611607 ], [ -75.239127638620602, 39.979079033772798 ], [ -75.239191013353306, 39.979424282756803 ], [ -75.239260643972599, 39.979763682377097 ], [ -75.239305397385607, 39.980025059277501 ], [ -75.239381517740895, 39.980433426748 ], [ -75.236133402755996, 39.980794457968798 ], [ -75.2361655825962, 39.980979350521203 ], [ -75.235690938632303, 39.980812750046702 ], [ -75.235323048399707, 39.980705952279699 ], [ -75.234624423459607, 39.980553284544001 ], [ -75.234049534605404, 39.980411110806898 ], [ -75.233962783991402, 39.980383261965898 ], [ -75.232841324268094, 39.979972845798599 ], [ -75.232424253481199, 39.979806571688499 ], [ -75.232100443209305, 39.979703238779997 ], [ -75.230799272996293, 39.9791012853076 ], [ -75.230172897818306, 39.9788037692621 ] ] ] } }
]
}
